order_id,customer_id,order_date,order_date_only,payment_method,store_id,delivery_partner_id,delivery_status,order_total
1961864118,30065862,2024-07-17 08:34:01,2024-07-17,Cash,4771,63230,On Time,3197.07
1549769649,9573071,2024-05-28 13:14:29,2024-05-28,Cash,7534,14983,On Time,976.55
9185164487,45477575,2024-09-23 13:07:12,2024-09-23,UPI,9886,39859,On Time,839.05
9644738826,88067569,2023-11-24 16:16:56,2023-11-24,Card,7917,61497,On Time,440.23
5427684290,83298567,2023-11-20 05:00:39,2023-11-20,Cash,2741,84315,On Time,2526.68
3265154092,43367112,2023-03-18 16:29:51,2023-03-18,UPI,3442,554,On Time,3161.43
4898355547,13284996,2023-04-16 18:50:37,2023-04-16,Card,1318,14630,On Time,956.4
6568151549,88866835,2024-03-31 06:26:48,2024-03-31,Cash,115,67714,On Time,905.47
6006693867,24496983,2023-07-13 23:49:36,2023-07-13,Card,9021,91362,On Time,1371.17
374186990,52215833,2023-08-09 01:17:30,2023-08-09,Wallet,7955,77203,Slightly Delayed,1601.19
4455336265,43431724,2023-08-30 19:37:06,2023-08-30,UPI,3784,64046,On Time,2362.33
3539286337,77559557,2023-04-25 20:32:24,2023-04-25,Wallet,2463,94899,On Time,1463.8
9171116867,87107263,2023-10-22 11:15:33,2023-10-22,Card,6899,73907,Slightly Delayed,822.63
5504941865,76512976,2024-01-28 02:39:11,2024-01-28,Wallet,9809,56077,Slightly Delayed,2287.68
5868326481,37556526,2024-03-15 21:07:07,2024-03-15,Wallet,3106,94140,On Time,1962.35
2137046916,12059049,2024-02-03 08:50:32,2024-02-03,UPI,1007,12377,On Time,3373.96
8195544338,26199489,2023-04-26 04:03:57,2023-04-26,Wallet,3809,102,Slightly Delayed,845.71
2889700050,84848018,2024-04-30 16:22:26,2024-04-30,Wallet,78,45032,On Time,2706.54
65827885,47577193,2023-07-27 00:13:05,2023-07-27,Cash,3817,1108,On Time,1132.98
4656471694,60728956,2023-12-09 08:08:08,2023-12-09,Cash,5739,62782,Slightly Delayed,1525.5
6625178717,62068277,2023-07-01 04:24:22,2023-07-01,Card,2130,74906,Slightly Delayed,5718.09
7169557514,84824280,2023-03-21 05:27:13,2023-03-21,Card,9535,79516,Slightly Delayed,2970.9
2268306684,66742602,2024-05-28 14:59:08,2024-05-28,Wallet,6847,65733,On Time,2991.57
6905293278,97259564,2024-06-16 10:23:23,2024-06-16,Cash,4187,53868,Significantly Delayed,1404.68
1769493463,3292927,2024-06-26 07:13:47,2024-06-26,Wallet,7071,22954,On Time,2541.32
5003387344,26592009,2024-06-23 10:53:47,2024-06-23,Wallet,7477,21004,On Time,2475.69
2064484752,89995124,2024-05-07 22:42:49,2024-05-07,Wallet,1116,43022,On Time,1949.92
964822979,88520326,2024-07-13 10:38:00,2024-07-13,Wallet,7603,42914,On Time,5804.23
6037899648,22738465,2024-03-27 17:44:43,2024-03-27,Cash,914,59131,On Time,1231.03
9347571484,29562072,2024-11-02 17:15:15,2024-11-02,Card,9615,88612,Slightly Delayed,3138.06
3286177534,10225164,2023-06-24 23:52:15,2023-06-24,Wallet,6046,90038,On Time,3612.26
9073572548,97111069,2023-05-02 23:13:42,2023-05-02,Card,6542,28575,Significantly Delayed,1091.89
8395583761,1989720,2024-08-04 23:35:44,2024-08-04,UPI,5448,84816,On Time,410.62
6355378227,67092149,2023-08-11 16:52:36,2023-08-11,UPI,810,23910,On Time,5019.02
277376321,89784343,2024-07-28 04:25:12,2024-07-28,Wallet,3357,78589,On Time,3694.48
8559748526,45868300,2023-04-05 18:07:19,2023-04-05,Wallet,2270,93002,On Time,1152.09
1458051433,50760752,2024-04-26 09:14:56,2024-04-26,UPI,7426,61040,On Time,1055.18
5838302640,96795047,2023-05-12 05:46:25,2023-05-12,UPI,4242,30907,Slightly Delayed,3377.44
1380971977,16561710,2024-06-02 13:04:55,2024-06-02,Cash,6655,52614,On Time,3117.74
1221099013,35156679,2023-07-23 10:45:59,2023-07-23,Wallet,8589,60689,On Time,4335.11
6771166303,87718744,2023-07-24 04:21:07,2023-07-24,Wallet,2820,98179,Slightly Delayed,816.38
7111337755,10524732,2023-05-06 05:52:44,2023-05-06,Cash,4083,84833,On Time,1550.71
5562922993,62416456,2023-12-06 02:04:19,2023-12-06,Wallet,418,73904,On Time,2292.64
5630957897,69925688,2024-06-18 07:17:42,2024-06-18,Wallet,468,14408,On Time,827.44
1787380558,5140660,2023-11-08 17:24:58,2023-11-08,Cash,862,95835,On Time,2066.77
32613017,82594354,2023-03-17 00:20:41,2023-03-17,Card,3364,77303,On Time,2354.28
2039041670,88324928,2024-11-01 09:45:47,2024-11-01,Wallet,1003,31963,Slightly Delayed,96.33
210693801,71235336,2024-08-21 03:59:25,2024-08-21,UPI,4184,14789,On Time,3561.22
8120002258,57833505,2024-01-01 00:05:08,2024-01-01,Card,6830,61526,On Time,1213.05
2177917034,12402437,2024-02-08 20:03:51,2024-02-08,Card,4829,75636,Slightly Delayed,3134.8
4254814926,59890331,2024-04-21 06:14:58,2024-04-21,Wallet,7830,1761,On Time,3818.33
6074172790,14944819,2023-07-26 02:15:37,2023-07-26,Wallet,4057,3481,On Time,2008.84
3381573131,67386193,2024-07-16 00:33:21,2024-07-16,Cash,7456,50582,On Time,114.52
3773745777,67701771,2024-05-02 14:40:25,2024-05-02,Card,8100,97135,On Time,1488.19
9251939156,89910157,2023-12-30 12:39:53,2023-12-30,Cash,7206,57095,Slightly Delayed,891.6
3872982303,15484407,2024-02-03 01:04:33,2024-02-03,Wallet,7886,60234,On Time,1779.45
2625987757,10769994,2023-08-01 07:42:43,2023-08-01,UPI,4569,51273,On Time,169.88
3162249401,85519349,2024-05-03 13:21:58,2024-05-03,Cash,2221,47552,On Time,4406.98
3108986741,49241309,2023-10-17 19:29:19,2023-10-17,Wallet,6530,60867,On Time,2401.92
1851474741,23348269,2023-11-01 13:29:17,2023-11-01,Card,8735,12879,Slightly Delayed,3742.79
2425099132,85016568,2023-08-15 01:15:08,2023-08-15,Wallet,4794,44245,On Time,2498.22
6706793332,6247821,2024-10-09 21:50:33,2024-10-09,UPI,8271,76503,Slightly Delayed,949.75
2149289255,57579640,2024-11-01 15:00:29,2024-11-01,Cash,7315,25251,Significantly Delayed,2687.31
1971008155,2457734,2023-10-23 22:23:41,2023-10-23,Cash,5472,30330,On Time,1866.01
2087093460,59329145,2024-07-11 11:31:57,2024-07-11,Card,2176,27478,On Time,4198.33
2116712588,24043135,2023-11-11 20:33:38,2023-11-11,Wallet,6552,34078,On Time,44.35
6054358790,59216664,2024-01-26 10:11:06,2024-01-26,Wallet,1880,52564,On Time,3217.7
532660797,41008070,2024-05-20 06:25:18,2024-05-20,UPI,2245,97547,Slightly Delayed,2683.73
1491991005,52215833,2024-03-04 08:49:03,2024-03-04,Wallet,3036,85285,On Time,3472.55
4136019599,74179536,2024-03-23 18:38:14,2024-03-23,Wallet,6564,34667,On Time,1131.05
2122832513,55028958,2024-02-17 19:48:14,2024-02-17,UPI,5245,39396,Significantly Delayed,2037.94
3717703595,88965399,2023-04-24 21:33:02,2023-04-24,Card,7309,8041,On Time,1756.7
3194733693,21866852,2023-07-05 10:13:13,2023-07-05,UPI,9112,16623,Slightly Delayed,2552.88
4471162437,27971619,2024-02-06 12:38:50,2024-02-06,Card,9226,54708,On Time,3355.65
1609331948,8791577,2024-01-04 14:06:21,2024-01-04,UPI,2696,58721,On Time,3648.36
6920030794,70372270,2024-06-24 02:37:36,2024-06-24,UPI,1394,38745,On Time,2936.64
5127172657,32293017,2024-06-11 18:11:31,2024-06-11,Cash,288,80034,Significantly Delayed,2185.5
8607115856,15931134,2023-10-09 04:42:34,2023-10-09,UPI,3015,85718,On Time,739.34
7154957395,60700850,2023-04-09 10:10:33,2023-04-09,Wallet,1915,63099,On Time,2696.84
2070762702,34761418,2023-10-04 10:20:55,2023-10-04,Cash,5593,64950,Slightly Delayed,2457.2
3697242439,99361865,2024-10-15 12:30:13,2024-10-15,Cash,4528,67408,On Time,2179.49
3063427913,75984768,2023-09-21 02:17:46,2023-09-21,Card,1492,24100,On Time,4419.03
2060061337,29272253,2023-04-15 22:56:08,2023-04-15,Wallet,4851,50748,Slightly Delayed,3041.62
4625892678,80371626,2023-06-18 19:23:45,2023-06-18,Wallet,2018,40337,On Time,3166.49
6045698170,666589,2024-01-24 17:03:49,2024-01-24,UPI,3220,16848,On Time,222.15
7876289647,98858383,2024-08-07 07:55:29,2024-08-07,UPI,9606,28786,Slightly Delayed,3218.62
3434084714,46836361,2024-02-02 02:54:20,2024-02-02,Cash,5513,58201,On Time,1179.41
9031695663,94730288,2024-01-17 01:23:06,2024-01-17,Card,5551,43200,Slightly Delayed,2316.01
1955989715,77862447,2023-12-27 06:52:23,2023-12-27,Wallet,6276,8135,On Time,1931.35
3459500455,16379942,2023-12-18 00:37:55,2023-12-18,UPI,6348,20504,On Time,2581.78
5953376503,79169760,2024-05-25 03:53:54,2024-05-25,Wallet,3686,34929,Significantly Delayed,650.2
121874867,94529626,2023-03-28 00:53:55,2023-03-28,UPI,7775,69733,On Time,2596.92
2460545397,42872865,2024-10-27 11:26:03,2024-10-27,Wallet,7031,50527,Slightly Delayed,474.34
9690050839,55803572,2024-01-13 02:34:24,2024-01-13,Wallet,3949,76868,On Time,2551.93
2574349065,51547198,2024-04-17 14:33:32,2024-04-17,Wallet,7690,406,On Time,4476.55
2461936988,14428954,2023-07-20 23:11:57,2023-07-20,Cash,9647,77590,Significantly Delayed,4196.95
6447596416,76987910,2023-10-08 18:18:29,2023-10-08,Card,494,45656,On Time,4965.12
7228452275,42262168,2023-05-13 01:06:33,2023-05-13,Card,9542,96211,On Time,326.42
6696750742,5277675,2023-04-02 17:43:16,2023-04-02,Wallet,8222,89976,On Time,2509.56
822235931,44410149,2023-08-09 07:17:16,2023-08-09,Wallet,639,1773,Slightly Delayed,4866.15
7678251499,17805991,2023-04-23 13:27:40,2023-04-23,Cash,3427,60822,On Time,3141.37
2497341976,9097480,2023-09-21 09:06:49,2023-09-21,Wallet,788,42711,On Time,3414.57
9107314128,79591237,2024-05-20 16:19:17,2024-05-20,Wallet,6660,21125,On Time,545.49
9855726256,8651281,2023-05-17 07:50:53,2023-05-17,Card,1416,59743,On Time,479.57
9398719862,14991661,2024-07-19 09:22:31,2024-07-19,Card,9455,4852,On Time,4255.0
379494532,9650263,2024-07-07 13:29:33,2024-07-07,UPI,2058,99227,On Time,3609.27
1048784963,58942207,2023-09-07 13:18:38,2023-09-07,Card,2538,35552,On Time,1159.84
4386246924,69632084,2024-08-27 10:06:15,2024-08-27,Card,9593,56384,Significantly Delayed,2026.78
2050362692,79991320,2024-10-30 11:23:04,2024-10-30,Cash,2265,16076,On Time,2363.42
4142963293,34567918,2024-11-03 03:45:46,2024-11-03,Cash,9263,74308,On Time,3686.26
9753528654,61522288,2024-07-26 07:24:16,2024-07-26,Cash,8771,63454,On Time,109.03
8126970833,14161586,2024-09-14 20:27:40,2024-09-14,Wallet,8350,83636,Significantly Delayed,4398.35
9747814712,16359370,2023-12-16 15:38:05,2023-12-16,Wallet,8165,33342,On Time,2333.7
6281619403,77921718,2023-04-09 18:56:42,2023-04-09,UPI,5214,12086,On Time,3374.44
436184281,78614729,2023-11-20 12:36:18,2023-11-20,Card,2749,59936,Significantly Delayed,3147.92
9799231260,22077605,2024-03-07 08:59:56,2024-03-07,Wallet,7812,58378,On Time,872.83
4071811527,66023110,2023-07-26 15:38:48,2023-07-26,Card,100,27993,Slightly Delayed,1872.01
5645359563,87160527,2024-08-08 23:28:23,2024-08-08,Card,8474,45180,On Time,2624.29
9411813703,62600289,2023-09-25 22:56:09,2023-09-25,Wallet,5238,32773,On Time,4433.0
4270217473,54580166,2024-02-01 08:48:55,2024-02-01,Cash,9867,4904,On Time,505.5
279851011,12967305,2023-04-11 09:45:14,2023-04-11,Card,6199,73623,On Time,3495.33
6260524887,57081917,2024-06-01 06:43:44,2024-06-01,Card,3322,22883,On Time,2457.11
5853998391,94453274,2023-09-08 02:48:14,2023-09-08,Wallet,364,23606,On Time,949.22
9931976872,8955057,2024-06-24 05:17:20,2024-06-24,Wallet,9676,97297,On Time,2487.83
8432209832,90346920,2024-03-20 03:24:23,2024-03-20,Wallet,9981,18907,Slightly Delayed,3835.31
6023721507,8791577,2024-04-07 00:19:29,2024-04-07,UPI,158,72197,On Time,1849.03
3042338919,76212152,2023-05-17 14:52:39,2023-05-17,Wallet,6827,70995,On Time,2765.06
233646065,16379942,2023-09-19 22:28:29,2023-09-19,Wallet,2400,56968,On Time,578.85
9870610018,94033330,2024-02-08 05:23:21,2024-02-08,Card,2918,44706,On Time,478.79
1398230967,46876240,2024-04-22 09:58:26,2024-04-22,Card,7040,92744,On Time,1186.66
8615488922,92209869,2023-11-04 00:06:14,2023-11-04,Card,9406,1328,Significantly Delayed,3803.34
2748841057,33544355,2023-12-30 05:03:21,2023-12-30,Card,1719,11008,Significantly Delayed,1587.18
1375867721,4862761,2024-07-15 16:57:54,2024-07-15,Cash,548,21511,On Time,2244.24
8595141097,96511007,2024-03-31 10:24:16,2024-03-31,UPI,9568,19332,On Time,3385.77
4673382071,21784094,2024-01-16 13:25:12,2024-01-16,UPI,9551,97477,Slightly Delayed,1479.69
2948696008,51872499,2024-04-10 10:05:48,2024-04-10,Cash,843,89164,On Time,3103.41
6839692624,64497538,2023-11-19 01:53:50,2023-11-19,Cash,1835,44627,Significantly Delayed,4464.84
5770951298,75510747,2023-10-02 18:09:57,2023-10-02,UPI,8044,4946,On Time,957.11
5084771819,6344345,2024-08-29 21:54:24,2024-08-29,Cash,5500,66403,Slightly Delayed,1207.68
422403644,56548063,2023-05-27 23:26:14,2023-05-27,UPI,4684,23782,Slightly Delayed,2331.5
7176758896,18394558,2023-07-13 12:50:53,2023-07-13,Cash,2866,75492,On Time,2640.24
8252905093,42589311,2024-04-21 23:13:31,2024-04-21,Card,7934,40596,On Time,2315.77
1488561572,75928073,2024-08-27 08:18:40,2024-08-27,Cash,3970,31495,On Time,4053.52
6212984517,72702075,2024-03-16 21:47:29,2024-03-16,UPI,6591,15665,On Time,1388.01
6309784337,26250082,2024-05-06 17:37:10,2024-05-06,Card,396,23009,On Time,1905.92
4613890018,53538932,2023-10-24 12:43:17,2023-10-24,Wallet,8307,82638,On Time,1545.79
3429728472,64017365,2023-03-31 08:31:30,2023-03-31,Cash,2104,77476,Slightly Delayed,4138.27
267738904,63368244,2023-10-24 23:10:36,2023-10-24,Card,8030,73022,Slightly Delayed,3596.07
3850416839,57081917,2024-07-01 02:05:28,2024-07-01,UPI,8131,32659,Slightly Delayed,5490.94
3412702479,86479284,2023-12-24 07:32:20,2023-12-24,Cash,2577,35140,On Time,2344.83
2016183232,44928499,2023-07-19 04:15:07,2023-07-19,Card,5767,38755,Slightly Delayed,1934.43
3810280204,84361534,2023-10-26 17:52:28,2023-10-26,Wallet,480,70290,On Time,2956.37
2416767295,767523,2024-07-05 03:36:54,2024-07-05,Card,39,28144,Slightly Delayed,2358.76
2283439407,46623192,2023-07-14 02:18:09,2023-07-14,UPI,2848,58922,On Time,1216.8
4328802292,9738801,2023-06-14 19:43:21,2023-06-14,Cash,1268,66985,Significantly Delayed,1926.12
7072715691,74195536,2023-12-25 19:14:20,2023-12-25,Cash,3755,82046,On Time,2120.77
5640741373,90298394,2024-05-10 06:46:20,2024-05-10,Card,3383,20090,On Time,765.76
6931094066,17159117,2023-11-15 21:59:17,2023-11-15,Card,7331,66225,On Time,2802.27
3417088709,62629494,2024-05-30 17:24:44,2024-05-30,UPI,2101,63738,Significantly Delayed,912.29
4424404315,9274874,2023-07-16 07:24:04,2023-07-16,Wallet,1950,8506,On Time,494.48
2444087306,56250563,2023-07-28 08:25:29,2023-07-28,Wallet,5429,75692,On Time,2440.73
486085268,51040116,2023-12-11 19:39:16,2023-12-11,UPI,4690,90390,On Time,4749.99
1731312620,49795571,2023-05-08 20:32:00,2023-05-08,Wallet,1309,75316,On Time,843.21
6475582506,82529927,2023-09-23 04:50:27,2023-09-23,Wallet,2425,52304,On Time,3895.25
1868581378,93198324,2024-03-29 18:27:14,2024-03-29,Card,6383,38861,On Time,2065.81
8884235937,20298398,2024-08-09 11:51:55,2024-08-09,UPI,8826,81977,Slightly Delayed,1655.6
4590662628,87200291,2024-01-10 11:48:31,2024-01-10,Cash,5462,18200,Slightly Delayed,3148.95
992302540,32203588,2023-11-26 21:32:11,2023-11-26,Wallet,956,12863,On Time,198.72
7169974633,59110513,2024-10-16 16:03:22,2024-10-16,UPI,4905,69861,On Time,2475.21
6703651257,93198324,2024-01-17 01:26:31,2024-01-17,Card,5882,4285,On Time,727.87
7180810221,20940403,2023-09-10 16:44:46,2023-09-10,Cash,754,59848,Slightly Delayed,657.8
7875587578,60967677,2024-07-15 08:47:10,2024-07-15,Card,6554,40025,Slightly Delayed,3351.74
2578671497,76218218,2024-01-25 00:04:47,2024-01-25,Card,4306,64618,On Time,3603.94
6284350691,57207678,2024-06-20 01:00:52,2024-06-20,Wallet,9366,9053,On Time,726.41
5383261788,34588087,2023-10-18 21:18:10,2023-10-18,Wallet,856,94840,On Time,3375.86
6590867973,56441247,2023-11-20 08:37:18,2023-11-20,UPI,5770,23582,On Time,1848.22
8787105023,81822935,2024-05-07 22:54:29,2024-05-07,Wallet,2951,54795,On Time,1443.64
1402916311,14275043,2024-04-23 12:52:28,2024-04-23,Card,178,57649,On Time,4553.36
9715205272,52409516,2024-10-21 21:55:22,2024-10-21,UPI,7087,21783,On Time,1189.17
3946852375,96253172,2024-07-04 12:26:55,2024-07-04,Cash,9580,92389,On Time,150.99
3367039425,86050297,2024-03-10 03:46:29,2024-03-10,UPI,9069,72408,On Time,703.11
687711388,52757321,2024-02-02 10:13:42,2024-02-02,Card,3910,44884,Slightly Delayed,1385.43
647012431,34281470,2024-06-16 13:11:54,2024-06-16,Card,9989,94183,Significantly Delayed,3706.1
7143278295,50557979,2024-02-13 15:28:08,2024-02-13,UPI,7182,89680,On Time,1597.11
9736844695,31978160,2024-04-09 20:00:46,2024-04-09,Cash,3487,87624,On Time,1608.11
5933289680,5751638,2023-12-07 04:30:24,2023-12-07,Wallet,9869,1722,Significantly Delayed,2950.6
9494303116,98858383,2024-07-21 10:44:40,2024-07-21,Card,6262,12071,On Time,1538.49
9337878102,9987182,2023-05-16 03:51:12,2023-05-16,Wallet,4435,15234,On Time,3119.18
6872621077,77128325,2023-09-14 18:19:29,2023-09-14,Wallet,847,42244,On Time,3611.43
7330237253,28428852,2023-12-07 12:22:17,2023-12-07,UPI,3099,18688,On Time,869.86
7942616242,33685414,2023-09-30 08:07:45,2023-09-30,Wallet,5368,76694,Significantly Delayed,1116.0
238520071,77320193,2024-02-20 05:25:38,2024-02-20,Cash,1203,91088,On Time,852.02
5812379362,46504355,2023-08-05 10:51:03,2023-08-05,Wallet,544,68969,On Time,3865.78
2616623847,49915498,2024-01-19 19:08:25,2024-01-19,Cash,9330,43649,Slightly Delayed,3928.0
2040854480,40392019,2023-12-10 00:09:16,2023-12-10,Wallet,4573,11814,Significantly Delayed,946.86
5456484560,62600289,2024-09-26 01:56:49,2024-09-26,UPI,5000,32681,Significantly Delayed,1630.68
883309006,71229024,2024-04-09 08:12:20,2024-04-09,Cash,5405,23074,Slightly Delayed,1427.84
6528341992,64497538,2024-01-29 03:28:43,2024-01-29,Wallet,7253,50910,Slightly Delayed,2360.73
3263203775,44888581,2024-09-28 15:27:48,2024-09-28,UPI,9171,38308,On Time,826.28
3660010934,83577942,2024-01-31 15:31:03,2024-01-31,Wallet,4956,17404,On Time,787.4
7944885043,1683786,2024-05-26 08:18:38,2024-05-26,Card,8470,16741,On Time,4410.72
2506369831,1529180,2023-06-16 13:05:30,2023-06-16,UPI,7950,62473,Slightly Delayed,255.35
697061213,91196901,2023-03-25 09:41:55,2023-03-25,Card,1451,80729,On Time,4473.11
7079057004,1507408,2023-09-30 08:52:45,2023-09-30,Card,3954,16501,Significantly Delayed,1946.09
1556153632,67215939,2024-05-04 08:35:19,2024-05-04,Wallet,1393,45137,Slightly Delayed,1277.85
2161235338,38902882,2024-04-12 15:00:38,2024-04-12,Wallet,240,96206,Slightly Delayed,4431.77
1247978468,97484394,2024-07-19 01:53:39,2024-07-19,UPI,4045,30662,On Time,1662.15
5437627061,58505903,2024-08-22 02:04:33,2024-08-22,UPI,5851,39894,On Time,910.19
9091960039,13455530,2024-02-11 09:54:55,2024-02-11,Card,68,51540,On Time,1349.36
619198317,81906973,2023-11-20 16:57:35,2023-11-20,UPI,669,83654,On Time,4216.63
9833179291,90372221,2023-05-04 18:32:00,2023-05-04,UPI,1456,97223,On Time,483.05
4148760273,93122847,2024-05-22 01:40:57,2024-05-22,UPI,8302,55805,On Time,994.97
7206041763,74694186,2023-05-30 19:17:37,2023-05-30,Card,279,1128,On Time,162.67
690097648,2684440,2023-12-27 20:11:22,2023-12-27,Cash,8700,92460,Slightly Delayed,3471.29
4197061567,52757321,2024-02-04 03:20:32,2024-02-04,UPI,9189,48139,On Time,3685.3
2009394836,55056284,2023-10-24 22:11:10,2023-10-24,UPI,5861,71878,On Time,1159.53
277502363,88203688,2023-12-28 13:54:57,2023-12-28,Card,9608,18055,On Time,2682.72
4356959622,38709137,2024-01-16 07:41:08,2024-01-16,Cash,7148,94308,On Time,2128.54
174306009,87457446,2024-08-09 00:24:44,2024-08-09,UPI,626,35598,Significantly Delayed,2424.07
9582674091,34237583,2024-08-16 11:20:21,2024-08-16,UPI,7480,16055,Significantly Delayed,951.43
8675579025,44409533,2024-07-06 11:59:17,2024-07-06,Card,6920,13158,On Time,2636.86
5195999941,52757321,2024-07-19 18:51:00,2024-07-19,Card,4056,12987,Slightly Delayed,2298.98
5210007923,97507853,2024-10-01 05:12:34,2024-10-01,Cash,527,94672,On Time,1278.93
6595771960,45700473,2023-04-05 03:22:22,2023-04-05,Cash,9505,72175,On Time,4251.75
4247338382,34853377,2023-12-05 02:01:24,2023-12-05,Cash,5115,85815,Significantly Delayed,989.88
819143326,88324928,2024-01-10 19:18:29,2024-01-10,Cash,9159,73801,On Time,3284.6
3830844750,23996221,2023-08-06 15:56:31,2023-08-06,UPI,3176,95930,On Time,1663.27
1687314172,82425179,2024-03-13 18:42:43,2024-03-13,Cash,9557,86120,On Time,3835.73
6756007265,80850753,2023-07-27 18:19:10,2023-07-27,Wallet,7440,48609,On Time,1848.13
489762747,19482392,2024-09-27 16:36:39,2024-09-27,Card,5112,93825,Significantly Delayed,766.2
7509195875,42723554,2023-11-26 19:55:46,2023-11-26,Card,3895,96839,On Time,4237.4
2370917070,5763963,2023-07-25 05:54:42,2023-07-25,Card,1591,13883,On Time,2639.9
2055388266,119099,2023-06-23 06:31:41,2023-06-23,UPI,4452,80608,Slightly Delayed,3722.37
8969304162,43052303,2023-10-12 14:44:50,2023-10-12,Wallet,5918,67811,On Time,1264.98
5412674107,88111697,2024-10-06 21:41:05,2024-10-06,Cash,6627,15617,On Time,2646.85
1536516619,15631726,2023-11-25 07:50:28,2023-11-25,Wallet,7699,44378,On Time,3466.59
3858907413,89910157,2023-07-27 18:31:30,2023-07-27,Cash,6852,29907,On Time,3427.43
4976389251,79478655,2023-09-05 10:02:35,2023-09-05,Card,2957,89142,On Time,1146.95
2218319201,40587811,2024-11-01 02:59:02,2024-11-01,Wallet,4034,957,On Time,1216.48
6729422433,68159723,2023-07-19 13:45:45,2023-07-19,UPI,2847,99898,Slightly Delayed,3405.78
1354097448,98687927,2023-06-21 17:33:21,2023-06-21,Card,4903,10089,On Time,3401.69
8952275304,81174361,2024-08-31 08:12:32,2024-08-31,Cash,2943,95373,On Time,2474.23
436603801,54619715,2023-12-28 09:54:53,2023-12-28,Cash,6877,64535,On Time,838.89
5273875984,9278983,2023-05-31 03:32:44,2023-05-31,Cash,9153,60888,Slightly Delayed,2682.38
9290203003,21573815,2024-04-01 12:19:55,2024-04-01,Cash,4658,44829,On Time,2133.39
6240982373,91243571,2023-04-26 03:12:48,2023-04-26,Cash,8894,16774,On Time,3393.08
2718348206,5763963,2023-11-08 10:22:06,2023-11-08,UPI,4202,66580,On Time,632.43
4903544026,57331847,2024-05-11 04:29:41,2024-05-11,Cash,3828,7486,On Time,3778.46
2827266949,93675757,2024-09-17 07:51:52,2024-09-17,Card,2763,24708,Slightly Delayed,3334.82
4278423074,67708491,2023-12-17 04:48:47,2023-12-17,Cash,9896,23667,On Time,1073.53
645916247,76857266,2023-10-10 02:52:20,2023-10-10,Cash,8801,98927,Significantly Delayed,4465.9
5816647866,81420960,2024-09-26 05:13:41,2024-09-26,Cash,6850,84702,Significantly Delayed,2323.45
7282397914,97825663,2024-07-14 01:15:08,2024-07-14,Cash,8481,26008,On Time,2043.65
3260611473,12832151,2024-02-06 13:34:26,2024-02-06,Cash,134,28392,Significantly Delayed,2731.48
8638163868,87718744,2023-06-07 03:25:59,2023-06-07,Card,3056,29019,On Time,4272.81
177850987,51174875,2023-11-07 14:08:48,2023-11-07,UPI,6015,61247,On Time,1934.67
9653859166,32987624,2023-03-16 19:23:51,2023-03-16,Wallet,1941,72058,Slightly Delayed,2978.36
9991338690,98444183,2024-07-29 11:34:33,2024-07-29,Cash,7390,50037,On Time,3273.99
1714593246,27698051,2024-10-20 09:52:38,2024-10-20,Wallet,5149,11180,On Time,1100.8
9742461226,34095555,2024-01-01 00:24:00,2024-01-01,UPI,4294,16877,On Time,949.56
3314393477,55170753,2024-10-26 13:36:56,2024-10-26,Cash,7079,37197,On Time,934.75
4188317986,42366724,2023-03-20 01:44:55,2023-03-20,Wallet,1086,48031,Slightly Delayed,3448.71
1646665366,51387106,2024-07-26 18:45:20,2024-07-26,Wallet,3097,59753,Slightly Delayed,1086.27
9558804585,82700270,2024-03-15 11:58:19,2024-03-15,Card,4925,32740,Slightly Delayed,848.94
9047652469,71902700,2024-08-05 03:13:47,2024-08-05,Card,7572,27774,On Time,370.06
2893800377,57892837,2024-03-22 11:38:50,2024-03-22,Card,4427,54327,On Time,1966.14
6139157985,88517890,2024-02-03 13:33:26,2024-02-03,Wallet,3303,23927,Significantly Delayed,1623.51
6029394789,7591711,2023-04-30 06:03:14,2023-04-30,UPI,637,28593,Slightly Delayed,2118.04
5874940276,38875754,2024-04-11 06:28:42,2024-04-11,UPI,4821,22218,On Time,546.43
5205211911,57662767,2024-09-27 18:32:45,2024-09-27,Cash,4724,38835,Slightly Delayed,1098.4
5314758068,48776805,2024-02-03 00:17:30,2024-02-03,Card,7386,68342,Slightly Delayed,4183.29
484869710,6756256,2023-09-09 11:46:42,2023-09-09,Cash,6690,41598,On Time,1429.34
9957728938,25915909,2024-08-05 21:29:11,2024-08-05,UPI,2506,64839,Significantly Delayed,1445.95
3136056666,57770044,2024-04-29 03:24:15,2024-04-29,UPI,8159,60976,Slightly Delayed,211.25
4926104391,47206881,2023-10-24 07:42:01,2023-10-24,Wallet,1174,13060,Slightly Delayed,2029.88
1827844756,16785724,2023-04-07 11:32:25,2023-04-07,UPI,3271,78517,On Time,3372.28
7032037874,57291761,2024-06-13 19:06:38,2024-06-13,UPI,8519,59618,On Time,1694.99
3779230503,46699982,2023-07-11 05:19:38,2023-07-11,Card,1580,52785,On Time,2781.39
3473012553,89669139,2024-02-16 21:32:26,2024-02-16,Card,8375,99684,Significantly Delayed,5062.8
7988504487,8164639,2024-05-14 11:32:09,2024-05-14,Wallet,2304,86506,On Time,3511.92
7193792738,84572019,2024-06-05 15:34:59,2024-06-05,Card,8782,91241,On Time,2817.36
1533583386,35912599,2023-08-28 20:16:24,2023-08-28,Wallet,8166,40902,On Time,4869.76
7750989397,79672044,2024-01-07 01:01:22,2024-01-07,Wallet,1888,42583,On Time,4099.45
4434816229,63292875,2023-09-14 06:52:00,2023-09-14,Wallet,1446,17469,On Time,1491.21
6896732047,62068277,2024-04-18 17:58:30,2024-04-18,Cash,8118,29664,On Time,321.33
4740837071,64795608,2023-11-01 15:26:13,2023-11-01,UPI,8733,70,On Time,5428.69
6649631729,75640174,2024-09-30 09:24:51,2024-09-30,Card,2770,9599,On Time,1082.76
5351526726,75892474,2023-03-28 18:51:51,2023-03-28,Cash,761,18337,On Time,3077.83
1506082041,11446157,2023-05-04 07:48:45,2023-05-04,Card,3439,80462,On Time,4917.47
1023260165,10683250,2024-02-16 19:06:29,2024-02-16,Card,7531,93967,On Time,741.67
8257032403,17805991,2024-09-18 21:17:58,2024-09-18,Wallet,3558,71946,On Time,3177.73
7216524192,72605638,2024-09-01 16:23:34,2024-09-01,Card,416,79713,On Time,227.22
8619795820,98687927,2024-09-04 09:17:19,2024-09-04,Card,5595,68794,Significantly Delayed,2686.37
6494708839,25595836,2023-06-18 16:06:43,2023-06-18,Cash,153,36208,On Time,2789.77
9859249765,5039883,2024-05-13 13:57:42,2024-05-13,UPI,2017,19900,On Time,1812.4
3528020011,33675108,2023-11-12 11:51:12,2023-11-12,Cash,9725,32566,On Time,934.98
5937934264,90346920,2024-09-11 19:24:19,2024-09-11,Card,6621,41221,Slightly Delayed,3551.15
2976477423,57213543,2023-08-17 07:32:10,2023-08-17,Wallet,1430,2591,On Time,1277.83
1002438039,85198177,2024-02-17 03:28:02,2024-02-17,Card,8018,52508,On Time,3775.99
2571163022,59345983,2024-02-06 22:03:16,2024-02-06,Cash,7684,59402,Slightly Delayed,674.39
6850221497,21270783,2024-07-21 22:37:39,2024-07-21,UPI,8330,43013,On Time,3496.28
4706569127,68016312,2023-07-27 18:37:32,2023-07-27,Wallet,8531,74560,On Time,687.19
8168261752,65903057,2024-04-22 06:11:39,2024-04-22,Card,8178,18998,Significantly Delayed,1860.29
5828325906,40587811,2023-12-04 11:40:56,2023-12-04,Wallet,4046,34564,On Time,4230.58
5012271549,73061709,2024-09-21 10:04:21,2024-09-21,Cash,7487,31783,Significantly Delayed,769.83
8110316958,61226835,2024-01-30 19:28:34,2024-01-30,Wallet,4877,29001,On Time,806.56
3190808443,77618011,2024-01-10 08:50:54,2024-01-10,Cash,646,42099,On Time,2593.91
7175472728,9551011,2023-09-12 11:51:20,2023-09-12,UPI,7355,95658,On Time,307.23
6011117738,24337950,2024-01-07 10:51:31,2024-01-07,Card,5459,8264,On Time,2539.66
5592928753,46875863,2024-08-23 20:45:57,2024-08-23,UPI,9192,96131,Slightly Delayed,3473.11
3952040848,31156674,2024-05-09 00:30:37,2024-05-09,UPI,6140,16761,On Time,4818.61
7026479520,81994445,2024-07-17 22:05:57,2024-07-17,Cash,5348,82300,On Time,1691.47
6572695161,64197854,2024-03-18 08:19:53,2024-03-18,Wallet,1729,11353,On Time,1671.67
9090769419,66485571,2024-09-02 03:14:47,2024-09-02,Wallet,5210,45133,On Time,1819.14
5979489110,22161071,2023-09-07 07:49:52,2023-09-07,Card,5784,8681,On Time,2337.12
964698323,81763298,2024-09-30 23:16:20,2024-09-30,Wallet,1089,88842,On Time,2352.88
2304242664,65815155,2024-03-21 08:29:02,2024-03-21,Card,9106,76144,On Time,1579.28
2483843748,26040510,2023-05-24 09:19:37,2023-05-24,Wallet,7609,62504,On Time,1692.9
2560588609,6291143,2024-06-21 01:18:07,2024-06-21,UPI,5105,48964,On Time,319.34
9268920928,17805991,2023-07-05 12:33:39,2023-07-05,Cash,8995,26193,On Time,1404.2
9554019312,6247821,2023-09-08 01:54:46,2023-09-08,UPI,1972,24936,On Time,4088.52
3749174258,38902193,2024-02-13 07:46:49,2024-02-13,Wallet,292,32618,Slightly Delayed,2618.07
3947164241,95768401,2024-11-04 20:29:15,2024-11-04,UPI,5181,82928,On Time,1463.39
487327038,67277562,2023-10-05 00:26:02,2023-10-05,UPI,8846,84314,On Time,563.45
8830321199,93341057,2024-08-10 06:00:16,2024-08-10,Cash,1599,6336,Slightly Delayed,46.62
3811318591,64940409,2023-07-07 12:56:03,2023-07-07,UPI,3520,44363,On Time,1563.3
6795601573,46629917,2023-12-13 02:39:49,2023-12-13,Card,8610,52656,On Time,2301.92
2348495717,86067293,2023-06-27 00:54:54,2023-06-27,Cash,2133,80421,On Time,691.58
9505736584,63571453,2024-06-04 05:37:56,2024-06-04,Wallet,4874,32176,Significantly Delayed,826.21
1857227304,99301505,2024-03-19 07:47:02,2024-03-19,Card,7555,24481,On Time,1443.5
5506485302,66655397,2023-05-19 06:41:57,2023-05-19,Cash,6818,21250,On Time,263.7
6074837981,61015113,2024-04-20 12:49:11,2024-04-20,Card,2317,2837,On Time,832.37
4150569633,2903620,2023-10-29 11:22:51,2023-10-29,Card,7595,40413,Significantly Delayed,2206.06
609838437,54619715,2023-12-13 04:58:58,2023-12-13,Card,5150,34363,On Time,310.69
5229657139,18889370,2023-10-03 11:53:27,2023-10-03,Cash,2035,96161,Slightly Delayed,3483.81
2589639350,64141971,2023-08-01 10:46:34,2023-08-01,UPI,6047,90443,On Time,1917.97
7656948165,44410149,2023-06-07 10:23:28,2023-06-07,Wallet,8459,8275,Slightly Delayed,3332.9
1806563605,25659794,2023-12-24 00:23:24,2023-12-24,Wallet,5673,16607,On Time,5747.38
359819834,12755730,2023-12-27 12:39:23,2023-12-27,UPI,4535,70910,Significantly Delayed,2060.96
1908423841,56441247,2023-10-28 04:57:00,2023-10-28,UPI,3974,62488,On Time,881.17
299859815,2848415,2024-01-16 02:45:51,2024-01-16,Wallet,9397,62089,Slightly Delayed,1233.33
923659418,25081012,2023-04-16 13:14:50,2023-04-16,Wallet,7835,24003,On Time,2700.37
3560625119,82989313,2023-05-13 19:53:58,2023-05-13,Wallet,683,64562,Slightly Delayed,2722.14
7111490680,32500305,2024-01-24 19:15:43,2024-01-24,Card,5707,9546,Slightly Delayed,1337.06
5766981431,93675757,2024-01-14 04:28:49,2024-01-14,UPI,7251,55608,On Time,1178.42
8609945311,51670882,2024-05-03 10:00:04,2024-05-03,Wallet,8984,66475,On Time,2238.35
1691260635,80796977,2024-06-17 10:23:39,2024-06-17,Card,8139,74826,On Time,3593.61
8742091504,78254569,2023-07-03 23:26:52,2023-07-03,Card,1687,69967,Slightly Delayed,2783.84
1997833025,72489544,2023-07-28 23:24:23,2023-07-28,UPI,3240,77103,On Time,1074.29
3588296877,83404008,2024-08-13 08:04:17,2024-08-13,Card,8424,73215,Significantly Delayed,2748.08
2404804990,81757554,2023-12-24 12:32:31,2023-12-24,Wallet,1231,38923,Slightly Delayed,3903.99
8091385479,16082651,2024-04-09 15:13:24,2024-04-09,UPI,3628,66240,On Time,317.8
7133174424,8513589,2023-06-22 03:24:19,2023-06-22,UPI,7551,63462,On Time,4911.58
6110446321,78412820,2024-10-27 01:56:26,2024-10-27,Wallet,335,60577,On Time,657.8
6964586050,4597433,2024-08-04 18:38:03,2024-08-04,Cash,2357,40358,On Time,2824.9
2351986014,85626346,2023-04-21 12:54:41,2023-04-21,Wallet,1557,34744,Slightly Delayed,3434.75
352569720,65660660,2023-06-23 00:25:26,2023-06-23,Wallet,9416,23236,On Time,2081.26
1235280275,46875863,2023-08-09 22:42:03,2023-08-09,Cash,7967,90779,On Time,626.59
9399859705,57548210,2023-10-29 01:13:16,2023-10-29,UPI,2528,31133,On Time,3915.04
7530379037,99729547,2024-08-02 19:47:04,2024-08-02,UPI,97,79485,On Time,1496.89
5952886441,16420489,2024-03-12 11:22:17,2024-03-12,Wallet,5334,23150,On Time,3604.38
5815833211,31940833,2024-02-08 19:08:31,2024-02-08,Card,4175,78640,On Time,1691.9
7307394687,47043878,2024-05-01 10:47:18,2024-05-01,Wallet,2085,28767,On Time,1894.83
6033014029,29525287,2024-10-21 13:54:53,2024-10-21,Cash,6382,31624,Slightly Delayed,1534.73
1409944718,39042103,2023-08-19 14:10:37,2023-08-19,UPI,4180,92890,On Time,2483.94
1811382200,37915052,2023-08-25 19:03:17,2023-08-25,UPI,7829,97252,On Time,3949.87
4485391413,11478478,2023-12-21 08:58:06,2023-12-21,Card,5420,91131,On Time,1293.18
4076279641,89476734,2023-07-12 17:23:25,2023-07-12,UPI,3139,25713,Slightly Delayed,4782.5
2965387566,47955004,2023-08-16 11:38:40,2023-08-16,Wallet,8895,57502,On Time,3578.47
9397774189,92245432,2023-06-28 08:13:42,2023-06-28,Cash,5049,38813,On Time,48.55
1437159967,68016312,2024-06-07 01:48:08,2024-06-07,Cash,9185,69843,On Time,1315.84
8397785448,67952740,2024-09-04 02:53:31,2024-09-04,Wallet,3493,99345,On Time,1325.59
2778606949,33675108,2024-10-13 13:58:43,2024-10-13,Card,2277,16105,On Time,3510.28
1774096863,60656482,2023-06-13 05:30:19,2023-06-13,Wallet,1421,51118,On Time,2645.28
1497256618,87220860,2023-04-26 23:27:32,2023-04-26,Card,3391,24651,On Time,5278.23
734095510,56480776,2024-06-03 21:33:06,2024-06-03,Card,8971,6790,On Time,1614.08
5755859055,79592021,2024-10-30 14:19:27,2024-10-30,Card,4726,8522,Significantly Delayed,354.52
5840290569,99490786,2023-09-18 03:57:40,2023-09-18,Wallet,5670,92356,On Time,2578.09
8200985533,1855421,2024-01-08 07:20:54,2024-01-08,Card,7297,92929,On Time,77.11
3255590064,92642745,2023-04-21 04:37:28,2023-04-21,UPI,9157,88039,On Time,1763.6
4258404747,27692428,2024-10-11 02:10:11,2024-10-11,UPI,1731,91951,On Time,953.65
2455161115,27620326,2024-01-29 08:59:28,2024-01-29,UPI,5466,23471,On Time,1010.85
4448004569,47215976,2024-01-10 02:02:49,2024-01-10,Card,2746,49742,On Time,2058.24
5951090793,27878182,2024-04-20 19:08:47,2024-04-20,UPI,7610,35150,On Time,2143.89
7402491996,92509376,2024-07-14 06:46:07,2024-07-14,Card,8275,15459,On Time,866.77
8532411923,57360162,2024-07-16 18:56:51,2024-07-16,Wallet,7137,82328,Slightly Delayed,1071.82
7130555385,37309023,2024-01-16 14:35:27,2024-01-16,Cash,2562,48673,Slightly Delayed,1539.36
4338197132,66310963,2024-10-11 07:09:49,2024-10-11,UPI,9984,9198,On Time,3327.67
8044366071,80833965,2023-04-30 13:56:24,2023-04-30,Card,2938,31310,On Time,2843.12
4135251774,77961205,2024-10-09 11:47:45,2024-10-09,Card,8611,81045,On Time,2487.3
6331483812,97411107,2024-09-06 22:45:14,2024-09-06,Wallet,9755,45259,Slightly Delayed,493.19
6705171000,52417972,2023-09-04 20:28:35,2023-09-04,Wallet,6226,64847,On Time,1912.64
7850128898,38478423,2024-06-28 07:30:48,2024-06-28,Card,7628,29466,Significantly Delayed,1427.18
3602554049,65815155,2023-07-28 15:01:30,2023-07-28,Wallet,2038,77387,Significantly Delayed,3310.35
1070259187,22738465,2023-06-09 11:06:16,2023-06-09,Wallet,1656,61963,On Time,517.77
8412338399,2566268,2024-10-28 18:46:06,2024-10-28,Card,8021,67313,Slightly Delayed,3825.11
1478022303,69353754,2023-12-31 15:58:50,2023-12-31,Wallet,4995,23035,On Time,841.61
2376108199,81757554,2024-05-13 16:07:25,2024-05-13,Card,8305,27586,On Time,1751.17
5243035202,10541231,2024-10-20 00:39:24,2024-10-20,Card,2668,1015,On Time,1688.35
3687581971,81932548,2024-10-05 13:55:42,2024-10-05,Cash,4323,63325,Slightly Delayed,1046.51
7008586055,96109948,2023-05-24 05:13:04,2023-05-24,Wallet,18,67465,Significantly Delayed,2848.4
5142069216,35459748,2024-02-25 15:03:22,2024-02-25,UPI,7911,60557,On Time,2551.88
4152441944,92636025,2023-04-25 10:22:51,2023-04-25,UPI,5527,46535,On Time,4483.92
5601670348,32830199,2024-10-29 00:23:22,2024-10-29,Cash,6876,47213,Slightly Delayed,354.91
605105099,5039883,2023-12-30 08:15:15,2023-12-30,Cash,6874,39281,On Time,3357.25
4054936140,28286754,2024-04-19 08:01:53,2024-04-19,Cash,3720,5888,On Time,400.92
8741892156,66886852,2023-11-15 04:50:43,2023-11-15,Card,6057,10769,Slightly Delayed,2046.92
9143640828,90298394,2023-07-18 13:12:02,2023-07-18,Card,6597,902,Slightly Delayed,1205.86
6900876252,87984862,2024-02-21 16:57:14,2024-02-21,Wallet,9130,80644,On Time,3214.61
9801174908,54347213,2024-04-27 11:49:38,2024-04-27,Card,1250,33767,Slightly Delayed,1487.04
551343632,59840071,2024-02-20 19:51:10,2024-02-20,Cash,5126,89726,On Time,4881.51
7961173808,90184276,2023-06-05 00:30:45,2023-06-05,UPI,8310,3302,On Time,2802.91
328909145,36146306,2024-09-26 16:42:13,2024-09-26,Wallet,1169,32899,On Time,1851.18
5551173528,64151769,2024-11-03 06:05:51,2024-11-03,Card,5366,16125,On Time,2549.37
4461788759,79895967,2024-04-23 20:44:08,2024-04-23,Wallet,1752,90986,On Time,4562.67
7256212429,28350645,2024-03-16 22:00:36,2024-03-16,Cash,8094,87815,On Time,727.95
9104077642,18199057,2024-10-24 13:19:46,2024-10-24,Cash,2573,20446,On Time,1869.79
2914056235,31456752,2024-01-02 12:50:42,2024-01-02,Card,2860,86053,On Time,432.39
9127632807,81528623,2023-05-30 13:09:30,2023-05-30,UPI,9723,72143,On Time,886.19
6070154414,45052594,2023-06-19 19:05:34,2023-06-19,Cash,4484,72709,On Time,2471.11
2318969828,2457734,2023-03-26 20:02:49,2023-03-26,Cash,4825,37500,On Time,1946.42
3813047994,60275891,2023-12-20 00:00:10,2023-12-20,Cash,9062,90983,On Time,3494.17
1416102774,92245432,2024-04-27 16:28:05,2024-04-27,UPI,1566,99752,Slightly Delayed,2657.83
8086834412,23286884,2024-03-08 19:23:33,2024-03-08,Wallet,6966,90596,On Time,4748.88
6193826826,85561151,2023-08-05 01:14:47,2023-08-05,Cash,5695,81908,On Time,166.42
8444509148,64141971,2024-02-21 22:35:12,2024-02-21,Wallet,3334,85993,On Time,5368.83
42332130,70363568,2024-10-17 17:08:04,2024-10-17,Wallet,9022,54725,On Time,1441.07
6009342120,59620534,2024-03-02 08:57:40,2024-03-02,Wallet,5318,11837,Slightly Delayed,1402.9
4818516411,85006599,2023-10-09 12:07:11,2023-10-09,Wallet,5331,14473,On Time,938.03
1039229544,93730857,2024-08-10 17:00:09,2024-08-10,Cash,9561,89340,On Time,3303.2
1515943657,59436131,2023-09-07 18:30:15,2023-09-07,UPI,9705,65345,On Time,2745.46
9183547951,19259955,2024-01-20 19:50:24,2024-01-20,UPI,9660,76728,On Time,3075.69
8478376092,91500615,2023-04-17 02:06:57,2023-04-17,Wallet,2904,68285,On Time,4535.63
1454073903,89874335,2023-09-16 08:57:33,2023-09-16,Card,7736,31737,Slightly Delayed,2976.93
2855402284,33370343,2023-07-30 00:48:32,2023-07-30,Wallet,6762,28578,On Time,3570.08
7245730533,51670882,2024-05-26 07:53:37,2024-05-26,UPI,9254,51934,Slightly Delayed,475.04
2272892659,24308515,2023-07-26 10:49:54,2023-07-26,Wallet,6254,68804,Slightly Delayed,2182.59
9087377568,54038173,2024-02-21 02:16:52,2024-02-21,UPI,895,37895,On Time,2490.79
8443685057,19400174,2023-07-02 01:45:40,2023-07-02,Card,2605,52458,On Time,3804.03
1590988730,42208242,2023-12-21 22:30:21,2023-12-21,Cash,440,33843,On Time,1928.1
7357811417,26364643,2024-09-29 09:42:08,2024-09-29,UPI,6841,7496,On Time,5692.84
394951937,65406127,2024-04-24 18:01:02,2024-04-24,Cash,3224,34174,On Time,1517.52
3967445448,20148223,2023-11-02 14:51:51,2023-11-02,Card,1690,61413,On Time,154.5
6101022928,10088428,2024-10-02 18:07:29,2024-10-02,Card,5977,8083,On Time,1253.07
6322372546,43052303,2024-02-19 09:59:21,2024-02-19,Wallet,1803,8035,Significantly Delayed,3383.58
9778782281,63025744,2023-04-14 21:43:40,2023-04-14,Card,6492,10170,Slightly Delayed,477.12
3867563962,14940427,2023-12-24 17:29:37,2023-12-24,Wallet,981,7531,On Time,2417.68
9277710098,38969732,2023-04-02 16:32:17,2023-04-02,Cash,4843,71248,Slightly Delayed,1807.12
7669322773,6081270,2023-08-29 13:05:04,2023-08-29,Card,4555,58926,On Time,836.16
3917427529,68159723,2024-10-12 11:58:44,2024-10-12,Cash,5628,26537,Slightly Delayed,3772.26
1934158144,65134271,2024-04-02 17:08:27,2024-04-02,Card,2405,30587,On Time,415.75
3157338466,243838,2023-08-24 15:58:23,2023-08-24,UPI,2843,92146,On Time,2859.05
9640662474,74761384,2024-04-09 14:08:50,2024-04-09,Cash,3616,20774,Slightly Delayed,1420.64
2356272189,42432226,2024-04-09 02:07:11,2024-04-09,Card,3664,68709,On Time,313.77
1380510406,54338574,2024-07-27 20:15:20,2024-07-27,Wallet,5404,52711,On Time,3015.14
8008377895,23794330,2023-06-26 13:17:29,2023-06-26,Card,6886,43415,Significantly Delayed,850.06
3680678403,57537308,2023-03-31 00:13:37,2023-03-31,UPI,7343,7068,On Time,3346.47
2847236502,6812439,2024-07-16 10:47:30,2024-07-16,Wallet,3484,97878,On Time,127.08
5212392063,75510747,2024-06-17 02:44:31,2024-06-17,Card,5449,31900,On Time,4005.87
3804024939,91566278,2024-01-27 21:13:51,2024-01-27,Card,4280,17974,On Time,2791.42
5395870775,18394558,2024-08-01 19:15:33,2024-08-01,Card,4766,66722,On Time,3064.35
511736499,38615653,2024-10-24 21:20:11,2024-10-24,Card,6635,49116,On Time,2993.04
2895886759,69863493,2023-09-07 22:24:10,2023-09-07,Card,6836,67136,Slightly Delayed,3005.64
6638513435,32809328,2024-08-04 13:03:07,2024-08-04,Cash,8422,33099,On Time,68.49
4168083780,13581527,2024-06-09 04:29:32,2024-06-09,Wallet,4620,55172,On Time,1489.58
2501516144,88252625,2024-10-01 09:14:18,2024-10-01,Cash,8147,56299,On Time,48.55
7141387557,98246574,2023-08-18 21:12:53,2023-08-18,Wallet,381,73154,On Time,4664.16
2747350024,75860724,2024-08-16 13:12:40,2024-08-16,UPI,5857,13307,On Time,793.14
9503407492,29272253,2023-08-25 22:40:34,2023-08-25,Wallet,3377,40500,Significantly Delayed,1932.17
4845607487,78053306,2023-03-17 18:51:57,2023-03-17,Cash,4238,84614,On Time,646.54
2051769691,30447453,2023-09-06 16:24:21,2023-09-06,UPI,5116,58157,On Time,1255.53
1092990139,85476508,2024-10-01 01:17:29,2024-10-01,Card,2623,53064,On Time,3410.49
5527612319,14632090,2024-09-11 23:57:55,2024-09-11,Wallet,9342,48508,On Time,2445.2
8852367079,22694456,2024-04-07 05:11:02,2024-04-07,Wallet,8674,5117,On Time,3115.43
1666202264,85474732,2023-05-07 10:21:06,2023-05-07,Cash,8113,32884,Slightly Delayed,2389.83
8606484804,41155125,2024-06-18 15:23:30,2024-06-18,UPI,3608,49631,Slightly Delayed,2409.69
8905341102,80862136,2024-02-08 04:09:21,2024-02-08,Cash,3150,5762,On Time,2542.21
5418735913,10210309,2024-07-11 11:40:20,2024-07-11,Cash,9566,92033,On Time,2190.34
970377475,48167795,2024-09-03 22:45:37,2024-09-03,Card,3147,2460,On Time,22.04
7320527109,83298567,2024-01-18 12:45:56,2024-01-18,UPI,7051,76831,On Time,1372.37
5120698,44174426,2023-06-09 12:10:20,2023-06-09,Wallet,3184,48582,Slightly Delayed,3064.36
3812396179,24496983,2023-07-22 08:32:43,2023-07-22,Card,4693,54016,On Time,1445.54
8178951021,46208150,2024-03-24 18:55:35,2024-03-24,UPI,1922,80840,Significantly Delayed,3095.39
2479115586,55056284,2024-03-14 18:40:17,2024-03-14,Wallet,5738,6845,On Time,1876.69
6239453389,26285589,2023-10-08 01:15:57,2023-10-08,Wallet,515,63625,On Time,2424.72
3136508414,13585482,2024-07-22 15:22:23,2024-07-22,Cash,9976,94346,On Time,2242.5
5521273487,6992801,2024-05-18 15:03:26,2024-05-18,Cash,7497,98929,Significantly Delayed,942.37
5445047872,37802267,2023-10-17 05:34:18,2023-10-17,Card,7313,66,On Time,927.52
3678525130,36428139,2023-03-20 18:18:25,2023-03-20,UPI,2099,82096,On Time,1650.3
9328056960,81229704,2024-08-14 06:21:10,2024-08-14,Cash,9565,99744,Slightly Delayed,445.48
2109203997,40277444,2024-05-04 18:20:04,2024-05-04,Cash,1818,72612,Slightly Delayed,1463.17
556665455,32500305,2024-02-08 01:04:11,2024-02-08,Card,8468,18521,Significantly Delayed,715.72
6573705785,24000329,2023-11-23 12:34:22,2023-11-23,Wallet,8486,13849,On Time,1864.68
2609502403,2058037,2024-10-31 18:23:21,2024-10-31,Wallet,1582,70771,On Time,3105.12
1463293930,85354059,2024-06-06 14:26:05,2024-06-06,UPI,1306,55394,On Time,2859.25
8132887999,84456355,2024-02-25 16:07:58,2024-02-25,Wallet,5613,7931,Slightly Delayed,3379.0
7178789018,46208150,2023-09-12 08:53:53,2023-09-12,Wallet,2122,53062,On Time,2166.39
2295700159,83023956,2024-03-11 12:32:17,2024-03-11,Card,6858,61371,Slightly Delayed,1413.77
9277089038,35988028,2023-04-15 20:02:46,2023-04-15,Wallet,3241,75267,Slightly Delayed,1401.29
145057465,54923640,2024-11-02 08:51:51,2024-11-02,Cash,3887,2353,On Time,1590.17
9452353274,97770901,2024-10-10 19:27:15,2024-10-10,Cash,7549,4535,On Time,4410.72
5434328922,67340606,2024-02-08 07:35:10,2024-02-08,Card,6298,57029,On Time,2877.57
3327051807,99707100,2023-10-02 16:46:07,2023-10-02,Card,8226,26018,On Time,2141.39
1461604569,25713335,2024-04-26 02:03:57,2024-04-26,UPI,706,49871,On Time,3604.01
606518084,78725001,2023-10-28 16:01:12,2023-10-28,Cash,6968,96049,On Time,1424.47
7637625389,13122744,2023-10-15 20:26:10,2023-10-15,Card,4837,47591,On Time,2013.55
7311621328,30891209,2024-04-07 02:34:51,2024-04-07,Wallet,6243,62428,Significantly Delayed,2639.67
8790217194,38244021,2024-03-25 01:29:32,2024-03-25,Wallet,6000,60118,Slightly Delayed,1666.68
1772445313,13071673,2023-07-21 00:30:42,2023-07-21,Card,1745,87117,On Time,2441.43
159394992,35358395,2024-08-06 06:44:30,2024-08-06,Card,9812,28600,On Time,611.71
7992910755,76218218,2023-07-12 09:11:08,2023-07-12,Wallet,7476,85359,Significantly Delayed,3156.54
1786931285,1719710,2023-06-29 04:47:55,2023-06-29,Wallet,4927,76004,On Time,778.9
2225520858,95372766,2023-11-22 13:01:16,2023-11-22,Cash,597,13646,On Time,3519.46
5635738740,33034249,2023-09-28 14:29:27,2023-09-28,UPI,6365,49965,On Time,2920.62
2230824358,41878908,2023-05-24 15:21:07,2023-05-24,Cash,2143,47833,Slightly Delayed,2302.29
9217211301,52085702,2023-06-15 10:25:23,2023-06-15,Cash,9240,89404,On Time,4441.76
4501870609,16082651,2024-07-10 08:10:58,2024-07-10,Cash,4010,42567,On Time,2253.3
838401679,89699655,2023-07-23 07:24:40,2023-07-23,Wallet,6870,83793,Slightly Delayed,1430.39
9587315528,66440188,2024-08-07 00:05:21,2024-08-07,Wallet,7856,92673,On Time,1019.38
3122936945,95001589,2023-05-06 23:07:29,2023-05-06,Cash,9066,65301,On Time,397.68
6093390755,32054313,2023-11-24 13:24:41,2023-11-24,Card,2462,60889,On Time,1872.67
2032956677,66932104,2024-05-02 21:28:42,2024-05-02,Wallet,7861,17988,Slightly Delayed,1051.16
1488430001,67092149,2024-08-04 15:09:28,2024-08-04,Card,4217,40079,Slightly Delayed,3630.56
615391848,65570302,2024-09-12 21:42:22,2024-09-12,Cash,2628,2990,On Time,1041.18
8686093533,30823988,2024-02-06 05:53:02,2024-02-06,Cash,1232,5503,On Time,2197.24
7038758506,68714053,2023-05-08 06:18:49,2023-05-08,Wallet,731,88037,On Time,77.11
2385966456,12184293,2023-08-22 07:49:07,2023-08-22,UPI,4204,8862,Slightly Delayed,4160.4
259622674,61002154,2023-05-05 00:35:33,2023-05-05,Card,5780,43788,On Time,3081.38
2580381935,4394659,2024-05-05 09:52:12,2024-05-05,Cash,9682,19165,On Time,4613.37
5035471587,18140588,2024-01-05 02:05:57,2024-01-05,Card,4763,221,On Time,3405.27
9421270813,26844216,2024-04-22 06:03:15,2024-04-22,Wallet,4631,26657,On Time,2787.46
1831516625,46629917,2024-03-29 20:09:02,2024-03-29,Card,8680,25932,Slightly Delayed,3008.01
1918841793,95334407,2024-06-17 21:03:29,2024-06-17,Wallet,2512,10305,On Time,3273.77
1757159071,59094034,2024-03-13 09:54:17,2024-03-13,Cash,9938,38383,Slightly Delayed,3571.03
7589464630,91196901,2024-07-12 13:13:16,2024-07-12,UPI,2409,17706,Slightly Delayed,6543.19
1577085460,74682740,2023-09-22 09:53:14,2023-09-22,Wallet,765,52709,On Time,2599.08
2279018877,40305293,2024-06-10 14:24:22,2024-06-10,Wallet,8690,88797,Slightly Delayed,1890.73
7431412128,96989204,2023-05-29 04:05:50,2023-05-29,UPI,7326,77224,On Time,2184.61
8781520615,85519349,2024-04-14 08:14:14,2024-04-14,Wallet,345,42606,On Time,3343.42
1276192882,97678578,2024-01-08 07:33:48,2024-01-08,UPI,7738,15637,On Time,2375.85
4065794921,85518832,2024-03-21 11:14:24,2024-03-21,Cash,7371,43280,Significantly Delayed,3403.34
1690800946,79764458,2023-03-29 14:40:35,2023-03-29,UPI,5950,16850,On Time,2559.17
877883470,1200365,2023-06-07 13:30:04,2023-06-07,UPI,7405,55423,Slightly Delayed,393.43
7322044533,48730063,2023-10-13 23:38:34,2023-10-13,Wallet,7801,92064,Slightly Delayed,738.65
5243163885,19275474,2023-05-19 13:35:25,2023-05-19,Wallet,7061,12230,On Time,2412.89
4360255357,15529446,2023-05-14 07:57:31,2023-05-14,Cash,6668,68222,Slightly Delayed,97.04
9623306038,51669263,2023-11-10 05:31:21,2023-11-10,Wallet,8972,56254,On Time,3299.65
6282385286,6150721,2023-10-28 06:44:45,2023-10-28,Cash,4572,9399,On Time,2500.44
1001900652,30367559,2024-09-08 20:08:07,2024-09-08,Card,2330,85241,Slightly Delayed,1456.96
5161988291,65618148,2024-07-01 00:54:01,2024-07-01,UPI,6154,53927,On Time,3577.33
3597752998,37759707,2024-04-03 13:29:54,2024-04-03,Card,4606,71654,On Time,1565.04
9074325310,35435896,2024-04-23 16:11:59,2024-04-23,Cash,8528,83788,On Time,1714.38
8875965392,41395224,2024-01-22 19:05:23,2024-01-22,Cash,2929,6325,On Time,2419.46
971081962,73428596,2024-08-29 01:39:23,2024-08-29,UPI,8655,62842,On Time,1511.54
1948332638,62323608,2024-06-08 17:07:02,2024-06-08,Card,7238,84415,On Time,2530.18
1785558780,18986315,2024-06-28 16:56:00,2024-06-28,Wallet,4524,85573,On Time,1996.55
7590462053,18326028,2024-06-26 16:29:40,2024-06-26,Wallet,8429,235,On Time,833.93
2135743860,73392739,2024-03-22 08:24:49,2024-03-22,UPI,1270,22083,On Time,4043.72
9851365751,12832151,2023-10-03 16:06:50,2023-10-03,Cash,5939,83505,On Time,1413.06
9243090480,13760839,2023-03-21 19:45:16,2023-03-21,UPI,5901,95377,Significantly Delayed,1252.94
7168596454,35690581,2023-03-22 02:45:18,2023-03-22,UPI,7082,1608,Slightly Delayed,2795.12
2483565595,21701991,2023-03-24 06:16:52,2023-03-24,Cash,2259,25691,On Time,1267.5
2484470052,84848018,2024-01-09 19:29:32,2024-01-09,Cash,2946,54869,On Time,1426.56
7702588270,55094848,2024-04-26 20:38:36,2024-04-26,Card,4917,93742,On Time,3867.53
5992338333,9738801,2023-04-03 23:28:44,2023-04-03,Cash,4006,91077,On Time,3121.04
9196796718,68941950,2023-07-06 21:46:44,2023-07-06,Wallet,324,37270,On Time,4037.78
3291765954,57523973,2023-08-30 07:00:43,2023-08-30,UPI,8568,20788,On Time,1651.89
652616858,10663246,2023-05-22 11:53:45,2023-05-22,Card,2819,25092,Slightly Delayed,2832.35
2613508245,45028365,2023-12-28 16:43:38,2023-12-28,UPI,8059,74072,On Time,3349.73
8169361928,8241122,2024-01-10 15:19:09,2024-01-10,Cash,6667,2274,On Time,1746.24
9395982132,58170168,2023-07-05 12:19:11,2023-07-05,Card,7117,33721,On Time,1545.49
1914701538,64722323,2023-07-09 14:00:48,2023-07-09,UPI,237,84345,On Time,3606.37
6236279358,97141762,2024-05-26 05:24:47,2024-05-26,Card,8037,24906,Significantly Delayed,2832.2
2288561509,11047835,2023-12-04 19:19:13,2023-12-04,Cash,4436,92861,Slightly Delayed,1272.76
2010415757,43295656,2024-06-20 08:47:21,2024-06-20,UPI,9311,80134,On Time,1666.99
7164827734,9195970,2023-03-16 08:10:44,2023-03-16,UPI,4711,62683,On Time,1809.72
7971819985,48511124,2024-04-15 02:48:52,2024-04-15,Wallet,8122,65541,On Time,4188.82
8234021674,41073776,2024-01-29 10:54:13,2024-01-29,Cash,3683,28230,On Time,3201.25
4274404843,48418662,2024-09-30 01:43:49,2024-09-30,Card,1824,59305,On Time,1013.88
7353519273,80761521,2023-09-22 12:58:20,2023-09-22,Cash,2706,49934,On Time,1882.23
8539612501,22846435,2024-09-20 13:30:47,2024-09-20,Wallet,193,14166,Slightly Delayed,1543.13
5894327065,35133191,2024-03-15 13:35:58,2024-03-15,Card,8466,29930,Slightly Delayed,1725.22
77053363,74172010,2023-05-04 19:19:43,2023-05-04,UPI,2000,3429,On Time,4566.21
4467084478,30447453,2024-03-03 12:48:19,2024-03-03,Card,7284,68868,Slightly Delayed,2928.16
3514036230,84937877,2023-07-11 03:03:24,2023-07-11,Cash,6787,93410,On Time,1722.88
4720421794,72089140,2024-01-16 06:50:16,2024-01-16,Wallet,5263,35894,Slightly Delayed,2816.58
3202903413,12507907,2023-08-04 18:34:57,2023-08-04,Cash,782,52139,On Time,715.37
6938082428,19741509,2024-03-08 20:39:16,2024-03-08,Cash,9933,60137,Slightly Delayed,2010.44
9202941711,59240916,2024-03-24 14:45:54,2024-03-24,Wallet,9969,2000,On Time,3288.74
8963522960,11143197,2023-11-02 02:43:47,2023-11-02,Cash,3010,58520,On Time,1757.33
9266835891,14207332,2024-06-13 02:17:05,2024-06-13,Wallet,4518,69070,On Time,2994.7
5265722064,52032226,2023-07-16 02:33:21,2023-07-16,Cash,5289,46962,On Time,1614.35
5514326011,95364457,2024-02-04 16:12:37,2024-02-04,Wallet,7235,75658,On Time,3485.63
9578652103,34839913,2024-03-13 05:17:39,2024-03-13,UPI,1877,79729,On Time,1342.89
3559061334,79991320,2023-06-09 13:18:53,2023-06-09,UPI,2144,57403,Slightly Delayed,3157.25
637944734,60698094,2023-04-01 09:22:52,2023-04-01,Card,7170,35435,On Time,4026.32
7454643275,18229949,2024-07-14 08:42:33,2024-07-14,Cash,2897,72097,On Time,102.44
4319342350,99160348,2024-08-27 20:15:26,2024-08-27,Card,587,11958,Significantly Delayed,4281.94
7568450733,59518795,2023-04-09 08:22:53,2023-04-09,Wallet,806,63512,On Time,1049.09
734744305,60698094,2024-06-08 11:59:34,2024-06-08,Wallet,7827,80005,On Time,2043.02
5233331050,85561151,2023-05-01 16:36:35,2023-05-01,UPI,9668,84617,On Time,84.2
8326867788,17939362,2023-09-20 01:05:39,2023-09-20,Card,4451,56875,On Time,1213.48
8368819094,42432226,2024-08-15 02:54:26,2024-08-15,Wallet,6906,11640,On Time,572.12
8700151605,19275474,2023-08-04 09:15:27,2023-08-04,Wallet,2248,74364,Significantly Delayed,1301.73
6269179048,469006,2023-11-11 15:50:53,2023-11-11,Wallet,7515,23727,On Time,1864.85
1265254177,46378942,2023-09-24 14:15:04,2023-09-24,Card,3622,16267,On Time,3988.44
9858963919,40858753,2023-07-02 06:49:46,2023-07-02,Wallet,5786,50340,Significantly Delayed,481.63
7279564594,91566278,2024-01-19 09:50:36,2024-01-19,Card,8600,45499,On Time,1226.55
6983253839,62629494,2024-04-03 20:29:42,2024-04-03,Wallet,7769,83688,On Time,3115.93
9479808024,62679120,2023-10-16 05:38:38,2023-10-16,Card,6487,72459,On Time,3628.88
3583522679,6668498,2023-09-06 11:49:56,2023-09-06,Wallet,2279,68563,On Time,4148.39
1923226423,39042103,2024-07-28 07:37:08,2024-07-28,Card,3961,76715,On Time,3344.78
664198080,89036169,2023-08-12 06:32:49,2023-08-12,Cash,6695,4941,On Time,443.17
4224700084,11478478,2024-08-28 23:22:09,2024-08-28,Wallet,1128,78588,On Time,1568.53
969621016,13465850,2024-01-23 19:23:23,2024-01-23,Wallet,8750,16277,On Time,2542.59
8178275820,55060796,2024-04-05 09:50:05,2024-04-05,Cash,86,78985,Slightly Delayed,2755.74
4949766982,99734256,2024-09-11 00:18:18,2024-09-11,Cash,1358,86551,On Time,1560.71
5258344385,12867472,2023-10-14 17:48:54,2023-10-14,Wallet,9196,16549,On Time,641.76
8101930640,92306841,2023-06-12 05:44:25,2023-06-12,Wallet,5853,50876,On Time,450.23
6703316563,89669139,2024-01-25 17:54:37,2024-01-25,Wallet,1070,91135,Slightly Delayed,396.41
7680297690,1705969,2024-02-12 06:56:34,2024-02-12,Wallet,778,79007,On Time,2864.1
7256340388,30042971,2023-10-08 07:25:22,2023-10-08,Wallet,5716,87987,Significantly Delayed,785.67
2538269668,48778633,2023-06-23 08:12:16,2023-06-23,Cash,1347,36761,On Time,1348.52
7506762237,98225598,2023-06-10 01:44:16,2023-06-10,Card,3335,17180,Significantly Delayed,2326.62
6585436114,65895091,2024-03-13 21:43:46,2024-03-13,Wallet,5769,97963,Slightly Delayed,3131.69
9852996866,19145354,2024-06-26 12:36:19,2024-06-26,Wallet,6406,4260,On Time,1525.58
1991135167,46699982,2023-12-19 20:18:46,2023-12-19,Wallet,8072,17609,On Time,3986.02
7765110772,33871107,2024-06-01 21:54:06,2024-06-01,UPI,819,66182,On Time,3157.37
3520718052,6856445,2023-07-07 23:42:08,2023-07-07,Cash,3596,91411,On Time,2846.05
5388573375,77128325,2024-03-07 12:50:53,2024-03-07,Cash,342,45401,On Time,3993.4
8977771682,30979436,2023-04-29 18:14:35,2023-04-29,Card,9255,45258,On Time,1212.41
3596900942,63349378,2023-11-03 09:38:26,2023-11-03,Wallet,8890,46019,Slightly Delayed,616.62
155295996,24517523,2024-06-29 02:58:57,2024-06-29,Cash,5219,5364,On Time,4190.02
1945536198,44557943,2023-05-03 14:54:29,2023-05-03,Cash,431,34218,On Time,5313.04
2550246555,38671747,2023-04-06 14:27:46,2023-04-06,UPI,2456,36017,Slightly Delayed,2305.86
4287631655,6867315,2023-11-15 04:16:13,2023-11-15,Wallet,1833,18788,Significantly Delayed,1381.53
2033683703,42989999,2024-01-24 17:33:29,2024-01-24,UPI,6504,62688,Significantly Delayed,4223.23
9453583714,82854537,2023-09-01 04:15:52,2023-09-01,UPI,8870,39114,On Time,1873.26
852886125,44562310,2023-07-14 01:58:44,2023-07-14,UPI,8604,85502,On Time,1610.95
5705899665,4378755,2024-05-27 19:16:33,2024-05-27,Wallet,355,75481,On Time,3712.03
5706043483,63360864,2024-07-17 18:55:41,2024-07-17,UPI,2490,86219,On Time,1164.09
5190422833,3410758,2023-03-27 11:28:42,2023-03-27,Cash,9620,17583,On Time,898.05
7178188501,3786105,2024-04-18 13:28:11,2024-04-18,Cash,3888,70846,On Time,2823.72
2864819888,9419030,2024-04-19 19:38:25,2024-04-19,Card,8666,42803,On Time,1973.65
7107216633,10857389,2024-06-27 05:10:48,2024-06-27,Wallet,4888,30190,Slightly Delayed,2871.14
1685382357,6579892,2023-05-04 18:35:27,2023-05-04,Card,8439,76806,Significantly Delayed,2584.79
7562902958,81808190,2023-06-08 22:26:55,2023-06-08,UPI,3225,74174,On Time,1477.63
2819953077,25128143,2023-11-22 08:33:47,2023-11-22,Cash,122,76823,Slightly Delayed,1887.33
8453462258,2875442,2024-02-10 11:44:52,2024-02-10,Wallet,7996,98449,On Time,310.87
4605056279,23976957,2024-05-04 16:33:12,2024-05-04,Cash,5016,33098,On Time,1252.01
5998035939,88324928,2024-02-22 01:21:53,2024-02-22,Card,2444,25912,On Time,3279.72
2311501690,27698051,2024-03-26 04:58:36,2024-03-26,Wallet,5650,81872,On Time,2643.08
356495722,91312072,2024-06-02 00:20:24,2024-06-02,Wallet,8433,57795,On Time,1978.25
2695448838,47274329,2023-06-10 23:54:52,2023-06-10,UPI,7288,56011,Slightly Delayed,2516.12
6986791144,27692428,2023-09-08 14:24:07,2023-09-08,Cash,2795,75461,Slightly Delayed,1068.15
8619571588,31456752,2024-01-17 05:28:00,2024-01-17,UPI,5680,12944,On Time,1597.12
4088553674,52913011,2023-08-25 10:14:30,2023-08-25,Wallet,684,65634,Significantly Delayed,3986.58
8177907004,60757351,2024-01-08 21:14:32,2024-01-08,Wallet,6516,92178,Significantly Delayed,2575.85
8533749006,91590001,2024-10-30 16:37:32,2024-10-30,Cash,5890,95607,Slightly Delayed,1552.93
8694014791,48778633,2023-08-06 05:36:59,2023-08-06,Card,7614,73862,Slightly Delayed,1908.82
6311012195,10857389,2023-07-27 14:54:16,2023-07-27,UPI,5396,20432,On Time,824.99
1312767771,26412689,2024-09-17 05:59:27,2024-09-17,Wallet,5147,97744,On Time,2147.13
214919848,47125914,2024-01-06 07:43:13,2024-01-06,Cash,520,66328,On Time,2503.81
5521682945,26303194,2024-07-24 07:21:55,2024-07-24,Cash,9172,20204,Slightly Delayed,2548.33
5305770811,92642745,2024-10-31 07:17:51,2024-10-31,Cash,1988,76080,Slightly Delayed,3254.9
5842420654,43307488,2024-05-06 11:58:12,2024-05-06,Wallet,553,60389,Slightly Delayed,261.03
4566893863,88739922,2023-10-28 09:34:39,2023-10-28,Wallet,1670,40507,On Time,3739.44
1523729855,54730270,2024-09-03 04:50:19,2024-09-03,UPI,9830,84566,On Time,629.24
2899786983,31456752,2023-10-24 12:09:46,2023-10-24,UPI,4153,14386,On Time,5183.93
9202528884,64940409,2024-05-27 13:54:56,2024-05-27,Cash,3699,33556,Significantly Delayed,3369.19
4338327693,93617659,2024-05-19 02:21:08,2024-05-19,Cash,4231,98866,Slightly Delayed,3948.26
6295686357,76533277,2024-01-10 07:54:01,2024-01-10,Cash,3737,81081,On Time,2769.76
6396194687,61406908,2024-01-20 20:37:11,2024-01-20,Wallet,676,43588,On Time,4492.32
5662786245,21409946,2023-04-21 00:24:45,2023-04-21,Cash,1501,39082,On Time,4920.92
4868150114,69761993,2024-01-08 03:21:32,2024-01-08,Card,9235,52501,Significantly Delayed,2720.81
502764834,96903782,2024-08-02 18:00:51,2024-08-02,Card,4419,88857,On Time,3197.48
5056125341,26040510,2023-05-23 01:52:56,2023-05-23,Wallet,4592,39430,Slightly Delayed,3503.97
6388618916,96511007,2024-01-26 22:01:18,2024-01-26,Wallet,7106,62559,On Time,2761.44
3508668494,75836905,2024-01-25 01:04:27,2024-01-25,Card,481,92900,On Time,2359.1
5289436093,98211325,2024-04-18 13:18:14,2024-04-18,Wallet,6523,77152,Significantly Delayed,1789.25
7596333614,88684966,2023-03-30 05:26:58,2023-03-30,Card,3746,24475,On Time,2024.16
6284076508,74179536,2024-07-19 22:39:09,2024-07-19,UPI,2254,39939,On Time,844.26
340050407,68941950,2024-10-15 13:14:58,2024-10-15,Cash,9482,68329,On Time,58.59
5927472701,93563435,2024-01-12 16:56:03,2024-01-12,Wallet,1954,95432,On Time,2280.71
9216536492,58979427,2024-10-04 03:41:44,2024-10-04,Wallet,1110,83077,On Time,3056.52
3742662928,63971358,2023-06-03 06:52:14,2023-06-03,Wallet,3266,75517,On Time,937.34
4797768073,35782051,2023-07-06 03:33:08,2023-07-06,Cash,1330,88543,Significantly Delayed,3156.22
6767935470,70372270,2024-04-17 01:23:52,2024-04-17,Cash,6622,44553,On Time,2249.42
1963703928,77007315,2024-07-06 00:10:31,2024-07-06,Wallet,6295,70919,On Time,1553.71
552470423,4394659,2024-02-27 02:32:38,2024-02-27,Cash,1143,27605,On Time,1310.7
739434870,1603358,2023-09-05 23:05:17,2023-09-05,Cash,7655,55365,On Time,2725.22
7930373606,13494314,2023-08-09 22:14:42,2023-08-09,Cash,9325,54606,On Time,1782.86
5374978054,64932019,2024-07-08 14:00:52,2024-07-08,Cash,2348,63238,On Time,1433.88
4361797433,1603358,2023-08-05 07:22:21,2023-08-05,UPI,3731,59493,On Time,3074.92
2002067527,45166203,2023-11-06 23:08:27,2023-11-06,Wallet,8342,71608,On Time,1269.98
4228110436,701493,2023-07-23 19:21:30,2023-07-23,Wallet,961,24964,Significantly Delayed,2512.67
1251118825,79592021,2023-05-04 00:13:04,2023-05-04,Cash,5931,17178,Slightly Delayed,478.79
7165265639,29265216,2023-08-20 19:02:24,2023-08-20,Wallet,9164,71534,On Time,878.07
1255323701,51669263,2024-03-06 11:57:35,2024-03-06,Wallet,3111,78929,On Time,3109.5
807934194,69925688,2024-01-13 01:41:40,2024-01-13,Cash,4585,59454,On Time,3688.0
7968718292,54730270,2023-10-30 20:00:38,2023-10-30,Card,3798,56005,On Time,931.61
2620531979,8651281,2024-02-24 12:40:18,2024-02-24,Card,5801,23093,Slightly Delayed,1207.28
6943430459,53636086,2024-10-05 17:21:33,2024-10-05,Wallet,2062,75360,On Time,2625.32
5607355353,47625855,2023-06-23 09:33:06,2023-06-23,UPI,5949,2135,Significantly Delayed,2909.86
6696352636,54730270,2023-06-18 15:12:00,2023-06-18,Wallet,6273,98726,Significantly Delayed,1458.64
9325920156,59110513,2024-10-12 10:36:00,2024-10-12,Card,547,98397,Slightly Delayed,3323.67
2286477025,59436131,2023-06-02 22:03:32,2023-06-02,Card,3151,85060,On Time,2751.35
6704773223,81420960,2024-07-22 09:39:46,2024-07-22,Wallet,4737,34344,Significantly Delayed,1563.35
1435353007,48281892,2024-01-19 09:04:09,2024-01-19,Card,2991,64672,On Time,2538.96
8080970647,1855421,2023-11-25 17:44:31,2023-11-25,Card,6162,70168,On Time,3635.32
5881633926,32293017,2023-04-21 18:43:44,2023-04-21,Card,9748,40430,On Time,4263.33
4435459085,76830090,2023-08-19 14:41:57,2023-08-19,Cash,9415,66771,On Time,242.57
6172529406,48409448,2024-05-21 02:04:06,2024-05-21,Cash,8038,29606,Significantly Delayed,2969.87
9127879048,75490147,2024-08-27 07:17:45,2024-08-27,Card,6300,82835,On Time,2298.22
3806545110,1200365,2024-08-17 11:54:42,2024-08-17,Card,2823,52602,On Time,1150.34
6919395718,91550885,2024-02-16 21:33:40,2024-02-16,UPI,2151,23311,On Time,2440.67
5277462976,98858383,2024-10-19 15:37:39,2024-10-19,Card,9167,95207,On Time,3990.61
3606274277,98225598,2023-08-08 10:47:04,2023-08-08,Cash,8765,83884,On Time,3902.92
2065203676,36146306,2024-01-15 09:32:36,2024-01-15,Card,576,34566,On Time,1121.26
4042066387,90743791,2024-01-03 04:02:09,2024-01-03,Wallet,2022,33983,Slightly Delayed,4354.3
3604982656,59207798,2024-09-19 17:04:31,2024-09-19,Card,7282,87446,Slightly Delayed,563.45
1149676745,6247821,2023-10-20 20:14:01,2023-10-20,Card,5092,84700,On Time,1168.51
3895011687,47043878,2024-03-23 19:38:44,2024-03-23,UPI,6466,81696,On Time,858.57
772505056,81822494,2023-07-13 01:07:54,2023-07-13,Cash,710,3187,On Time,2341.94
5574765914,89619421,2024-10-25 23:30:56,2024-10-25,Wallet,1822,8665,On Time,697.53
8812616740,61982521,2023-06-26 21:13:15,2023-06-26,Card,5055,66152,On Time,1469.02
1486655525,74572121,2024-04-21 13:15:43,2024-04-21,Wallet,4512,69381,On Time,2840.82
8423025639,6344345,2024-06-06 13:14:56,2024-06-06,UPI,5830,63484,Slightly Delayed,3583.16
9020705185,1562083,2023-12-29 19:19:39,2023-12-29,Cash,166,92943,On Time,71.6
7719808698,93938425,2023-08-18 11:32:57,2023-08-18,Card,8415,28450,On Time,4205.08
3414036630,32809328,2024-04-05 03:00:07,2024-04-05,Cash,7475,37389,On Time,641.33
4157869967,49617892,2023-05-05 14:12:39,2023-05-05,Card,747,51334,On Time,881.42
4873887251,20951294,2023-09-20 00:43:50,2023-09-20,Wallet,9820,769,On Time,989.88
8031946454,31923338,2023-08-29 20:55:54,2023-08-29,Card,9456,89696,On Time,2074.16
8168056170,45700473,2023-08-28 04:52:58,2023-08-28,Cash,8393,85462,Slightly Delayed,3061.73
3108512811,15417130,2024-02-10 08:25:16,2024-02-10,UPI,571,30893,On Time,3391.72
1680591951,7288562,2024-03-11 21:02:51,2024-03-11,Card,6381,96631,On Time,2569.08
559245731,68941950,2024-09-08 15:54:50,2024-09-08,Wallet,4687,20247,On Time,3597.64
8655600303,12867472,2024-04-27 17:40:20,2024-04-27,Cash,1884,71557,On Time,3608.84
8247327365,30065862,2024-09-25 11:15:52,2024-09-25,Card,4986,11031,Slightly Delayed,2592.28
9153347285,54222320,2023-06-22 02:54:54,2023-06-22,Card,2321,3684,On Time,2618.56
1977533409,17521263,2023-12-18 12:09:20,2023-12-18,UPI,650,4601,On Time,738.71
2433646621,82770142,2024-11-03 10:59:49,2024-11-03,Card,280,67633,Slightly Delayed,1195.03
22830983,92404798,2023-06-04 21:10:12,2023-06-04,UPI,2086,39491,Significantly Delayed,3061.39
1143763031,52075070,2024-08-09 21:38:00,2024-08-09,UPI,3329,61900,On Time,171.2
8524056436,35434373,2023-09-06 13:44:20,2023-09-06,Cash,8160,33639,On Time,911.06
4262338791,72089140,2024-10-17 07:38:55,2024-10-17,Wallet,6144,37767,On Time,1582.64
187728451,63262519,2023-11-27 21:06:51,2023-11-27,Wallet,497,36559,On Time,4088.13
6754346312,3897936,2023-06-19 12:32:50,2023-06-19,Wallet,3174,88168,On Time,1195.92
5790622967,81091233,2024-02-27 00:21:45,2024-02-27,Cash,214,37995,On Time,1816.39
4305348838,63630649,2024-03-03 20:35:10,2024-03-03,Cash,8478,11295,Significantly Delayed,381.39
2902411553,93122847,2023-11-01 02:22:55,2023-11-01,Cash,3911,73699,On Time,2910.37
3691199770,30788486,2024-05-13 05:20:17,2024-05-13,Wallet,6161,72299,On Time,2896.79
775709102,80517784,2023-08-26 02:57:43,2023-08-26,Cash,277,73558,On Time,3393.44
5262508570,42781544,2024-07-06 11:07:05,2024-07-06,UPI,8108,196,On Time,2217.03
192109127,82854537,2024-09-16 08:29:24,2024-09-16,Card,3033,98838,Slightly Delayed,3949.02
1108215973,2928026,2023-12-17 09:36:04,2023-12-17,UPI,4643,3643,Slightly Delayed,972.69
1719134546,25665997,2024-07-10 13:12:50,2024-07-10,Card,1874,3235,On Time,1306.86
5280263316,77035814,2024-06-28 12:35:57,2024-06-28,UPI,6846,81900,Significantly Delayed,3531.91
9448306266,74038361,2024-04-16 04:39:11,2024-04-16,Cash,6705,70480,On Time,3645.04
8023626961,68307253,2023-09-26 01:35:06,2023-09-26,Card,5522,50594,Slightly Delayed,763.12
1118405605,15599514,2023-06-26 11:26:10,2023-06-26,Card,7876,72673,Slightly Delayed,2831.58
8226034341,26040510,2023-11-25 02:41:53,2023-11-25,Cash,6521,39659,On Time,1480.31
6976835753,29973346,2024-02-22 13:49:28,2024-02-22,Wallet,4603,67913,On Time,4262.13
9171564499,24896263,2023-12-03 23:53:09,2023-12-03,Card,6802,39820,Slightly Delayed,3112.29
5393607402,14272050,2023-12-17 20:04:17,2023-12-17,UPI,6860,32010,On Time,2453.12
5670040592,80571942,2024-05-25 05:39:22,2024-05-25,UPI,7458,57209,On Time,3433.31
6736891890,15661901,2024-10-21 09:29:41,2024-10-21,Wallet,1551,72028,Slightly Delayed,879.26
1223255075,71321741,2023-08-18 00:01:18,2023-08-18,Card,4759,4873,On Time,1982.08
8158413630,15066187,2024-08-30 16:40:12,2024-08-30,Card,4712,56303,On Time,3028.59
7867573412,61226563,2023-09-14 01:54:24,2023-09-14,Card,7904,62986,Significantly Delayed,3835.33
1624690598,52048413,2024-03-23 03:57:00,2024-03-23,UPI,4852,41423,On Time,1705.95
8968945932,67386193,2024-09-07 07:00:44,2024-09-07,Wallet,742,53832,Significantly Delayed,1245.7
1645212433,67918495,2024-08-07 04:29:32,2024-08-07,UPI,7086,77571,Significantly Delayed,1736.21
9187046038,75860724,2023-06-13 14:39:57,2023-06-13,Cash,9783,84082,On Time,1211.53
9305357757,76212152,2023-05-12 22:06:22,2023-05-12,Wallet,6424,84853,On Time,652.58
8312320295,31076002,2024-06-29 22:21:03,2024-06-29,Wallet,9123,27452,On Time,3212.41
3256941332,43599910,2023-11-22 08:49:51,2023-11-22,Wallet,9281,18290,On Time,2777.76
8980502814,45708879,2024-10-15 19:30:03,2024-10-15,Card,1222,67937,On Time,1794.68
9270396838,63376126,2023-07-06 08:47:05,2023-07-06,Wallet,4041,46248,On Time,1592.28
2892588628,54797119,2024-04-19 18:35:27,2024-04-19,Wallet,7662,59145,Slightly Delayed,302.82
8774158800,19216141,2023-12-12 08:29:51,2023-12-12,Cash,9309,69717,Slightly Delayed,693.48
2056131802,16448993,2023-09-02 05:01:17,2023-09-02,Card,4025,36835,Significantly Delayed,328.51
3528007192,52279849,2023-07-11 09:54:59,2023-07-11,Card,6512,53884,On Time,2411.61
2845333894,4192351,2024-04-28 13:19:13,2024-04-28,UPI,5891,52847,Slightly Delayed,4555.81
6602340187,38875754,2024-03-11 12:09:24,2024-03-11,Card,6074,94455,Significantly Delayed,374.68
721004875,75913572,2023-10-09 05:03:34,2023-10-09,UPI,8326,61840,On Time,3319.78
7435895360,77217240,2024-09-04 00:42:32,2024-09-04,Card,6336,89661,On Time,983.79
4217659083,31846190,2024-01-18 19:28:33,2024-01-18,Wallet,8940,94726,Slightly Delayed,3390.39
9710865146,21282544,2023-05-11 05:34:09,2023-05-11,UPI,9944,9882,On Time,4682.76
5375295409,17843667,2024-10-05 05:59:07,2024-10-05,Wallet,8351,21882,On Time,1153.83
6286044248,38902193,2023-05-05 22:17:54,2023-05-05,Cash,2602,56074,On Time,4369.99
1708282193,79895967,2024-01-25 10:03:18,2024-01-25,UPI,331,34773,On Time,83.18
5746303677,20148223,2024-06-08 13:32:21,2024-06-08,Card,7478,24730,On Time,902.25
3271726381,44050697,2024-03-15 00:40:28,2024-03-15,Card,1567,5783,Significantly Delayed,671.55
9802569856,33741801,2024-04-07 09:13:19,2024-04-07,Wallet,7185,93443,On Time,2623.91
662460037,98144693,2024-10-11 00:49:10,2024-10-11,UPI,1908,2466,Slightly Delayed,2657.2
8664447334,25829710,2024-03-08 04:32:20,2024-03-08,Cash,3632,49008,Significantly Delayed,3712.65
3886370975,96903782,2024-05-08 19:31:11,2024-05-08,Wallet,6148,38359,On Time,3039.42
3547006553,56572297,2024-05-29 22:09:17,2024-05-29,Card,8506,31328,Significantly Delayed,5183.38
2575965518,38496400,2024-10-25 23:31:21,2024-10-25,Wallet,5322,33262,On Time,1880.57
1529363954,13251137,2024-03-27 00:21:11,2024-03-27,UPI,8668,55211,On Time,924.41
8463856241,87463923,2023-04-10 21:05:09,2023-04-10,Wallet,4495,18824,Slightly Delayed,1364.14
2485242479,25526479,2023-04-11 06:16:55,2023-04-11,Cash,7194,76138,On Time,3732.99
9850673433,93826036,2023-05-06 05:42:40,2023-05-06,UPI,3606,19635,Slightly Delayed,5271.36
2558680592,68475914,2023-05-31 22:19:27,2023-05-31,UPI,7912,91792,On Time,2032.56
2859167116,40626729,2024-10-15 17:45:27,2024-10-15,UPI,3227,34127,Slightly Delayed,1613.11
1222236371,88517890,2024-08-15 00:01:13,2024-08-15,Card,6823,94531,Slightly Delayed,2675.63
344177904,44589829,2023-08-18 00:38:42,2023-08-18,Cash,7870,86602,Slightly Delayed,551.88
6126334783,6150721,2024-07-03 08:33:55,2024-07-03,Card,9082,33084,On Time,1588.66
3742575364,42723554,2023-05-08 17:23:01,2023-05-08,Wallet,1865,22416,On Time,4939.0
9272166174,53292177,2023-07-27 06:22:38,2023-07-27,Wallet,5220,31701,On Time,994.56
9416522701,7551173,2024-01-22 03:06:25,2024-01-22,Wallet,7971,14560,On Time,3919.44
7305871805,96629034,2024-09-11 14:29:55,2024-09-11,Card,8729,57764,On Time,2028.61
80296810,21677923,2024-06-05 03:37:45,2024-06-05,Cash,2319,15362,On Time,4283.33
2806868282,67952740,2024-09-26 15:13:34,2024-09-26,Card,2193,5821,On Time,949.73
707033578,14839726,2024-01-30 00:32:25,2024-01-30,UPI,2909,33360,On Time,951.43
9026783092,60385293,2023-10-09 16:29:24,2023-10-09,Wallet,1244,51457,Slightly Delayed,3080.01
6229466619,81533356,2023-06-05 07:14:36,2023-06-05,Wallet,2520,63864,Slightly Delayed,2708.73
408720270,37245065,2024-06-26 22:03:35,2024-06-26,Cash,4190,2311,Significantly Delayed,2501.14
8870165072,80517784,2023-11-03 10:06:42,2023-11-03,Card,5156,53009,On Time,1871.85
1979319490,5238055,2024-01-14 01:21:07,2024-01-14,Wallet,4826,28727,On Time,3631.19
840761323,83262890,2024-03-09 06:15:43,2024-03-09,UPI,7068,88697,On Time,3550.8
744721438,67092149,2024-02-25 12:46:11,2024-02-25,Card,9708,47635,Slightly Delayed,486.28
7421707488,80315623,2023-11-03 22:42:39,2023-11-03,UPI,76,29051,On Time,1065.22
1212718824,73393269,2024-01-01 09:56:45,2024-01-01,Cash,48,72361,On Time,1648.44
9603256001,8791577,2023-05-08 15:47:46,2023-05-08,Card,1573,5981,Slightly Delayed,1064.76
5626888972,24323106,2024-04-13 17:15:30,2024-04-13,Card,1849,53381,On Time,866.92
2300753276,92306841,2023-12-07 04:19:20,2023-12-07,Cash,2387,88145,Slightly Delayed,1745.73
869629562,31831843,2023-05-05 21:23:44,2023-05-05,Wallet,9816,80715,On Time,562.7
3429137520,51048402,2024-03-16 19:24:52,2024-03-16,UPI,9389,82673,On Time,2804.37
9957927297,35349582,2023-06-07 05:18:44,2023-06-07,Cash,6312,17981,On Time,347.91
202466684,74840437,2023-08-08 06:00:23,2023-08-08,Wallet,7242,51649,On Time,2939.42
8465721207,30192942,2024-06-21 09:02:00,2024-06-21,Cash,7760,56612,On Time,4707.96
6194827199,41494867,2023-12-20 18:58:47,2023-12-20,Cash,3021,674,On Time,2702.57
3942174431,84257716,2024-02-17 04:52:33,2024-02-17,Card,3050,9886,Slightly Delayed,758.75
3189863462,6756256,2024-06-17 13:27:48,2024-06-17,Cash,7123,54721,On Time,1472.61
5923573134,22800586,2024-02-17 20:02:29,2024-02-17,Wallet,5990,74712,On Time,877.98
6659747528,43034188,2024-09-28 18:29:40,2024-09-28,Wallet,3087,93772,On Time,1028.61
6037541687,86067293,2023-12-10 22:25:05,2023-12-10,Wallet,7649,39815,On Time,681.91
2585438297,50632192,2023-08-20 12:58:45,2023-08-20,Card,2754,93144,On Time,743.73
8065774615,35705377,2023-12-12 10:53:21,2023-12-12,Wallet,3477,66569,Significantly Delayed,1757.08
1816814476,85198177,2024-11-04 13:50:21,2024-11-04,Cash,6687,42751,On Time,4981.16
5278014717,31776996,2024-04-15 03:39:28,2024-04-15,Cash,9403,87933,On Time,4687.37
4265447949,6150721,2024-08-16 02:20:34,2024-08-16,Card,6377,34338,Significantly Delayed,1763.44
6752221435,64197854,2024-02-10 15:58:18,2024-02-10,UPI,85,71642,On Time,4214.63
8943989258,36675827,2023-12-10 10:59:33,2023-12-10,Wallet,22,43725,On Time,1983.74
4068367936,78678612,2024-09-21 01:54:08,2024-09-21,Wallet,990,95706,On Time,4432.19
5735156904,78841932,2023-04-01 16:22:21,2023-04-01,Card,9020,89407,Slightly Delayed,3724.91
2405929115,14940427,2024-09-09 08:59:24,2024-09-09,Card,6354,83049,Significantly Delayed,212.61
7913167260,98307019,2023-04-19 00:52:00,2023-04-19,Card,850,69504,Significantly Delayed,4575.56
1989751369,7333934,2023-05-18 22:59:49,2023-05-18,Card,4155,1261,Slightly Delayed,274.25
7338050095,3292927,2024-10-15 03:02:28,2024-10-15,UPI,4923,68204,On Time,2181.43
9950986048,69863493,2023-09-09 08:37:21,2023-09-09,UPI,6518,46130,On Time,4860.59
5098703807,13760839,2024-06-10 02:03:34,2024-06-10,Card,9137,46866,On Time,3772.64
6937485392,30285217,2023-05-23 22:47:56,2023-05-23,Card,8561,42361,Slightly Delayed,1509.64
1266440097,88739922,2024-01-01 03:28:25,2024-01-01,Cash,5630,43520,On Time,2345.34
7415490509,61015113,2023-07-08 14:04:31,2023-07-08,UPI,6098,48639,On Time,1429.18
7284991749,65559853,2023-12-10 09:28:57,2023-12-10,Card,8405,4135,On Time,2817.03
4645792703,24043135,2023-12-04 23:04:48,2023-12-04,UPI,5858,36301,On Time,2627.96
3174938939,95736310,2023-03-27 06:15:38,2023-03-27,Wallet,641,50364,On Time,3597.75
1752712049,56195475,2024-08-31 16:03:49,2024-08-31,Cash,5572,67307,Slightly Delayed,2015.68
8187201830,82529927,2024-04-30 04:27:38,2024-04-30,UPI,210,55955,On Time,1843.61
6900896329,65903057,2024-02-01 02:23:06,2024-02-01,Cash,1027,97185,On Time,4864.14
3793977529,21425168,2023-09-02 19:12:26,2023-09-02,UPI,4439,52853,On Time,2835.92
194459698,88553721,2023-06-15 15:44:24,2023-06-15,Card,723,66295,On Time,2203.94
9330447952,37362180,2024-03-30 18:24:14,2024-03-30,UPI,8967,8867,On Time,3410.21
2097372277,14693393,2024-01-25 04:46:48,2024-01-25,Card,1450,42338,On Time,3122.85
7060954153,91130614,2023-11-01 20:55:47,2023-11-01,Cash,8698,21872,On Time,2354.95
2921310646,40117357,2024-07-08 14:27:33,2024-07-08,Wallet,4444,45581,On Time,2915.52
3983082555,51670882,2023-06-05 05:54:09,2023-06-05,Card,560,75005,Significantly Delayed,530.85
4867298468,13492411,2024-04-23 09:33:05,2024-04-23,Card,9158,88574,On Time,2508.01
3402631472,52032226,2024-05-03 21:25:40,2024-05-03,Card,7402,82219,On Time,2871.88
1648146562,95364457,2023-05-14 23:08:30,2023-05-14,Cash,5416,49114,On Time,2953.31
5907766010,12272282,2024-10-07 14:03:49,2024-10-07,Wallet,8107,85975,Slightly Delayed,3937.4
9233577456,96853930,2023-12-30 04:00:41,2023-12-30,Card,9625,29353,On Time,2309.81
4084808075,65815155,2024-10-11 17:45:30,2024-10-11,Card,2397,65980,On Time,2698.15
7217049550,24137201,2024-07-11 09:32:17,2024-07-11,UPI,1839,56744,Significantly Delayed,1886.59
1831943568,69863493,2024-05-23 17:20:24,2024-05-23,Cash,7127,31014,On Time,3575.33
8707473624,22524981,2023-12-20 08:27:35,2023-12-20,Cash,4264,54941,On Time,1333.69
7075868285,5226128,2024-03-01 06:04:05,2024-03-01,Wallet,7272,69398,On Time,1704.88
5164162918,96903782,2023-11-18 14:59:10,2023-11-18,Wallet,3808,69542,On Time,1869.56
2175298644,72132838,2024-05-11 05:13:19,2024-05-11,Wallet,297,37111,On Time,1857.59
5882568464,49258916,2023-04-13 08:26:05,2023-04-13,Cash,7978,93909,On Time,1706.73
7847708619,35402531,2023-10-23 00:57:21,2023-10-23,Cash,2148,9898,On Time,3606.96
6366048116,78732957,2024-08-05 08:56:18,2024-08-05,Cash,2890,82257,On Time,1072.64
4926287333,31233120,2023-08-08 02:39:21,2023-08-08,Cash,9042,94821,On Time,2890.49
5532838325,6982488,2024-07-24 23:26:26,2024-07-24,Cash,9152,57010,On Time,1133.25
2567996236,81584486,2023-10-31 08:04:08,2023-10-31,Cash,1737,61790,On Time,2831.03
2655613624,46623192,2024-06-26 13:15:57,2024-06-26,UPI,3805,94896,Significantly Delayed,2384.64
7706089549,44562310,2023-10-08 04:09:20,2023-10-08,Cash,7600,35200,On Time,2062.54
8257370396,25221501,2023-12-24 08:13:46,2023-12-24,Card,549,11969,Significantly Delayed,160.07
8623808984,37551429,2024-04-13 05:34:58,2024-04-13,Card,1590,79827,Slightly Delayed,1911.03
7579506101,72366758,2023-04-06 01:16:48,2023-04-06,UPI,5076,80056,On Time,978.84
8861024199,29902416,2023-11-29 05:51:08,2023-11-29,Cash,2116,53729,On Time,1015.26
7666131311,84456355,2023-05-01 15:46:52,2023-05-01,UPI,7703,35447,On Time,3643.76
103589925,65406127,2024-05-17 23:30:05,2024-05-17,UPI,8251,83678,Slightly Delayed,3805.99
7346858138,16785724,2023-11-22 16:43:38,2023-11-22,UPI,721,83804,On Time,1530.63
4963962664,80935110,2023-09-28 11:44:23,2023-09-28,Cash,607,10652,On Time,4132.1
9069936094,90696847,2024-06-23 12:54:13,2024-06-23,Cash,4324,80189,Significantly Delayed,2841.51
4665363191,73660582,2024-10-13 19:46:11,2024-10-13,Wallet,1059,15760,Slightly Delayed,2035.62
888510905,27824078,2024-06-27 18:06:56,2024-06-27,Cash,9927,21909,Slightly Delayed,1305.23
6876091286,49136375,2024-10-05 00:23:02,2024-10-05,UPI,5642,77863,On Time,3152.71
2592923105,78806824,2023-04-23 00:02:24,2023-04-23,Card,9026,23178,Significantly Delayed,5123.14
2468550508,59620534,2024-08-21 13:50:50,2024-08-21,UPI,6945,24846,On Time,3712.25
5302956276,97111069,2024-01-22 22:37:17,2024-01-22,UPI,1628,6274,On Time,1495.19
9409714182,59110513,2023-05-25 05:14:31,2023-05-25,Card,5236,4084,Slightly Delayed,2856.32
1446221570,59216664,2024-09-26 09:57:18,2024-09-26,Wallet,4433,213,On Time,1905.44
8250036360,88203688,2024-06-21 14:01:28,2024-06-21,Wallet,3376,65016,On Time,1940.19
447464341,89669139,2024-03-03 12:48:39,2024-03-03,Wallet,7454,85334,Slightly Delayed,3113.07
15642223,85020453,2023-11-06 21:10:23,2023-11-06,Cash,864,43306,On Time,1712.74
3285378238,66943324,2024-08-15 05:21:32,2024-08-15,Wallet,3670,8991,Slightly Delayed,2599.64
2356483296,49529811,2023-07-25 17:06:01,2023-07-25,UPI,7717,38401,Slightly Delayed,2030.68
3382911339,23380116,2023-12-12 14:35:18,2023-12-12,Card,1254,84662,On Time,1666.57
3690872026,1152215,2023-07-09 08:07:37,2023-07-09,Cash,3233,56377,On Time,1203.31
6755367585,54057428,2024-09-03 18:44:34,2024-09-03,UPI,7067,56444,On Time,2115.53
6835850079,68965787,2023-08-13 22:56:33,2023-08-13,UPI,7041,92568,On Time,934.75
9345418784,58644651,2024-02-22 10:03:24,2024-02-22,Cash,5549,24395,On Time,2469.41
7185243614,51994597,2024-01-10 19:01:39,2024-01-10,UPI,8505,27663,On Time,1223.58
2319044818,82425179,2024-04-06 20:31:22,2024-04-06,Wallet,9694,66486,On Time,2861.37
931834374,17392512,2024-09-30 12:51:20,2024-09-30,Wallet,7589,48992,On Time,361.89
8485398781,40593638,2024-04-20 19:01:45,2024-04-20,Wallet,405,70167,On Time,2156.87
9806464912,31981068,2024-08-21 12:00:48,2024-08-21,Card,5507,89278,Slightly Delayed,2405.76
8214365128,42012717,2024-07-10 18:08:38,2024-07-10,Wallet,1827,68269,On Time,3595.22
137089318,6637282,2024-05-23 15:38:38,2024-05-23,Wallet,4547,32581,On Time,2254.26
7615602420,63402854,2024-05-30 09:20:58,2024-05-30,Cash,6203,91821,On Time,922.64
3995348964,44828791,2024-06-03 16:20:56,2024-06-03,Cash,9450,62259,On Time,1613.86
3816542830,81822935,2023-08-18 14:48:14,2023-08-18,UPI,3724,38895,On Time,3294.67
9665004924,90184276,2023-07-29 15:32:25,2023-07-29,Wallet,6205,98396,On Time,3564.53
1728547597,98444183,2024-06-09 07:47:29,2024-06-09,Card,7174,80933,Significantly Delayed,236.51
5311190131,19482392,2024-03-04 00:42:19,2024-03-04,Card,1153,30345,On Time,1276.25
9581592141,64562786,2024-01-22 23:20:37,2024-01-22,UPI,2407,70962,On Time,4117.69
4848863693,63217390,2024-09-12 04:43:20,2024-09-12,UPI,5132,56307,On Time,1634.92
6374883107,23126657,2023-08-19 08:10:07,2023-08-19,UPI,2497,32067,Significantly Delayed,3039.25
3270131216,56604077,2024-02-10 15:02:10,2024-02-10,UPI,998,44043,Slightly Delayed,1403.1
2643382562,54338574,2023-07-24 22:30:03,2023-07-24,UPI,6033,74374,On Time,354.91
5212524996,45071436,2023-12-10 22:06:30,2023-12-10,Cash,4142,13215,On Time,2573.93
9594095277,27604184,2024-03-10 04:41:08,2024-03-10,Card,8280,61215,On Time,3015.93
8375863419,76971644,2024-08-26 12:11:17,2024-08-26,Card,9410,89921,Slightly Delayed,4914.12
7523880783,21481338,2024-10-13 13:46:50,2024-10-13,Wallet,4957,23850,On Time,4262.19
9670158103,63262519,2024-03-11 12:51:36,2024-03-11,UPI,2714,18477,On Time,2159.25
4344108631,45804389,2023-03-29 11:14:06,2023-03-29,Cash,5074,39923,Slightly Delayed,4399.58
2237858,48281892,2023-04-02 03:45:11,2023-04-02,Wallet,1987,97945,On Time,3835.26
3217791988,92642745,2023-08-10 13:48:13,2023-08-10,Wallet,2073,30480,On Time,5996.96
3355718103,91196901,2023-09-10 22:35:21,2023-09-10,Card,5757,84679,On Time,632.35
9590518103,62323608,2024-03-01 19:18:57,2024-03-01,UPI,6056,39579,On Time,40.7
6610120274,89910157,2024-07-19 01:16:09,2024-07-19,UPI,4574,83714,On Time,3395.39
1180899898,16420489,2023-04-17 02:53:44,2023-04-17,Wallet,4638,24863,On Time,3034.51
8758992688,11616535,2024-06-22 16:53:41,2024-06-22,Wallet,1537,722,Significantly Delayed,405.71
6965716176,12851610,2023-04-13 02:15:14,2023-04-13,Card,4557,48850,On Time,4625.58
5527742274,57956497,2023-12-16 05:20:27,2023-12-16,Card,8667,98520,On Time,2424.06
826610039,29431960,2023-08-17 13:52:16,2023-08-17,UPI,5752,72915,On Time,169.88
3303891913,84361534,2024-01-15 21:29:58,2024-01-15,Card,5496,49372,On Time,2044.44
2489292878,59240916,2023-10-01 08:51:12,2023-10-01,Card,4977,88759,On Time,3382.35
8589851630,5386246,2024-05-28 14:12:08,2024-05-28,Card,7237,4917,On Time,3160.29
4598897781,77625089,2023-07-12 20:42:25,2023-07-12,UPI,1410,7752,Slightly Delayed,3442.8
6932356214,58942207,2023-04-04 05:34:45,2023-04-04,Wallet,1053,27028,Slightly Delayed,4091.52
3499004322,70363568,2023-05-04 18:04:47,2023-05-04,Wallet,7809,21541,On Time,2288.53
7517620171,25128143,2023-04-16 18:10:53,2023-04-16,Cash,1920,48840,On Time,1996.94
172987148,71607166,2024-11-03 16:39:53,2024-11-03,Cash,4430,66833,Significantly Delayed,2924.71
8347207794,34853377,2024-08-17 22:01:06,2024-08-17,Card,2484,88105,On Time,2701.36
9472355181,81462774,2024-01-23 06:37:09,2024-01-23,UPI,1310,69066,On Time,972.69
1315064289,74735607,2024-07-27 03:05:12,2024-07-27,UPI,1009,62602,Significantly Delayed,2357.23
9371869941,53076417,2023-10-11 23:57:41,2023-10-11,Card,9,6805,On Time,1599.11
5184568404,93507573,2024-03-27 12:45:24,2024-03-27,Cash,8839,17462,On Time,872.08
5891002534,41494517,2023-09-29 15:59:08,2023-09-29,Card,9109,79352,Slightly Delayed,475.04
1479730711,90647204,2024-09-02 09:49:44,2024-09-02,Wallet,3312,36251,Significantly Delayed,589.61
7651037338,31576845,2023-11-21 18:34:51,2023-11-21,Cash,125,62537,On Time,242.57
8763754537,97873848,2024-10-07 05:34:23,2024-10-07,UPI,9072,16963,On Time,1696.36
7683813608,99707100,2023-06-06 21:29:26,2023-06-06,Card,4714,86476,On Time,2544.29
6722955128,8351747,2023-03-19 21:52:23,2023-03-19,Wallet,2801,18697,On Time,1028.49
8259274680,60379302,2023-04-11 06:25:28,2023-04-11,Cash,1097,17260,On Time,3427.94
4620484274,58111297,2024-09-10 15:50:36,2024-09-10,Card,8879,25174,Slightly Delayed,3550.23
8260569466,59323931,2023-12-15 04:01:23,2023-12-15,Card,8742,74085,On Time,698.04
8498916204,47625855,2024-03-22 19:29:28,2024-03-22,Card,3248,89588,On Time,422.87
3209538967,41874489,2024-05-07 09:15:34,2024-05-07,Cash,192,78212,On Time,2519.28
2570640420,10418604,2023-04-28 10:31:24,2023-04-28,Cash,9369,99899,On Time,3782.04
2066843639,69516494,2024-05-25 00:12:13,2024-05-25,UPI,9267,37046,On Time,941.19
7402125753,12500465,2023-11-01 18:12:28,2023-11-01,Cash,4210,26429,Slightly Delayed,3147.43
9171089443,46185579,2024-09-10 20:04:14,2024-09-10,Cash,2275,27400,On Time,2747.64
3272079644,51592174,2023-06-06 14:31:34,2023-06-06,Card,4584,98992,On Time,22.14
438111050,74174956,2024-05-03 23:36:13,2024-05-03,Card,7723,24502,On Time,2129.22
7416160835,29324437,2023-04-30 11:05:04,2023-04-30,UPI,6480,11914,On Time,2651.44
4075074492,12778027,2023-12-13 11:06:33,2023-12-13,UPI,3071,29293,Significantly Delayed,5146.2
5536024334,15661674,2023-04-30 16:32:38,2023-04-30,Card,9073,20631,On Time,1149.2
2013140214,39674723,2024-05-14 16:20:19,2024-05-14,Card,1539,10693,On Time,2400.93
1113582397,53292177,2023-12-17 14:29:17,2023-12-17,Card,7163,38869,On Time,3248.52
1083928258,14705462,2023-12-21 19:36:22,2023-12-21,Card,768,78940,On Time,2833.25
4906957374,30029998,2023-09-16 19:50:47,2023-09-16,Card,6872,2235,On Time,3973.9
1876614122,97678578,2023-08-23 23:22:54,2023-08-23,Cash,595,4985,On Time,4304.71
6556180328,10562528,2024-06-03 20:39:59,2024-06-03,UPI,5137,83805,On Time,712.12
7960553477,4356173,2024-02-24 05:24:38,2024-02-24,UPI,7328,75158,On Time,169.88
6335972517,18256339,2023-07-08 19:55:51,2023-07-08,UPI,7147,51928,Slightly Delayed,1968.49
6254948159,42615134,2023-10-16 07:14:34,2023-10-16,Card,6278,72597,On Time,3371.28
7527936057,63971358,2023-12-10 14:03:53,2023-12-10,Cash,8096,67699,On Time,2750.94
6257851675,65488134,2024-04-23 22:08:04,2024-04-23,UPI,9276,91732,Significantly Delayed,1052.94
6832610950,77811864,2023-09-01 09:13:43,2023-09-01,UPI,7794,37323,Significantly Delayed,1628.19
5085005195,2684440,2024-03-05 19:55:27,2024-03-05,Cash,9543,92179,On Time,4030.23
2177207547,92245432,2024-02-09 04:43:35,2024-02-09,Wallet,1529,63474,On Time,3576.89
3043364543,21597477,2023-07-25 10:41:58,2023-07-25,UPI,8672,64723,On Time,1136.9
2823404098,81377917,2024-03-03 03:19:55,2024-03-03,Wallet,1184,52689,On Time,2699.14
646676955,93018527,2023-11-09 00:38:42,2023-11-09,Cash,5859,90187,On Time,109.03
5756607486,27709218,2023-10-22 05:36:13,2023-10-22,Card,648,19872,On Time,1910.09
9373691795,87463923,2024-03-23 21:15:54,2024-03-23,Cash,5199,89555,On Time,2386.93
2611601543,61753272,2023-07-23 00:37:11,2023-07-23,Wallet,5439,21230,Slightly Delayed,1804.99
1491360686,90649019,2023-03-21 15:49:01,2023-03-21,UPI,7070,45751,Slightly Delayed,822.74
1824533423,2233446,2023-05-21 12:55:19,2023-05-21,Wallet,7389,37442,On Time,2890.53
2913841018,46675763,2023-11-26 03:57:27,2023-11-26,Card,6719,45079,On Time,727.95
3141803761,34787383,2023-10-09 15:22:40,2023-10-09,UPI,2448,54528,Significantly Delayed,787.4
6184484468,40275138,2024-10-14 03:35:47,2024-10-14,Cash,2662,97219,On Time,211.22
4599327740,77862447,2023-08-25 15:35:17,2023-08-25,Cash,6481,43635,On Time,530.85
7479207574,64846124,2024-04-03 01:48:33,2024-04-03,Cash,80,23426,Significantly Delayed,918.45
2996133401,83964902,2024-04-14 22:04:03,2024-04-14,UPI,4244,8541,On Time,2010.29
5972410040,19179897,2024-08-11 07:22:14,2024-08-11,Wallet,4388,62822,On Time,1721.08
4007593324,68703613,2024-06-21 10:08:44,2024-06-21,Wallet,7513,36657,On Time,3453.62
3428454405,93018527,2023-08-13 22:37:01,2023-08-13,Cash,3714,81368,On Time,3030.47
1160646195,5700842,2023-04-24 17:02:19,2023-04-24,Card,2464,53869,Significantly Delayed,419.13
4376524554,72576730,2023-03-16 09:09:00,2023-03-16,Card,7687,75544,On Time,2512.22
1519072771,70615775,2024-08-01 04:03:15,2024-08-01,UPI,5275,40607,On Time,98.32
8203685394,40192266,2024-02-23 06:58:38,2024-02-23,Card,6784,92523,On Time,1013.58
7906789850,32006907,2024-10-08 20:15:00,2024-10-08,UPI,1123,16598,Slightly Delayed,2494.47
8073770046,87943214,2024-05-14 03:01:34,2024-05-14,UPI,6209,37431,Slightly Delayed,3056.86
5190202949,40727086,2023-09-09 12:34:28,2023-09-09,Wallet,3906,98623,Slightly Delayed,3924.07
8542325207,9573071,2024-07-17 17:30:24,2024-07-17,Wallet,5625,38846,On Time,4399.94
7566730050,39153585,2023-05-14 12:59:57,2023-05-14,Card,6181,47294,On Time,1443.71
176509722,65221572,2023-10-16 22:34:31,2023-10-16,UPI,6275,60612,On Time,2319.65
1894603222,21697638,2023-10-16 07:17:33,2023-10-16,Wallet,1130,90546,On Time,356.33
2694800415,36675827,2024-04-04 07:26:06,2024-04-04,Cash,8403,70355,On Time,3621.69
5879390688,77869660,2023-09-07 19:36:09,2023-09-07,Wallet,8201,87608,Slightly Delayed,96.09
1197715978,625395,2023-11-12 07:20:23,2023-11-12,Card,4364,76039,On Time,3388.47
7790696031,34580200,2023-05-12 16:58:08,2023-05-12,Wallet,1700,60613,On Time,2174.92
2189360099,68714053,2023-08-19 05:59:43,2023-08-19,Wallet,3685,48011,On Time,2231.91
3542041943,55007963,2024-09-06 01:07:42,2024-09-06,Wallet,3295,91300,On Time,209.59
9202469009,37362180,2023-11-13 01:11:40,2023-11-13,UPI,6324,39748,On Time,1574.8
3985829990,81808190,2024-07-19 00:58:05,2024-07-19,Wallet,1868,39267,Slightly Delayed,4495.35
4341872315,71755645,2023-11-03 13:00:48,2023-11-03,Wallet,6361,20388,On Time,3494.41
4748123248,24144240,2023-08-01 10:02:42,2023-08-01,UPI,4332,93163,On Time,476.96
99905061,47590944,2023-11-16 20:08:23,2023-11-16,Card,442,1750,Slightly Delayed,2948.85
9118004489,37288781,2024-02-02 14:35:12,2024-02-02,Cash,5683,57515,On Time,2685.25
1696936610,25795941,2023-09-13 23:26:44,2023-09-13,Wallet,5361,10006,On Time,1983.84
155669553,88779806,2023-04-06 14:25:38,2023-04-06,UPI,3785,73940,On Time,2239.85
2885541999,40275138,2023-09-13 22:13:12,2023-09-13,Cash,7271,97766,On Time,87.3
2846340681,77085443,2023-06-08 06:18:52,2023-06-08,Cash,3321,1441,On Time,2923.65
963715332,21948041,2024-07-18 22:25:26,2024-07-18,UPI,3522,74026,Slightly Delayed,4740.41
2807634451,84986716,2024-03-15 00:16:18,2024-03-15,Wallet,3673,10898,On Time,3196.92
3046341241,82286725,2023-10-03 17:13:24,2023-10-03,Wallet,5665,42558,On Time,3155.44
485687952,8228843,2023-03-26 19:36:56,2023-03-26,Wallet,4079,41920,Slightly Delayed,1436.02
7660904370,30455484,2024-05-09 14:16:30,2024-05-09,Cash,2713,82481,Slightly Delayed,695.54
9753033954,83577942,2023-07-02 01:33:28,2023-07-02,Card,9044,66167,On Time,630.84
9509887699,23448955,2024-01-13 11:09:16,2024-01-13,UPI,7593,83668,On Time,1656.08
1054122071,97557157,2023-11-22 08:36:23,2023-11-22,Card,2687,29382,On Time,1011.38
9135272808,21701991,2024-03-01 23:06:19,2024-03-01,UPI,6215,58954,On Time,1454.36
597447215,39957741,2024-09-04 22:09:51,2024-09-04,UPI,5255,56770,On Time,4238.98
5562099656,3872421,2024-06-12 02:35:04,2024-06-12,Card,7036,78737,On Time,163.03
4122736828,47590944,2024-07-02 12:55:31,2024-07-02,UPI,5511,47529,On Time,2205.44
7238138072,32929817,2024-08-26 05:41:35,2024-08-26,Wallet,9170,70201,On Time,906.54
6244736404,8791577,2024-08-19 09:19:35,2024-08-19,UPI,4428,74025,Slightly Delayed,4248.04
1297341963,70230254,2024-07-28 21:44:40,2024-07-28,Cash,9202,78118,On Time,1516.81
3842442278,89223620,2024-10-27 02:43:39,2024-10-27,Card,7156,34292,On Time,4144.84
9576684860,9347990,2023-04-28 20:05:38,2023-04-28,Card,4883,49015,Slightly Delayed,1365.7
1592757566,78903046,2024-07-17 15:09:40,2024-07-17,Wallet,6742,26609,Significantly Delayed,4787.67
5060677329,68219091,2024-03-29 08:13:16,2024-03-29,UPI,2588,2549,Slightly Delayed,903.53
2241930006,66943324,2023-11-05 03:05:55,2023-11-05,UPI,3024,48832,Significantly Delayed,2211.21
3246505078,45481936,2024-08-15 20:41:26,2024-08-15,Wallet,3588,70745,Significantly Delayed,702.71
5870152806,376144,2024-03-23 03:57:26,2024-03-23,Cash,5545,41777,On Time,171.2
8919999754,8395610,2023-12-07 13:24:38,2023-12-07,UPI,2090,49856,On Time,2554.62
1080338783,1601161,2023-07-21 21:48:46,2023-07-21,Cash,2592,11061,On Time,2039.04
4641905606,40667183,2024-09-18 04:06:11,2024-09-18,Cash,6600,94171,On Time,3587.82
9456413999,32019725,2023-08-26 23:31:36,2023-08-26,Card,3211,38461,On Time,2572.64
4764056827,8025622,2024-07-19 20:09:14,2024-07-19,UPI,7187,25547,Slightly Delayed,3063.23
5168057633,45477575,2024-07-11 01:35:53,2024-07-11,UPI,561,64173,On Time,4188.15
1442559656,85074810,2023-05-10 07:54:52,2023-05-10,Cash,8807,4000,Significantly Delayed,2573.97
6590257283,2058037,2023-10-02 09:29:52,2023-10-02,Cash,3669,85700,On Time,4030.26
3429671763,21481338,2024-03-26 20:11:54,2024-03-26,UPI,1275,8472,Significantly Delayed,1168.51
4750086089,97259564,2023-08-16 20:03:15,2023-08-16,Card,8017,57809,Slightly Delayed,1896.06
3204128006,62323608,2023-11-22 13:26:45,2023-11-22,Wallet,4284,62365,Slightly Delayed,4361.59
3171917027,55936462,2024-03-31 08:18:11,2024-03-31,UPI,2773,41122,On Time,1179.35
8814047085,68475914,2023-04-10 10:34:09,2023-04-10,UPI,1535,68901,On Time,972.69
1889723479,5754255,2024-06-24 07:55:26,2024-06-24,Cash,112,87163,On Time,395.61
942025494,62679120,2024-03-02 22:50:09,2024-03-02,UPI,6649,56953,Slightly Delayed,4479.65
4104444500,57526322,2024-10-13 02:34:41,2024-10-13,Card,4357,92907,On Time,296.94
7562260313,13871547,2024-03-23 02:19:57,2024-03-23,Card,1076,38550,On Time,1246.62
7140244766,86067293,2023-08-06 14:21:46,2023-08-06,UPI,5411,76465,On Time,310.87
7967974077,45066676,2024-07-06 06:00:25,2024-07-06,Wallet,9753,1899,Slightly Delayed,3382.93
7456822422,81822935,2023-12-08 16:49:23,2023-12-08,Cash,7045,24881,Slightly Delayed,604.1
4813468096,34668988,2024-02-10 04:00:20,2024-02-10,Card,6573,13299,On Time,650.2
8618576020,15484407,2024-01-18 14:45:23,2024-01-18,Card,454,64047,On Time,1633.69
3727646442,12077371,2023-07-21 16:05:58,2023-07-21,Wallet,3999,98620,On Time,1105.54
9208156337,39959491,2024-09-23 10:09:54,2024-09-23,UPI,257,83940,On Time,1685.01
8328118787,14839726,2023-05-14 22:03:21,2023-05-14,Card,249,13593,On Time,3997.84
580528836,91550885,2023-10-20 10:17:06,2023-10-20,UPI,661,72799,Significantly Delayed,1485.0
3350662630,60620291,2023-07-03 22:08:47,2023-07-03,Card,7240,8459,On Time,1279.7
6716381725,19682060,2023-05-05 11:01:58,2023-05-05,Card,869,96043,Slightly Delayed,3647.45
2249567137,20298398,2024-04-06 10:05:47,2024-04-06,Card,1056,63769,On Time,3407.26
7484465509,73393269,2024-09-27 19:15:45,2024-09-27,Card,3231,58978,On Time,1060.95
2577208156,86995126,2024-10-08 07:09:12,2024-10-08,UPI,1472,61389,Slightly Delayed,1948.9
3321905621,37759707,2024-10-19 19:54:37,2024-10-19,Wallet,855,26660,On Time,3909.99
6686839282,71615827,2023-07-24 09:30:56,2023-07-24,UPI,8623,53508,Slightly Delayed,2657.17
5095558661,70220141,2023-05-06 13:12:43,2023-05-06,Cash,476,65564,On Time,109.03
112658009,35144658,2023-07-11 17:41:34,2023-07-11,Cash,8111,32553,On Time,3834.36
1343610513,18113428,2023-07-17 13:42:50,2023-07-17,UPI,8795,14791,Slightly Delayed,638.38
7190610535,59094034,2024-03-22 07:19:34,2024-03-22,UPI,3718,99603,On Time,2414.68
5069426001,31940833,2024-01-13 01:45:41,2024-01-13,UPI,7354,23515,On Time,3099.29
5655369002,19091057,2023-08-25 10:12:03,2023-08-25,Cash,9852,50372,On Time,114.52
5761530160,84824280,2024-02-23 18:32:21,2024-02-23,Cash,5408,47945,Slightly Delayed,876.11
4772519706,17106161,2023-03-28 08:47:18,2023-03-28,Cash,9798,27293,On Time,2184.02
8209051735,69416782,2024-02-13 22:25:18,2024-02-13,Card,409,66797,On Time,1887.19
4870391666,80935110,2024-03-23 20:30:02,2024-03-23,Card,8515,82421,On Time,738.74
7777975083,92098757,2024-06-24 17:49:10,2024-06-24,UPI,5165,89484,Significantly Delayed,4419.96
8713948756,65514005,2023-11-16 00:05:39,2023-11-16,Cash,2398,84056,Significantly Delayed,383.2
6191050157,90021871,2023-05-11 20:36:55,2023-05-11,Cash,705,71004,On Time,1893.34
4060449266,1771249,2024-03-09 00:27:33,2024-03-09,Card,1156,83557,On Time,2399.6
5657605506,63402854,2024-05-30 20:18:11,2024-05-30,Wallet,6923,54862,On Time,697.88
8851743592,70608515,2024-02-13 12:03:52,2024-02-13,Card,493,70212,On Time,2618.87
4689717606,91791128,2023-07-05 07:24:52,2023-07-05,Card,7177,20091,On Time,2392.67
2860246948,8791577,2024-09-25 22:16:59,2024-09-25,Wallet,3797,42770,Significantly Delayed,1613.57
2875550803,40387944,2024-02-28 14:00:15,2024-02-28,UPI,5708,82986,On Time,1776.32
5340575011,77015367,2023-09-28 19:00:26,2023-09-28,Wallet,7900,3517,On Time,2307.65
7717156533,18791381,2023-04-04 05:01:24,2023-04-04,Cash,9616,89557,On Time,3043.92
8297255359,56764791,2023-06-26 16:35:06,2023-06-26,Card,2684,99111,On Time,2172.56
7873234939,31923338,2024-09-10 22:33:39,2024-09-10,Wallet,3201,71249,Slightly Delayed,816.38
3668515922,22321208,2023-08-23 14:13:44,2023-08-23,UPI,6643,9368,Slightly Delayed,4229.93
8356690330,88324928,2023-07-15 18:05:56,2023-07-15,Card,3316,70661,On Time,3316.63
3508620293,40277444,2023-08-03 20:45:13,2023-08-03,Cash,5868,79725,On Time,4855.95
9998297778,7728406,2023-09-22 17:07:28,2023-09-22,Card,5907,15629,On Time,2833.2
3898421710,78750264,2023-08-31 06:53:03,2023-08-31,Cash,1794,27328,Slightly Delayed,461.74
3960980694,52417972,2024-06-21 22:46:59,2024-06-21,Cash,9209,61707,Slightly Delayed,369.28
5008395294,1108176,2023-12-22 09:09:45,2023-12-22,Cash,7381,72163,Significantly Delayed,845.68
3722869004,66140659,2023-07-20 05:40:36,2023-07-20,UPI,406,80036,On Time,3268.53
8391555591,14006996,2023-08-25 07:00:51,2023-08-25,Cash,4740,29388,Significantly Delayed,3933.27
8063730776,95912198,2024-09-21 20:01:23,2024-09-21,UPI,8363,37119,On Time,2925.94
9052752169,62510499,2024-01-11 01:46:07,2024-01-11,UPI,9194,27976,On Time,1083.52
7471416647,75566105,2023-03-29 15:39:40,2023-03-29,Wallet,3143,72270,Slightly Delayed,2163.7
848332407,376144,2024-04-22 08:52:55,2024-04-22,Card,8832,41823,On Time,1700.08
4062701987,8383197,2023-12-18 04:18:37,2023-12-18,UPI,1273,76840,On Time,979.99
8723912832,94552818,2024-01-19 09:40:56,2024-01-19,Cash,4774,80138,On Time,361.98
9099298435,2233446,2024-02-22 10:18:09,2024-02-22,UPI,5254,21269,On Time,1327.61
5645691241,3786105,2023-12-10 07:21:34,2023-12-10,Cash,9919,8455,Slightly Delayed,2970.0
8258019846,61024977,2024-01-24 17:43:28,2024-01-24,UPI,6938,96896,On Time,1705.98
2732162016,99361865,2023-05-27 09:57:51,2023-05-27,Wallet,5077,82903,On Time,2111.24
1561902412,91448742,2023-06-08 19:42:33,2023-06-08,UPI,4469,71022,On Time,3412.02
8979476889,49970560,2023-06-06 22:26:51,2023-06-06,Cash,2836,43855,On Time,169.88
8373953053,46515922,2024-10-25 21:54:38,2024-10-25,Wallet,88,37461,Slightly Delayed,3639.83
7021309133,59353207,2024-08-06 13:41:46,2024-08-06,UPI,1968,86023,Slightly Delayed,468.88
3447085029,188838,2023-04-25 04:28:16,2023-04-25,Cash,9912,97687,On Time,4065.16
9284767341,82160592,2024-03-04 14:28:23,2024-03-04,Wallet,4780,38009,On Time,940.44
9770431940,86715467,2024-06-06 23:04:27,2024-06-06,Card,4895,70163,On Time,3392.19
9650124390,46717997,2024-04-24 15:27:40,2024-04-24,Card,7924,58008,On Time,4409.61
9826894858,67386193,2024-06-21 12:59:40,2024-06-21,UPI,2550,52555,On Time,1788.3
4466839873,8361353,2023-12-09 07:05:48,2023-12-09,Cash,944,15751,On Time,2840.84
4331471900,59094034,2024-07-20 08:44:16,2024-07-20,Card,9631,95419,Slightly Delayed,2476.97
5777824005,73428596,2023-03-22 23:08:39,2023-03-22,Card,6508,9630,On Time,4469.56
8795242622,90246977,2023-03-26 04:13:28,2023-03-26,Card,692,20027,On Time,2861.87
8561878376,12272282,2024-01-29 07:22:42,2024-01-29,UPI,3448,59539,On Time,2729.1
2113243643,66269844,2023-12-17 10:59:50,2023-12-17,UPI,6700,46402,On Time,568.74
8497820340,90586029,2023-11-16 18:11:42,2023-11-16,UPI,2657,12255,On Time,5163.37
3167184563,43860025,2023-09-07 17:16:42,2023-09-07,UPI,9175,86629,On Time,3939.74
9997121955,46623192,2024-04-21 00:03:15,2024-04-21,UPI,6589,27103,On Time,1756.4
2954397481,93318833,2024-01-31 10:54:45,2024-01-31,Wallet,582,20739,On Time,1120.6
8125884987,31718565,2024-05-03 01:00:23,2024-05-03,Wallet,3215,31296,On Time,2008.1
3765873352,48418662,2024-10-16 15:56:16,2024-10-16,UPI,2192,8612,On Time,1976.63
7733310993,10562528,2023-03-31 09:44:22,2023-03-31,Card,1315,31410,Slightly Delayed,1253.38
738093341,30823988,2024-03-17 06:44:48,2024-03-17,UPI,2526,92844,Significantly Delayed,686.4
1837574319,24821281,2024-06-19 06:16:01,2024-06-19,UPI,2324,63956,Significantly Delayed,959.01
2468420564,92027021,2023-06-30 16:02:02,2023-06-30,UPI,3827,10759,Significantly Delayed,5123.33
5368005763,84824280,2024-07-30 05:38:00,2024-07-30,Cash,63,37844,On Time,1330.83
3823949592,1683786,2023-04-13 23:05:51,2023-04-13,Wallet,3138,28356,On Time,2722.55
6298008063,24104630,2023-07-19 05:59:20,2023-07-19,UPI,5726,6083,Slightly Delayed,2461.13
2499190829,17159117,2023-10-31 10:45:49,2023-10-31,UPI,712,38976,On Time,1851.53
491116137,71615827,2024-01-19 08:13:03,2024-01-19,Cash,4565,46516,Slightly Delayed,346.87
2206269404,96009692,2024-05-16 23:30:53,2024-05-16,Wallet,56,3395,On Time,2748.16
1330806043,29415527,2024-04-03 10:18:32,2024-04-03,Wallet,6270,67773,Slightly Delayed,905.27
6770858376,39957741,2024-01-11 04:57:34,2024-01-11,Wallet,3496,40291,Significantly Delayed,686.29
4466716432,29689766,2023-06-09 17:52:04,2023-06-09,Cash,3773,5951,On Time,2020.61
8292554686,80833965,2024-03-27 15:19:04,2024-03-27,Cash,7349,678,Slightly Delayed,3194.62
4204069161,31576845,2023-08-16 17:40:31,2023-08-16,Wallet,8331,28632,On Time,4044.58
2163079658,74833221,2023-12-28 16:36:25,2023-12-28,Wallet,3048,81489,On Time,2926.98
6971561757,64940409,2023-12-15 19:00:03,2023-12-15,UPI,9053,23787,Significantly Delayed,1726.02
7965253060,95912198,2024-02-13 10:06:42,2024-02-13,Wallet,9774,3496,Slightly Delayed,217.4
8939040193,59141605,2024-09-17 13:06:27,2024-09-17,UPI,4612,46879,Slightly Delayed,321.94
8322028211,54952806,2023-11-04 17:02:43,2023-11-04,UPI,6672,20488,On Time,2567.25
6865922682,14255231,2024-06-16 13:41:39,2024-06-16,Card,8389,98320,On Time,3433.8
5912729079,90919603,2024-08-10 01:18:51,2024-08-10,Cash,2536,56995,Slightly Delayed,2270.57
8764776130,32054313,2023-12-14 13:17:27,2023-12-14,Wallet,7304,25706,On Time,1622.5
7769965629,65815155,2023-04-21 16:44:32,2023-04-21,UPI,2718,89124,On Time,2756.21
2166463032,98930670,2023-10-30 21:27:11,2023-10-30,Card,182,57294,On Time,1214.68
7035343259,63310076,2024-07-11 08:27:04,2024-07-11,UPI,823,71409,On Time,2574.49
8914775994,68985290,2024-02-13 23:37:11,2024-02-13,UPI,7630,30298,On Time,1300.04
7565647347,15808945,2024-10-24 01:21:49,2024-10-24,UPI,2523,1739,On Time,3503.52
6172215120,87823209,2024-06-03 07:32:45,2024-06-03,Card,9119,283,On Time,4452.81
4043585691,61121421,2024-02-21 22:37:16,2024-02-21,UPI,9401,8666,Slightly Delayed,942.24
3735186180,98709982,2024-03-16 15:31:54,2024-03-16,UPI,2680,55800,On Time,2834.2
5281459433,85519349,2024-10-10 06:40:31,2024-10-10,Card,2285,56847,Slightly Delayed,2527.71
424087401,90753712,2024-04-19 10:40:15,2024-04-19,Cash,9807,59842,On Time,96.09
884327245,24337950,2023-09-25 00:18:47,2023-09-25,UPI,6266,68768,Slightly Delayed,2116.49
6318008970,30265929,2024-05-11 19:09:20,2024-05-11,UPI,5028,1399,On Time,1887.26
3792751421,2414265,2024-08-11 20:09:30,2024-08-11,UPI,3450,8803,On Time,2090.0
5471255539,15391556,2023-05-31 10:11:04,2023-05-31,Wallet,9658,90665,On Time,1199.03
9917290378,6245778,2024-01-05 13:00:28,2024-01-05,Cash,4507,39311,Significantly Delayed,789.13
208989475,94713625,2023-03-16 11:38:32,2023-03-16,Cash,5189,2365,On Time,2973.06
7672827556,70589930,2023-07-01 01:43:54,2023-07-01,Wallet,753,25541,On Time,2259.19
3792912325,39153585,2024-06-03 19:56:50,2024-06-03,Wallet,774,82865,On Time,2026.4
2478533601,9097480,2024-11-01 14:24:12,2024-11-01,Card,7866,79023,Slightly Delayed,2241.03
2255745327,58974323,2023-05-01 03:18:08,2023-05-01,Cash,5523,96569,On Time,4140.09
8612261848,46208150,2024-06-18 20:01:36,2024-06-18,Wallet,7157,33962,On Time,1495.6
6949810049,87463923,2023-09-25 13:16:55,2023-09-25,UPI,5878,68356,On Time,1778.56
2399456941,47625855,2024-10-16 06:51:41,2024-10-16,Card,5798,95044,Slightly Delayed,2306.69
6292969164,45477575,2024-07-09 07:11:40,2024-07-09,Wallet,923,60860,Slightly Delayed,822.63
2929485756,30979436,2024-10-13 00:37:39,2024-10-13,UPI,7719,98387,Significantly Delayed,946.86
8757869416,85518832,2024-05-03 03:46:06,2024-05-03,Cash,8369,89940,On Time,3314.13
2653966619,52428250,2024-07-12 17:07:26,2024-07-12,Card,2217,20322,On Time,3588.19
336103625,28663279,2024-05-16 19:07:33,2024-05-16,UPI,3365,53527,On Time,3997.03
3727289407,10225164,2024-06-17 12:19:04,2024-06-17,Wallet,7064,96404,On Time,616.45
701250513,10240052,2024-09-03 18:54:33,2024-09-03,Wallet,9775,12426,On Time,2490.5
101816977,26903313,2024-02-20 06:23:43,2024-02-20,Wallet,949,74586,On Time,3486.1
7838223552,85854265,2023-12-07 13:30:45,2023-12-07,UPI,6257,32488,On Time,1597.81
4123140013,80759416,2024-11-03 01:29:11,2024-11-03,UPI,1960,7581,On Time,3299.24
9821008306,49433260,2023-04-05 15:32:16,2023-04-05,Wallet,6717,9712,On Time,2532.31
5414882934,44223796,2023-12-28 21:01:27,2023-12-28,Wallet,8444,39970,On Time,3284.27
9257313140,24337950,2024-06-16 14:09:42,2024-06-16,Wallet,4762,71919,Significantly Delayed,726.41
3857021231,91973128,2023-09-28 19:55:57,2023-09-28,Wallet,9102,8994,On Time,3536.94
1606381345,31940833,2023-03-22 12:45:37,2023-03-22,Cash,883,84799,On Time,3635.31
239830094,99627097,2023-08-17 09:02:54,2023-08-17,Cash,451,64707,On Time,416.65
580582858,59398136,2023-09-11 17:42:04,2023-09-11,UPI,9063,23439,On Time,2313.35
4191340899,90649019,2023-05-26 01:31:29,2023-05-26,Card,6785,84191,On Time,3432.55
1013630716,85763665,2024-05-19 06:25:26,2024-05-19,Cash,3534,36890,Significantly Delayed,1090.39
8220017366,91550885,2023-05-28 08:30:25,2023-05-28,Cash,9156,69432,Significantly Delayed,1908.33
4353485612,77007315,2024-08-31 13:06:53,2024-08-31,Card,8234,67044,Slightly Delayed,1938.72
8682172393,97141762,2024-10-15 02:26:39,2024-10-15,UPI,6703,60531,On Time,1178.54
4085089017,50899600,2024-06-11 22:29:40,2024-06-11,Cash,7341,73060,Slightly Delayed,2626.4
1287686307,79076101,2024-01-18 17:59:19,2024-01-18,Cash,2468,72260,Significantly Delayed,4331.6
4425450216,40192266,2023-06-11 17:35:51,2023-06-11,UPI,5666,11470,On Time,3481.37
7799346570,37947202,2023-10-03 23:56:26,2023-10-03,Cash,2782,6267,On Time,1793.58
5917975686,37054866,2024-06-04 21:07:32,2024-06-04,UPI,8877,95635,On Time,4269.53
9588500388,84448310,2024-07-05 10:03:17,2024-07-05,Cash,6277,25906,Slightly Delayed,3251.31
3963207709,99893898,2024-01-04 20:24:27,2024-01-04,Cash,2029,75698,Significantly Delayed,972.69
2217466286,9278983,2023-04-08 13:12:35,2023-04-08,Wallet,2962,55729,Significantly Delayed,1217.33
7130088913,86444757,2023-06-29 14:19:03,2023-06-29,Card,7855,27018,On Time,3069.34
9064682961,17597449,2024-07-04 13:14:05,2024-07-04,Cash,1609,74646,On Time,3580.75
6060156146,92404798,2023-05-25 18:55:12,2023-05-25,UPI,1923,43137,Slightly Delayed,2318.9
3106610673,74762653,2024-06-10 17:56:21,2024-06-10,Cash,1171,39962,Slightly Delayed,3473.22
442408751,56780331,2023-10-19 17:31:57,2023-10-19,Wallet,564,31883,On Time,3090.37
353571238,60561655,2024-01-01 15:51:24,2024-01-01,Wallet,7966,49421,On Time,1897.21
4670530333,42723554,2024-05-30 17:53:58,2024-05-30,Wallet,7862,73412,On Time,354.91
4961370923,61020,2024-02-04 16:10:26,2024-02-04,Card,1504,95563,On Time,2560.3
8946821991,31582950,2024-04-29 11:58:27,2024-04-29,Cash,4541,7047,On Time,888.04
5720622852,66130660,2023-04-16 14:43:16,2023-04-16,Cash,7382,41385,On Time,874.78
7305353953,42012717,2024-01-04 08:02:14,2024-01-04,Cash,167,79920,Significantly Delayed,2119.6
1402723627,85006599,2024-05-16 04:45:13,2024-05-16,Wallet,4968,29946,Slightly Delayed,2859.77
9820620357,243838,2023-12-05 10:13:47,2023-12-05,Card,2638,19268,On Time,508.0
1930286155,51034600,2024-09-02 20:09:02,2024-09-02,Cash,3413,22959,Slightly Delayed,1176.51
6759029950,83577942,2023-12-03 12:46:14,2023-12-03,UPI,1381,27838,On Time,2592.56
9032188284,59427862,2023-08-24 19:32:01,2023-08-24,Wallet,1049,45176,Slightly Delayed,1036.64
9490161602,28663279,2023-04-26 12:02:47,2023-04-26,UPI,426,35300,On Time,3143.9
8565257085,33034249,2023-09-24 20:51:44,2023-09-24,Card,7822,74770,On Time,3634.1
4884845960,34156884,2023-09-05 12:52:44,2023-09-05,Cash,8710,39010,On Time,1478.33
6181604084,4200802,2023-10-22 04:07:32,2023-10-22,UPI,948,63800,On Time,858.57
2718508408,20360447,2023-08-04 03:52:55,2023-08-04,UPI,7975,47220,Slightly Delayed,4588.23
8354866000,80696046,2024-02-15 18:21:22,2024-02-15,Wallet,6964,19057,Slightly Delayed,2962.96
8025728977,26912171,2024-08-15 15:53:16,2024-08-15,Card,4973,66000,On Time,2971.34
6531356394,85561151,2023-05-09 14:33:55,2023-05-09,Card,5835,92872,On Time,3830.42
5489184758,49529811,2024-03-15 15:16:26,2024-03-15,Card,2935,69415,On Time,4046.84
1377599881,48481702,2024-08-17 10:02:54,2024-08-17,Card,7803,17690,On Time,3323.75
227162938,28111842,2024-04-18 07:07:08,2024-04-18,Cash,9199,43553,On Time,3716.9
3449083612,91382237,2023-11-10 12:36:44,2023-11-10,Card,3374,65165,Slightly Delayed,2046.71
5662514948,30455484,2023-05-20 02:56:48,2023-05-20,Card,9972,58053,On Time,2918.62
2034571482,86167288,2024-02-20 20:09:09,2024-02-20,Card,8825,86556,Slightly Delayed,1422.49
348782569,72415263,2023-09-23 08:26:21,2023-09-23,Wallet,2837,88218,Slightly Delayed,3781.09
8697396531,21282544,2023-10-23 18:35:21,2023-10-23,Wallet,6234,59371,On Time,1573.66
3538455450,77345018,2024-09-05 21:10:40,2024-09-05,UPI,8200,63154,On Time,2447.04
7513290139,26285589,2023-05-21 18:41:42,2023-05-21,Cash,8152,96784,On Time,1758.17
8320461939,83298567,2024-04-17 04:26:13,2024-04-17,Card,9508,63519,On Time,367.08
8217899522,18465047,2024-10-08 11:33:14,2024-10-08,Wallet,1604,15587,On Time,3369.67
4217056877,2903620,2024-03-26 19:44:46,2024-03-26,Cash,4477,94995,Slightly Delayed,1670.56
3684167813,46563355,2024-09-13 08:19:52,2024-09-13,Cash,3491,82021,On Time,1409.35
5351904164,97411107,2024-08-06 16:09:48,2024-08-06,Cash,9777,98439,On Time,2561.94
2731829604,46615831,2024-02-12 20:15:18,2024-02-12,Card,6922,85333,On Time,4047.69
7162485958,75081265,2023-12-06 18:31:13,2023-12-06,Card,3903,64568,On Time,1996.41
4830502113,89867195,2024-01-26 14:46:09,2024-01-26,Cash,3428,8022,On Time,3494.42
9797013595,80571942,2024-05-15 23:55:43,2024-05-15,Wallet,9003,35734,Slightly Delayed,418.44
9487843345,23794330,2024-06-11 06:16:15,2024-06-11,Cash,957,82632,On Time,1311.48
2148242015,39093069,2023-04-30 23:48:24,2023-04-30,UPI,9904,13676,Significantly Delayed,3239.66
7465258008,51503088,2023-10-25 21:17:48,2023-10-25,UPI,8965,63335,Slightly Delayed,2017.35
8875274470,57102800,2024-04-20 16:25:48,2024-04-20,Card,8776,54978,Significantly Delayed,818.16
7049717910,44410149,2024-05-11 05:44:42,2024-05-11,Card,795,10931,On Time,3737.72
4829897426,25587553,2023-06-05 00:50:37,2023-06-05,Cash,9960,93475,On Time,1546.87
3532186218,24456825,2023-08-08 13:57:04,2023-08-08,Cash,9743,34900,On Time,3201.86
6897674900,79592021,2024-05-13 12:53:01,2024-05-13,UPI,6680,5998,On Time,3980.78
163895717,61982521,2023-11-02 04:41:21,2023-11-02,UPI,5871,45284,On Time,2751.59
9857592403,84275450,2023-10-24 11:31:41,2023-10-24,Wallet,2906,36569,On Time,4315.44
2521197661,13251137,2024-02-20 00:32:46,2024-02-20,Card,6579,49637,Significantly Delayed,2777.53
488314125,5716817,2023-04-05 18:11:51,2023-04-05,UPI,5927,60702,Slightly Delayed,2359.91
5073549838,75082508,2024-04-28 08:04:04,2024-04-28,Wallet,7776,20915,On Time,1872.31
6399568661,82594354,2023-12-17 21:03:56,2023-12-17,UPI,8509,45002,On Time,4593.22
3672658084,48228547,2024-05-10 13:53:48,2024-05-10,UPI,4598,66143,On Time,895.36
8273236145,85763665,2024-09-02 15:50:41,2024-09-02,Card,2392,8874,On Time,1626.93
3411233779,79991320,2024-04-13 23:12:45,2024-04-13,Cash,694,33913,On Time,1018.02
8024667539,31622158,2024-07-22 05:53:11,2024-07-22,Cash,5740,26395,Slightly Delayed,1682.78
6112199794,77086539,2024-09-21 20:45:43,2024-09-21,Wallet,4373,75415,Slightly Delayed,3227.41
9484473160,21456226,2023-04-25 21:30:46,2023-04-25,Card,3546,38707,Slightly Delayed,1966.28
9729709418,45323391,2023-03-30 05:26:05,2023-03-30,Cash,1914,43891,On Time,2729.56
7900224799,68692574,2024-07-03 04:57:31,2024-07-03,Cash,6659,45482,Slightly Delayed,4099.05
1821414490,75632045,2024-10-21 07:33:08,2024-10-21,Card,1947,55493,On Time,3493.06
5813507399,76019750,2024-04-15 09:01:04,2024-04-15,UPI,802,13303,On Time,4495.56
3928003125,53636086,2023-12-07 13:30:43,2023-12-07,Wallet,3602,40065,Slightly Delayed,1809.81
5271866987,10562528,2024-08-27 01:26:03,2024-08-27,Card,5390,15044,On Time,947.95
9794537731,85869195,2023-05-27 12:57:31,2023-05-27,Cash,6925,23014,On Time,3740.13
4852718488,71902700,2024-04-29 20:42:44,2024-04-29,UPI,5444,71839,On Time,1364.65
8300546273,13796199,2023-09-05 10:12:24,2023-09-05,Wallet,4948,80645,On Time,1251.92
976104194,6061349,2024-05-07 21:56:34,2024-05-07,Card,6775,65001,Significantly Delayed,3210.73
5373961125,57081917,2024-11-01 03:43:48,2024-11-01,Card,6896,72609,On Time,1187.0
6056126973,48765625,2024-07-02 22:31:53,2024-07-02,UPI,1,84012,On Time,1172.69
6352881332,80517784,2024-01-22 23:09:41,2024-01-22,Cash,6223,21808,On Time,3222.29
1643234106,37691544,2024-09-12 03:52:26,2024-09-12,Wallet,53,63857,Slightly Delayed,1196.7
8697966993,85869195,2024-03-02 05:46:49,2024-03-02,Card,7724,45795,Significantly Delayed,3078.59
2276061263,83701325,2024-10-06 16:59:05,2024-10-06,UPI,8344,25181,On Time,837.78
4045613782,61763552,2023-08-09 08:21:43,2023-08-09,UPI,5260,29650,On Time,2243.07
2959828441,9987182,2024-03-15 17:59:14,2024-03-15,Card,2835,80243,On Time,4265.84
3514589876,59620534,2023-10-17 21:03:10,2023-10-17,UPI,3649,24168,On Time,976.55
9444081952,72576730,2023-11-27 01:02:59,2023-11-27,Card,341,88637,On Time,353.53
8183959589,26752630,2023-12-16 14:27:59,2023-12-16,Wallet,5349,80408,On Time,299.27
1712832927,5228136,2024-03-16 02:24:19,2024-03-16,UPI,4993,60377,Slightly Delayed,2657.42
8162867215,25713335,2024-08-24 15:27:13,2024-08-24,UPI,6539,53830,On Time,1564.84
4160230443,87889031,2024-04-15 03:56:39,2024-04-15,Card,5768,41222,On Time,367.08
9787535949,57340963,2023-04-02 13:59:48,2023-04-02,UPI,1249,20817,Slightly Delayed,1488.91
3423995261,75928073,2023-05-06 21:35:32,2023-05-06,Wallet,234,50959,On Time,1047.55
1523343168,80862136,2024-07-21 18:56:11,2024-07-21,UPI,689,41110,On Time,582.87
1948066291,61320989,2024-10-02 21:52:43,2024-10-02,Cash,3337,33207,On Time,225.21
2021361582,99695529,2024-05-20 13:29:16,2024-05-20,Cash,9754,88680,Significantly Delayed,3475.69
7491420331,27504517,2024-05-22 03:16:45,2024-05-22,Wallet,1746,81340,Slightly Delayed,1567.06
994840771,85088479,2023-10-15 22:56:35,2023-10-15,Wallet,7526,22900,Slightly Delayed,1819.74
6277344634,11202130,2024-07-23 19:18:11,2024-07-23,UPI,8099,98138,Significantly Delayed,3940.47
4092653338,13604883,2024-04-24 14:11:22,2024-04-24,UPI,9633,30910,On Time,2455.06
7213712604,49433260,2023-11-17 07:02:37,2023-11-17,Cash,7905,25295,On Time,780.0
7326709115,22800586,2023-11-26 00:36:32,2023-11-26,Card,1365,46549,Slightly Delayed,783.96
9419789569,8733344,2024-07-17 10:35:23,2024-07-17,Wallet,6450,54029,On Time,3361.63
5388191488,74735607,2024-03-31 03:47:25,2024-03-31,Card,6259,38734,Slightly Delayed,4238.13
9065873433,32635818,2023-10-23 19:10:27,2023-10-23,Cash,4503,61365,Slightly Delayed,2534.9
4627342297,88843865,2023-08-28 10:50:50,2023-08-28,UPI,3108,47725,On Time,2033.74
4286971111,469006,2024-05-27 03:23:40,2024-05-27,Cash,7918,7124,On Time,1480.41
645282074,13265605,2023-05-25 23:45:35,2023-05-25,Wallet,1491,19843,On Time,3337.4
7260939789,39999278,2023-10-28 13:37:51,2023-10-28,UPI,3976,13059,On Time,5770.21
1716322448,95873651,2023-09-06 16:10:18,2023-09-06,Cash,6375,66774,On Time,3162.99
4293959647,820740,2023-10-03 21:16:36,2023-10-03,UPI,8743,72576,On Time,878.07
3331935300,29095552,2023-06-15 21:38:22,2023-06-15,Wallet,4861,14328,On Time,482.06
1775389576,15830066,2024-03-10 06:34:09,2024-03-10,Wallet,4879,59128,On Time,941.19
8194774262,46836361,2024-10-06 06:32:32,2024-10-06,Cash,9203,19069,Slightly Delayed,2879.54
3615279775,61618079,2023-11-01 18:30:36,2023-11-01,Wallet,7612,33091,On Time,2596.72
11467999,78267238,2023-04-23 18:37:26,2023-04-23,UPI,5146,1908,Slightly Delayed,3051.19
3971267196,8536503,2024-01-14 02:35:53,2024-01-14,Card,3756,59116,On Time,946.86
1584863963,61877649,2024-07-21 18:13:06,2024-07-21,UPI,3470,70947,Significantly Delayed,1176.5
1557893814,75244116,2024-04-02 12:45:33,2024-04-02,Wallet,854,60172,On Time,3950.09
8172695964,45323391,2024-07-07 09:17:06,2024-07-07,Card,9215,52140,On Time,1506.27
7462800868,93127511,2023-10-19 17:27:14,2023-10-19,Wallet,8554,39973,Significantly Delayed,382.29
5438961669,37245065,2024-09-10 05:20:18,2024-09-10,UPI,6819,67068,Significantly Delayed,354.91
4904849001,93563435,2023-11-30 05:46:13,2023-11-30,Wallet,628,8244,On Time,5062.63
4816980820,52613657,2023-03-27 20:30:31,2023-03-27,Card,4128,28954,Significantly Delayed,4876.13
9004078716,55552600,2023-08-21 08:46:05,2023-08-21,Card,5712,60691,On Time,2140.11
8350353728,25585013,2024-01-25 08:02:43,2024-01-25,Cash,7029,73339,On Time,2516.08
1204084245,1342184,2023-09-26 01:28:11,2023-09-26,Card,6947,55802,Significantly Delayed,2833.97
4142209897,44557943,2023-09-07 20:00:27,2023-09-07,Card,5307,6857,On Time,1361.67
125551624,14693393,2024-08-12 21:32:30,2024-08-12,Card,5715,16319,On Time,4082.47
9970545044,22931642,2023-08-08 22:18:41,2023-08-08,Cash,4371,81093,On Time,5453.47
7976032064,72946405,2024-05-03 15:57:32,2024-05-03,Wallet,1549,39126,On Time,1575.92
8691567542,41640262,2024-06-27 08:52:11,2024-06-27,Wallet,7544,87207,On Time,1173.69
3592747590,12755730,2024-04-24 12:09:13,2024-04-24,UPI,5122,92032,Significantly Delayed,4217.22
7495753437,4758426,2023-06-02 00:26:35,2023-06-02,Card,278,20625,On Time,3776.78
3965847120,80761521,2023-05-05 14:56:43,2023-05-05,Wallet,9745,60885,On Time,459.78
9365984533,89704218,2024-06-25 19:46:13,2024-06-25,Card,4141,40460,On Time,2082.97
2948242102,13189939,2023-10-12 14:54:53,2023-10-12,Wallet,6394,55456,On Time,2132.75
6161193691,55693909,2023-05-30 13:36:08,2023-05-30,Cash,3304,22997,On Time,1541.92
5964122835,14006996,2024-03-29 18:12:05,2024-03-29,UPI,9052,98433,On Time,2305.04
8879377902,61320989,2024-03-09 06:13:43,2024-03-09,Card,8957,61662,On Time,3034.16
8158068874,64403005,2024-07-25 20:24:13,2024-07-25,Wallet,6736,93613,Slightly Delayed,3112.28
7039570964,68941950,2024-04-13 03:10:23,2024-04-13,Cash,7625,40041,Slightly Delayed,3196.98
5482913265,88324928,2024-08-08 15:18:48,2024-08-08,Wallet,2453,84976,Slightly Delayed,2486.56
1018255782,2219590,2024-09-08 06:11:07,2024-09-08,Card,878,35907,Significantly Delayed,2456.07
8441505853,48409448,2023-11-10 08:12:55,2023-11-10,UPI,3614,58002,On Time,3876.18
3850018395,57674875,2023-06-09 20:31:07,2023-06-09,Wallet,9857,42851,Slightly Delayed,1228.6
4884197611,28173165,2023-04-19 19:07:09,2023-04-19,Wallet,9213,4714,Significantly Delayed,2037.05
5321849748,84468124,2024-03-01 00:19:24,2024-03-01,Cash,4938,43163,On Time,1745.29
9808738347,7728406,2024-03-28 23:36:11,2024-03-28,Wallet,594,81334,On Time,2800.78
8727249149,35826539,2023-06-27 00:24:22,2023-06-27,UPI,4817,16796,On Time,4510.56
2772154780,50899600,2024-07-18 14:39:59,2024-07-18,Card,8242,74237,On Time,370.81
9128056381,98691989,2024-06-10 07:16:02,2024-06-10,Wallet,6043,95005,On Time,475.78
4461463308,81352781,2023-06-16 08:01:25,2023-06-16,Card,6645,43141,On Time,2638.38
5636483988,34095555,2024-01-29 17:42:04,2024-01-29,UPI,7888,73517,On Time,4151.57
1532065529,75464725,2023-12-07 06:28:36,2023-12-07,UPI,5936,1354,On Time,2175.43
9933994647,83304571,2024-02-27 06:30:56,2024-02-27,Cash,7030,46871,On Time,852.02
4823026749,34835738,2024-08-08 15:42:46,2024-08-08,Card,7018,97537,On Time,3211.3
7453442245,77869660,2024-09-08 06:29:25,2024-09-08,UPI,5653,69200,On Time,4894.89
6519941559,29902416,2024-05-10 19:43:01,2024-05-10,Cash,1146,88898,On Time,545.49
3798769654,75913572,2024-09-28 12:27:14,2024-09-28,Cash,3873,96996,On Time,371.29
5034289521,21201299,2024-05-15 13:00:17,2024-05-15,UPI,570,98165,On Time,1415.21
6971088688,11389698,2023-07-18 10:53:19,2023-07-18,Card,4240,33387,Slightly Delayed,2593.22
5650184107,19771128,2023-06-21 08:14:44,2023-06-21,UPI,4622,60066,On Time,3041.96
5770410311,20956158,2023-12-31 10:23:35,2023-12-31,Cash,8259,96121,On Time,4814.59
274530126,35278126,2023-04-08 21:52:31,2023-04-08,Cash,6058,35596,Significantly Delayed,1841.66
4819831152,66886852,2024-09-22 19:35:16,2024-09-22,Cash,3661,97045,On Time,1757.75
6977688323,56780331,2023-06-07 22:05:08,2023-06-07,Card,3480,77691,On Time,3343.61
2035952734,63360864,2023-04-17 19:19:33,2023-04-17,UPI,8633,1616,On Time,1906.85
3665334102,51476157,2024-11-04 01:16:31,2024-11-04,Wallet,1380,6292,Slightly Delayed,5578.4
1862413314,48150243,2024-05-31 16:08:45,2024-05-31,Card,2952,3855,On Time,1446.53
4466643926,82989313,2024-04-08 20:33:57,2024-04-08,Cash,904,37936,On Time,781.08
4470717835,76008165,2023-07-08 00:21:18,2023-07-08,Wallet,313,80246,On Time,1474.48
3018086191,76359458,2024-02-07 15:51:05,2024-02-07,Card,4263,86332,On Time,1775.03
2447983559,99772709,2024-10-03 20:46:07,2024-10-03,Cash,3486,68149,Significantly Delayed,1031.06
5116322704,63360864,2024-06-20 04:21:38,2024-06-20,UPI,5687,24469,On Time,2386.24
8941550852,54145987,2024-04-20 22:07:04,2024-04-20,Card,286,18037,On Time,198.15
8026773850,94730288,2023-10-23 19:16:23,2023-10-23,Wallet,7337,22178,On Time,1378.46
2102402075,30317733,2024-07-14 05:30:01,2024-07-14,UPI,2426,81176,On Time,1037.5
989844439,30468930,2023-07-23 11:54:05,2023-07-23,Cash,2811,77083,On Time,3217.54
8426805628,11636968,2023-04-17 22:41:34,2023-04-17,Card,4577,88737,On Time,1620.7
7662188403,35554129,2023-05-09 07:35:06,2023-05-09,Wallet,4222,80894,Slightly Delayed,2497.79
9141654140,77811864,2023-07-14 13:55:04,2023-07-14,Wallet,8146,38063,On Time,2805.01
5696947751,90745023,2023-11-06 03:35:25,2023-11-06,UPI,1369,58100,On Time,1431.23
8953871540,1601161,2023-11-14 16:17:02,2023-11-14,UPI,6917,62193,On Time,683.46
1767778760,67729191,2023-04-14 03:24:44,2023-04-14,Cash,6420,57806,On Time,2977.3
5516201271,73661993,2024-07-10 14:21:12,2024-07-10,Cash,1773,32490,On Time,1210.9
9358248664,75213636,2023-12-19 23:59:54,2023-12-19,Cash,4970,52315,On Time,637.6
1530424665,45700739,2023-04-21 23:29:46,2023-04-21,Cash,2261,53811,On Time,3107.41
7816293360,87669943,2023-07-27 17:54:35,2023-07-27,UPI,4211,81753,On Time,4856.23
1602396548,11063505,2024-09-09 23:44:19,2024-09-09,Card,3453,64637,On Time,2790.67
7938126128,26199489,2023-06-16 08:24:00,2023-06-16,Card,3636,50175,On Time,877.89
271744331,47274329,2023-08-21 04:01:18,2023-08-21,UPI,525,30354,On Time,97.04
387311360,70221073,2023-08-07 02:54:16,2023-08-07,Wallet,9457,7081,On Time,1358.19
1286123100,45659330,2023-12-30 23:53:40,2023-12-30,UPI,962,19279,On Time,1243.74
4832392771,10038382,2023-11-02 14:44:52,2023-11-02,Card,2996,33654,On Time,2524.06
4800106448,49970560,2023-12-10 05:17:22,2023-12-10,Card,5061,38774,On Time,3048.99
5500008514,31371112,2024-05-03 18:08:17,2024-05-03,Cash,9878,48166,On Time,3605.53
7879575037,7228206,2024-01-07 12:19:33,2024-01-07,Cash,5569,85162,On Time,3446.01
50845914,54893418,2023-04-09 04:18:56,2023-04-09,Card,4686,95031,On Time,3226.44
9766990467,48358028,2023-06-30 08:18:31,2023-06-30,Card,1055,18483,Slightly Delayed,186.08
4215602937,66499992,2023-10-04 05:29:08,2023-10-04,Wallet,3629,38381,On Time,1607.2
238484255,73869823,2024-04-11 04:03:43,2024-04-11,Cash,4132,87590,On Time,4305.06
3293988248,89986926,2024-09-29 07:44:45,2024-09-29,Wallet,7964,19751,Significantly Delayed,1519.45
5296157775,99231937,2024-07-27 10:24:02,2024-07-27,Wallet,179,68713,On Time,1565.22
1143489067,21432404,2023-09-14 17:01:41,2023-09-14,UPI,7002,68548,On Time,424.61
8524452029,40986000,2023-11-07 01:00:32,2023-11-07,Cash,2092,65655,Slightly Delayed,4191.3
4256779885,88745052,2023-06-01 17:29:29,2023-06-01,Cash,5924,71100,On Time,1740.54
7744686996,72946405,2023-09-27 21:39:59,2023-09-27,Cash,5748,4886,Significantly Delayed,1798.56
5427462399,41647393,2024-06-21 13:57:00,2024-06-21,Wallet,62,87698,On Time,2098.17
8596751747,66359719,2024-03-09 06:33:08,2024-03-09,Card,4678,95854,On Time,2462.18
4746468643,15144290,2023-08-17 19:31:04,2023-08-17,UPI,7914,5235,On Time,3206.64
3010047327,5716817,2023-12-15 20:11:52,2023-12-15,Wallet,4167,65599,On Time,799.46
1236959246,94033330,2024-10-06 20:17:02,2024-10-06,Cash,6888,76379,On Time,1310.39
6600422315,79726146,2023-09-19 00:26:15,2023-09-19,UPI,1886,46137,On Time,3415.39
3227252410,83023956,2024-02-16 07:53:12,2024-02-16,Cash,8087,66386,On Time,4307.46
6972292408,19682060,2023-11-16 05:37:14,2023-11-16,Cash,7246,46413,Significantly Delayed,658.16
7562754470,10700664,2024-02-15 23:27:04,2024-02-15,Wallet,4674,46136,On Time,317.82
7361971676,27504517,2023-08-23 00:44:18,2023-08-23,Card,2750,18979,On Time,532.57
8875605037,93867669,2023-09-27 10:02:27,2023-09-27,Card,2039,16915,On Time,3235.64
8508253527,31233120,2024-09-05 20:54:09,2024-09-05,UPI,5677,11048,Slightly Delayed,452.6
6798775600,24845814,2023-10-09 22:39:35,2023-10-09,Cash,5471,81032,Slightly Delayed,3645.18
3624810422,42366724,2024-08-10 01:08:44,2024-08-10,Cash,9521,83193,On Time,864.3
4740213452,84066402,2024-02-22 12:29:12,2024-02-22,Cash,7162,85085,Slightly Delayed,3295.97
3825468344,81337068,2023-04-09 08:04:44,2023-04-09,UPI,2100,35824,On Time,1220.63
902245665,44828791,2024-08-08 08:14:01,2024-08-08,Cash,4066,25868,On Time,2047.24
6874299189,24633671,2023-08-14 11:33:32,2023-08-14,Card,3001,38460,On Time,4027.29
1127125313,91312072,2023-12-15 19:19:22,2023-12-15,Card,8828,81996,Slightly Delayed,823.75
3606548818,85354059,2023-05-12 04:48:09,2023-05-12,Wallet,4891,90473,On Time,740.18
5750044154,11636968,2024-09-16 22:40:01,2024-09-16,UPI,7740,71543,Slightly Delayed,2855.42
3872847781,27727819,2023-09-16 20:38:34,2023-09-16,Wallet,9963,45099,On Time,576.22
5939554684,3875480,2023-06-11 16:33:08,2023-06-11,Wallet,212,71726,On Time,3071.72
676412814,57291761,2024-07-26 03:29:27,2024-07-26,UPI,6861,88453,On Time,2147.32
4248390724,6390687,2023-08-22 20:17:51,2023-08-22,Cash,8404,49698,Slightly Delayed,877.98
8938687150,97664747,2023-04-25 06:25:28,2023-04-25,Cash,2896,99357,On Time,1313.92
7898867047,899941,2023-05-03 15:13:52,2023-05-03,Wallet,9180,51564,Slightly Delayed,5189.5
2142065357,469006,2024-01-27 07:45:34,2024-01-27,Cash,8613,1749,On Time,2586.92
9024719693,21597477,2024-06-06 19:22:30,2024-06-06,Card,7334,96400,On Time,140.44
8976616698,90346920,2023-08-23 03:20:08,2023-08-23,UPI,362,46211,On Time,3364.63
8792586840,91566278,2023-06-14 15:09:28,2023-06-14,UPI,9496,44722,On Time,1843.14
5375387413,66768157,2023-04-04 23:31:41,2023-04-04,Wallet,592,53977,On Time,1934.8
4252164097,72366758,2023-09-28 06:58:17,2023-09-28,Card,4201,11104,Slightly Delayed,163.55
8423273411,5418547,2023-05-23 23:13:33,2023-05-23,UPI,8994,81864,On Time,719.38
2551179741,18791381,2024-04-10 02:09:31,2024-04-10,UPI,1613,50120,Slightly Delayed,2975.13
227511348,11775073,2024-08-01 15:43:56,2024-08-01,Card,4665,90637,On Time,2388.23
4434464045,7591711,2023-09-22 00:04:24,2023-09-22,Card,5121,84509,On Time,2148.83
7041011843,35705377,2024-02-06 00:46:34,2024-02-06,Card,1765,79645,On Time,1303.83
6510283268,67383024,2024-06-12 01:40:22,2024-06-12,Wallet,2932,59772,On Time,1452.76
6853654698,85198177,2023-08-06 11:20:58,2023-08-06,Card,5281,57378,On Time,2101.23
9338996795,2219590,2024-01-09 18:21:36,2024-01-09,Card,8279,85003,On Time,951.43
7346145952,96629258,2024-03-12 19:24:44,2024-03-12,Cash,3556,32434,On Time,264.89
6497069610,52672659,2024-04-10 17:18:57,2024-04-10,Card,3577,80825,On Time,1416.18
1741402363,87200291,2024-06-12 11:13:45,2024-06-12,UPI,4423,29182,On Time,1729.82
4825878367,46717997,2024-10-07 14:04:11,2024-10-07,Card,5643,96209,On Time,4152.86
7019011442,41640262,2023-06-30 19:38:42,2023-06-30,Cash,9125,15863,On Time,3612.65
1674463798,52085702,2024-09-21 13:31:34,2024-09-21,UPI,7301,17663,Slightly Delayed,3497.86
305684588,46876240,2024-08-25 19:41:28,2024-08-25,UPI,7499,70029,Significantly Delayed,4199.86
5967495442,77086074,2024-07-18 15:25:29,2024-07-18,Card,9906,7004,Slightly Delayed,707.67
2571047526,90665975,2023-06-19 00:18:51,2023-06-19,UPI,3902,45704,On Time,651.93
7784811086,53332493,2024-09-07 06:11:07,2024-09-07,UPI,654,83254,Significantly Delayed,2387.27
7942005230,78614729,2023-03-25 08:20:32,2023-03-25,Wallet,8679,44185,Slightly Delayed,281.73
6653543195,95334407,2023-09-15 14:53:44,2023-09-15,Wallet,2292,68173,Slightly Delayed,1617.62
397928918,71902700,2024-09-14 03:54:21,2024-09-14,Card,3293,80520,Slightly Delayed,797.99
776120140,25128143,2023-11-12 03:51:53,2023-11-12,Card,7417,28491,Significantly Delayed,430.41
8293188779,28991365,2024-10-16 09:48:02,2024-10-16,UPI,4650,71056,On Time,4286.09
178737268,2164524,2023-06-18 19:52:44,2023-06-18,UPI,5088,66743,On Time,726.41
5246598523,90665975,2023-11-22 16:46:33,2023-11-22,Cash,8891,67554,Significantly Delayed,3057.36
1172544737,30188374,2023-11-24 07:36:36,2023-11-24,Cash,2867,27338,Slightly Delayed,1080.33
6419533291,92404798,2023-07-28 05:02:16,2023-07-28,Wallet,3296,32799,On Time,2555.75
882083749,51833636,2023-06-18 12:52:28,2023-06-18,Cash,5887,42317,On Time,1142.73
3185510401,43990799,2024-10-14 00:24:10,2024-10-14,UPI,8587,60744,On Time,749.5
7760767006,93018527,2023-08-19 12:04:44,2023-08-19,UPI,8076,88497,On Time,1014.49
3833878150,644189,2024-06-23 18:54:35,2024-06-23,Cash,315,27906,Significantly Delayed,3376.0
369899578,44198187,2023-08-19 14:17:49,2023-08-19,Cash,7302,85235,On Time,2313.22
1944466212,70798876,2024-09-09 14:02:49,2024-09-09,UPI,4024,77615,On Time,2523.57
4064447117,6061349,2024-02-25 22:19:59,2024-02-25,Cash,394,36940,Significantly Delayed,2534.24
1553685597,22822088,2024-10-28 00:27:04,2024-10-28,Card,3414,246,Significantly Delayed,2962.71
3682284811,96009692,2024-07-18 20:57:10,2024-07-18,UPI,6603,10177,On Time,4471.32
291439357,62679120,2023-04-11 02:13:39,2023-04-11,UPI,5860,8626,On Time,2008.62
8285784194,17390673,2024-09-30 15:47:01,2024-09-30,UPI,9982,72635,On Time,1107.52
5058742647,29562254,2024-09-17 23:35:30,2024-09-17,UPI,579,25730,On Time,1943.59
6917020296,34655710,2024-07-10 21:48:57,2024-07-10,Card,6483,41276,On Time,705.42
6671181961,50968312,2023-10-13 05:37:23,2023-10-13,Wallet,5607,46269,On Time,2732.0
5123439997,89886179,2024-02-15 18:57:33,2024-02-15,Cash,2403,55720,On Time,1789.27
8510183245,3897936,2024-10-01 20:56:57,2024-10-01,Wallet,466,94891,On Time,2914.71
6081384585,94529626,2024-03-04 04:03:00,2024-03-04,Cash,1823,96881,On Time,4519.77
4423613746,98088303,2023-08-27 18:01:35,2023-08-27,UPI,1660,1185,Slightly Delayed,4916.33
1530472691,82169898,2024-08-09 14:17:38,2024-08-09,UPI,7153,7489,Slightly Delayed,3469.84
7009303199,85519349,2024-02-25 10:37:03,2024-02-25,UPI,2783,72585,Slightly Delayed,3223.07
5386652055,71252391,2024-04-16 15:24:06,2024-04-16,Card,2212,4038,Slightly Delayed,2799.46
4413239746,22915611,2023-04-10 07:24:44,2023-04-10,UPI,7096,21923,Slightly Delayed,811.95
4988875078,65514005,2023-07-23 15:48:57,2023-07-23,UPI,7938,3617,Slightly Delayed,3485.65
1617565217,43518622,2024-06-01 12:51:43,2024-06-01,UPI,4961,5577,On Time,2865.04
392038758,24144240,2024-07-23 18:36:20,2024-07-23,Card,9624,62825,Slightly Delayed,3639.23
1828727552,12455156,2024-03-26 14:32:53,2024-03-26,Cash,3243,92001,On Time,2106.13
7119397338,25850478,2024-10-28 22:53:36,2024-10-28,Cash,6526,39725,On Time,874.78
2611271708,11446157,2024-04-26 05:34:58,2024-04-26,Card,3166,54792,On Time,1171.77
7162509481,1174162,2024-10-17 00:59:37,2024-10-17,Wallet,6948,20373,On Time,1157.52
131913576,48228547,2023-10-17 03:00:39,2023-10-17,Wallet,3581,27197,On Time,2136.82
6627201490,28991365,2023-12-10 14:55:32,2023-12-10,Cash,8796,31046,Slightly Delayed,1393.12
4644950813,81655250,2023-08-21 09:02:19,2023-08-21,Card,3353,2614,On Time,2392.8
9434934993,92027021,2024-08-09 07:08:04,2024-08-09,Cash,5431,95990,Slightly Delayed,698.38
2556317798,29562072,2023-09-14 03:54:55,2023-09-14,Cash,8303,76160,On Time,1675.35
2826150539,24456825,2023-11-05 10:24:11,2023-11-05,Card,6711,19554,On Time,2121.58
4283803308,4543215,2023-12-08 04:15:17,2023-12-08,UPI,7787,29754,On Time,2653.37
6873424093,35705377,2024-02-10 23:18:46,2024-02-10,UPI,4281,61533,On Time,2891.16
4741294126,66354642,2024-09-05 08:27:06,2024-09-05,Cash,5064,84476,On Time,2218.23
4967241271,45708879,2023-05-03 22:35:20,2023-05-03,Wallet,6076,73253,On Time,641.98
9554079946,69516494,2023-12-23 09:57:12,2023-12-23,Wallet,8757,90188,On Time,3528.74
4601205399,97111069,2023-07-14 20:15:51,2023-07-14,Wallet,2051,36629,On Time,3250.65
5633967304,72605638,2024-01-30 19:14:01,2024-01-30,Cash,619,93942,Slightly Delayed,2009.59
4168163237,47503133,2023-07-06 00:28:47,2023-07-06,Wallet,7103,32090,Slightly Delayed,1178.88
5924297360,59197894,2024-09-09 21:59:31,2024-09-09,Wallet,235,50579,Slightly Delayed,723.44
2120299901,28499191,2024-06-12 09:32:04,2024-06-12,Card,5282,35726,On Time,1204.42
1070876534,59329145,2024-02-21 19:01:21,2024-02-21,Cash,7142,14388,On Time,4573.95
7032280048,18567760,2023-09-15 22:21:31,2023-09-15,UPI,9632,41473,On Time,1403.74
156346853,57331847,2023-03-30 09:00:22,2023-03-30,Card,5266,16610,Slightly Delayed,1506.38
6873267326,45546750,2024-02-10 07:52:23,2024-02-10,Cash,9190,63685,Slightly Delayed,2229.88
1370661468,64795608,2023-09-27 02:02:46,2023-09-27,Wallet,9329,83004,On Time,957.45
3612128358,8513589,2024-04-24 23:13:39,2024-04-24,UPI,4147,63526,On Time,1654.11
1736953222,86704661,2024-02-18 14:00:30,2024-02-18,Wallet,865,46700,Slightly Delayed,3889.08
9107923488,85354059,2023-11-20 04:53:01,2023-11-20,Wallet,129,22157,On Time,2768.96
4378877600,46989310,2023-11-27 11:09:25,2023-11-27,Wallet,8602,31527,Slightly Delayed,1365.37
3232762361,22613559,2023-07-24 15:36:05,2023-07-24,Wallet,6335,89153,On Time,2843.52
1831641377,76971644,2024-03-19 04:14:41,2024-03-19,Cash,8563,48691,Slightly Delayed,3402.24
562428866,57833505,2023-04-17 19:29:17,2023-04-17,Card,5415,47688,Slightly Delayed,896.97
4607715908,59095971,2024-08-24 22:51:27,2024-08-24,UPI,8376,22498,Slightly Delayed,4650.66
4804575203,53974737,2023-05-23 21:43:41,2023-05-23,Wallet,7722,32008,Significantly Delayed,1762.54
8287234948,47939657,2024-10-07 07:48:35,2024-10-07,UPI,1362,4824,On Time,1856.75
6074452586,78806824,2023-09-01 08:30:26,2023-09-01,Cash,5358,11946,On Time,81.35
6821790656,66710182,2024-08-03 13:10:35,2024-08-03,Wallet,3938,64612,On Time,2094.62
7821942520,84468124,2024-02-12 23:57:16,2024-02-12,Wallet,5805,11136,On Time,2732.91
3012496270,27604184,2023-04-06 03:45:57,2023-04-06,UPI,6783,96443,On Time,2270.44
8980370750,76971644,2023-09-15 14:47:03,2023-09-15,Card,5440,29273,On Time,901.58
6535672015,4758426,2023-05-05 08:41:49,2023-05-05,UPI,8612,91217,On Time,2685.35
6999060704,15534747,2023-04-28 15:55:23,2023-04-28,Wallet,7616,29169,Slightly Delayed,672.73
9403732731,73393269,2024-05-26 15:50:08,2024-05-26,Cash,9483,97526,On Time,2995.55
5649255352,84119685,2024-10-30 23:39:54,2024-10-30,Cash,1418,42987,On Time,3938.48
5034409841,46629917,2023-08-15 03:17:51,2023-08-15,Wallet,7048,71481,Significantly Delayed,2746.95
9072111617,49985597,2024-09-15 22:20:56,2024-09-15,UPI,8322,7933,On Time,2799.39
9556880451,48778633,2023-10-08 11:26:54,2023-10-08,Card,6502,26471,On Time,4818.86
4602796463,22047134,2024-09-12 05:20:17,2024-09-12,UPI,8616,15486,On Time,2500.69
6061353924,49241309,2024-03-03 22:15:37,2024-03-03,Wallet,5328,5451,On Time,1424.69
4366519080,63339001,2023-05-29 17:54:41,2023-05-29,Cash,2822,71938,On Time,2771.3
1324817141,71694275,2023-08-17 22:02:37,2023-08-17,Card,7839,88990,On Time,5053.37
5419080144,55404382,2024-11-01 16:44:12,2024-11-01,Cash,7631,87381,On Time,2197.72
8813470284,57537308,2024-01-04 05:16:34,2024-01-04,Card,7291,39091,On Time,1665.1
3182992799,81906973,2023-10-18 13:55:00,2023-10-18,Cash,707,26718,Slightly Delayed,4329.87
7792996715,22081691,2024-01-03 15:04:47,2024-01-03,Card,1556,57039,On Time,949.2
6962624734,88866835,2023-04-27 08:57:43,2023-04-27,Wallet,3730,32296,On Time,3579.41
5948662456,35988028,2023-06-29 18:25:14,2023-06-29,Card,4341,39614,On Time,4187.66
3395675979,88202341,2023-06-10 15:59:50,2023-06-10,Cash,4842,8303,On Time,2930.34
7550368787,51592174,2023-12-30 17:50:47,2023-12-30,Cash,6776,25992,Slightly Delayed,5268.01
8357671697,97388817,2024-04-14 00:42:08,2024-04-14,Wallet,7960,16324,On Time,39.65
9600704922,90372221,2023-11-13 12:31:56,2023-11-13,Cash,7419,40938,On Time,2378.52
9915229426,12832151,2024-02-03 02:47:57,2024-02-03,Cash,9437,7428,On Time,37.8
9927474026,94137242,2023-03-28 04:07:24,2023-03-28,Cash,2201,85439,Slightly Delayed,530.85
6310535397,21461764,2023-05-26 17:46:19,2023-05-26,Card,724,8620,On Time,5015.88
8045941430,67829645,2023-05-24 15:07:03,2023-05-24,Wallet,4497,43620,On Time,2667.64
4390394582,49795571,2024-11-02 11:28:29,2024-11-02,Cash,9251,97518,On Time,1170.39
5062545226,84275450,2023-11-28 04:16:44,2023-11-28,Wallet,5297,54305,On Time,2945.03
2836701831,62323608,2024-06-13 14:15:45,2024-06-13,Card,5443,84057,On Time,354.52
4115492281,32540616,2024-01-07 01:31:47,2024-01-07,Wallet,3859,99505,On Time,4248.74
3554645781,26227445,2024-04-25 14:58:42,2024-04-25,Card,2659,64263,Slightly Delayed,2108.47
3983605701,19067680,2024-01-27 12:28:20,2024-01-27,Card,6323,58335,Slightly Delayed,3627.25
8581516385,8241122,2023-12-14 19:30:41,2023-12-14,Card,5072,29947,On Time,681.54
8290229112,88923048,2024-03-09 05:06:27,2024-03-09,Wallet,3964,29611,On Time,517.77
1195560119,83039559,2023-04-03 17:20:14,2023-04-03,Cash,4616,6698,On Time,552.2
5077327994,243838,2023-08-01 20:07:55,2023-08-01,Card,7335,93285,On Time,2694.01
2945185661,81102955,2023-07-09 12:02:20,2023-07-09,Card,1453,6710,On Time,374.68
3951005873,52085702,2024-10-03 15:03:55,2024-10-03,Wallet,3311,73170,On Time,832.06
3490816523,25128143,2024-01-27 20:17:17,2024-01-27,Card,6186,16914,Slightly Delayed,4284.99
6739114301,51544662,2023-03-26 18:06:22,2023-03-26,UPI,2641,10714,On Time,671.55
5728818155,31000129,2023-11-03 00:57:05,2023-11-03,Cash,1826,40143,Slightly Delayed,2215.55
7713651693,8351747,2023-08-07 01:57:01,2023-08-07,Wallet,1825,17257,On Time,422.87
5452048621,22483684,2024-10-22 15:15:22,2024-10-22,Wallet,8316,51769,Slightly Delayed,947.95
2297027645,36578947,2024-04-17 20:56:49,2024-04-17,Card,6118,67885,On Time,2036.46
2438302298,77862447,2023-04-24 00:00:48,2023-04-24,Cash,9218,96633,Slightly Delayed,1175.49
578811216,75739462,2024-06-18 10:23:42,2024-06-18,Wallet,9220,5169,Significantly Delayed,1980.99
8684710720,74172010,2023-09-12 02:25:31,2023-09-12,Cash,5285,45070,On Time,1644.14
1249797614,54797119,2024-06-27 18:33:11,2024-06-27,Card,4020,18282,On Time,2735.5
8013026217,52337289,2023-03-21 12:31:23,2023-03-21,Cash,2524,53586,On Time,2368.0
5421697986,95971469,2023-05-26 02:27:40,2023-05-26,Wallet,8132,87496,On Time,3487.72
8922741261,22133362,2024-08-11 00:35:08,2024-08-11,Cash,3160,48378,On Time,2993.51
3441102335,12077371,2023-11-04 00:26:33,2023-11-04,Wallet,422,47299,On Time,1197.76
6065607924,91868185,2024-05-08 08:15:44,2024-05-08,UPI,6894,13007,On Time,965.88
5153395650,94033330,2023-03-23 15:24:35,2023-03-23,Card,3067,19704,On Time,1099.91
2215235447,88215615,2024-09-16 17:11:09,2024-09-16,Card,4283,26672,On Time,163.03
5678676134,76917159,2024-09-21 15:30:00,2024-09-21,Card,8198,90181,On Time,1292.08
5045588926,67092149,2023-07-04 16:03:56,2023-07-04,UPI,4315,32917,On Time,2558.43
1677502866,24644542,2024-01-18 08:32:32,2024-01-18,UPI,7141,1304,On Time,83.18
4777610024,81808190,2024-05-25 03:32:47,2024-05-25,Cash,6498,34722,Slightly Delayed,1801.32
477350788,3638834,2023-10-12 05:02:47,2023-10-12,UPI,4511,87,On Time,941.19
4616699342,11446157,2023-04-16 07:19:57,2023-04-16,Card,6080,34959,On Time,277.2
8849914077,32527479,2024-01-30 00:01:27,2024-01-30,Wallet,7826,91680,On Time,3890.81
9183435457,25722990,2024-10-21 23:54:41,2024-10-21,Card,1285,11473,On Time,2131.39
6922646336,92416428,2023-06-23 23:49:44,2023-06-23,Cash,1172,26070,On Time,3777.74
3228806806,70543108,2023-06-29 08:21:20,2023-06-29,Wallet,5166,4696,Significantly Delayed,1475.75
4893095476,21409946,2024-10-04 21:08:49,2024-10-04,Card,1079,71356,Slightly Delayed,2376.4
7773468233,22210238,2023-10-05 08:15:49,2023-10-05,Wallet,4796,3584,On Time,2685.53
5928657526,22076522,2023-10-14 12:34:49,2023-10-14,Card,6758,91083,On Time,2020.58
4435936422,47206881,2023-12-01 19:44:39,2023-12-01,Wallet,5011,84583,On Time,1250.93
6031122324,28603182,2024-06-25 15:25:20,2024-06-25,UPI,5583,85429,On Time,3472.94
7286969496,75913572,2023-06-21 15:49:03,2023-06-21,Card,5476,22044,On Time,2193.54
4665508413,77035814,2023-11-02 01:31:14,2023-11-02,Cash,9749,31212,On Time,2902.2
9224598372,50015282,2024-03-31 13:19:14,2024-03-31,UPI,6119,432,On Time,3973.73
842020543,99231937,2024-08-14 11:06:48,2024-08-14,UPI,9009,13649,On Time,1387.32
7237143327,96253172,2023-06-09 20:54:07,2023-06-09,UPI,2030,40577,On Time,1430.36
5095141954,1469696,2023-08-05 08:19:54,2023-08-05,Card,4053,66856,On Time,3229.91
6229535077,77869660,2024-04-01 05:57:44,2024-04-01,Cash,2817,58180,On Time,2219.96
2984879441,16379942,2024-04-22 07:45:06,2024-04-22,Cash,7081,87895,On Time,736.92
785895477,11389698,2023-03-19 18:55:34,2023-03-19,Wallet,7016,94534,Significantly Delayed,397.68
6220343481,79895967,2023-06-02 23:01:29,2023-06-02,UPI,6972,80069,On Time,3373.51
5897343054,52815265,2023-03-21 04:16:27,2023-03-21,Card,2232,2375,Significantly Delayed,171.2
60465,15808945,2024-10-23 05:23:29,2024-10-23,UPI,3943,58998,On Time,589.47
2245476104,8628482,2023-06-01 09:19:59,2023-06-01,Wallet,9265,18768,On Time,3898.9
6347292505,83597876,2024-06-24 19:43:14,2024-06-24,Cash,7351,14479,Slightly Delayed,951.43
8321900643,1655637,2023-10-31 21:33:55,2023-10-31,Card,2208,83965,On Time,3517.14
9639033064,20314691,2024-08-15 21:12:38,2024-08-15,Card,7263,69379,On Time,3291.28
2748368258,92404798,2023-08-03 23:54:52,2023-08-03,Card,4838,83680,On Time,870.29
1444371693,9274874,2023-05-06 08:21:49,2023-05-06,Card,4875,20972,On Time,869.55
7111342746,35459748,2024-10-19 15:38:16,2024-10-19,Card,8928,24182,On Time,2441.75
9457576236,80800079,2023-11-29 18:09:10,2023-11-29,UPI,4040,62085,Slightly Delayed,826.21
4167252733,70589930,2023-11-27 16:52:53,2023-11-27,Cash,3501,29916,On Time,878.07
4304875010,89995124,2024-01-27 05:15:05,2024-01-27,UPI,1214,31244,On Time,1994.43
4870910859,88532418,2023-07-04 04:47:00,2023-07-04,Card,7224,55357,On Time,1609.67
3674118222,32868927,2024-07-25 07:34:25,2024-07-25,UPI,8436,34829,Slightly Delayed,634.28
38408517,39674723,2023-11-26 08:38:03,2023-11-26,Cash,5135,84919,Significantly Delayed,88.43
3081609596,7076456,2023-04-09 04:16:53,2023-04-09,Card,9310,77266,On Time,3555.24
1390229631,67952740,2023-08-07 07:39:06,2023-08-07,UPI,8090,93232,Slightly Delayed,959.01
7498092418,50968312,2023-10-12 11:56:11,2023-10-12,Cash,2681,54791,Slightly Delayed,918.36
3334055527,79298972,2023-04-18 12:19:04,2023-04-18,Cash,1180,63631,On Time,1874.14
8729426842,37904682,2023-06-07 03:07:57,2023-06-07,Wallet,5045,75375,On Time,2010.82
1722808791,51014003,2023-05-16 12:18:04,2023-05-16,Cash,8921,24901,On Time,4509.16
9775070757,55042740,2024-03-15 06:50:36,2024-03-15,UPI,2715,13251,Slightly Delayed,1717.21
4737779056,43980719,2024-08-08 23:52:43,2024-08-08,Wallet,2211,18157,On Time,785.67
2047483376,11493380,2023-10-15 15:42:58,2023-10-15,Card,272,55201,On Time,4363.62
4758632331,34853377,2023-09-06 03:07:59,2023-09-06,UPI,343,87979,Significantly Delayed,329.79
4741574337,40841791,2024-02-09 01:49:09,2024-02-09,Cash,7533,8790,On Time,3284.15
5805120939,12277039,2024-07-10 12:50:15,2024-07-10,Wallet,1933,42843,Slightly Delayed,3209.77
7550508,93127511,2023-10-20 10:54:27,2023-10-20,Card,70,38073,On Time,1067.68
1966056265,63802820,2024-08-11 04:52:11,2024-08-11,Card,3255,1498,On Time,3447.86
6363072906,29095552,2024-07-08 15:33:40,2024-07-08,Card,8282,44781,On Time,1191.83
7389054351,25585013,2023-12-22 06:50:03,2023-12-22,Cash,8356,81899,On Time,3840.78
7146572423,80954112,2023-06-01 18:32:03,2023-06-01,UPI,9720,63798,On Time,3748.84
4590810848,20298398,2023-05-24 12:11:07,2023-05-24,Cash,9423,58417,On Time,2867.36
9226364404,29858395,2023-11-22 23:38:13,2023-11-22,Wallet,3041,69366,Significantly Delayed,2455.82
6687792641,93924203,2024-05-20 06:53:38,2024-05-20,Wallet,6901,85941,On Time,1545.05
5183577434,2134827,2024-01-03 19:52:56,2024-01-03,Card,2731,48713,On Time,805.28
7440785414,72132838,2023-11-01 08:29:02,2023-11-01,UPI,7406,14917,On Time,4073.91
7932057095,73363613,2023-09-20 03:04:19,2023-09-20,UPI,9586,5226,On Time,1009.42
6126906924,33675108,2023-12-01 22:19:22,2023-12-01,Card,7608,2241,On Time,505.31
8997788831,72495274,2023-03-23 23:23:53,2023-03-23,Card,892,69051,On Time,2656.18
3480516243,23567263,2024-08-05 23:53:45,2024-08-05,UPI,7052,7250,On Time,2854.52
1234692850,76971644,2024-03-19 05:50:32,2024-03-19,UPI,8707,33571,On Time,310.69
4954911880,82359623,2023-04-09 03:59:19,2023-04-09,Wallet,7624,79410,On Time,2079.76
504060154,55060796,2023-07-18 20:40:32,2023-07-18,Card,5771,95455,Significantly Delayed,1828.77
8723752267,13494314,2024-07-09 03:05:36,2024-07-09,Card,5975,61593,On Time,3290.63
5724116944,93938425,2024-06-20 20:28:08,2024-06-20,Cash,8923,93687,Slightly Delayed,3853.5
8161349145,19080489,2024-03-12 10:56:36,2024-03-12,Cash,4594,34205,Slightly Delayed,3929.07
2985254380,73377004,2023-11-04 05:17:43,2023-11-04,Cash,9198,9722,On Time,2389.3
9837170359,42723554,2023-04-12 08:37:24,2023-04-12,Card,9111,62865,On Time,1785.4
3915323515,32987624,2024-09-11 00:36:04,2024-09-11,Card,5303,4185,On Time,3105.35
8829163586,11387110,2024-01-16 06:39:05,2024-01-16,Card,1301,39532,On Time,2922.5
961526405,63083547,2024-10-10 13:33:00,2024-10-10,Cash,6651,5497,On Time,1022.7
5792721465,49617892,2024-10-18 04:31:16,2024-10-18,Card,7236,59382,On Time,4645.02
8094117960,95018817,2023-04-04 10:06:06,2023-04-04,Cash,7897,7809,Slightly Delayed,1473.88
9318325652,89986926,2024-04-12 11:16:31,2024-04-12,UPI,155,78258,On Time,1967.45
852676412,65570302,2024-08-11 14:07:16,2024-08-11,Wallet,6068,76980,Slightly Delayed,3996.42
6487883093,37309023,2024-10-19 01:28:09,2024-10-19,Card,8843,54257,On Time,423.56
5398965602,99412119,2024-06-09 05:12:42,2024-06-09,Card,5367,42648,Slightly Delayed,2721.96
6149664144,52678787,2024-10-21 02:14:42,2024-10-21,Card,2595,53283,Significantly Delayed,3045.23
6231586256,12755730,2023-05-03 23:11:50,2023-05-03,UPI,6970,10306,On Time,1467.19
4598622116,85518832,2024-03-19 06:18:28,2024-03-19,Cash,2501,61134,Significantly Delayed,2982.31
8971796779,21786873,2024-07-03 07:25:02,2024-07-03,Wallet,6345,9562,On Time,1673.85
2148246883,93563435,2023-09-21 08:05:46,2023-09-21,Card,2098,64363,On Time,2742.01
4357632507,6150721,2024-09-13 02:31:41,2024-09-13,Cash,886,7296,On Time,923.84
3323576462,20163931,2023-12-10 23:24:46,2023-12-10,UPI,2647,62311,On Time,2160.52
4220834107,74682740,2023-09-29 21:58:34,2023-09-29,UPI,3816,39345,On Time,422.14
4409513224,12814732,2024-10-26 17:06:24,2024-10-26,Card,2470,42130,Slightly Delayed,947.24
5610159677,90184276,2023-08-31 12:25:40,2023-08-31,Wallet,1911,19987,On Time,1883.53
6259219127,21577948,2023-05-12 21:31:44,2023-05-12,Card,1861,17129,On Time,2162.88
5628497118,50229203,2024-10-24 08:05:56,2024-10-24,Card,7916,87309,Slightly Delayed,2543.92
1508576390,81541985,2023-07-27 08:37:51,2023-07-27,UPI,2534,46857,Significantly Delayed,1407.4
5922953060,96628029,2024-09-13 18:08:03,2024-09-13,Card,6461,71666,On Time,1867.74
5130838561,10524732,2023-07-26 19:47:28,2023-07-26,Wallet,5623,26109,On Time,319.8
3217749279,40643232,2023-09-29 04:16:36,2023-09-29,Cash,1852,21471,On Time,995.64
9279422297,15043066,2023-04-07 10:39:15,2023-04-07,Card,2698,29442,On Time,2129.39
222955546,51661209,2023-09-27 18:47:23,2023-09-27,Wallet,6514,69541,Significantly Delayed,123.3
8290493339,69340015,2024-01-29 17:37:49,2024-01-29,Card,4728,23578,On Time,316.02
6418952352,34381941,2023-08-31 15:44:34,2023-08-31,Card,736,27372,On Time,2310.95
8978231928,73799927,2024-10-30 16:12:20,2024-10-30,Wallet,1396,5320,Slightly Delayed,1938.5
3746306403,47625855,2023-07-03 01:48:54,2023-07-03,Wallet,7362,24591,On Time,2987.17
3157198428,61753272,2024-10-30 05:05:11,2024-10-30,Cash,8431,42198,On Time,635.77
981939883,51119088,2023-05-03 16:43:24,2023-05-03,Cash,9433,60237,Slightly Delayed,3449.49
6569836274,5228136,2024-06-24 17:12:34,2024-06-24,Cash,357,18594,Slightly Delayed,939.55
5695124358,90144978,2024-05-16 05:05:56,2024-05-16,Cash,1708,12767,On Time,1927.44
773335066,26935187,2023-07-24 21:59:43,2023-07-24,Card,8054,91032,On Time,2980.84
3618712852,27049432,2023-10-14 05:20:24,2023-10-14,Wallet,9081,68636,On Time,3254.15
6009732867,6982488,2024-08-02 07:29:36,2024-08-02,Cash,5502,91790,On Time,2793.26
7269785858,47939657,2024-08-04 03:58:54,2024-08-04,Cash,1264,6677,On Time,2799.31
5798831066,42102289,2024-04-16 21:48:06,2024-04-16,UPI,9700,15811,On Time,1395.01
5330654120,90299101,2024-11-03 03:47:18,2024-11-03,Wallet,1479,21693,On Time,2238.94
462189338,34755436,2023-09-04 03:35:49,2023-09-04,Card,4391,90802,On Time,3958.23
7536187765,19091057,2024-04-15 19:33:23,2024-04-15,Cash,3177,37981,On Time,4205.85
9938820107,27304727,2023-11-07 10:46:13,2023-11-07,Cash,4521,22973,On Time,3090.23
9410751894,44859592,2024-07-25 06:19:25,2024-07-25,Cash,8533,38915,On Time,755.91
9172888683,71956734,2024-06-18 01:08:02,2024-06-18,UPI,787,86299,On Time,308.31
8018695018,68419593,2023-05-04 00:11:26,2023-05-04,UPI,811,75374,Slightly Delayed,651.93
7456610316,74231111,2024-07-03 05:52:52,2024-07-03,Wallet,9051,78607,On Time,4217.75
5627902734,69415494,2023-03-16 19:11:26,2023-03-16,UPI,1809,78934,On Time,3265.08
5189768940,50045027,2023-10-05 08:20:29,2023-10-05,Cash,2998,38893,On Time,530.85
173709007,43034188,2023-10-09 03:17:24,2023-10-09,UPI,3627,80576,Significantly Delayed,2685.03
1485229334,17132416,2023-07-19 05:19:43,2023-07-19,Card,2234,24486,On Time,2966.09
9334479603,49147776,2023-04-16 20:15:21,2023-04-16,Card,624,10385,On Time,2248.31
8674211510,10562528,2023-09-01 10:58:12,2023-09-01,Wallet,2569,59298,On Time,1028.49
390257855,5228136,2023-04-22 18:15:18,2023-04-22,UPI,6446,10059,On Time,2763.17
6642374542,32019725,2024-08-30 20:29:58,2024-08-30,Cash,3744,33880,On Time,4537.51
6585999443,93730857,2023-06-10 06:26:25,2023-06-10,UPI,8058,41264,On Time,354.52
622705569,93723634,2024-07-07 09:20:21,2024-07-07,Card,7060,50356,On Time,990.34
1635083835,79135318,2023-09-27 08:43:18,2023-09-27,Card,8601,52328,Slightly Delayed,2104.24
7359512417,96511007,2024-08-30 06:37:00,2024-08-30,Card,8982,99158,Slightly Delayed,1010.15
9237698013,79895967,2024-08-15 20:42:56,2024-08-15,UPI,901,97783,On Time,2101.0
3492935177,3660263,2024-03-24 00:55:20,2024-03-24,Wallet,5029,92168,On Time,899.58
4324086468,68486301,2024-02-25 04:33:09,2024-02-25,Card,9966,98362,On Time,3675.75
9171218505,89968482,2024-05-31 15:09:35,2024-05-31,Cash,3856,20611,Significantly Delayed,4727.19
5068157547,46741896,2023-10-10 13:05:06,2023-10-10,UPI,6731,88481,On Time,3073.17
8558710948,70459847,2024-06-21 18:44:51,2024-06-21,Wallet,8970,77005,On Time,3199.48
3184669775,71643758,2024-05-13 02:47:12,2024-05-13,Cash,2888,19867,Significantly Delayed,4406.88
7079324691,38902193,2023-04-04 09:05:35,2023-04-04,UPI,7275,462,On Time,1955.04
4210311922,56195475,2023-05-17 20:54:34,2023-05-17,UPI,1290,10778,On Time,340.36
7660037070,82585664,2024-02-16 20:58:57,2024-02-16,Wallet,9854,70814,On Time,2558.05
9410025634,59643062,2024-01-28 03:08:47,2024-01-28,Card,9721,88594,On Time,3566.13
6798589010,18035010,2023-09-27 15:18:51,2023-09-27,UPI,7780,91875,Slightly Delayed,935.2
5401466202,12305040,2024-09-26 19:49:44,2024-09-26,Card,916,7713,Slightly Delayed,4220.5
9102648124,81533356,2024-01-06 15:27:13,2024-01-06,UPI,3462,87083,Slightly Delayed,2393.42
1969956670,32203588,2024-10-24 01:26:23,2024-10-24,Wallet,4929,72157,Slightly Delayed,730.66
1194228460,61516967,2024-03-11 16:11:01,2024-03-11,Card,4890,35853,On Time,4057.11
9628463148,12814732,2024-08-25 16:54:55,2024-08-25,UPI,8746,5444,On Time,4238.73
7745364283,25585013,2023-06-18 18:50:01,2023-06-18,Wallet,7277,23255,On Time,722.02
9892343037,55472026,2024-07-31 02:40:27,2024-07-31,Cash,498,19236,Significantly Delayed,879.67
1588828749,11540364,2023-11-17 13:40:42,2023-11-17,UPI,3483,54662,On Time,3402.86
4037647778,63802820,2023-03-17 05:37:10,2023-03-17,Wallet,4943,651,On Time,1697.37
6664301655,57474553,2023-07-31 01:34:44,2023-07-31,Wallet,4944,67132,On Time,4469.96
7096225581,6319646,2024-06-27 13:54:51,2024-06-27,Wallet,7008,33119,On Time,2458.6
79029185,39645619,2024-06-06 13:46:34,2024-06-06,Cash,5208,72146,Slightly Delayed,1039.32
7831967187,81528623,2023-06-06 00:47:41,2023-06-06,Card,1288,34714,On Time,923.84
482214790,31156674,2023-04-10 05:37:48,2023-04-10,Wallet,7028,49560,On Time,631.7
5931307224,2361575,2023-11-27 08:46:41,2023-11-27,Cash,7790,44956,Significantly Delayed,4401.93
6410432854,28995786,2023-11-23 13:40:14,2023-11-23,Wallet,1051,44093,Slightly Delayed,831.1
6124624375,26844216,2024-09-12 04:06:44,2024-09-12,Wallet,2393,53745,Slightly Delayed,2750.43
8992870838,46504355,2023-09-17 06:19:15,2023-09-17,Cash,3644,81482,On Time,2952.73
8377146126,33331259,2024-02-27 17:32:31,2024-02-27,Wallet,3287,5897,On Time,3171.87
7852428533,9246851,2023-06-05 06:19:09,2023-06-05,Wallet,4845,50641,Slightly Delayed,895.48
9258876870,26303194,2024-03-14 16:02:39,2024-03-14,Wallet,3914,20123,On Time,1155.09
6810940082,84953008,2023-11-02 14:40:54,2023-11-02,Cash,3807,15147,On Time,1995.03
3330538479,98246574,2024-01-23 16:21:51,2024-01-23,Card,8911,52024,On Time,2408.31
7270469981,22210238,2023-07-28 03:37:24,2023-07-28,UPI,5723,60463,On Time,4419.3
5636241570,94281220,2024-06-21 20:13:31,2024-06-21,UPI,6451,98065,On Time,482.06
4467471002,74179536,2023-11-27 13:08:59,2023-11-27,Wallet,2206,81664,Significantly Delayed,1496.97
6201821502,45166203,2024-05-03 13:04:47,2024-05-03,UPI,5847,57553,Slightly Delayed,1548.37
6144140039,66233704,2024-03-22 18:58:48,2024-03-22,Cash,4633,6277,On Time,223.27
3310749597,95372766,2023-07-05 04:10:43,2023-07-05,Cash,8028,34920,Slightly Delayed,1718.88
5085488484,67215939,2023-12-09 11:46:45,2023-12-09,Cash,9241,30364,On Time,3736.39
587498345,69863493,2024-06-28 03:45:22,2024-06-28,Cash,4586,93712,Slightly Delayed,3056.03
5136205193,82804543,2023-08-22 07:04:34,2023-08-22,Card,9587,35041,On Time,1273.97
9321319130,48943848,2023-12-31 11:47:11,2023-12-31,Card,7781,57794,On Time,1466.04
9113393578,82359623,2023-12-09 00:01:07,2023-12-09,Cash,6880,37638,On Time,1634.71
3860678807,65488134,2023-04-19 14:13:34,2023-04-19,Card,9444,82696,Slightly Delayed,1834.92
3603683788,31026200,2023-08-18 09:47:35,2023-08-18,UPI,2472,64456,On Time,3085.77
4472082279,41181125,2023-10-15 04:30:26,2023-10-15,UPI,1425,33852,On Time,3887.92
4104732514,35156679,2024-06-13 19:44:54,2024-06-13,Cash,4237,95165,On Time,1358.46
9050314096,75510747,2023-05-26 07:15:43,2023-05-26,Wallet,9917,63220,On Time,883.44
9296105870,77614510,2024-02-21 17:03:42,2024-02-21,Wallet,6696,24307,On Time,697.26
4678456188,21701991,2023-12-12 12:42:19,2023-12-12,Card,1864,70252,Significantly Delayed,3601.48
812386333,72605638,2024-09-18 10:20:36,2024-09-18,UPI,4529,10021,On Time,1207.74
8100314462,15345667,2024-02-10 14:36:00,2024-02-10,Card,3141,60492,Significantly Delayed,3322.54
781509952,41878908,2023-04-02 18:57:48,2023-04-02,Card,8020,41511,On Time,3133.36
1918416669,99695529,2023-05-08 22:55:16,2023-05-08,UPI,8311,33170,On Time,4309.86
1152165724,90448312,2024-01-04 10:15:15,2024-01-04,Wallet,9365,53106,Significantly Delayed,1243.42
9664390656,16420489,2023-08-09 09:21:19,2023-08-09,UPI,1181,16129,On Time,3445.68
2686950796,22081691,2023-05-15 08:13:32,2023-05-15,Cash,59,7632,Significantly Delayed,3339.57
7332801173,89472859,2023-06-12 14:45:29,2023-06-12,Cash,4575,81859,On Time,2144.77
3503438244,24745800,2024-02-14 01:04:54,2024-02-14,Wallet,7133,17071,On Time,3086.21
4044591373,65782437,2024-04-19 14:16:19,2024-04-19,Cash,7305,22077,On Time,1042.86
7817195618,40703374,2023-05-16 23:58:22,2023-05-16,Card,7138,69802,On Time,2901.47
8974710941,96109948,2024-09-03 04:46:02,2024-09-03,Card,9285,23334,Slightly Delayed,1827.41
2811268404,98691989,2023-07-21 16:42:28,2023-07-21,UPI,6744,8913,Significantly Delayed,2599.65
7251548462,8955057,2024-07-07 17:24:52,2024-07-07,UPI,2421,29113,On Time,1796.47
352037003,47955004,2024-01-28 03:46:56,2024-01-28,Card,2840,37403,On Time,2839.76
8510312737,89361574,2024-03-06 14:58:39,2024-03-06,Wallet,8121,38863,On Time,2119.66
3242700095,84468124,2024-10-14 01:14:18,2024-10-14,Cash,1242,53498,On Time,1838.81
5833898647,18256339,2023-10-09 08:46:04,2023-10-09,Wallet,4349,15139,On Time,4095.44
7212771842,80315623,2023-04-29 21:57:29,2023-04-29,Cash,977,7028,On Time,4306.01
7799757050,19556566,2024-05-31 20:17:20,2024-05-31,Cash,3275,15948,On Time,3377.8
9593303695,22054087,2023-07-05 11:15:43,2023-07-05,Cash,7693,98145,Slightly Delayed,1291.17
7709693536,59353207,2023-09-05 19:40:37,2023-09-05,Card,5168,187,Slightly Delayed,1440.87
5092922964,92123198,2023-11-22 14:16:24,2023-11-22,UPI,6730,87013,On Time,2986.95
8318806722,67696145,2024-07-25 12:29:19,2024-07-25,UPI,9356,65916,Significantly Delayed,4507.49
4352870279,60620291,2024-07-23 14:04:34,2024-07-23,UPI,3700,13768,Significantly Delayed,2821.85
6722040962,83412446,2023-11-14 02:28:33,2023-11-14,Card,4165,60055,On Time,2739.45
1690831615,20625627,2023-05-25 17:46:52,2023-05-25,Cash,4786,12676,On Time,1465.71
6475689021,16341776,2023-05-20 20:52:25,2023-05-20,Cash,6086,46744,On Time,1036.38
8361280131,28280172,2024-09-21 00:07:16,2024-09-21,Wallet,4486,25910,Slightly Delayed,2583.14
2664549359,90586443,2024-06-17 09:06:43,2024-06-17,Wallet,7423,6230,Slightly Delayed,644.8
9510912773,9274874,2023-05-07 10:04:14,2023-05-07,UPI,8608,79994,On Time,310.69
3654462337,35826539,2023-09-23 03:12:41,2023-09-23,Card,4221,60908,Slightly Delayed,3741.32
2308652017,54877984,2023-08-08 15:02:32,2023-08-08,Card,6245,90365,On Time,2378.27
8300200841,58214883,2024-03-15 15:34:39,2024-03-15,Card,1335,19811,On Time,1243.72
5027243163,85072416,2024-03-19 12:55:48,2024-03-19,Card,9495,72202,On Time,2522.68
713290065,42227189,2023-11-05 11:13:41,2023-11-05,UPI,3612,69957,On Time,3218.36
2006434350,20956158,2023-06-24 15:43:32,2023-06-24,Wallet,6914,5355,On Time,988.35
6587221270,20496835,2023-12-23 00:58:59,2023-12-23,Wallet,4061,8043,On Time,1596.47
969705468,25447967,2024-01-06 20:16:18,2024-01-06,UPI,4493,86249,On Time,1772.45
4492000627,63262519,2023-05-30 10:49:32,2023-05-30,UPI,798,51632,On Time,962.81
977290328,14428954,2023-12-14 10:22:15,2023-12-14,Cash,5087,80011,Significantly Delayed,4122.35
8735245723,33331259,2023-07-04 15:53:03,2023-07-04,Wallet,2539,81631,On Time,114.52
6299539090,80796977,2024-08-30 00:55:24,2024-08-30,Cash,9493,11906,On Time,3665.54
2177211652,15808945,2023-06-29 22:32:02,2023-06-29,UPI,4254,51339,Significantly Delayed,160.07
8972569491,72366758,2023-11-26 12:35:15,2023-11-26,Cash,2493,43612,Significantly Delayed,1678.35
7658414712,54216497,2023-09-14 17:57:43,2023-09-14,Wallet,7059,65853,On Time,2373.52
2069355540,98540377,2024-07-27 16:24:39,2024-07-27,Cash,5647,46546,On Time,1677.93
4084790776,75674671,2024-09-09 14:15:37,2024-09-09,UPI,5993,74479,On Time,2732.87
8716008121,38613642,2023-12-21 13:58:26,2023-12-21,Card,8525,94222,On Time,4747.65
9781965606,8164639,2023-07-12 16:39:41,2023-07-12,Cash,2586,41676,On Time,1216.28
8380133046,40392019,2024-02-05 17:25:35,2024-02-05,UPI,6748,83971,On Time,1587.58
691827543,6637282,2023-04-15 13:23:53,2023-04-15,UPI,8884,32846,On Time,889.75
5750245858,41146001,2023-04-07 00:49:00,2023-04-07,Cash,8260,11457,Slightly Delayed,1009.47
1578150657,32054313,2024-10-16 06:10:47,2024-10-16,Wallet,1680,95773,Significantly Delayed,2462.7
9069556587,41811800,2024-02-29 11:58:29,2024-02-29,Card,931,45086,Slightly Delayed,854.66
8396347551,36737539,2023-09-30 19:12:44,2023-09-30,Cash,1806,84471,On Time,3956.37
6083487488,11143197,2024-03-11 03:23:00,2024-03-11,Cash,1224,71075,Slightly Delayed,2226.74
3191281184,67538982,2023-07-01 16:09:53,2023-07-01,Card,8818,6400,On Time,1663.96
6397409024,12059049,2024-01-03 08:18:04,2024-01-03,Cash,8981,47831,Slightly Delayed,3874.95
9021529086,12272282,2024-03-16 18:58:55,2024-03-16,Card,6322,70207,On Time,2280.99
8214544415,56780331,2023-12-28 17:28:42,2023-12-28,Card,6712,93269,On Time,3542.65
8569302709,7378768,2023-10-07 19:29:11,2023-10-07,Card,4362,53705,On Time,309.62
2219192870,41155125,2024-01-18 01:38:44,2024-01-18,UPI,6756,46891,Slightly Delayed,883.44
8537081061,57956497,2023-08-16 01:03:14,2023-08-16,Wallet,8106,17933,Slightly Delayed,2333.58
9284683425,30755306,2024-05-16 06:40:24,2024-05-16,Card,8569,40427,On Time,2256.38
9774193601,19523014,2023-05-30 10:59:10,2023-05-30,Card,3607,23828,Significantly Delayed,5245.35
7496826261,21658322,2023-11-17 05:25:38,2023-11-17,Wallet,5287,70218,On Time,2371.62
1058749075,51592174,2023-08-26 23:09:46,2023-08-26,Cash,4311,94872,On Time,1837.92
7128038799,6724509,2024-03-10 18:26:41,2024-03-10,Card,5108,23163,On Time,2041.18
3596318350,59398136,2024-10-13 09:36:43,2024-10-13,Cash,6168,79071,On Time,2579.76
3187042843,8651281,2024-01-01 20:55:16,2024-01-01,UPI,5806,56554,Slightly Delayed,1373.43
4673500573,59620534,2023-10-15 14:42:31,2023-10-15,Cash,7195,31637,On Time,3831.31
881900445,34567918,2024-08-06 02:06:11,2024-08-06,Card,7796,31909,On Time,215.65
9874112459,12799092,2024-09-26 23:24:36,2024-09-26,Cash,5610,1360,On Time,80.25
4531430634,32585389,2023-05-17 06:11:20,2023-05-17,UPI,2081,18850,On Time,4039.16
6715699166,76987910,2023-08-01 19:08:52,2023-08-01,Cash,6556,10552,On Time,1919.23
4171748538,63083547,2023-07-06 22:46:24,2023-07-06,UPI,8246,38252,On Time,601.9
4093115982,10508763,2023-05-24 17:04:41,2023-05-24,UPI,9898,47309,On Time,2022.07
2515279840,21573815,2023-12-24 01:39:21,2023-12-24,Cash,8492,69394,On Time,2843.77
4981424948,79628054,2024-10-13 22:25:34,2024-10-13,UPI,9629,25002,On Time,738.74
1911064507,40055711,2024-02-27 17:56:11,2024-02-27,UPI,838,19465,On Time,4031.66
6438392384,29562072,2024-09-14 20:08:42,2024-09-14,Card,2652,66077,On Time,999.78
5859840400,5754255,2023-10-21 23:48:32,2023-10-21,UPI,9665,47423,On Time,647.86
7640576778,83236183,2024-02-13 17:38:08,2024-02-13,Card,5765,28726,Slightly Delayed,5011.05
5453475937,1719710,2023-09-18 12:08:26,2023-09-18,Cash,9393,96220,On Time,3217.91
653610300,78394303,2023-04-24 03:31:24,2023-04-24,Wallet,7532,31516,On Time,1829.29
730299055,16400639,2024-10-21 18:07:22,2024-10-21,Wallet,7751,66096,On Time,2760.39
8396250231,46088132,2024-02-26 03:07:04,2024-02-26,Wallet,4782,13826,Significantly Delayed,242.57
8556969682,48228547,2023-05-21 05:59:01,2023-05-21,UPI,4867,17465,On Time,2606.53
7159670875,37691544,2024-06-22 09:14:03,2024-06-22,Card,6794,18099,Significantly Delayed,1405.86
4922278509,76533277,2023-05-31 07:00:00,2023-05-31,Wallet,7213,29558,On Time,2552.45
8151274002,91550885,2024-06-15 15:52:32,2024-06-15,Cash,9763,38275,On Time,2737.59
5373978100,82179338,2024-01-16 16:39:24,2024-01-16,Wallet,9378,79638,On Time,2675.69
6210207010,1601161,2023-06-27 08:18:16,2023-06-27,UPI,8717,90871,On Time,1553.52
1837403174,84993732,2023-05-03 21:32:45,2023-05-03,Card,8168,10176,On Time,849.48
1148265823,21809858,2024-10-29 08:25:53,2024-10-29,UPI,3769,31213,On Time,1198.97
8472487149,74761384,2024-02-12 05:29:12,2024-02-12,Cash,1217,43294,Significantly Delayed,1484.96
9111535172,9274874,2024-05-08 17:42:04,2024-05-08,Wallet,3465,19224,On Time,354.52
6558001978,88520326,2024-02-19 15:05:47,2024-02-19,Cash,4832,39255,On Time,1177.64
2762095386,84066402,2024-08-11 16:29:49,2024-08-11,UPI,5015,69303,On Time,786.85
2406325099,31718565,2023-11-13 22:39:53,2023-11-13,Card,7671,27946,Significantly Delayed,1623.98
4274182127,22020776,2024-09-26 16:46:47,2024-09-26,Wallet,1192,56552,On Time,4992.15
7271609994,11616535,2023-04-25 20:58:47,2023-04-25,UPI,8298,21302,On Time,3007.32
9182539734,66359719,2023-07-06 15:35:53,2023-07-06,Cash,5109,19556,On Time,1557.06
7891517071,78412820,2024-01-31 17:11:17,2024-01-31,Cash,714,47196,Significantly Delayed,2474.5
3666182849,63793401,2024-11-03 11:37:13,2024-11-03,UPI,3345,43230,On Time,856.05
8724590445,10729474,2023-06-02 15:59:43,2023-06-02,UPI,7447,47010,On Time,1934.86
7919863938,4378755,2024-08-29 23:35:57,2024-08-29,Card,1853,68044,On Time,1024.37
3545539999,49449238,2024-01-08 15:59:54,2024-01-08,Cash,2915,56431,Slightly Delayed,3469.35
7463392603,46684081,2024-02-11 09:20:45,2024-02-11,UPI,6725,18713,Significantly Delayed,1131.6
7296733293,86715467,2024-02-09 03:46:39,2024-02-09,Card,2734,66098,Significantly Delayed,3845.82
7118924734,66310963,2023-10-10 05:21:44,2023-10-10,Card,5373,23488,On Time,3580.46
2529809156,71905368,2024-05-21 14:38:44,2024-05-21,UPI,6071,71519,Significantly Delayed,2728.49
2216699744,5540556,2024-06-14 02:41:43,2024-06-14,Wallet,8449,75428,On Time,939.55
8257221712,5277675,2023-10-07 04:05:52,2023-10-07,Cash,987,19186,Significantly Delayed,140.8
1357352531,9246851,2023-06-07 13:43:08,2023-06-07,Card,8829,35782,On Time,4202.96
2108138590,67918495,2023-11-08 12:59:26,2023-11-08,UPI,2521,67215,Significantly Delayed,1181.36
5648212121,37633848,2023-12-28 00:03:12,2023-12-28,Wallet,599,90177,On Time,3820.42
3951878528,28458746,2023-12-23 01:02:42,2023-12-23,Card,516,28174,Significantly Delayed,372.99
8310385249,97315135,2023-07-29 19:09:41,2023-07-29,Cash,4282,6118,On Time,1439.56
7513562596,88130777,2024-07-05 09:03:19,2024-07-05,Cash,4978,10923,On Time,909.62
6304586678,38496400,2023-09-25 15:08:53,2023-09-25,UPI,2069,36388,On Time,1823.12
5222812863,65294340,2024-04-11 02:15:28,2024-04-11,UPI,9659,17086,On Time,1608.38
5393039591,40419593,2024-10-04 07:41:16,2024-10-04,UPI,8293,31204,On Time,225.21
6708586922,91072336,2024-05-23 16:52:07,2024-05-23,UPI,3845,86114,Significantly Delayed,1435.7
3177552965,99231937,2024-05-17 13:22:20,2024-05-17,Wallet,162,8594,On Time,3176.5
607125614,55425478,2024-05-06 11:07:24,2024-05-06,Cash,6238,55507,Slightly Delayed,3303.42
139417019,75566105,2023-07-09 20:06:51,2023-07-09,UPI,6806,22566,On Time,561.59
1893231742,51661209,2024-10-19 04:23:53,2024-10-19,Cash,7244,69619,On Time,4078.0
3580010065,95590889,2023-05-09 02:49:46,2023-05-09,UPI,4966,80806,On Time,3658.91
962319394,44723662,2023-08-22 00:07:05,2023-08-22,Cash,7814,94025,Slightly Delayed,1246.94
8321726382,82918668,2023-04-15 13:22:44,2023-04-15,UPI,8641,199,On Time,1787.9
1485682761,70363568,2023-10-03 19:11:52,2023-10-03,Card,5550,94732,On Time,217.5
5008756947,73661993,2023-08-26 16:15:41,2023-08-26,UPI,6239,86785,On Time,504.2
1334996274,11493380,2023-07-10 16:09:06,2023-07-10,Wallet,8461,35323,On Time,1261.7
2914506024,31940833,2024-02-27 16:10:19,2024-02-27,UPI,9636,94705,On Time,2230.61
8811831663,74682740,2023-04-11 01:17:20,2023-04-11,Wallet,2183,64662,On Time,1254.05
875427533,10686446,2024-03-27 11:56:09,2024-03-27,Card,3308,81548,Slightly Delayed,2505.6
5865390748,30042971,2024-10-01 03:21:09,2024-10-01,UPI,9446,71450,On Time,3835.46
4054828941,99893898,2023-12-15 21:50:57,2023-12-15,UPI,943,43029,Significantly Delayed,2497.98
1257568604,9981089,2023-09-28 17:25:52,2023-09-28,Cash,7359,44274,On Time,1937.41
2738862626,56572297,2024-01-21 04:31:08,2024-01-21,Wallet,20,46667,Slightly Delayed,2563.4
7352532839,9738801,2024-02-28 19:04:46,2024-02-28,Card,565,58851,On Time,2184.8
520221662,53025962,2023-07-20 19:20:42,2023-07-20,Wallet,5354,85866,On Time,3252.54
7818925535,45477575,2023-11-02 09:59:32,2023-11-02,Wallet,3488,27625,On Time,2912.9
3476023750,43990799,2023-06-02 20:43:59,2023-06-02,Wallet,6330,37075,On Time,3505.44
8945838922,13415362,2023-05-22 09:43:39,2023-05-22,Cash,9294,82508,On Time,1609.53
2233053313,15830066,2023-10-14 20:23:47,2023-10-14,Cash,5235,67838,On Time,2419.41
1844073851,38808614,2024-02-06 08:44:48,2024-02-06,Card,9511,76415,On Time,3496.85
8348125769,29584848,2023-12-08 18:15:56,2023-12-08,UPI,4692,33620,Slightly Delayed,3498.69
8475818223,12832151,2023-11-16 04:11:04,2023-11-16,Card,3969,37091,Significantly Delayed,3876.19
4270941188,47274329,2024-01-13 09:26:19,2024-01-13,Wallet,5895,4506,On Time,1781.72
2611200126,91448742,2024-05-12 02:52:07,2024-05-12,Wallet,3341,56652,On Time,469.82
8573833987,12988801,2024-02-11 13:33:15,2024-02-11,UPI,8349,92757,On Time,4027.79
2979246068,61763552,2024-02-23 02:42:53,2024-02-23,Wallet,4928,81847,Significantly Delayed,2722.28
6779895105,64535602,2024-09-10 12:43:15,2024-09-10,Cash,2361,39690,On Time,3231.88
1731478314,67215939,2024-07-30 05:14:35,2024-07-30,Card,1205,3611,Slightly Delayed,4467.79
3692405872,41878908,2023-07-31 12:17:00,2023-07-31,Wallet,5834,36429,On Time,941.19
8853713324,58505903,2023-08-07 01:57:04,2023-08-07,Card,3535,72198,On Time,1163.18
979766779,57081917,2024-04-23 22:02:29,2024-04-23,Card,7125,55258,On Time,2428.41
5709672475,16543242,2023-08-14 02:30:24,2023-08-14,UPI,5734,12442,On Time,895.76
3855709201,13651980,2024-04-23 22:23:51,2024-04-23,UPI,905,78393,Slightly Delayed,1013.9
6861065282,57523973,2023-08-18 18:41:22,2023-08-18,UPI,7053,70502,Slightly Delayed,310.69
7919724613,81200164,2023-03-21 15:25:10,2023-03-21,Cash,7184,4767,Slightly Delayed,2379.82
7882742057,32293017,2024-07-26 15:41:14,2024-07-26,Card,5819,60422,On Time,612.04
1929002406,67538982,2023-12-25 21:38:52,2023-12-25,Cash,999,6504,On Time,2088.54
2458349464,99714944,2023-04-06 12:40:21,2023-04-06,Wallet,3079,92293,On Time,888.12
6608328221,76020843,2023-07-04 15:36:23,2023-07-04,Cash,5951,43351,On Time,2880.22
7736615348,84161531,2023-12-06 20:58:03,2023-12-06,Wallet,5792,67076,On Time,2063.11
2591738507,14705462,2024-10-31 07:36:44,2024-10-31,Card,9640,76434,On Time,4675.99
6751537971,98444183,2024-07-19 06:03:25,2024-07-19,Card,3219,33447,On Time,307.23
9768154003,88045094,2024-01-23 03:50:24,2024-01-23,UPI,368,14323,Significantly Delayed,697.53
5887288860,40587811,2024-03-01 21:18:19,2024-03-01,Cash,1299,90694,On Time,3395.38
3559865135,66310963,2024-01-07 15:10:40,2024-01-07,Wallet,4783,90401,Slightly Delayed,2680.81
209044447,2058037,2024-10-05 00:02:57,2024-10-05,Cash,3068,79837,On Time,1039.47
9643668734,34835738,2024-05-18 13:05:12,2024-05-18,Wallet,3860,79734,Significantly Delayed,2292.32
6115465612,12338529,2023-09-28 12:41:47,2023-09-28,Wallet,4157,57658,On Time,3025.66
8493723088,20238921,2023-12-30 06:17:00,2023-12-30,Cash,8268,98580,On Time,2918.27
6392024503,75640174,2023-09-05 02:48:56,2023-09-05,Wallet,4001,10391,On Time,4108.93
9863468109,73363613,2024-01-28 04:18:04,2024-01-28,UPI,2857,44564,On Time,1394.71
5448628635,21658322,2023-05-07 13:19:59,2023-05-07,Wallet,9724,36280,On Time,545.35
3329455953,31371112,2024-03-01 05:42:55,2024-03-01,Card,1848,8271,On Time,2339.17
3584190892,60974181,2023-10-17 04:25:37,2023-10-17,UPI,7311,44526,On Time,160.07
9097056321,16424635,2024-04-08 07:50:28,2024-04-08,Card,1740,26978,On Time,2739.54
525741957,88866835,2023-05-03 06:11:45,2023-05-03,UPI,7772,28414,On Time,3048.43
5387395051,37095171,2024-09-18 07:54:17,2024-09-18,Cash,8767,63460,Slightly Delayed,1188.35
6799246060,6245778,2023-11-06 06:10:47,2023-11-06,Wallet,5394,84316,On Time,764.18
8986314607,11047835,2024-08-30 06:54:42,2024-08-30,Cash,4805,72548,On Time,3422.97
1085912198,93198324,2023-03-21 22:45:08,2023-03-21,Cash,5110,45229,On Time,4058.84
3423328091,18935489,2023-09-24 21:34:59,2023-09-24,UPI,477,87845,On Time,1013.23
9848366909,34281470,2023-11-06 02:40:42,2023-11-06,Card,1424,73787,Slightly Delayed,3636.32
936021770,79960955,2024-02-02 04:58:39,2024-02-02,UPI,9738,2107,On Time,2272.86
8916215165,49806393,2023-08-08 02:28:27,2023-08-08,Wallet,1629,3089,On Time,3939.8
389558867,8375298,2023-09-12 00:13:47,2023-09-12,Cash,8488,23492,On Time,212.14
7616883530,16410155,2023-09-05 01:44:10,2023-09-05,Card,6202,75823,On Time,2182.8
3851744248,61763552,2023-04-30 08:27:50,2023-04-30,Wallet,9945,82050,On Time,3985.16
4953665655,14428954,2024-01-16 22:18:13,2024-01-16,Cash,789,95729,Significantly Delayed,1570.97
962864152,24357425,2024-07-19 06:35:56,2024-07-19,Card,2048,58963,On Time,1662.02
923668833,47125914,2023-05-12 22:14:40,2023-05-12,Card,9443,48623,On Time,1599.98
4022122330,33871107,2023-12-04 19:25:48,2023-12-04,UPI,7115,76472,Slightly Delayed,4022.8
4564846800,79764458,2023-08-10 00:59:51,2023-08-10,UPI,9995,41373,Slightly Delayed,2989.97
690652905,75289676,2024-04-24 17:11:57,2024-04-24,Cash,8496,24116,On Time,3539.79
716741661,43052303,2024-10-15 06:25:15,2024-10-15,UPI,3076,24941,On Time,3850.67
6575532281,44149982,2024-03-25 01:04:48,2024-03-25,Wallet,858,43140,Significantly Delayed,1220.66
7486807731,71189232,2023-12-13 13:24:08,2023-12-13,UPI,1667,58099,Significantly Delayed,4142.77
9721870982,79919160,2023-11-12 10:08:16,2023-11-12,Cash,2789,12717,On Time,1339.43
8105823343,16400639,2023-10-15 08:55:25,2023-10-15,Card,2045,10154,Significantly Delayed,3202.58
7113554979,19180962,2023-11-27 04:04:09,2023-11-27,Card,4421,60033,On Time,127.16
507373134,95269737,2024-10-23 14:51:34,2024-10-23,UPI,9622,79937,Slightly Delayed,4731.51
4674132573,98444183,2024-10-21 20:15:16,2024-10-21,UPI,7503,44189,Significantly Delayed,2350.69
487395969,93924203,2023-12-13 17:32:31,2023-12-13,Card,8364,10746,On Time,2619.2
3962007460,93458307,2024-07-31 07:37:21,2024-07-31,UPI,5430,87494,Significantly Delayed,1119.19
2272882287,25641500,2024-07-12 23:06:58,2024-07-12,Card,2742,92563,Slightly Delayed,3442.64
4426246696,88923048,2023-11-22 22:35:31,2023-11-22,Wallet,6604,97040,On Time,1763.53
1714709914,86067293,2024-09-10 12:34:01,2024-09-10,UPI,5991,39465,On Time,3458.06
3159133564,81541985,2023-08-05 08:36:09,2023-08-05,Cash,3571,3774,On Time,1824.8
4531739740,98088303,2024-06-24 04:12:18,2024-06-24,Card,8908,2730,On Time,1748.85
3158981349,92038780,2023-10-25 08:51:16,2023-10-25,UPI,8618,64734,On Time,524.67
1789010378,81533356,2023-07-28 05:08:23,2023-07-28,UPI,8377,62408,On Time,2506.08
705203916,58929595,2024-08-04 20:52:03,2024-08-04,Wallet,3027,51498,Slightly Delayed,2686.57
7255510932,62526813,2024-08-06 11:22:44,2024-08-06,UPI,2875,75343,On Time,2241.22
1991167685,37309023,2024-03-02 13:26:21,2024-03-02,Card,5917,97004,On Time,123.74
5103721089,5135207,2023-08-21 00:30:07,2023-08-21,UPI,7585,48344,Slightly Delayed,4045.22
9674006557,60561655,2023-05-02 13:10:57,2023-05-02,Cash,5795,74578,On Time,4406.9
1073466441,42465414,2023-05-30 09:11:42,2023-05-30,UPI,8737,46168,Slightly Delayed,632.43
5407006470,95364457,2024-05-24 14:58:37,2024-05-24,Card,204,72572,On Time,1748.85
747347782,6398761,2023-04-25 06:38:32,2023-04-25,Card,9306,88192,On Time,3048.42
8554063149,5039883,2024-06-09 04:26:22,2024-06-09,Cash,5696,61925,Significantly Delayed,2713.89
4855215470,21573815,2024-03-31 07:48:38,2024-03-31,Wallet,3445,41692,On Time,3499.44
5008998072,26245432,2024-01-05 09:11:09,2024-01-05,Wallet,1831,68214,On Time,4861.34
9696466906,40434527,2024-05-01 21:28:23,2024-05-01,Wallet,504,22128,On Time,2085.85
7189534591,6291143,2023-08-18 15:16:56,2023-08-18,Cash,1239,89782,On Time,3354.47
9965941354,82286725,2023-11-13 19:55:32,2023-11-13,Card,9546,10750,Significantly Delayed,625.45
1275232752,83304571,2023-08-24 07:35:20,2023-08-24,UPI,9761,80057,On Time,422.23
343479370,5043760,2024-05-03 12:35:40,2024-05-03,Cash,4894,63936,On Time,1820.87
2485933387,21573815,2024-07-10 17:30:21,2024-07-10,UPI,5729,91595,On Time,1489.6
6735843326,52085702,2024-10-24 05:41:04,2024-10-24,UPI,6190,42373,Slightly Delayed,3348.38
6384313098,47295676,2023-12-07 02:25:53,2023-12-07,Card,1995,33058,Slightly Delayed,3180.96
1022032613,59436131,2023-12-10 08:16:59,2023-12-10,Card,2314,20565,On Time,2830.88
8026892264,93341057,2023-09-24 14:10:07,2023-09-24,Cash,8942,34461,On Time,3867.59
7158825499,63571453,2024-04-14 21:33:07,2024-04-14,Wallet,6206,32726,On Time,1275.88
5327013494,89418072,2024-04-18 08:19:55,2024-04-18,Wallet,1387,99300,Slightly Delayed,968.65
1002526452,97475543,2023-07-31 23:19:05,2023-07-31,Cash,852,56579,On Time,5001.82
4650525854,71694275,2024-01-17 10:55:53,2024-01-17,Cash,7455,17326,Significantly Delayed,209.59
6260291784,75038062,2024-07-08 19:24:57,2024-07-08,Cash,365,11624,On Time,359.98
1884314278,15534747,2023-09-15 23:42:07,2023-09-15,Card,979,32462,On Time,847.01
7074219396,36737539,2024-05-04 13:09:12,2024-05-04,UPI,3890,80741,Slightly Delayed,1474.63
807183459,76212152,2023-09-05 11:59:41,2023-09-05,Wallet,4336,23145,Slightly Delayed,3111.71
598539940,76970363,2023-07-28 17:31:14,2023-07-28,Wallet,2514,71176,On Time,2753.61
427702490,71607166,2024-01-20 21:29:03,2024-01-20,Wallet,3710,82652,On Time,891.72
955844536,4597433,2023-03-29 12:08:35,2023-03-29,UPI,1207,35124,On Time,2719.11
5397640599,2684440,2024-05-24 20:01:10,2024-05-24,Card,6297,61581,On Time,720.95
3451246886,36774480,2024-05-22 09:25:46,2024-05-22,UPI,1620,17814,On Time,2937.69
8487733248,12500465,2023-04-26 12:34:26,2023-04-26,Wallet,311,39978,Significantly Delayed,778.9
2921621434,41194825,2023-08-17 21:00:25,2023-08-17,UPI,7990,58563,On Time,1380.46
4757133884,34655710,2024-08-03 13:51:39,2024-08-03,UPI,2289,38740,On Time,123.74
1793847102,93563435,2024-09-09 01:52:04,2024-09-09,Cash,4170,63715,On Time,1760.2
6197760573,5763963,2023-03-27 07:49:31,2023-03-27,Card,939,34868,On Time,1233.03
6818660907,38420886,2024-07-10 08:05:05,2024-07-10,Card,6281,81901,On Time,1228.81
7807587130,74174956,2023-12-11 13:20:26,2023-12-11,Card,9094,4160,On Time,2515.16
4540563647,79257353,2023-05-14 22:05:58,2023-05-14,Card,8238,17669,On Time,582.87
2480913332,95912198,2023-10-16 13:16:53,2023-10-16,Cash,616,86820,Significantly Delayed,3394.38
5735481292,85907588,2024-06-17 23:50:28,2024-06-17,UPI,4445,75148,Significantly Delayed,2015.59
7112326373,46848302,2023-05-13 11:18:17,2023-05-13,Cash,5870,63548,On Time,3624.08
614274161,10240052,2023-09-27 09:06:29,2023-09-27,Cash,8724,22704,On Time,264.89
5512258335,1469696,2024-03-23 00:19:43,2024-03-23,Cash,4082,10688,On Time,242.57
1214757247,46675763,2023-09-06 17:44:49,2023-09-06,Card,9274,57089,On Time,3474.87
4211686231,66354642,2023-06-09 04:56:26,2023-06-09,Cash,1748,18758,On Time,4088.63
5288088590,9314637,2023-12-22 07:57:54,2023-12-22,Wallet,6865,37879,On Time,2440.09
1193525681,60399360,2024-09-17 00:09:49,2024-09-17,Wallet,2182,91249,On Time,1845.59
5132095929,96373206,2024-06-29 21:04:38,2024-06-29,Card,6435,96312,Slightly Delayed,4864.21
7703144556,31328762,2023-12-21 05:49:15,2023-12-21,Cash,9043,67233,Significantly Delayed,5086.05
6786199145,21701991,2024-09-04 08:02:43,2024-09-04,Cash,9698,82010,On Time,965.78
2463627380,24644542,2024-08-03 00:58:53,2024-08-03,UPI,4889,20216,On Time,2378.62
6331115638,99729547,2023-07-15 22:06:21,2023-07-15,Cash,4236,69994,On Time,4180.33
9212312136,6959437,2023-12-06 02:27:00,2023-12-06,UPI,6109,33363,Slightly Delayed,517.03
6788500162,48033969,2024-07-10 01:32:46,2024-07-10,Wallet,2229,97174,Slightly Delayed,329.79
2166421384,85218071,2024-05-18 15:43:45,2024-05-18,Cash,1730,52405,Slightly Delayed,1861.47
2744509800,69276352,2023-08-31 10:07:20,2023-08-31,Cash,7252,21797,On Time,98.32
8806260669,15631726,2023-10-17 13:03:52,2023-10-17,UPI,4955,37678,Significantly Delayed,275.03
7773287963,93563435,2023-03-22 02:12:29,2023-03-22,Wallet,4225,19710,On Time,3262.86
8153845667,30192942,2024-08-09 08:44:33,2024-08-09,Wallet,3671,62899,On Time,4095.5
8345887091,54145987,2024-10-13 15:25:55,2024-10-13,Wallet,8412,52252,On Time,2193.68
6638429050,75739462,2024-09-18 07:34:35,2024-09-18,Cash,7135,61637,On Time,2413.79
4132900691,42262168,2024-09-11 00:54:34,2024-09-11,Card,3325,91813,Slightly Delayed,2615.9
2119346062,18259715,2023-07-03 12:44:21,2023-07-03,Cash,7453,62669,On Time,217.4
689310626,69416782,2024-10-01 13:06:45,2024-10-01,Cash,9373,42464,Slightly Delayed,1868.3
9246993674,21701991,2023-11-10 03:43:03,2023-11-10,Card,7248,40297,Slightly Delayed,874.28
2282234185,94706375,2024-07-14 05:45:34,2024-07-14,Wallet,7104,5912,On Time,2600.22
9697170386,48776805,2024-10-07 10:23:41,2024-10-07,Wallet,84,88029,On Time,2391.01
6376147802,60495351,2024-07-16 21:24:19,2024-07-16,Cash,6373,83140,Slightly Delayed,197.39
7415158732,30192942,2024-01-05 20:01:50,2024-01-05,Card,6551,7676,Significantly Delayed,3310.78
343300311,37095171,2024-08-04 01:20:23,2024-08-04,Wallet,9607,90807,Slightly Delayed,2120.74
3922539531,10048910,2024-09-24 15:36:04,2024-09-24,UPI,7568,92783,On Time,1858.86
7634516705,2058037,2023-10-15 14:39:27,2023-10-15,UPI,8148,57257,On Time,2803.07
8731122718,50572914,2023-04-23 05:36:37,2023-04-23,Card,1633,86271,Slightly Delayed,1980.68
9471236505,5540556,2024-10-05 10:53:10,2024-10-05,Cash,3786,81145,Significantly Delayed,2872.87
9497014025,79764458,2024-11-03 04:48:42,2024-11-03,Wallet,7713,52244,Slightly Delayed,1475.14
592358946,54952806,2024-08-22 01:54:12,2024-08-22,Card,6235,90258,On Time,2564.32
9680783354,20517871,2023-04-09 01:52:19,2023-04-09,Cash,7329,42017,On Time,4361.99
6109792602,20148223,2023-09-13 01:59:51,2023-09-13,UPI,2636,97828,On Time,2711.74
2734817654,6184558,2023-04-12 09:38:01,2023-04-12,Wallet,5492,46050,On Time,3676.83
6380542008,76917159,2023-06-08 17:37:20,2023-06-08,UPI,9709,77591,On Time,3087.38
4784760589,97111069,2024-03-21 03:58:41,2024-03-21,Wallet,12,86412,On Time,1639.04
1577703194,25641500,2024-04-28 02:35:49,2024-04-28,Card,4312,52523,On Time,1072.62
6758737749,70363568,2023-10-26 01:52:58,2023-10-26,UPI,1458,51417,On Time,2635.52
4081640450,97557157,2024-03-16 16:59:58,2024-03-16,UPI,6693,87928,On Time,1137.59
9258266990,76512976,2024-03-31 07:48:47,2024-03-31,Wallet,708,96885,On Time,503.05
2109410707,19741509,2024-08-07 20:09:41,2024-08-07,Wallet,1837,13085,On Time,5477.53
576022547,31681710,2024-04-07 05:57:50,2024-04-07,Card,3028,66178,On Time,4924.66
2106943908,27604184,2024-01-28 16:53:04,2024-01-28,Cash,8901,33162,On Time,1032.4
6541281594,51812283,2023-11-18 10:31:04,2023-11-18,Wallet,5063,45396,Slightly Delayed,486.28
2664220988,92091019,2023-05-05 20:23:41,2023-05-05,Card,2504,78144,On Time,3117.45
493514666,12141418,2023-11-20 23:03:29,2023-11-20,Wallet,1953,5754,Slightly Delayed,1421.52
9658669384,29664214,2023-09-06 21:29:00,2023-09-06,UPI,3047,38162,On Time,764.69
8765283513,21461764,2024-02-23 20:01:21,2024-02-23,Cash,1948,3995,Significantly Delayed,1738.07
6421427812,21948041,2023-10-05 01:14:20,2023-10-05,UPI,970,72973,On Time,4518.73
4467093205,8025622,2023-10-24 12:37:26,2023-10-24,UPI,7763,61809,On Time,1067.68
7560862152,34755436,2023-04-15 08:48:53,2023-04-15,UPI,3002,91464,On Time,1409.57
8218080678,53538932,2024-05-04 18:57:03,2024-05-04,Cash,8276,47082,Significantly Delayed,4113.75
8196173573,59110513,2024-07-17 18:24:30,2024-07-17,Wallet,2767,50964,Significantly Delayed,2030.37
1174856327,10855630,2024-06-16 21:24:53,2024-06-16,UPI,6059,32165,Slightly Delayed,2279.72
9754365788,17805991,2023-12-02 21:33:02,2023-12-02,Cash,591,65577,On Time,532.57
8398774908,90448312,2024-02-26 19:43:25,2024-02-26,Wallet,9103,61857,On Time,186.08
626433439,41640262,2024-02-17 23:29:34,2024-02-17,UPI,2862,35365,On Time,4972.56
3097299525,80862136,2023-10-12 15:30:57,2023-10-12,Wallet,3803,3839,On Time,530.85
5367488413,18113428,2023-12-12 04:48:42,2023-12-12,UPI,2328,40803,On Time,3863.99
3700795655,47515046,2023-06-10 18:37:56,2023-06-10,Card,9435,72145,On Time,704.1
3161904185,82374625,2024-01-13 14:18:11,2024-01-13,Wallet,3978,8553,On Time,1241.11
8149944548,16436359,2024-07-24 23:07:04,2024-07-24,Cash,1525,18686,On Time,3094.56
4961830447,3408982,2024-09-06 01:36:17,2024-09-06,UPI,1475,18510,On Time,2369.49
613578154,53974737,2024-08-03 04:51:31,2024-08-03,Cash,6192,76149,Slightly Delayed,3210.52
2582466700,65368179,2024-09-10 16:13:12,2024-09-10,Wallet,1151,73868,Slightly Delayed,976.55
3840910839,77869660,2023-09-10 19:54:37,2023-09-10,Wallet,7541,90827,Slightly Delayed,1732.44
399559401,84456355,2023-11-01 19:21:58,2023-11-01,UPI,7190,54586,Significantly Delayed,3474.58
4037817241,48716374,2023-12-19 13:40:46,2023-12-19,Wallet,5518,21197,Slightly Delayed,1385.27
582598096,75213636,2023-10-27 23:11:55,2023-10-27,UPI,2347,7481,On Time,1296.1
9218060399,80286283,2024-10-25 08:35:30,2024-10-25,Card,5212,64460,On Time,4320.63
6650174202,14255231,2023-07-10 03:29:39,2023-07-10,UPI,7523,54603,On Time,5263.87
2715902884,67711384,2024-08-27 03:36:14,2024-08-27,UPI,2786,79144,On Time,4064.39
7957986242,69761993,2023-12-10 10:40:31,2023-12-10,Card,3876,27358,On Time,2007.76
7148568995,30447453,2023-04-06 07:37:41,2023-04-06,UPI,7569,72059,Significantly Delayed,1296.49
670358911,20834589,2023-12-21 10:05:05,2023-12-21,Card,8511,46172,On Time,4368.88
6098277214,46876240,2023-03-22 13:39:16,2023-03-22,Wallet,1643,79553,On Time,3510.24
4621664126,5386246,2024-07-17 12:11:28,2024-07-17,Wallet,1464,26442,Slightly Delayed,2834.89
6336460663,95018817,2023-08-28 06:50:04,2023-08-28,UPI,5377,67600,Slightly Delayed,2094.1
909027635,77214094,2023-06-24 20:36:32,2023-06-24,Cash,1141,26723,Significantly Delayed,2667.33
2854202683,23081177,2023-10-18 18:01:41,2023-10-18,Card,9411,32711,Slightly Delayed,5105.99
7936387697,36998375,2023-03-29 00:26:50,2023-03-29,Card,3840,66425,On Time,3584.24
8337736091,66768157,2024-04-04 00:35:20,2024-04-04,Cash,189,43777,On Time,3301.22
4404350734,57892837,2024-01-16 16:51:01,2024-01-16,Card,7014,84786,Significantly Delayed,1946.25
6565246127,12455156,2024-05-18 16:03:10,2024-05-18,UPI,8560,95850,On Time,821.95
3494650073,49806393,2024-03-03 22:07:45,2024-03-03,Card,8628,39392,On Time,959.08
1920923798,71189232,2024-05-01 07:47:34,2024-05-01,UPI,3162,52231,On Time,887.48
5069524975,90246977,2024-07-24 01:20:16,2024-07-24,Cash,2046,36149,On Time,517.77
3873368520,53392567,2023-10-04 08:14:42,2023-10-04,UPI,7958,38324,On Time,3741.7
3111414152,56195475,2024-08-01 07:14:37,2024-08-01,Card,2162,60058,On Time,2560.91
7104489974,47618810,2023-06-28 21:55:05,2023-06-28,Cash,2635,69094,On Time,3690.39
3211566084,45383958,2024-02-24 14:06:37,2024-02-24,Card,8701,63791,On Time,1460.67
2416717644,11493300,2023-09-12 18:28:43,2023-09-12,Wallet,7211,50707,Slightly Delayed,4066.1
4535670244,22210238,2024-05-17 08:01:08,2024-05-17,Wallet,3944,93707,On Time,2266.44
7309958460,3282647,2024-01-20 02:48:17,2024-01-20,Wallet,2127,96501,Slightly Delayed,418.48
9996182478,39976965,2023-04-18 13:13:06,2023-04-18,UPI,2861,48495,On Time,340.36
2231942521,15931134,2023-12-24 02:28:15,2023-12-24,Wallet,2594,62672,Significantly Delayed,2575.76
554028972,3421258,2023-09-26 07:50:32,2023-09-26,Wallet,3008,2944,On Time,1183.85
8756001290,85340038,2023-05-06 17:37:11,2023-05-06,UPI,6634,69588,On Time,2600.2
8047899303,11254582,2023-09-28 01:45:21,2023-09-28,UPI,757,48899,On Time,1028.26
9720683332,87641623,2024-06-23 20:18:46,2024-06-23,Card,3258,95640,On Time,1692.04
218670241,70220141,2023-06-07 03:22:10,2023-06-07,UPI,5323,92976,Significantly Delayed,497.09
1382880255,94078407,2024-08-11 13:26:47,2024-08-11,Card,3709,88383,On Time,2410.88
332975964,99824171,2023-09-21 01:37:40,2023-09-21,Cash,9477,69991,Significantly Delayed,2545.55
2638683222,2457734,2024-10-30 05:28:47,2024-10-30,Card,2769,3648,On Time,887.48
9150146711,54923640,2024-04-29 18:20:35,2024-04-29,Wallet,4316,30271,On Time,2357.91
1553626879,6579892,2024-10-26 14:35:25,2024-10-26,UPI,284,72392,On Time,4260.55
9271384187,67749649,2023-11-28 03:30:12,2023-11-28,Card,7338,70464,On Time,3778.41
1409544327,86444757,2024-07-13 16:18:13,2024-07-13,Wallet,8983,69320,On Time,1892.02
637100019,62868582,2023-10-23 18:20:24,2023-10-23,Wallet,7033,76292,On Time,2537.11
186083059,67829645,2024-07-01 20:22:07,2024-07-01,Wallet,6265,1807,On Time,1855.64
1804073530,10048910,2024-06-19 17:25:06,2024-06-19,UPI,3590,59672,On Time,2824.36
5291430311,75081265,2023-10-19 19:02:56,2023-10-19,Cash,5941,95600,Significantly Delayed,1993.93
6947225582,89051578,2024-04-03 08:47:01,2024-04-03,Cash,7428,86451,On Time,475.04
5710643134,38420886,2023-04-16 16:59:10,2023-04-16,Card,443,8691,Significantly Delayed,634.18
8329733630,46717997,2024-03-04 03:52:58,2024-03-04,Cash,4453,11186,Slightly Delayed,1816.98
6772651293,27049432,2023-12-15 18:31:13,2023-12-15,UPI,6405,56773,On Time,1303.9
581212790,21461764,2024-06-29 08:47:32,2024-06-29,Wallet,5239,48586,Slightly Delayed,3835.87
4766571706,71176678,2023-05-05 17:44:23,2023-05-05,Card,9452,97889,Slightly Delayed,397.68
9961298199,37926207,2023-11-27 06:20:52,2023-11-27,Wallet,4313,21653,On Time,2762.95
8102675591,51119088,2024-02-03 22:50:53,2024-02-03,UPI,910,88871,Slightly Delayed,609.82
604050223,29689766,2024-04-18 08:03:01,2024-04-18,Card,3993,19260,On Time,918.58
782327552,45586151,2023-07-07 19:53:54,2023-07-07,Cash,36,96347,On Time,2751.67
6156638188,70589930,2023-03-17 04:57:05,2023-03-17,Card,2280,69037,Slightly Delayed,2569.47
6475299855,5238055,2023-10-13 22:08:45,2023-10-13,Cash,2010,18820,On Time,3096.82
689110145,84161531,2023-05-03 06:46:48,2023-05-03,UPI,7768,22197,Significantly Delayed,1235.24
2785467351,59009727,2024-05-12 13:19:57,2024-05-12,Wallet,4300,17432,Slightly Delayed,2848.42
7188270379,86487478,2024-04-15 06:19:27,2024-04-15,UPI,6350,55032,Slightly Delayed,5245.33
9209192342,42227189,2024-03-05 06:50:05,2024-03-05,UPI,984,23219,Slightly Delayed,679.28
3193016310,58115779,2023-12-02 05:09:03,2023-12-02,Cash,9359,11489,Significantly Delayed,803.12
9743228131,34839913,2024-07-09 08:44:54,2024-07-09,UPI,7677,82266,On Time,4156.96
4417542973,84937877,2024-08-23 11:53:24,2024-08-23,Card,9068,38726,On Time,2434.22
3065857200,82359623,2024-06-26 02:36:03,2024-06-26,Cash,551,21536,On Time,4340.64
6994732191,35278126,2023-07-24 11:19:55,2023-07-24,Card,9762,25109,Slightly Delayed,4027.04
7663189769,85006599,2023-08-01 12:35:29,2023-08-01,Card,5387,50493,Significantly Delayed,368.54
5012619147,66130660,2023-05-03 10:08:16,2023-05-03,Card,6333,9915,Significantly Delayed,1861.22
7456088789,36737539,2023-04-09 00:01:59,2023-04-09,Wallet,6143,72015,On Time,3073.92
3270559373,13604883,2023-03-19 13:25:27,2023-03-19,Cash,2056,81866,Slightly Delayed,2266.96
4703798183,21597477,2023-12-23 06:48:16,2023-12-23,Cash,1584,75874,Slightly Delayed,3135.96
3968840556,93723634,2024-09-09 22:11:16,2024-09-09,UPI,7173,31983,On Time,3002.12
2331647373,84848018,2023-08-11 06:31:20,2023-08-11,Cash,9713,34574,On Time,1263.26
6683347454,34697768,2023-05-25 15:18:36,2023-05-25,Wallet,3592,86987,Slightly Delayed,3293.03
5710259220,17287733,2023-04-15 15:28:40,2023-04-15,Wallet,670,87697,On Time,3128.46
9871546057,39418109,2024-05-12 03:34:53,2024-05-12,UPI,3643,951,On Time,976.19
5459704311,47295676,2023-12-01 10:39:33,2023-12-01,UPI,5461,54075,On Time,1092.66
3426702134,50229203,2024-08-23 09:02:45,2024-08-23,Card,1126,4336,Slightly Delayed,217.4
7671357353,16420489,2024-02-18 16:36:29,2024-02-18,Wallet,2511,73213,On Time,1968.97
9656230693,40305293,2023-04-16 08:23:43,2023-04-16,Cash,9243,63639,Slightly Delayed,936.98
3315369956,9105829,2023-04-21 07:44:03,2023-04-21,Card,8224,34924,Slightly Delayed,3947.39
1762287720,94404245,2024-08-30 07:15:06,2024-08-30,Card,9563,15003,On Time,1498.34
4816206081,36142455,2023-05-12 14:07:49,2023-05-12,Card,3112,12801,On Time,1239.96
2808133351,11071601,2023-12-03 11:14:33,2023-12-03,Cash,3774,70241,On Time,2922.68
3444569396,57967753,2024-09-25 19:12:11,2024-09-25,UPI,8264,74223,On Time,2526.45
9704671447,25977417,2023-12-05 22:44:34,2023-12-05,Cash,8476,83778,On Time,3530.03
6454001692,2136830,2023-09-09 17:10:08,2023-09-09,UPI,8872,28635,Slightly Delayed,4369.13
2624508626,63262519,2024-02-28 00:12:59,2024-02-28,Wallet,9228,32652,On Time,326.56
932273820,17287733,2024-05-06 02:04:58,2024-05-06,Cash,8621,48216,On Time,1912.65
7908614088,12622901,2023-05-14 15:42:09,2023-05-14,Card,523,80984,Slightly Delayed,6721.46
9730765358,82708090,2023-08-20 21:45:23,2023-08-20,UPI,9210,93026,On Time,1354.27
4748284156,38969732,2023-09-18 20:15:02,2023-09-18,Card,5517,77950,On Time,3484.22
1829286278,45052594,2023-09-27 17:13:16,2023-09-27,Card,120,39836,On Time,2529.56
3180415318,22076522,2024-07-07 05:06:55,2024-07-07,Card,983,34284,Significantly Delayed,1790.18
1008158736,62971413,2024-06-10 15:00:16,2024-06-10,Card,8514,26508,Slightly Delayed,814.33
5092816701,89531595,2024-06-03 19:10:02,2024-06-03,Cash,7588,43823,Significantly Delayed,2717.67
4339850858,16230299,2023-10-25 22:24:54,2023-10-25,UPI,8440,53728,Significantly Delayed,626.19
1564040362,93924203,2023-08-01 11:56:52,2023-08-01,UPI,3281,80698,On Time,4091.56
4856827800,43784632,2024-08-20 03:23:58,2024-08-20,Card,9380,4610,On Time,1785.77
2465711187,48511124,2023-03-30 10:56:02,2023-03-30,Wallet,7144,94564,On Time,2295.91
7741314063,32054313,2024-09-13 19:17:00,2024-09-13,UPI,3886,35348,On Time,2559.45
6973696848,21779155,2023-04-23 15:48:37,2023-04-23,UPI,3543,32179,Slightly Delayed,2455.38
443178123,56248757,2024-08-29 00:57:24,2024-08-29,UPI,5562,38965,Slightly Delayed,464.47
2155491764,77869660,2024-08-29 01:12:55,2024-08-29,Card,201,72093,On Time,1496.14
282887897,97492493,2023-09-19 23:21:12,2023-09-19,Wallet,1577,79472,On Time,3330.24
1014190951,70798876,2023-04-25 16:00:01,2023-04-25,Cash,1074,80162,On Time,1856.87
4632027192,64162093,2024-07-09 02:43:22,2024-07-09,Cash,7992,6632,On Time,2036.3
9196809062,58979427,2024-05-19 02:58:20,2024-05-19,Cash,2301,2987,Slightly Delayed,3159.25
3802671506,55028958,2023-07-30 07:51:28,2023-07-30,Wallet,7462,38523,On Time,4557.7
931138604,38133873,2023-08-24 16:18:57,2023-08-24,UPI,8292,69770,On Time,1521.46
6507222211,46623192,2024-01-15 06:54:51,2024-01-15,Wallet,681,20296,Slightly Delayed,3387.81
9091185978,4606533,2023-07-22 08:48:30,2023-07-22,Wallet,413,28584,On Time,938.72
6314310505,42272393,2024-02-16 04:34:10,2024-02-16,Wallet,8019,98855,On Time,785.67
2711467206,21658322,2023-04-07 00:50:13,2023-04-07,Cash,9015,63249,On Time,2764.55
1359318731,72675976,2024-08-27 22:36:25,2024-08-27,Wallet,7047,34201,On Time,831.43
4521042050,99734256,2024-04-25 08:00:21,2024-04-25,Wallet,5597,40126,On Time,2669.97
1317016672,87256913,2024-09-20 23:46:52,2024-09-20,Wallet,9048,11412,On Time,3869.92
7624598493,69516494,2024-04-18 06:44:36,2024-04-18,Wallet,4792,36089,Slightly Delayed,2629.91
1753431230,9048817,2024-03-24 13:44:38,2024-03-24,Wallet,9147,42674,On Time,3944.12
8650539199,41640262,2023-12-04 05:05:17,2023-12-04,Card,5658,73657,Slightly Delayed,1272.55
3276478503,10048910,2024-04-03 14:28:23,2024-04-03,Cash,663,41400,On Time,2477.66
5080943123,2164524,2023-09-21 13:42:13,2023-09-21,Wallet,2977,27168,Significantly Delayed,1496.54
6158083683,78158536,2024-03-08 17:19:17,2024-03-08,Cash,4050,76731,On Time,3096.42
9228072842,93370787,2023-07-25 06:05:17,2023-07-25,UPI,1829,20581,On Time,959.14
4028432722,77397957,2024-05-21 17:41:24,2024-05-21,Card,8183,66007,On Time,1937.88
3679730192,83404008,2023-07-05 14:27:32,2023-07-05,Cash,9630,55300,On Time,2775.88
71793937,13189939,2024-04-20 23:44:39,2024-04-20,Cash,9947,63892,On Time,2269.58
47467466,55693909,2023-09-05 16:53:11,2023-09-05,Wallet,2532,60202,On Time,102.44
4538136436,18170800,2023-05-23 03:28:54,2023-05-23,Card,5084,80929,On Time,2282.55
8750169461,96989204,2024-09-07 06:42:34,2024-09-07,UPI,7647,88001,On Time,4677.25
9371021811,76850859,2024-10-24 11:37:31,2024-10-24,Card,2565,82734,On Time,1217.12
679274212,91243571,2024-10-19 19:09:22,2024-10-19,Card,5840,12916,On Time,1922.55
6601671674,49136375,2023-07-09 06:22:00,2023-07-09,Cash,7944,5103,Slightly Delayed,2353.53
2708441500,23286884,2024-01-12 21:05:00,2024-01-12,Card,6831,11379,On Time,2396.22
9548480220,82594354,2023-09-08 12:13:28,2023-09-08,Wallet,3238,11612,On Time,3568.09
5440864021,44409533,2023-09-15 07:33:04,2023-09-15,Card,7285,56201,On Time,1988.09
5705224767,3897936,2023-06-02 17:35:56,2023-06-02,Card,562,50670,On Time,2322.96
9945458771,8733344,2024-08-27 15:06:31,2024-08-27,Cash,6268,10844,Slightly Delayed,910.44
336832815,10769994,2023-12-09 04:14:59,2023-12-09,UPI,7500,23603,Slightly Delayed,935.81
9543126726,24308515,2024-05-01 12:03:22,2024-05-01,Cash,6769,42216,Slightly Delayed,2520.83
5134666123,38613642,2024-05-02 13:28:58,2024-05-02,UPI,6562,72594,On Time,887.15
5663657880,69632084,2024-05-06 11:20:40,2024-05-06,UPI,5302,79020,Significantly Delayed,2630.49
5352647396,49756591,2023-10-11 20:42:36,2023-10-11,Cash,3566,6854,On Time,1833.25
7995172779,40703374,2023-06-15 13:44:44,2023-06-15,Cash,3605,62870,Slightly Delayed,438.47
605779703,8881320,2024-03-07 23:02:42,2024-03-07,UPI,1208,68537,On Time,1354.81
685688121,60371334,2023-10-27 01:01:25,2023-10-27,Wallet,1618,32044,Significantly Delayed,2302.74
5966726971,57833505,2023-09-06 18:01:18,2023-09-06,Wallet,4449,51902,On Time,2597.42
6763510083,4055790,2023-06-07 10:27:39,2023-06-07,Cash,3310,95417,On Time,3215.35
6735813139,90448312,2023-04-04 01:07:06,2023-04-04,Cash,3811,58945,On Time,951.27
8361205778,47274329,2023-06-20 08:36:50,2023-06-20,Wallet,6955,55780,On Time,2288.64
3640952655,50105174,2023-06-01 16:31:24,2023-06-01,Cash,7623,15926,Slightly Delayed,1325.12
6395279829,34588087,2023-10-26 04:59:56,2023-10-26,Cash,7226,18102,On Time,3312.98
339410846,61618079,2023-05-06 15:36:15,2023-05-06,Card,298,93237,On Time,967.74
8924056486,74172010,2024-04-08 00:45:25,2024-04-08,UPI,4989,20522,Significantly Delayed,2577.32
6616322616,61763552,2023-12-03 10:48:35,2023-12-03,Wallet,4706,53617,On Time,1998.9
4178578583,69340015,2024-09-29 05:23:08,2024-09-29,UPI,9868,76083,On Time,858.84
7558107764,50968312,2024-03-13 22:01:27,2024-03-13,Cash,4233,2704,On Time,3414.46
7894708851,78678612,2024-04-12 01:37:57,2024-04-12,Wallet,5005,97823,On Time,481.63
1916638346,20163931,2023-06-28 17:22:05,2023-06-28,Cash,7021,35010,Slightly Delayed,223.49
4973943462,68341636,2024-10-29 18:19:37,2024-10-29,Card,1572,40489,Significantly Delayed,1903.83
6567129123,66135710,2023-09-09 12:41:26,2023-09-09,Cash,2238,43806,On Time,3012.34
8702642032,23676689,2023-08-22 20:13:04,2023-08-22,Card,8386,48604,On Time,1137.72
7857954356,76864442,2024-01-20 18:49:03,2024-01-20,Wallet,4809,79173,On Time,2866.57
5376218500,24644542,2023-11-16 15:45:17,2023-11-16,Card,2758,38067,Slightly Delayed,888.16
3452449295,71252391,2023-10-09 06:35:23,2023-10-09,UPI,5485,48310,On Time,1395.83
1694826296,12277039,2023-05-09 19:36:29,2023-05-09,Card,1298,15133,On Time,2463.99
9449954611,97111119,2023-08-12 07:24:03,2023-08-12,Cash,9188,64018,Slightly Delayed,50.12
7722059222,63630649,2023-11-16 23:07:52,2023-11-16,Cash,7000,59534,Slightly Delayed,4544.95
2871448124,81091233,2024-05-28 05:42:27,2024-05-28,Cash,779,59357,On Time,1538.55
4158839033,38969732,2024-09-22 12:13:30,2024-09-22,Cash,478,26464,On Time,1618.32
9936118648,54885705,2024-03-04 18:42:25,2024-03-04,Wallet,9973,91322,Slightly Delayed,71.84
6804747901,89619421,2024-01-31 02:45:25,2024-01-31,Wallet,8759,71158,On Time,2389.91
7579444448,53354003,2024-06-06 16:01:20,2024-06-06,Wallet,8726,96702,On Time,491.39
4379043082,88167544,2023-05-12 04:35:08,2023-05-12,Cash,8366,29561,On Time,831.1
4212894712,20310720,2024-06-09 14:49:20,2024-06-09,Cash,790,52325,On Time,1512.77
7962511808,60371334,2024-02-11 10:18:16,2024-02-11,UPI,8138,33403,On Time,2861.63
6478815087,22293666,2024-07-18 08:01:45,2024-07-18,Cash,5317,73936,On Time,2516.92
6239166986,6724509,2024-05-23 06:21:35,2024-05-23,Cash,7457,89070,Slightly Delayed,578.85
9894863460,35826539,2023-03-25 08:37:29,2023-03-25,Wallet,1882,10817,On Time,3219.23
2982638677,48554440,2024-01-13 17:26:15,2024-01-13,Wallet,741,30985,On Time,3688.89
3284797515,13164195,2024-09-10 03:50:34,2024-09-10,UPI,5617,76320,Slightly Delayed,3000.61
8895501673,15066187,2023-07-11 17:07:37,2023-07-11,Wallet,71,50064,On Time,3624.66
914992221,90882023,2023-07-27 04:17:11,2023-07-27,Cash,8948,77449,On Time,517.77
2067729457,79916464,2023-09-23 01:34:46,2023-09-23,Cash,9617,15319,On Time,1286.82
5389250154,94179692,2024-09-15 02:36:25,2024-09-15,UPI,9502,78231,On Time,2638.02
4352973016,35912599,2024-10-07 08:49:35,2024-10-07,Cash,4271,33825,Significantly Delayed,822.63
7667555396,13796199,2024-02-03 11:37:39,2024-02-03,Wallet,9693,33288,Slightly Delayed,5488.33
168804744,25128143,2023-10-28 07:21:34,2023-10-28,Card,4909,16671,On Time,3450.59
854218304,84377964,2023-11-04 06:29:07,2023-11-04,Cash,7464,13622,On Time,1897.86
2616618240,12402437,2024-03-14 00:46:30,2024-03-14,Wallet,4931,89491,On Time,3909.27
8891144024,47590944,2023-04-06 20:40:40,2023-04-06,Cash,6524,45152,On Time,1286.76
4606856320,57102800,2024-08-03 07:23:35,2024-08-03,Wallet,6745,35528,On Time,726.41
1876194333,51945420,2024-03-27 08:38:09,2024-03-27,Cash,973,56344,On Time,1630.26
1471186096,51503088,2023-11-21 02:10:26,2023-11-21,UPI,7605,80106,Slightly Delayed,2890.99
4763556417,91602727,2023-04-01 00:44:27,2023-04-01,UPI,6077,49554,On Time,968.94
5961097387,75474920,2023-08-27 04:34:57,2023-08-27,Wallet,6574,73762,On Time,2425.77
1509646137,31456752,2024-04-12 17:05:00,2024-04-12,Card,1608,67798,Slightly Delayed,4104.67
7533431274,23984022,2023-08-11 15:37:28,2023-08-11,UPI,9841,93471,On Time,1728.15
3598818329,22293666,2023-07-29 03:19:44,2023-07-29,UPI,7756,28683,On Time,2790.82
2561337790,30823988,2024-10-09 07:00:06,2024-10-09,Cash,7529,43692,On Time,1213.78
2359692348,5418547,2024-08-31 00:34:00,2024-08-31,Card,5838,74057,On Time,1914.18
3146098826,12799092,2024-06-20 23:11:38,2024-06-20,UPI,7486,29471,On Time,3453.75
8638050442,52770036,2023-11-16 23:29:41,2023-11-16,Card,5766,50161,On Time,130.18
1833854180,60062501,2023-03-23 07:12:41,2023-03-23,Cash,2729,25656,Significantly Delayed,4585.63
5687148136,32527479,2023-06-24 00:46:15,2023-06-24,Cash,6902,50176,On Time,1438.64
7133253616,14940427,2024-08-14 08:08:21,2024-08-14,Wallet,4215,76051,Slightly Delayed,4564.38
7899569162,90745023,2023-08-15 08:52:13,2023-08-15,UPI,1568,31475,Slightly Delayed,1702.84
6119637917,77961205,2024-06-28 20:45:43,2024-06-28,UPI,1994,65328,On Time,1146.21
4924477011,7333934,2024-01-13 19:20:13,2024-01-13,Cash,7432,43813,On Time,3957.29
577458306,94165062,2023-10-03 07:10:04,2023-10-03,Wallet,5190,52312,On Time,2931.44
1605287230,7076456,2023-08-08 06:37:33,2023-08-08,UPI,9638,24637,On Time,3945.48
5743074720,44828791,2024-02-08 03:10:10,2024-02-08,UPI,1693,88405,On Time,40.7
1645477578,47625855,2023-07-20 07:52:09,2023-07-20,Cash,3781,22284,On Time,1617.86
6231311270,91144803,2023-12-07 18:40:58,2023-12-07,UPI,9174,73322,Slightly Delayed,2173.29
4629648516,93507573,2023-08-21 22:22:49,2023-08-21,Wallet,9074,49643,On Time,39.65
2706229594,81337068,2024-10-04 07:45:22,2024-10-04,Cash,8098,67428,On Time,3260.52
6814009039,10605484,2023-11-03 13:06:48,2023-11-03,Card,1902,37668,On Time,1344.57
5604135912,11478478,2024-08-19 16:21:47,2024-08-19,Cash,9095,99733,On Time,4032.27
766789724,60446619,2024-08-20 23:33:16,2024-08-20,Cash,5563,52639,On Time,2837.18
2727595593,80875034,2023-11-17 01:01:45,2023-11-17,UPI,4539,26761,On Time,3069.89
9887978407,43256928,2023-07-16 13:01:35,2023-07-16,Wallet,6998,37910,On Time,5037.57
6825742544,29689766,2024-02-04 18:41:53,2024-02-04,Wallet,1807,41291,On Time,901.77
7081192087,15529446,2023-07-29 09:53:46,2023-07-29,Card,8032,78479,Slightly Delayed,261.03
3185620074,57526322,2023-08-14 15:30:46,2023-08-14,Wallet,9834,72222,Slightly Delayed,816.38
7162086351,74231111,2023-11-15 01:00:52,2023-11-15,Cash,1427,37358,On Time,270.71
5504768409,84850688,2023-08-07 22:37:10,2023-08-07,Card,8204,1897,Slightly Delayed,2102.5
6721093047,22054087,2024-03-10 14:22:58,2024-03-10,Wallet,2535,3594,On Time,2875.06
1134990529,63971358,2024-07-24 19:01:49,2024-07-24,Cash,8451,85089,On Time,2294.08
4632975114,92409489,2023-05-15 17:15:03,2023-05-15,Card,9715,91950,On Time,508.0
1471897083,78439088,2023-12-06 21:55:53,2023-12-06,Wallet,1202,98410,On Time,1831.85
6081974624,79764458,2024-03-19 20:30:47,2024-03-19,Card,9400,91286,On Time,1275.19
806680874,14632090,2023-11-15 16:59:28,2023-11-15,Card,8823,50897,On Time,5405.1
8213018419,16640907,2023-04-10 20:32:03,2023-04-10,Wallet,8241,97345,Significantly Delayed,1078.17
4610876894,59485034,2023-08-14 21:47:48,2023-08-14,Wallet,2338,59869,On Time,4185.1
9116180240,17696094,2023-05-23 18:17:19,2023-05-23,Card,3371,31849,On Time,994.56
8916648395,8138417,2023-07-15 16:37:10,2023-07-15,UPI,7363,76482,On Time,2209.24
3626990751,81940369,2023-05-10 19:15:23,2023-05-10,Card,6025,41338,Slightly Delayed,3325.83
2544173358,43295656,2024-11-03 16:41:57,2024-11-03,UPI,7408,24026,On Time,3448.92
3654075570,81906973,2023-06-25 00:32:19,2023-06-25,Card,7126,5013,On Time,2328.2
9846277624,78732957,2024-09-17 13:06:52,2024-09-17,Card,9346,5141,On Time,3983.77
8600159148,64748953,2023-08-15 05:35:55,2023-08-15,Wallet,728,24508,Slightly Delayed,3157.47
9184012674,54139038,2024-07-20 23:21:27,2024-07-20,Wallet,4097,88446,On Time,2492.95
5842678913,6756256,2024-06-02 11:01:26,2024-06-02,Wallet,4580,49657,On Time,3908.76
6284066457,68341636,2023-03-19 04:24:51,2023-03-19,Card,2910,72455,On Time,3535.59
957188879,88067569,2024-01-12 21:44:51,2024-01-12,UPI,1907,55306,On Time,5268.85
2027766693,91024604,2023-07-17 21:27:20,2023-07-17,Card,3794,39827,On Time,212.61
5201172375,18199057,2024-01-07 13:28:44,2024-01-07,Wallet,7831,15287,Significantly Delayed,1394.24
5211206337,84824280,2024-03-04 19:18:55,2024-03-04,Wallet,2346,52881,On Time,900.93
519985157,35455991,2023-06-07 03:23:41,2023-06-07,Card,5177,97130,On Time,2029.48
2599819074,66310963,2023-05-08 05:51:42,2023-05-08,Card,1133,78812,On Time,2668.26
6564176767,28221067,2024-04-11 11:04:11,2024-04-11,Cash,4401,37269,Significantly Delayed,338.14
5969684091,13604883,2023-12-02 15:45:34,2023-12-02,Cash,2395,47179,On Time,2571.47
8152246475,46989310,2023-04-07 22:30:36,2023-04-07,UPI,6694,36583,On Time,1388.41
1954493018,41612464,2024-08-25 16:15:20,2024-08-25,Wallet,8332,17378,On Time,1380.66
3695589383,91868185,2024-01-13 01:15:18,2024-01-13,UPI,3457,6351,On Time,1372.1
6340807810,57537308,2024-07-12 00:41:44,2024-07-12,Cash,3415,60222,On Time,2726.23
8029845822,90621147,2023-07-05 23:53:30,2023-07-05,Card,5344,87260,On Time,650.2
8208755570,46564935,2023-12-12 21:18:05,2023-12-12,Wallet,9133,56067,On Time,3751.55
9622488249,96629258,2024-06-26 09:26:51,2024-06-26,Card,8033,8679,On Time,1198.32
5410788959,40055711,2024-06-12 10:25:56,2024-06-12,Wallet,3980,43525,On Time,4301.42
7087374685,48268435,2024-09-21 17:43:45,2024-09-21,Cash,817,80305,On Time,799.92
1469556300,65514005,2023-09-26 23:36:47,2023-09-26,Card,5797,47985,On Time,1070.56
864290652,57392064,2023-10-30 02:05:01,2023-10-30,Wallet,1291,28456,On Time,1797.36
3052167498,92636025,2023-07-24 17:07:37,2023-07-24,UPI,299,38263,On Time,671.55
8370088792,9107360,2023-05-16 19:30:48,2023-05-16,Wallet,3302,18197,On Time,1475.02
8955500595,58415368,2023-05-07 18:03:53,2023-05-07,Cash,2064,25552,Slightly Delayed,2564.44
6946637946,70372270,2024-02-18 03:58:21,2024-02-18,Cash,1781,5892,Slightly Delayed,1456.54
5461546808,21948041,2023-12-21 13:44:24,2023-12-21,Card,618,27664,Significantly Delayed,3877.99
9921425481,29653387,2023-05-17 05:10:03,2023-05-17,Card,3681,85617,Significantly Delayed,5288.24
3583323379,10418604,2024-04-03 07:28:25,2024-04-03,Cash,8973,94205,On Time,2297.51
3427534518,73807097,2024-10-12 13:22:22,2024-10-12,Wallet,2624,75483,Significantly Delayed,724.84
9997994965,13796199,2023-12-27 14:02:18,2023-12-27,Card,4117,28092,On Time,2780.28
5015358514,4057678,2024-08-12 20:45:12,2024-08-12,Wallet,1814,65069,On Time,727.95
5769065545,1108176,2024-01-28 20:41:13,2024-01-28,Card,430,46466,On Time,2822.13
4062815570,98152679,2024-02-24 04:51:16,2024-02-24,Wallet,7933,54881,On Time,790.64
39405769,24621386,2023-04-07 12:46:40,2023-04-07,Card,9711,6878,Slightly Delayed,941.25
9553518696,83304462,2023-07-11 11:05:50,2023-07-11,UPI,5230,82335,On Time,1586.15
8023712979,83701325,2023-05-12 17:29:24,2023-05-12,Wallet,6085,37477,On Time,547.92
1111747100,83236183,2023-07-19 06:27:04,2023-07-19,UPI,3425,11420,On Time,2496.85
3598180305,75836905,2023-08-31 08:47:45,2023-08-31,Wallet,5557,8123,On Time,1266.29
8171660349,79628054,2024-05-09 18:36:38,2024-05-09,Wallet,4988,78974,On Time,776.24
3644704128,39717448,2024-06-01 09:53:45,2024-06-01,Wallet,5017,83363,On Time,2294.34
1254907139,94854830,2023-07-13 04:51:45,2023-07-13,Card,5434,44092,On Time,5351.42
9810593187,46313756,2023-05-19 00:01:09,2023-05-19,Cash,7871,15180,Slightly Delayed,215.65
3205629870,95001589,2024-05-27 18:40:01,2024-05-27,UPI,5179,79493,On Time,1943.47
8608459871,14472401,2023-09-21 17:40:05,2023-09-21,Card,991,62412,On Time,1327.4
2730458449,13383642,2024-02-10 06:37:24,2024-02-10,Cash,3121,9689,Slightly Delayed,633.25
2807397566,28663279,2024-05-19 10:01:31,2024-05-19,Cash,7020,2121,On Time,1361.06
7217535512,81541985,2023-11-11 22:24:06,2023-11-11,Cash,1878,61549,On Time,3067.96
3321951407,40305293,2023-09-13 12:12:36,2023-09-13,Cash,4907,79598,On Time,2431.72
7189146676,10789681,2024-05-20 18:34:01,2024-05-20,UPI,3579,60018,On Time,825.46
5601251774,96629258,2024-10-10 08:16:56,2024-10-10,Card,5547,14314,Significantly Delayed,5452.58
8884350133,55425478,2024-09-22 20:04:15,2024-09-22,Card,5763,249,On Time,2062.98
8168306307,98152679,2023-12-17 21:03:27,2023-12-17,Cash,1149,51445,On Time,2114.74
7689275881,54580166,2024-02-03 05:39:09,2024-02-03,Card,3005,65098,On Time,3865.87
6593510732,87266831,2023-09-10 13:51:38,2023-09-10,Wallet,6479,32589,Slightly Delayed,483.24
3066405445,53354003,2023-06-14 08:49:51,2023-06-14,Wallet,7452,11326,On Time,1378.13
5319633841,95364457,2024-05-05 14:34:11,2024-05-05,Cash,6455,41929,On Time,325.08
1113665104,83034412,2024-06-11 22:58:08,2024-06-11,Card,2189,96538,On Time,48.55
8436983782,98896871,2024-10-22 01:59:03,2024-10-22,Cash,7152,97548,On Time,1182.33
1958942711,30643619,2024-05-12 08:53:28,2024-05-12,Cash,16,64613,On Time,2110.06
6485627928,59769142,2024-09-13 05:34:48,2024-09-13,Wallet,5274,36234,On Time,2340.3
8147959428,31000129,2024-07-23 13:43:34,2024-07-23,Wallet,1405,66010,On Time,2209.3
3697060283,57642258,2024-08-25 01:09:57,2024-08-25,UPI,7959,73189,On Time,786.85
2039437258,20298398,2023-12-12 05:58:54,2023-12-12,Card,1811,74030,On Time,958.05
7655293952,23348269,2024-02-16 07:50:03,2024-02-16,UPI,5026,14565,On Time,1666.47
39791095,625395,2024-04-06 10:58:05,2024-04-06,Card,9008,41559,On Time,480.85
8071046067,33651554,2024-09-28 16:37:38,2024-09-28,Card,8228,48240,On Time,3899.51
2656326203,92356639,2023-11-16 18:30:26,2023-11-16,Wallet,4807,76228,On Time,4655.33
2366866840,99772709,2023-04-22 03:14:20,2023-04-22,Wallet,4946,87681,On Time,3037.23
8227348656,25977417,2023-12-01 17:46:08,2023-12-01,UPI,7004,44555,On Time,3738.11
3917024194,53640286,2024-09-30 20:51:24,2024-09-30,Card,3948,47124,On Time,123.74
3101265,89617089,2024-05-23 03:21:47,2024-05-23,UPI,974,20246,On Time,3567.73
9907835880,67340606,2024-10-15 15:50:00,2024-10-15,Card,3705,66363,On Time,3163.07
3396210655,52075070,2023-10-24 02:12:18,2023-10-24,UPI,73,46263,On Time,3220.8
3000018472,24104630,2024-08-18 05:31:01,2024-08-18,Card,8855,63482,On Time,995.98
7166339556,6319646,2024-06-22 07:50:15,2024-06-22,Cash,543,79368,On Time,1441.75
2194351161,22800586,2023-05-09 11:41:54,2023-05-09,Cash,7824,55557,On Time,1104.78
3224986973,66761643,2024-02-16 07:42:13,2024-02-16,Wallet,813,24389,On Time,3040.52
6882280967,14472401,2023-09-15 15:55:38,2023-09-15,Card,759,56116,On Time,532.57
8556188247,46623192,2023-10-05 18:10:58,2023-10-05,Card,4376,41435,On Time,618.09
5236345617,61851054,2023-09-28 01:47:50,2023-09-28,Cash,6664,34945,On Time,1760.51
5153146875,31156674,2023-06-06 08:29:54,2023-06-06,Wallet,4342,65057,Slightly Delayed,2435.01
2011151353,67908555,2024-05-15 03:44:23,2024-05-15,UPI,399,53602,On Time,2920.78
9880145668,39317905,2024-02-28 16:49:31,2024-02-28,UPI,4181,94777,Slightly Delayed,183.76
2724264210,98687927,2024-10-24 16:22:22,2024-10-24,Wallet,6773,6735,Slightly Delayed,1784.61
871734663,93321933,2024-06-03 01:50:59,2024-06-03,Wallet,9673,57171,Slightly Delayed,4708.18
3883638432,6245778,2023-07-26 03:44:48,2023-07-26,UPI,8865,42306,Significantly Delayed,1183.46
1282422181,188838,2024-02-19 14:40:22,2024-02-19,UPI,9970,1443,Slightly Delayed,1116.88
4500802008,41164215,2024-06-17 05:46:01,2024-06-17,Cash,5152,74327,On Time,3437.39
8209715885,17597449,2023-05-25 15:23:42,2023-05-25,Card,6096,94880,On Time,3093.76
9391482926,56352626,2023-09-12 03:03:03,2023-09-12,Cash,9151,36274,Slightly Delayed,1367.96
7217765772,5238055,2024-07-05 14:03:12,2024-07-05,Wallet,3866,12036,On Time,1673.94
7848556658,97191387,2024-04-27 11:27:23,2024-04-27,UPI,1924,34490,On Time,4917.07
9000851345,81822494,2024-03-10 16:58:45,2024-03-10,Cash,8857,86432,On Time,1403.83
3019634875,58170168,2024-10-29 19:38:02,2024-10-29,UPI,3385,76065,On Time,2475.72
7013612817,22036818,2023-09-09 08:10:47,2023-09-09,Cash,9892,74574,Significantly Delayed,3498.93
59461109,67708491,2023-05-06 13:44:41,2023-05-06,UPI,5800,48662,On Time,2017.98
740245864,45659330,2023-05-18 10:58:35,2023-05-18,Card,7006,17264,On Time,3424.25
8432648823,69364309,2023-05-19 07:31:48,2023-05-19,Card,1938,91242,On Time,3956.33
5863164527,38671747,2023-11-13 17:50:55,2023-11-13,Wallet,5908,26359,Slightly Delayed,2786.32
8615999186,96001315,2024-09-08 20:23:37,2024-09-08,Cash,5925,77204,On Time,2559.47
1743268828,53332493,2024-05-02 18:06:34,2024-05-02,Wallet,959,78986,On Time,332.84
5475369740,49433260,2024-05-12 05:49:07,2024-05-12,Wallet,9184,16243,On Time,838.01
6520584496,67215939,2023-10-24 05:26:59,2023-10-24,Card,1697,79790,Significantly Delayed,5289.56
3854394048,89531595,2023-10-15 20:31:09,2023-10-15,Wallet,3107,83316,On Time,2081.91
4105779656,58644651,2024-04-02 17:11:26,2024-04-02,Card,8329,41188,On Time,1232.77
5960266785,97419742,2023-11-21 05:59:29,2023-11-21,Wallet,5546,88310,On Time,3443.16
7380998329,96989204,2023-07-29 21:02:03,2023-07-29,Wallet,3963,14278,On Time,2068.22
460625201,26716400,2024-05-17 02:28:25,2024-05-17,UPI,6314,34818,On Time,3070.55
5442705208,38420886,2024-08-27 03:15:33,2024-08-27,Cash,3642,53708,On Time,1639.8
643302284,24153726,2024-05-30 22:57:11,2024-05-30,UPI,5863,92172,Slightly Delayed,2883.95
6141016209,20469626,2024-04-13 18:07:18,2024-04-13,Cash,9283,66040,On Time,2161.37
4058658914,96001315,2024-02-09 09:28:42,2024-02-09,Cash,2679,15833,On Time,2294.77
4731454539,62419778,2024-01-05 06:57:10,2024-01-05,Card,4463,57976,On Time,1777.65
148408710,60565603,2024-01-01 01:57:47,2024-01-01,Wallet,6403,15102,On Time,423.56
3263142674,12455156,2024-01-30 08:20:13,2024-01-30,Card,8822,63585,On Time,229.38
9591201821,38478423,2023-11-12 20:19:56,2023-11-12,Card,8617,87917,Slightly Delayed,1072.81
2227944524,93938425,2023-06-07 08:48:45,2023-06-07,Card,8339,30179,On Time,1805.43
2307375554,95768401,2024-01-31 15:32:00,2024-01-31,UPI,1653,73572,Slightly Delayed,1267.61
8521887524,5961261,2024-04-13 14:08:15,2024-04-13,Wallet,1585,77426,Slightly Delayed,2256.06
3298709387,22321208,2023-07-01 06:00:58,2023-07-01,Card,8715,86131,On Time,3170.94
8608686211,29689766,2023-07-27 05:09:13,2023-07-27,Cash,1761,95050,Slightly Delayed,1083.76
5125482761,89531595,2023-05-28 07:20:31,2023-05-28,UPI,7584,85795,Slightly Delayed,2442.59
7388146343,78806824,2023-09-24 11:44:47,2023-09-24,Wallet,5069,94498,Slightly Delayed,2748.69
7064723322,19259955,2023-10-15 11:44:30,2023-10-15,Cash,485,94412,Significantly Delayed,2618.64
1766291529,74682740,2024-07-12 18:52:29,2024-07-12,UPI,6409,27514,Slightly Delayed,4787.26
8183491568,85074810,2023-09-15 13:51:46,2023-09-15,UPI,8725,48175,Slightly Delayed,280.35
6419111681,19216141,2024-01-24 10:55:37,2024-01-24,Wallet,118,66008,On Time,965.3
9193945481,28277304,2024-08-22 19:41:10,2024-08-22,Card,1313,44100,Slightly Delayed,1350.28
3937750618,46504355,2023-08-26 10:11:23,2023-08-26,Cash,9651,76499,On Time,2894.09
2056682923,18940384,2024-05-27 19:41:13,2024-05-27,Cash,2611,32053,Slightly Delayed,2549.18
7229998672,41194825,2023-09-10 20:59:23,2023-09-10,Card,1448,32978,Slightly Delayed,2884.57
7028582657,36578947,2024-11-01 13:48:41,2024-11-01,Wallet,2563,88805,Slightly Delayed,820.99
1732091066,93018527,2024-05-12 10:04:49,2024-05-12,Wallet,1395,91109,On Time,217.5
9389363975,35302195,2024-01-08 05:39:17,2024-01-08,Card,7434,56285,Significantly Delayed,1719.21
9477050930,1449273,2023-09-01 00:03:51,2023-09-01,Card,5914,29995,On Time,1904.93
6808771388,88739922,2024-04-29 17:49:09,2024-04-29,Wallet,5100,8970,On Time,2555.89
7616458551,86294036,2023-05-05 09:21:14,2023-05-05,Card,3552,92475,Slightly Delayed,1534.27
2784959025,59207798,2023-04-07 02:30:48,2023-04-07,Card,3392,86825,On Time,4477.39
2716611235,85626346,2024-02-19 06:09:33,2024-02-19,UPI,6048,66366,On Time,2442.24
3797871396,5712468,2023-12-19 02:07:29,2023-12-19,UPI,9116,59554,On Time,2792.89
5895445193,39093069,2023-09-18 20:11:21,2023-09-18,Wallet,141,40476,Slightly Delayed,1401.58
5281640953,65396354,2024-05-19 19:05:42,2024-05-19,Wallet,7665,76660,On Time,166.42
9006387145,61226563,2023-07-16 09:59:48,2023-07-16,UPI,5827,32558,Slightly Delayed,4408.49
2015702046,46828932,2023-05-17 06:52:38,2023-05-17,UPI,3940,63937,Slightly Delayed,1517.0
9260334793,15487049,2024-07-10 06:45:25,2024-07-10,Wallet,534,38060,On Time,2371.67
5912752928,29562254,2023-12-20 18:21:00,2023-12-20,Wallet,9782,26396,On Time,2865.64
7691723645,93675757,2024-08-04 13:29:48,2024-08-04,Cash,8799,28979,On Time,2681.87
9166904790,57674875,2024-01-19 19:01:10,2024-01-19,Wallet,7580,37462,On Time,2523.87
1668797251,27698051,2023-05-18 00:30:10,2023-05-18,Card,8469,14539,On Time,1926.44
3350348511,2442235,2023-10-05 05:12:12,2023-10-05,Cash,7638,64424,On Time,816.38
2475154947,13760839,2024-01-14 11:00:14,2024-01-14,Cash,7518,5307,Slightly Delayed,2982.06
1348544692,72489544,2024-04-15 17:01:06,2024-04-15,Cash,3713,36408,Slightly Delayed,2488.09
6770208707,8241122,2024-05-01 22:08:36,2024-05-01,Cash,2297,86742,On Time,3610.34
9500356395,99729547,2024-10-29 01:18:06,2024-10-29,Wallet,290,1348,On Time,729.04
6280233997,1507408,2023-08-23 20:29:30,2023-08-23,Card,5885,52738,On Time,898.19
935645101,63368244,2023-09-27 02:26:38,2023-09-27,UPI,1225,22930,Significantly Delayed,2584.5
3492077995,97466783,2023-06-23 23:55:59,2023-06-23,Wallet,3854,11413,On Time,2128.53
6971044672,68985290,2024-03-21 16:06:32,2024-03-21,Cash,7286,4558,Slightly Delayed,2352.04
9417710958,75892474,2023-09-20 15:55:11,2023-09-20,Wallet,60,8300,On Time,1297.95
114851727,46875863,2024-10-04 03:16:47,2024-10-04,Wallet,1875,8766,On Time,1944.29
7521503340,65660660,2024-05-30 06:58:58,2024-05-30,Wallet,4346,38651,On Time,1596.34
7709878408,90745023,2023-08-09 17:53:59,2023-08-09,Cash,7579,24294,On Time,1449.45
7941755463,19705695,2024-09-30 09:35:04,2024-09-30,Wallet,8249,821,On Time,556.76
4540271027,23126356,2024-05-14 03:55:16,2024-05-14,Cash,1564,7176,On Time,2499.3
8022168472,70230254,2024-02-20 22:33:43,2024-02-20,Cash,5909,42469,Slightly Delayed,2966.15
3808358945,78014505,2023-08-26 03:06:53,2023-08-26,Wallet,2764,14986,Slightly Delayed,2926.42
5112444865,45868300,2024-06-06 21:04:35,2024-06-06,Card,6581,2692,On Time,4296.62
9965551056,33658749,2023-06-24 01:59:08,2023-06-24,UPI,7136,98962,Slightly Delayed,947.95
7695708103,51119088,2024-05-16 15:41:47,2024-05-16,Cash,1626,87812,On Time,1864.07
7022728237,21677923,2023-06-03 04:14:03,2023-06-03,Card,4570,81122,On Time,2066.42
2062715135,13197985,2024-08-20 15:38:50,2024-08-20,Card,7132,43272,On Time,1107.38
3287815959,73061709,2024-08-09 19:43:10,2024-08-09,UPI,2716,42829,Significantly Delayed,2999.16
9015471552,23081177,2024-04-13 19:32:29,2024-04-13,UPI,526,72941,On Time,1434.89
1595123446,30188374,2024-02-27 00:40:54,2024-02-27,Cash,8150,25599,On Time,864.3
4888577440,35237846,2024-05-19 00:42:46,2024-05-19,Card,5802,1050,On Time,2010.17
9039053330,82425179,2023-08-16 10:15:50,2023-08-16,UPI,8513,93032,On Time,2077.55
3091360904,59252433,2024-06-16 04:26:49,2024-06-16,UPI,102,32085,On Time,1758.62
6821938492,90346920,2023-09-06 16:46:35,2023-09-06,UPI,8675,78087,On Time,2645.3
4553785640,94486311,2024-08-13 16:37:43,2024-08-13,UPI,5627,48308,On Time,2646.91
4005611015,5763963,2024-03-29 23:52:07,2024-03-29,UPI,1497,10416,Slightly Delayed,1543.49
8480910658,73799927,2023-08-28 20:19:24,2023-08-28,Card,4434,38062,On Time,728.73
1922667245,66252737,2023-09-24 16:33:09,2023-09-24,UPI,4663,44104,On Time,2382.03
379758677,54139038,2023-12-26 22:43:09,2023-12-26,Card,6636,53840,Slightly Delayed,1514.31
4903380842,71229024,2024-06-03 05:27:05,2024-06-03,Card,6905,76089,Slightly Delayed,2029.84
9244122658,1588560,2024-03-12 16:42:38,2024-03-12,UPI,9332,24492,Significantly Delayed,4095.18
5054410467,49147776,2023-07-01 12:16:23,2023-07-01,UPI,9030,48965,On Time,1031.51
9877212995,30065862,2024-05-04 01:18:51,2024-05-04,Card,6829,52198,On Time,1394.21
8375236356,22974816,2023-09-22 18:45:02,2023-09-22,Card,557,8079,On Time,3194.98
2652063230,24144240,2023-11-22 02:11:55,2023-11-22,Card,1784,55939,On Time,154.78
7258243894,72797175,2024-07-14 23:08:25,2024-07-14,Card,9247,15896,On Time,1073.16
5980648426,23982977,2023-12-15 03:26:00,2023-12-15,UPI,3979,76780,Significantly Delayed,995.87
365104159,19581959,2023-11-27 04:56:51,2023-11-27,Card,5202,42058,Significantly Delayed,1770.48
7038005775,49617531,2023-07-02 02:09:47,2023-07-02,Cash,8520,77255,On Time,4684.11
1456792223,80875034,2024-08-13 21:18:36,2024-08-13,UPI,8756,9753,On Time,154.53
6673964264,34526442,2024-10-18 05:43:01,2024-10-18,Wallet,7039,33183,On Time,4073.52
5780280518,74230420,2024-08-23 22:34:52,2024-08-23,Card,4303,82210,On Time,4501.34
6220137166,16485871,2023-12-09 22:09:35,2023-12-09,Cash,9282,307,Slightly Delayed,1135.56
2615887425,18465047,2023-10-28 19:55:41,2023-10-28,Cash,8175,32500,Slightly Delayed,1311.74
5610987488,85626346,2023-08-14 12:07:35,2023-08-14,Card,9441,51046,On Time,1825.29
6038240765,48002829,2023-05-27 00:19:57,2023-05-27,Cash,1431,66705,On Time,1312.62
5004974422,83660688,2023-07-03 18:13:28,2023-07-03,Card,1361,85319,On Time,1589.73
2349863203,20310720,2023-12-20 21:03:38,2023-12-20,Cash,5204,76889,On Time,2752.02
9487956261,62600289,2023-07-25 07:28:56,2023-07-25,Cash,7714,23324,Slightly Delayed,2858.7
7169945062,32830199,2023-06-14 02:25:15,2023-06-14,UPI,7109,62218,On Time,3552.63
5393866026,13164195,2023-04-10 00:45:20,2023-04-10,Cash,6010,23975,On Time,1608.96
7266772806,79942821,2024-09-06 23:10:12,2024-09-06,Card,6023,19227,On Time,1746.31
2411227007,46875863,2024-06-09 14:40:18,2024-06-09,Wallet,4672,63131,On Time,1406.39
960728650,34526570,2023-04-16 07:58:44,2023-04-16,UPI,245,42554,Slightly Delayed,426.72
2326500581,24308515,2024-07-21 05:29:04,2024-07-21,UPI,6327,53100,On Time,699.45
9489310879,42989999,2024-10-15 05:22:12,2024-10-15,UPI,545,13348,On Time,1479.13
2341242955,8228843,2024-01-12 18:22:15,2024-01-12,UPI,296,6285,Significantly Delayed,3830.72
1023485121,63310076,2024-02-11 17:16:30,2024-02-11,Cash,5019,74337,On Time,2017.92
9742218709,83412446,2024-09-25 13:18:53,2024-09-25,Cash,8354,4129,On Time,2931.03
9039933820,69219122,2023-12-09 15:07:56,2023-12-09,Card,6194,11046,On Time,2739.91
1391881327,50557979,2024-07-01 21:17:49,2024-07-01,UPI,4496,48329,On Time,1331.1
3360648053,2584499,2023-05-15 08:19:15,2023-05-15,Wallet,2575,10234,On Time,1278.25
9758418980,69219122,2023-07-05 11:42:10,2023-07-05,Card,6889,77182,On Time,2212.5
9859459525,67952740,2023-07-13 02:25:28,2023-07-13,Card,6296,319,On Time,1720.18
6924226309,62526567,2024-09-27 03:45:48,2024-09-27,Cash,3837,6964,Slightly Delayed,163.03
7672052920,20238921,2023-12-07 00:58:00,2023-12-07,Wallet,411,30194,On Time,651.93
4597359399,57967753,2024-09-20 03:03:14,2024-09-20,UPI,5685,5286,On Time,4536.47
665402174,51557673,2024-04-16 02:03:25,2024-04-16,Cash,8025,77757,On Time,4360.12
3986082657,49152878,2024-02-17 12:37:53,2024-02-17,Wallet,6770,55010,On Time,2960.99
4275746826,44410149,2024-03-05 10:45:46,2024-03-05,UPI,1223,59737,On Time,1872.54
525864604,33651554,2024-03-24 21:04:29,2024-03-24,Cash,1465,60733,On Time,5498.39
4473658819,376144,2023-12-05 00:25:25,2023-12-05,Cash,9592,14104,On Time,941.19
8824559505,88553721,2024-08-14 13:46:11,2024-08-14,UPI,8997,56907,On Time,2459.51
1824646473,51670882,2023-04-02 06:47:43,2023-04-02,Cash,7750,88937,On Time,3568.61
776389097,10797688,2024-02-10 07:33:39,2024-02-10,Cash,6468,75111,Slightly Delayed,2232.88
4908634706,88223261,2023-10-15 22:19:25,2023-10-15,Wallet,9135,13171,On Time,3086.11
3516204561,64562786,2023-09-09 05:31:58,2023-09-09,Card,2887,1455,On Time,3338.89
9510792757,625395,2023-11-04 05:02:14,2023-11-04,Cash,4424,28724,On Time,1067.61
3504903228,31776996,2023-06-30 00:16:00,2023-06-30,Card,3144,90336,Slightly Delayed,3239.13
3438202422,43860025,2023-10-08 15:49:10,2023-10-08,UPI,7813,94413,Significantly Delayed,2921.39
3007616042,77869660,2024-07-14 07:20:08,2024-07-14,UPI,6767,42230,Significantly Delayed,3455.69
4656199468,13581527,2023-10-29 19:29:19,2023-10-29,UPI,9118,68579,Significantly Delayed,3086.0
6994560237,96109948,2024-07-03 11:16:07,2024-07-03,UPI,9648,76628,On Time,2730.52
8442552565,12851610,2023-11-05 16:16:52,2023-11-05,UPI,6340,27187,Significantly Delayed,1850.58
414299117,41008070,2023-07-28 06:31:14,2023-07-28,Cash,3924,13455,On Time,2257.55
8146956033,44888581,2024-08-10 00:55:00,2024-08-10,Card,8774,56350,On Time,1465.27
7919748594,75213636,2024-09-20 00:30:20,2024-09-20,Wallet,8863,23133,On Time,1908.42
7834171020,52915166,2024-01-04 12:16:25,2024-01-04,Card,9046,97901,On Time,309.62
3735968672,211163,2023-12-22 22:27:36,2023-12-22,UPI,4579,57850,On Time,3555.45
3864051985,31776996,2024-04-06 02:54:19,2024-04-06,Cash,879,95883,Significantly Delayed,4519.31
8299074079,59930550,2024-06-08 10:14:10,2024-06-08,Cash,6840,16269,On Time,645.44
891333736,96853930,2023-09-24 20:13:03,2023-09-24,Wallet,1742,92557,Significantly Delayed,2152.26
2874220576,99734256,2023-10-04 07:00:43,2023-10-04,Wallet,7563,57749,On Time,4341.21
6375536946,94430842,2024-01-10 12:35:54,2024-01-10,UPI,5825,94134,On Time,2163.71
1966054573,31389750,2023-05-09 11:57:58,2023-05-09,UPI,1054,87453,Significantly Delayed,5121.92
1565942558,40858753,2024-08-04 14:20:41,2024-08-04,UPI,6447,92722,On Time,2536.81
4624281313,11493380,2024-10-22 11:12:07,2024-10-22,Card,2814,30435,On Time,3736.79
6884010758,22210238,2024-04-27 22:17:57,2024-04-27,Wallet,7988,63064,On Time,4982.72
4351744653,9423628,2023-04-03 14:10:21,2023-04-03,UPI,6150,45994,Significantly Delayed,3342.15
8698000932,43519553,2024-05-28 20:20:44,2024-05-28,Card,2282,22719,Significantly Delayed,1441.0
3844380421,6344345,2023-10-19 12:46:22,2023-10-19,Wallet,8571,52805,On Time,1515.54
7105842598,99707100,2023-08-24 14:49:37,2023-08-24,UPI,1069,1898,On Time,5027.5
8993722297,69088723,2023-07-04 15:54:33,2023-07-04,Cash,7896,53094,On Time,1914.81
2929439019,63858550,2023-10-28 17:21:14,2023-10-28,Wallet,4113,75818,On Time,377.8
1661854320,79169760,2024-09-28 09:51:29,2024-09-28,UPI,9324,19933,On Time,2680.38
3082165628,49617892,2023-05-02 21:32:37,2023-05-02,UPI,8856,30186,On Time,3474.38
1745045814,88532418,2023-11-30 08:45:34,2023-11-30,Card,2971,4796,On Time,3143.65
813387880,92455970,2023-07-08 11:31:53,2023-07-08,Wallet,602,92699,On Time,3950.66
8189879400,66427343,2023-11-16 04:22:20,2023-11-16,Cash,4806,89826,On Time,2078.87
8465045467,13604883,2024-05-01 05:32:15,2024-05-01,Wallet,1065,34692,On Time,1239.22
9232350528,4055790,2023-10-03 08:17:06,2023-10-03,Cash,7604,22738,On Time,894.54
1728666371,23126356,2024-05-12 12:29:32,2024-05-12,Cash,271,77801,Significantly Delayed,3258.36
6131815766,65514005,2023-03-17 23:50:57,2023-03-17,Wallet,5313,34359,On Time,2043.07
6438773635,67302239,2024-07-19 03:53:24,2024-07-19,UPI,3926,188,On Time,4912.61
6912676966,29324437,2023-06-10 13:50:41,2023-06-10,Wallet,4021,15416,On Time,961.64
2840314717,26432512,2023-06-27 23:33:21,2023-06-27,Wallet,627,56917,On Time,1825.16
9508359721,3002538,2024-08-24 15:46:55,2024-08-24,UPI,9954,85036,Slightly Delayed,746.29
2244679313,4458329,2024-08-05 06:57:07,2024-08-05,Card,2803,2273,On Time,127.16
9407544177,66310963,2024-11-03 07:53:59,2024-11-03,Card,9387,59002,On Time,979.99
2528398796,87889031,2023-04-06 23:42:43,2023-04-06,Wallet,3422,58075,Slightly Delayed,2625.78
9464988762,13567338,2023-10-02 17:16:55,2023-10-02,UPI,8996,64401,On Time,916.92
6373867899,66655397,2023-11-08 08:41:48,2023-11-08,Card,5350,71865,On Time,1064.83
4028185110,4789829,2023-04-25 15:18:14,2023-04-25,Cash,6415,30697,Slightly Delayed,3405.22
9717018638,73679086,2024-07-13 02:36:06,2024-07-13,Card,5154,78169,Slightly Delayed,197.39
4898477588,66766629,2024-02-15 20:07:56,2024-02-15,UPI,151,11074,On Time,3778.85
4723165081,29562254,2024-02-02 08:53:11,2024-02-02,UPI,5171,60832,On Time,1182.98
2845954128,31324823,2024-07-04 16:45:53,2024-07-04,Cash,9643,64804,On Time,1467.79
23158044,31681710,2023-05-19 19:28:28,2023-05-19,UPI,919,66644,On Time,2726.7
1486548042,13465850,2023-10-12 11:17:23,2023-10-12,Card,350,74963,Slightly Delayed,3856.34
708351411,69762479,2023-10-16 05:31:05,2023-10-16,Cash,4668,21614,Slightly Delayed,3373.0
5512110908,40192266,2023-11-22 02:06:53,2023-11-22,Cash,2944,31823,Significantly Delayed,2082.1
2295441899,58644651,2024-02-18 07:50:22,2024-02-18,Cash,9178,21929,Slightly Delayed,2679.68
4867173151,35885052,2023-10-24 22:00:36,2023-10-24,Card,2590,40357,On Time,494.17
4635037652,69925688,2024-01-23 20:40:54,2024-01-23,Wallet,3882,80201,On Time,493.19
2209259378,86995126,2023-12-23 12:41:15,2023-12-23,Card,205,91054,On Time,2342.26
4079286483,22227829,2023-05-19 13:09:58,2023-05-19,Card,7987,29223,On Time,435.28
9506078962,27336589,2024-07-05 22:01:58,2024-07-05,Card,82,82546,Slightly Delayed,1267.45
6894691072,83577942,2024-03-22 11:55:52,2024-03-22,Cash,9991,13462,On Time,2650.68
4481256065,66499992,2024-04-04 13:57:44,2024-04-04,Card,414,34584,Significantly Delayed,1395.84
5050919809,46885873,2024-05-13 07:04:41,2024-05-13,Card,769,7758,On Time,4439.75
1328085383,67538982,2023-05-11 11:37:52,2023-05-11,Wallet,5624,73436,On Time,1091.9
5382246981,87266309,2023-08-30 21:51:30,2023-08-30,Card,7639,18853,On Time,4419.12
5647827263,96171594,2024-05-07 07:55:24,2024-05-07,Card,1592,69561,On Time,1513.03
9244268951,64316806,2023-10-30 09:28:13,2023-10-30,UPI,3802,85934,On Time,568.94
6217777735,12059049,2024-07-22 11:23:06,2024-07-22,Card,6305,29335,On Time,1730.26
3682639473,99301505,2023-11-21 23:48:53,2023-11-21,Wallet,6740,98463,On Time,2777.46
3859331666,23676689,2023-07-02 07:37:25,2023-07-02,Wallet,433,83436,On Time,1299.18
7971689217,64932019,2023-10-18 13:04:32,2023-10-18,Wallet,9430,36735,Slightly Delayed,4281.75
6822492679,98540377,2023-07-28 06:09:08,2023-07-28,Cash,181,70308,Slightly Delayed,2513.48
7211194993,16561710,2023-09-04 03:48:51,2023-09-04,Cash,8397,79267,On Time,827.77
461485679,4594944,2023-08-08 00:06:45,2023-08-08,Wallet,1194,88187,On Time,4205.78
3209732414,87335844,2024-04-18 10:50:25,2024-04-18,Card,5828,55281,On Time,1028.26
6537694730,75490147,2024-08-15 00:38:15,2024-08-15,UPI,6753,46287,On Time,162.67
7653097776,63184222,2023-07-16 06:38:44,2023-07-16,Cash,9888,52927,On Time,2232.82
4928556641,97475543,2023-09-19 14:53:57,2023-09-19,Card,1415,49069,Slightly Delayed,2275.2
5905518100,86995126,2023-09-25 06:34:07,2023-09-25,Wallet,1527,87502,On Time,581.92
8337948336,25706121,2023-07-04 05:26:59,2023-07-04,Cash,3130,61806,On Time,4230.25
8814435884,69908484,2024-08-11 13:59:47,2024-08-11,Card,6139,19344,On Time,3209.28
6645415772,64906311,2024-07-02 06:51:43,2024-07-02,UPI,4689,80224,On Time,2890.11
5274039950,87059497,2023-12-14 20:20:39,2023-12-14,Card,8162,77082,On Time,827.44
7404052550,45166203,2023-09-13 07:03:41,2023-09-13,UPI,1541,19555,On Time,2358.73
8179058864,76970363,2023-05-18 17:45:29,2023-05-18,UPI,4798,98021,On Time,530.59
5195997912,29562072,2024-07-20 15:16:32,2024-07-20,Wallet,452,54621,On Time,3184.63
3320194259,68219091,2023-12-07 18:55:10,2023-12-07,UPI,7661,18826,On Time,2141.25
8185684967,46686696,2023-05-05 22:30:30,2023-05-05,Card,4939,39742,On Time,3101.41
2324568019,59677346,2023-07-06 05:05:30,2023-07-06,UPI,851,84177,Slightly Delayed,1885.21
3522645150,22483684,2023-05-16 07:33:57,2023-05-16,UPI,7906,24179,On Time,1588.47
4510488834,90586443,2024-09-08 20:39:29,2024-09-08,Card,7374,88472,On Time,2554.48
9433427403,46848302,2023-05-17 20:56:25,2023-05-17,Wallet,3500,44148,Slightly Delayed,236.95
8065436106,5763963,2024-01-22 01:40:31,2024-01-22,Card,5306,75168,On Time,592.46
846586265,10418604,2023-07-02 16:41:26,2023-07-02,Cash,8483,8377,Slightly Delayed,2302.23
4337013612,30823988,2023-05-15 12:29:43,2023-05-15,Card,436,14243,On Time,422.5
8916023990,3588443,2024-05-18 04:28:04,2024-05-18,UPI,1671,91553,Slightly Delayed,134.69
6018805430,35358395,2023-09-04 07:24:40,2023-09-04,Card,1404,39582,On Time,4118.37
2676353168,25595836,2024-09-10 11:19:07,2024-09-10,Cash,9589,61764,On Time,3310.03
1069724600,10945990,2023-07-26 11:43:20,2023-07-26,Cash,3971,27884,Slightly Delayed,3298.22
5503476312,36774480,2024-06-16 15:46:53,2024-06-16,Wallet,519,28852,On Time,242.57
4439677910,91791128,2024-02-26 09:32:38,2024-02-26,Wallet,2972,84746,On Time,1646.89
8045361592,16543242,2024-10-11 11:49:32,2024-10-11,Wallet,5631,3274,On Time,2264.11
1873731593,20209237,2023-11-24 07:41:32,2023-11-24,Wallet,4037,82405,On Time,630.84
1126011099,53557741,2024-02-21 21:53:21,2024-02-21,Card,2608,7013,On Time,3092.96
4100626744,15484407,2024-10-21 01:03:46,2024-10-21,UPI,9922,30255,On Time,13.25
8616880376,16256136,2024-03-18 04:01:22,2024-03-18,Wallet,800,3557,Significantly Delayed,102.44
1427911940,20634789,2024-02-24 07:00:38,2024-02-24,UPI,6456,321,On Time,689.16
4416398885,10945990,2024-10-22 06:38:37,2024-10-22,Card,5229,89868,On Time,404.44
2584579895,94713625,2024-01-12 20:46:24,2024-01-12,Card,7435,40539,On Time,4261.37
7770651576,87266309,2023-09-04 00:18:49,2023-09-04,UPI,4887,65051,Significantly Delayed,3258.88
3705985582,34897081,2023-08-19 23:20:01,2023-08-19,Wallet,775,64445,On Time,1623.7
5160295213,22133362,2024-01-25 20:44:59,2024-01-25,Cash,3844,99136,On Time,3428.33
4374285559,53399500,2024-09-02 02:58:44,2024-09-02,UPI,47,77397,Slightly Delayed,1063.23
9096638812,70243933,2023-12-05 01:56:14,2023-12-05,UPI,5392,82494,On Time,3559.69
2888179397,51341672,2023-08-26 18:51:22,2023-08-26,UPI,3841,21483,Slightly Delayed,3461.96
3387165389,376144,2024-07-14 09:14:56,2024-07-14,Card,4084,5218,On Time,3280.88
1925647539,13424885,2023-08-14 15:30:54,2023-08-14,UPI,3545,74222,On Time,2294.95
6160848562,59769142,2023-09-10 19:43:37,2023-09-10,Card,3525,3350,On Time,1022.08
2343495895,2584499,2024-08-04 14:24:51,2024-08-04,UPI,693,92896,On Time,1706.95
8812220964,66742602,2023-08-29 16:20:14,2023-08-29,Wallet,457,67129,On Time,2111.11
8640364495,51670882,2023-05-13 22:51:47,2023-05-13,Card,9349,26749,Slightly Delayed,1012.07
4610687284,27698051,2023-09-26 10:32:31,2023-09-26,Cash,8136,4338,On Time,1094.43
189431942,58115779,2024-01-23 12:27:16,2024-01-23,UPI,3363,73313,On Time,163.03
1746826454,36462363,2024-01-05 01:38:52,2024-01-05,Card,5269,85938,On Time,261.03
948345459,66629497,2024-03-23 04:13:06,2024-03-23,UPI,4933,89820,Slightly Delayed,1015.2
9959881029,35782051,2024-09-30 03:23:06,2024-09-30,UPI,1798,36005,Slightly Delayed,3893.9
621213006,43377076,2024-07-22 04:28:26,2024-07-22,UPI,5501,42600,On Time,1244.79
1772464528,66655397,2023-09-07 21:03:04,2023-09-07,Cash,3203,47913,On Time,1709.44
7732863862,89476734,2023-08-02 03:54:51,2023-08-02,Cash,946,10377,On Time,3828.04
3064828239,6186471,2024-02-18 07:37:33,2024-02-18,UPI,2142,46175,On Time,4356.46
6363526452,53292177,2023-10-10 23:01:54,2023-10-10,Wallet,385,870,On Time,3611.55
6988011282,74212242,2024-10-30 17:00:05,2024-10-30,Wallet,1783,63272,On Time,2171.93
8523250818,77673290,2024-02-11 18:54:06,2024-02-11,UPI,621,69177,On Time,2236.59
5595210484,93507573,2023-05-17 01:03:53,2023-05-17,Card,9488,82974,Slightly Delayed,639.5
1461081366,13604883,2024-08-15 23:06:55,2024-08-15,Cash,9873,36779,Slightly Delayed,3593.55
4922364507,79628054,2024-07-06 08:46:32,2024-07-06,Cash,5995,69143,On Time,2661.33
6597871211,59815512,2024-05-03 00:28:32,2024-05-03,UPI,5678,42842,On Time,2777.48
2719816862,85074810,2024-09-20 20:49:22,2024-09-20,Wallet,7023,89017,Slightly Delayed,332.84
9830788650,87160527,2023-07-07 07:55:06,2023-07-07,UPI,4149,26304,On Time,2924.55
140980199,27504517,2024-03-05 14:09:06,2024-03-05,UPI,4915,72398,Slightly Delayed,769.7
7595842583,90150193,2024-02-24 07:57:06,2024-02-24,Cash,8390,3254,On Time,3399.47
2390228992,46699982,2023-07-31 16:49:38,2023-07-31,Card,9041,70541,On Time,2179.55
8178738469,95873651,2023-06-12 05:47:37,2023-06-12,Card,8914,89094,Slightly Delayed,4117.53
9964671001,79591237,2024-03-14 17:53:53,2024-03-14,Card,966,5380,On Time,3829.3
1258689954,89886179,2024-03-31 02:27:00,2024-03-31,Card,615,51547,On Time,2868.78
4647158015,13461704,2023-11-18 13:28:26,2023-11-18,UPI,7293,93276,Slightly Delayed,2279.47
2382974038,83610315,2024-05-16 16:47:07,2024-05-16,UPI,926,81484,On Time,2282.13
3663827875,28499191,2023-11-02 20:27:10,2023-11-02,UPI,6347,25542,Significantly Delayed,209.59
6501113916,22210238,2024-01-07 16:47:53,2024-01-07,UPI,1179,30138,On Time,4185.2
3300719369,32830199,2024-05-25 03:37:12,2024-05-25,Wallet,5896,14792,On Time,105.29
3239722852,26935187,2023-07-02 09:26:30,2023-07-02,UPI,4223,63051,On Time,4981.57
6694899030,36142455,2024-09-21 16:34:57,2024-09-21,Card,8102,72101,Slightly Delayed,2823.27
992895707,18259715,2023-05-14 22:40:49,2023-05-14,Cash,9473,95191,Slightly Delayed,592.58
8432150432,9650263,2024-05-11 16:21:59,2024-05-11,Wallet,4627,4319,On Time,755.01
6220520171,42366724,2023-12-01 00:07:19,2023-12-01,UPI,8663,82788,On Time,1721.87
735608722,3292927,2024-06-08 09:29:25,2024-06-08,Card,1469,4090,Slightly Delayed,1276.51
7303161073,98444183,2024-03-15 00:03:10,2024-03-15,Cash,1900,80732,On Time,4591.66
9783380107,70976153,2024-06-09 08:07:30,2024-06-09,Card,5057,37808,On Time,2408.28
3835886077,8384106,2023-11-19 17:33:59,2023-11-19,Card,9564,58336,On Time,796.88
8140652447,11705793,2024-04-15 11:28:24,2024-04-15,Card,7412,16128,On Time,2649.69
6412390967,66023110,2024-02-03 20:15:40,2024-02-03,Card,7479,19522,On Time,3014.75
6688575911,48943848,2023-12-26 18:44:13,2023-12-26,Wallet,7327,28472,On Time,5088.41
3890111511,68965787,2024-09-09 23:37:46,2024-09-09,UPI,9572,51181,Significantly Delayed,3935.46
5145256852,57770044,2024-09-10 19:14:18,2024-09-10,Cash,1703,60056,Significantly Delayed,1501.57
7375057413,12799092,2023-05-17 22:25:56,2023-05-17,Card,3471,80419,Slightly Delayed,1114.88
3047491006,61182897,2024-09-21 21:50:52,2024-09-21,Cash,5187,3770,On Time,3752.62
7715738110,81605722,2023-05-10 22:12:57,2023-05-10,Card,552,78052,On Time,514.14
6191554160,77869660,2023-07-20 23:13:31,2023-07-20,Cash,2824,17582,On Time,580.42
896919031,42366724,2024-10-08 03:01:32,2024-10-08,Wallet,1710,61896,On Time,1440.73
1535818185,99772709,2024-05-03 16:30:31,2024-05-03,Card,4353,11471,On Time,1140.16
4428830794,701493,2024-06-18 23:21:18,2024-06-18,UPI,917,1874,On Time,2948.82
3610035622,20956158,2024-04-04 03:34:32,2024-04-04,Card,3119,94062,On Time,622.81
8674445072,50080663,2024-08-04 05:22:43,2024-08-04,UPI,2711,98361,On Time,2038.01
9623704312,38613295,2024-02-24 22:05:43,2024-02-24,Card,6961,5220,On Time,580.18
7786002894,30373140,2023-12-21 12:56:24,2023-12-21,Cash,6248,99820,Slightly Delayed,899.56
3264409553,70976153,2023-03-30 18:35:29,2023-03-30,Wallet,6402,61878,Significantly Delayed,840.34
7736534043,22915611,2023-05-28 08:20:29,2023-05-28,Card,6419,83856,On Time,1003.46
5936596117,67729191,2024-10-25 12:09:18,2024-10-25,Card,6545,1771,On Time,3014.85
1980087245,38875754,2023-06-16 19:27:33,2023-06-16,Card,9649,98576,On Time,2606.6
8861557989,52913011,2024-08-25 06:07:25,2024-08-25,Cash,3806,38818,On Time,4574.66
6702391437,13130974,2024-01-21 17:57:30,2024-01-21,Card,230,44685,Significantly Delayed,4179.5
6385452188,38875754,2024-06-04 21:25:31,2024-06-04,UPI,9692,84550,On Time,2664.35
8813216380,85177880,2024-10-09 11:57:06,2024-10-09,Cash,2007,388,Slightly Delayed,3340.2
5563712992,4597433,2024-01-11 16:23:07,2024-01-11,UPI,3019,8510,On Time,3233.68
966468552,70459847,2023-06-24 01:44:48,2023-06-24,Card,1720,64064,On Time,2561.55
4368529506,76327561,2024-06-30 01:22:42,2024-06-30,UPI,4721,98277,Slightly Delayed,1081.17
3777009463,25829710,2024-09-01 08:11:47,2024-09-01,Wallet,7493,36810,On Time,264.89
3560912801,20163931,2024-09-08 23:49:45,2024-09-08,Wallet,9987,16585,On Time,1052.23
1741224538,90621147,2023-03-29 00:24:22,2023-03-29,Cash,8219,28254,On Time,134.69
4579251445,1507408,2023-08-28 15:35:23,2023-08-28,Card,5398,63271,On Time,1057.68
3438127101,59141605,2023-11-27 16:40:08,2023-11-27,Cash,4892,80040,On Time,296.94
9741958794,13164195,2024-08-20 07:33:07,2024-08-20,Card,6124,4642,Slightly Delayed,6173.45
882082341,75828735,2024-10-10 12:35:06,2024-10-10,Wallet,2118,64310,Slightly Delayed,5094.56
3629321763,79369660,2024-08-06 18:45:52,2024-08-06,Cash,756,93253,On Time,2988.51
888938572,12695670,2023-04-02 20:33:35,2023-04-02,Cash,7991,28461,On Time,597.91
5263181887,90150193,2024-09-28 22:00:44,2024-09-28,Card,2272,28643,On Time,1239.9
7071557807,19375332,2024-04-29 11:05:40,2024-04-29,Cash,7427,70989,Slightly Delayed,3848.05
6888804296,2442235,2024-10-24 22:24:07,2024-10-24,Cash,1605,27520,On Time,2930.92
814182718,65134271,2023-11-17 22:17:49,2023-11-17,Card,8501,18293,On Time,2233.84
3513524740,1301661,2024-07-03 12:00:31,2024-07-03,Card,3550,96517,Significantly Delayed,1395.67
1234169434,22112867,2023-10-17 20:52:10,2023-10-17,Card,4588,73458,On Time,3644.99
2577990012,71902700,2023-09-22 03:03:12,2023-09-22,Card,2923,81801,On Time,2577.46
8446065263,79773912,2023-11-15 01:53:57,2023-11-15,Card,6585,38584,Slightly Delayed,2838.28
4220970302,90621147,2024-11-01 09:44:24,2024-11-01,UPI,6692,93466,On Time,2598.47
5712516128,11503405,2023-07-14 21:20:01,2023-07-14,Card,2367,41787,On Time,2661.8
807167715,26521850,2024-08-28 21:17:15,2024-08-28,Card,8011,15159,On Time,951.27
213972345,71252391,2024-06-14 23:11:09,2024-06-14,Card,8230,5515,On Time,3895.71
1013762407,51174875,2024-10-19 06:57:40,2024-10-19,UPI,9729,89281,Significantly Delayed,2519.44
5234194751,14207332,2024-02-19 04:44:03,2024-02-19,Card,6396,47252,On Time,3494.6
1389077693,37947202,2023-06-27 17:53:27,2023-06-27,UPI,6110,1965,Slightly Delayed,716.35
1895143216,43295656,2023-03-25 20:13:10,2023-03-25,Card,4450,68226,On Time,2921.03
3667250123,7728406,2024-03-04 06:15:23,2024-03-04,Cash,6149,34707,Significantly Delayed,715.72
6430529802,6459100,2023-07-23 14:58:31,2023-07-23,Wallet,8070,72291,On Time,2974.48
4856277700,67729191,2023-08-17 22:46:53,2023-08-17,UPI,7129,85395,Significantly Delayed,1070.91
1492403962,11389698,2023-07-09 01:43:47,2023-07-09,Wallet,9347,88981,On Time,5366.78
4348167632,93675757,2023-11-29 05:51:03,2023-11-29,UPI,3894,62399,On Time,2152.66
3682471195,90856813,2023-12-06 04:17:47,2023-12-06,UPI,2934,94268,Slightly Delayed,2138.69
6888837939,67708491,2024-03-27 14:51:12,2024-03-27,Wallet,3284,18096,On Time,1159.32
2278004109,99301505,2024-09-01 03:50:07,2024-09-01,Card,4873,72611,Slightly Delayed,2292.05
7471013149,46185579,2024-10-13 12:41:47,2024-10-13,UPI,1821,21505,Slightly Delayed,1656.84
755745232,3844290,2024-10-02 01:53:01,2024-10-02,Cash,4725,25231,Slightly Delayed,1086.05
2963187161,91448742,2024-06-18 12:05:53,2024-06-18,Card,401,20323,Slightly Delayed,169.88
3980591844,96903782,2023-06-20 03:28:07,2023-06-20,Wallet,2402,16450,On Time,2917.28
9960808976,78748184,2024-04-08 03:34:02,2024-04-08,Card,7919,27708,On Time,4324.68
8740552000,34095555,2023-05-16 11:42:38,2023-05-16,Wallet,101,40753,Slightly Delayed,391.21
9230099449,60319216,2023-05-08 03:58:30,2023-05-08,Card,3810,45467,On Time,3331.12
4277432248,91408854,2023-05-10 21:31:20,2023-05-10,Wallet,7932,33604,On Time,3536.17
3624765984,36400756,2023-12-11 08:21:44,2023-12-11,Card,6689,26888,On Time,4517.75
8533110341,10524732,2023-06-14 08:57:05,2023-06-14,UPI,4410,45197,Slightly Delayed,1621.58
5036664068,2667357,2023-11-06 07:46:44,2023-11-06,UPI,3086,54985,On Time,1666.89
9989636336,191616,2024-05-24 07:26:24,2024-05-24,Cash,7821,91946,Slightly Delayed,2425.95
2843642858,46208150,2024-03-14 06:53:23,2024-03-14,Cash,632,39226,On Time,831.1
7510849424,82585664,2024-03-08 04:12:08,2024-03-08,Wallet,3213,35153,On Time,1640.42
8744806310,8395343,2023-07-03 23:48:25,2023-07-03,Card,2798,19395,On Time,3826.97
7605774154,6150721,2024-02-02 23:43:14,2024-02-02,Cash,1252,78836,On Time,1536.89
6904233594,65514005,2024-08-09 21:50:28,2024-08-09,UPI,3701,24070,On Time,2570.78
6371336060,8241122,2024-07-21 20:11:14,2024-07-21,Wallet,6887,17953,On Time,631.7
8137624530,22210238,2023-10-24 23:59:43,2023-10-24,UPI,2268,85372,Slightly Delayed,3147.61
9131474241,98246574,2024-10-18 17:00:08,2024-10-18,Card,1940,7186,On Time,340.66
7413772322,98709982,2023-06-12 15:41:13,2023-06-12,Card,3120,77018,On Time,2586.5
9400852015,44149982,2024-07-01 06:50:33,2024-07-01,Card,448,92978,Slightly Delayed,2754.81
4867437863,13164195,2024-01-25 03:01:54,2024-01-25,Wallet,540,48327,Slightly Delayed,3132.92
4219458877,87222820,2023-12-27 02:46:02,2023-12-27,Card,4216,45483,Significantly Delayed,951.43
35135941,28205701,2024-07-29 18:08:33,2024-07-29,UPI,229,64624,On Time,1216.16
4754258275,10019218,2023-09-16 13:44:16,2023-09-16,Card,9261,81493,On Time,2315.11
9195687538,74548003,2024-01-06 11:46:39,2024-01-06,Wallet,3319,17689,Significantly Delayed,212.14
344554037,78847070,2023-11-10 08:19:48,2023-11-10,Card,1578,53784,Significantly Delayed,3774.14
7503255456,82948843,2023-08-03 21:15:59,2023-08-03,Card,2121,31307,Significantly Delayed,5414.01
5903638531,78209683,2023-05-02 16:44:25,2023-05-02,Card,9390,30906,On Time,3051.04
1670694517,92356639,2024-08-09 17:39:54,2024-08-09,Cash,5284,54015,On Time,3118.23
2369121788,60062501,2024-05-28 21:18:47,2024-05-28,UPI,797,509,On Time,2951.41
6012082951,88866835,2023-05-17 06:08:38,2023-05-17,Card,918,9667,On Time,3669.77
3675914158,89361574,2024-03-08 06:12:12,2024-03-08,Card,5296,57846,Slightly Delayed,2124.26
1396605672,20956158,2024-01-07 01:58:28,2024-01-07,Card,4916,87368,On Time,1723.88
4260996213,77035814,2023-04-12 12:45:55,2023-04-12,Wallet,9334,14963,Significantly Delayed,1730.33
4749534376,53100521,2024-05-19 00:36:01,2024-05-19,Card,1895,33915,On Time,1648.07
6095091385,34839913,2024-07-11 07:02:45,2024-07-11,Cash,7745,58226,Slightly Delayed,2486.58
1131338162,21201299,2024-02-03 11:57:08,2024-02-03,Cash,9381,72596,On Time,2695.16
6100236720,83660688,2023-08-24 13:01:44,2023-08-24,Cash,9207,91266,On Time,4190.59
3363683548,43367112,2024-02-09 10:16:54,2024-02-09,Card,3280,93499,On Time,2065.75
8721540965,38902882,2024-07-05 13:01:49,2024-07-05,UPI,5347,67650,On Time,5604.64
1712456261,90448312,2023-10-15 10:37:57,2023-10-15,Cash,8831,26493,On Time,418.48
760930025,49756591,2023-06-19 18:28:51,2023-06-19,Card,1159,62735,On Time,873.51
5652465358,57523973,2024-06-17 18:13:50,2024-06-17,Card,6475,54033,Significantly Delayed,2293.55
3580915899,87954926,2023-10-23 18:14:42,2023-10-23,UPI,7596,64163,On Time,2660.98
1174382816,773410,2024-08-14 20:51:31,2024-08-14,Card,7777,82185,On Time,1838.15
3200474667,15631726,2024-09-17 19:02:43,2024-09-17,Wallet,9420,16148,On Time,2976.81
7474651061,63238941,2023-06-09 22:33:12,2023-06-09,Cash,261,94198,On Time,3731.78
1892282465,80517784,2023-08-23 01:50:45,2023-08-23,Wallet,2383,2804,On Time,2849.48
3859828998,701493,2023-04-14 03:46:30,2023-04-14,Wallet,2510,39119,On Time,2721.16
2554590672,19482392,2023-12-03 12:50:10,2023-12-03,Wallet,6195,36934,On Time,3840.61
9667675052,40871915,2023-09-29 13:18:03,2023-09-29,UPI,8886,94350,On Time,2282.92
8382437838,46185579,2024-05-30 16:04:35,2024-05-30,Wallet,7062,84984,On Time,1907.89
6247090607,90038364,2023-10-07 15:37:13,2023-10-07,Wallet,3279,96576,On Time,1801.01
5004073261,27304827,2024-06-16 17:23:11,2024-06-16,Cash,908,62540,Slightly Delayed,1228.31
6595898122,67896836,2024-07-13 20:46:07,2024-07-13,UPI,3390,99156,On Time,1080.49
9844371682,31527100,2023-06-10 20:30:20,2023-06-10,Wallet,4326,70915,On Time,1742.0
7198169379,26844216,2023-07-13 21:02:59,2023-07-13,Card,8643,92952,Slightly Delayed,865.68
2815855636,38808614,2023-07-28 10:14:31,2023-07-28,Card,3090,6074,On Time,3710.55
6033660622,65618148,2023-04-12 15:11:35,2023-04-12,Wallet,6157,82054,Slightly Delayed,1321.76
7944056454,10729474,2023-05-22 23:35:19,2023-05-22,Wallet,7892,83225,On Time,3162.64
4354264440,25722990,2023-12-13 11:06:13,2023-12-13,Cash,3183,3704,Slightly Delayed,1607.15
5623096090,68703613,2023-08-25 12:42:53,2023-08-25,Wallet,4345,13931,On Time,1565.76
701856661,11143197,2024-06-10 01:20:43,2024-06-10,Card,4604,15464,On Time,3622.14
1911276445,73799927,2024-10-20 14:44:26,2024-10-20,Wallet,2675,18487,Slightly Delayed,1896.67
9323909987,47990044,2024-05-09 03:55:26,2024-05-09,UPI,5192,7906,On Time,77.11
1988898073,78157360,2024-02-21 11:34:59,2024-02-21,UPI,5850,21707,Slightly Delayed,1541.22
6457671753,51048402,2024-01-07 23:32:14,2024-01-07,Wallet,1402,50589,On Time,2200.47
3556497272,9347990,2024-10-18 10:21:52,2024-10-18,UPI,6798,79803,On Time,96.09
2182762247,54347213,2023-09-06 20:37:30,2023-09-06,Cash,6497,8763,On Time,1308.92
6026842782,75928073,2024-08-27 19:51:30,2024-08-27,Wallet,5333,57323,On Time,2610.0
1227108607,69242672,2024-09-18 12:33:42,2024-09-18,Card,3750,36907,On Time,3901.39
9362226645,28428852,2024-05-12 05:01:14,2024-05-12,Wallet,1666,29024,Slightly Delayed,3503.23
6313785973,28603182,2023-03-21 03:09:21,2023-03-21,UPI,2420,34181,Slightly Delayed,2326.58
1297253359,77811864,2024-04-24 09:19:28,2024-04-24,Cash,6975,20964,Slightly Delayed,1250.24
6138091203,41261495,2023-09-09 05:55:23,2023-09-09,Card,1513,27226,On Time,1284.92
4770739350,61753272,2024-07-12 19:43:00,2024-07-12,Card,8704,96604,Significantly Delayed,3259.93
6253838449,19393135,2024-06-11 00:39:02,2024-06-11,Card,445,92207,On Time,938.37
1015708455,24153726,2023-09-04 17:57:41,2023-09-04,Wallet,8295,35032,Slightly Delayed,3175.14
2201201842,6398761,2023-10-02 13:13:35,2023-10-02,Card,703,7484,On Time,1547.91
200000051,8632679,2023-10-04 20:08:09,2023-10-04,UPI,4060,58741,On Time,1442.99
409570377,12574626,2024-03-27 14:39:35,2024-03-27,Card,1353,6848,Slightly Delayed,1524.99
5944464513,34095555,2023-03-25 16:40:17,2023-03-25,Wallet,700,80133,On Time,1371.17
7064377287,26716400,2024-09-02 07:38:33,2024-09-02,Wallet,766,30746,On Time,328.51
7763036477,26285589,2024-08-14 20:19:07,2024-08-14,Cash,2997,11382,On Time,4277.29
7494002152,91382237,2024-05-01 06:30:27,2024-05-01,Card,3171,12465,On Time,2287.2
692127479,67538982,2024-07-09 23:14:20,2024-07-09,Wallet,4870,59887,On Time,3284.88
7544245121,87160527,2024-09-26 17:57:33,2024-09-26,UPI,8428,48705,Slightly Delayed,4067.24
4429641190,11562458,2023-06-18 05:43:31,2023-06-18,Cash,3257,56195,On Time,3518.61
8093366865,29451600,2024-10-16 11:46:49,2024-10-16,Cash,8000,55773,Significantly Delayed,1770.01
6269075067,81382213,2023-11-15 23:57:36,2023-11-15,Wallet,5023,40584,On Time,3745.59
4056304110,211163,2023-11-25 12:03:51,2023-11-25,UPI,3514,32614,Significantly Delayed,3567.36
4447978623,31076002,2024-08-21 06:54:53,2024-08-21,Cash,6356,26809,On Time,2037.9
5875285677,62510499,2023-05-20 10:43:49,2023-05-20,Wallet,9163,55480,On Time,3993.93
4177774653,23844919,2024-05-20 10:41:55,2024-05-20,Wallet,5256,8589,On Time,294.79
502632296,9450435,2024-05-15 19:31:23,2024-05-15,Card,9501,67946,On Time,4257.49
5037688536,49756591,2024-02-24 05:35:57,2024-02-24,Card,9952,166,Significantly Delayed,903.52
6844277478,47577193,2024-08-28 16:56:29,2024-08-28,Card,7819,29959,Slightly Delayed,2190.84
3368317718,70867736,2024-05-31 23:59:29,2024-05-31,UPI,522,96055,On Time,914.88
913881994,13251137,2024-08-04 21:23:28,2024-08-04,Cash,6960,98626,On Time,317.82
6445700839,4988545,2024-03-06 15:35:29,2024-03-06,UPI,9736,94758,On Time,1574.46
101613683,43377076,2023-06-29 20:45:29,2023-06-29,Card,3603,59292,On Time,1314.09
7094586913,82900175,2023-10-01 20:55:39,2023-10-01,UPI,3665,74282,On Time,1045.98
2478557609,58170168,2024-06-15 14:43:39,2024-06-15,Wallet,644,53936,Slightly Delayed,1632.79
9516720368,97466783,2024-04-04 20:08:39,2024-04-04,Card,9079,46734,On Time,3117.54
3808010352,23126356,2024-02-17 02:25:10,2024-02-17,Wallet,7198,50711,On Time,2359.74
7921886899,11143197,2023-07-01 02:42:43,2023-07-01,Cash,2936,97509,On Time,1342.87
6818712547,66655397,2023-12-27 06:03:57,2023-12-27,Cash,4196,65099,On Time,2620.04
4538204462,35812567,2024-02-26 18:16:54,2024-02-26,Card,2047,4874,On Time,3043.32
2008331630,36833857,2023-07-13 00:34:14,2023-07-13,Wallet,1939,19684,On Time,1630.96
3901338038,63238941,2024-08-23 03:48:43,2024-08-23,Cash,6623,93090,On Time,657.8
1483786406,63451391,2023-03-25 07:26:24,2023-03-25,Card,7474,99066,Significantly Delayed,3934.29
5022936426,73377004,2023-09-18 03:33:58,2023-09-18,Wallet,894,86251,On Time,2217.52
5470875365,55042740,2024-03-31 08:06:56,2024-03-31,UPI,3834,79541,On Time,4003.77
7144611408,33280073,2023-08-18 08:26:18,2023-08-18,Cash,3684,55520,On Time,989.77
9411421675,61226563,2024-01-24 10:26:23,2024-01-24,Cash,1762,51778,On Time,4144.86
7315949343,14458150,2023-09-17 22:30:28,2023-09-17,Wallet,3435,72063,On Time,2639.3
9430475133,24621386,2023-03-25 01:53:58,2023-03-25,Cash,8535,41262,On Time,4145.1
3062145702,24821281,2024-06-21 14:57:19,2024-06-21,Card,1522,8248,On Time,3288.07
6500458984,35912599,2023-11-08 07:10:51,2023-11-08,Card,9105,90658,Slightly Delayed,440.17
7429306851,62541176,2024-04-22 03:51:02,2024-04-22,Wallet,541,96651,On Time,1343.84
2687236003,83588803,2024-01-10 21:00:18,2024-01-10,Wallet,7216,93868,On Time,3207.16
1885906938,13455530,2023-10-09 04:19:26,2023-10-09,Cash,3370,39994,Slightly Delayed,4489.81
9949334146,73363613,2024-08-05 02:30:30,2024-08-05,Wallet,5747,58811,Significantly Delayed,217.5
2555454584,19182548,2023-08-12 17:17:51,2023-08-12,Cash,8438,50763,Significantly Delayed,1626.42
2503209946,26844216,2024-04-28 11:08:57,2024-04-28,Cash,9791,13371,On Time,1069.03
2329563439,78157360,2023-11-02 23:45:47,2023-11-02,UPI,4924,52741,Significantly Delayed,1139.89
1041536174,93018527,2023-06-15 08:48:09,2023-06-15,Card,3516,60201,Slightly Delayed,2780.93
6631188689,8361353,2024-03-28 12:16:12,2024-03-28,Cash,8559,24043,On Time,3536.2
9300178512,26936578,2023-07-25 12:36:42,2023-07-25,Cash,4802,73376,On Time,1204.48
1086881691,77035814,2024-04-10 17:22:10,2024-04-10,Cash,7392,6106,On Time,1914.71
8008880980,57505804,2024-04-18 15:35:40,2024-04-18,Card,2473,65111,On Time,1909.21
2417680703,30823988,2024-02-11 00:31:27,2024-02-11,Card,6343,41668,Slightly Delayed,2694.25
1117730990,96640716,2024-08-23 19:54:08,2024-08-23,Cash,9260,19991,On Time,998.06
1678557345,49136375,2024-05-12 17:05:42,2024-05-12,Wallet,4525,20447,On Time,1308.24
4505129824,17341194,2023-11-14 13:03:17,2023-11-14,Cash,2152,81297,On Time,2663.24
8737295686,69749541,2023-12-11 09:08:04,2023-12-11,Wallet,8046,61898,On Time,930.92
7997347191,31813,2024-07-11 03:32:42,2024-07-11,Wallet,1071,11517,Slightly Delayed,4498.83
1930645698,35554129,2024-08-07 13:10:30,2024-08-07,Card,7356,82675,On Time,3514.7
5393373590,5712468,2024-09-27 17:09:25,2024-09-27,Card,6485,48267,Slightly Delayed,487.51
5851854765,82032191,2023-11-24 14:55:43,2023-11-24,Wallet,6517,71230,Slightly Delayed,1865.04
3765179520,43784632,2024-06-23 04:54:32,2024-06-23,Wallet,558,99605,Significantly Delayed,3700.97
683969424,98225598,2023-08-10 06:18:01,2023-08-10,Cash,9050,88789,Slightly Delayed,2629.12
8459624382,64489709,2023-08-22 18:10:23,2023-08-22,Wallet,4822,87672,Slightly Delayed,786.02
7110044004,62807542,2023-04-24 13:55:37,2023-04-24,UPI,3631,30128,Slightly Delayed,941.87
4302375314,96253172,2024-03-03 08:30:46,2024-03-03,Card,5249,63810,On Time,3332.44
1245307588,13760839,2023-04-24 15:47:55,2023-04-24,Cash,6815,89554,Slightly Delayed,1800.39
3876260101,70420271,2023-09-11 12:39:37,2023-09-11,Wallet,2,39494,On Time,22.14
3162263618,23676689,2023-05-27 12:38:57,2023-05-27,Card,4551,48838,On Time,2824.3
655792395,11254582,2024-04-19 23:04:28,2024-04-19,Wallet,7858,74441,Slightly Delayed,1028.96
7624743284,40392019,2023-08-15 05:18:43,2023-08-15,UPI,9012,67656,Slightly Delayed,3542.84
4783962671,57765367,2023-10-09 17:47:42,2023-10-09,Card,5097,12164,Slightly Delayed,2056.76
7166787473,97928541,2024-08-24 06:10:50,2024-08-24,Card,7514,13336,Significantly Delayed,2983.11
9395228070,40275138,2024-09-12 19:58:05,2024-09-12,Cash,9838,82773,On Time,1849.78
902157975,80371626,2023-04-12 01:03:47,2023-04-12,Cash,4981,86411,On Time,946.86
6947741744,49617531,2023-07-10 08:05:17,2023-07-10,UPI,5608,54437,On Time,936.96
4788498083,16420489,2023-09-17 02:54:21,2023-09-17,Wallet,8318,64522,Significantly Delayed,2208.78
8070127087,27709218,2024-08-22 06:10:47,2024-08-22,Card,7473,46786,On Time,2506.63
5191429552,14944819,2023-12-23 17:06:45,2023-12-23,UPI,8644,99889,Slightly Delayed,2418.97
5220651138,91768226,2024-03-13 02:23:30,2024-03-13,Cash,7709,9937,On Time,2783.14
2758734705,54797119,2023-08-02 23:12:45,2023-08-02,UPI,1576,30040,On Time,1460.54
2907887532,85838438,2023-11-19 12:58:27,2023-11-19,UPI,954,83016,On Time,3870.66
7388846009,59094034,2024-02-22 09:01:52,2024-02-22,UPI,6586,51360,On Time,616.45
2606843929,29415527,2024-06-14 14:07:30,2024-06-14,Cash,2825,15405,On Time,2095.62
5637567433,91562028,2024-09-02 01:14:14,2024-09-02,Wallet,5612,53431,On Time,2428.45
8838095431,41194825,2023-05-06 10:54:36,2023-05-06,UPI,221,61209,On Time,2640.35
1564649286,77869660,2023-12-06 03:51:09,2023-12-06,Card,1221,16991,On Time,827.44
4098166849,33741801,2023-10-12 00:21:16,2023-10-12,Wallet,1712,93376,Significantly Delayed,4892.12
8091143423,25128143,2023-11-23 22:56:41,2023-11-23,Card,7167,71870,On Time,3293.8
3024045336,54877984,2024-04-15 01:47:11,2024-04-15,Cash,535,158,On Time,2790.23
6152984028,60732869,2023-08-29 00:50:01,2023-08-29,Card,8407,47844,Slightly Delayed,2124.37
3450790653,87266831,2023-08-27 18:14:12,2023-08-27,Card,5053,5694,On Time,1861.71
8028917900,57340963,2023-07-18 00:50:09,2023-07-18,Card,6121,56483,On Time,2365.92
7781884407,90666073,2024-08-11 15:59:31,2024-08-11,Wallet,906,63528,On Time,773.17
3483689828,7687234,2023-07-28 06:45:11,2023-07-28,UPI,4252,95069,On Time,4559.56
8341286014,31076002,2024-08-29 15:39:57,2024-08-29,Card,5560,60030,On Time,2399.69
7936106887,95309983,2024-05-07 14:59:53,2024-05-07,UPI,3254,4033,On Time,577.13
2247354978,6668498,2024-09-26 10:17:58,2024-09-26,Cash,6533,56703,On Time,1322.72
5347701114,22036818,2023-10-16 18:07:51,2023-10-16,Card,1786,49960,On Time,374.68
7846068436,93507573,2023-11-29 12:57:39,2023-11-29,Card,5453,60910,On Time,3379.35
9893439302,67277562,2023-09-05 20:15:31,2023-09-05,Wallet,1326,2306,On Time,3745.35
4160816433,2219590,2023-12-09 12:20:14,2023-12-09,UPI,7247,34874,Slightly Delayed,3238.22
6000890622,62828341,2024-09-14 16:12:21,2024-09-14,UPI,2572,29998,On Time,1826.22
7317676958,92356639,2023-07-02 03:58:39,2023-07-02,Card,3528,61886,Slightly Delayed,2967.08
8620144614,20122449,2024-07-10 22:57:25,2024-07-10,Wallet,5992,95461,Significantly Delayed,1435.13
3940758882,40085705,2024-01-24 04:33:57,2024-01-24,Card,6738,46910,On Time,186.08
5216555041,30188374,2024-03-03 23:15:52,2024-03-03,Wallet,9088,72142,On Time,3340.8
5144793312,59518795,2024-08-01 00:28:18,2024-08-01,UPI,1614,46815,On Time,724.84
7241413847,10048910,2023-04-15 10:19:09,2023-04-15,Wallet,6198,93156,On Time,2620.23
3567610983,1816969,2023-08-19 04:01:26,2023-08-19,Cash,9376,20825,Significantly Delayed,3657.49
16878685,37556526,2024-04-09 02:29:02,2024-04-09,Cash,9683,52442,On Time,4267.94
951657166,63624332,2024-04-21 07:50:58,2024-04-21,UPI,9165,14551,On Time,3588.19
4189022307,21597477,2024-05-05 23:06:40,2024-05-05,Card,2087,89735,On Time,2928.14
7378521428,10857389,2024-04-24 20:57:07,2024-04-24,UPI,1360,2580,On Time,1225.86
6266311709,67708491,2024-06-25 01:44:46,2024-06-25,Cash,7575,82516,On Time,1654.8
7985347262,22483684,2024-07-31 08:42:13,2024-07-31,Wallet,7376,55202,On Time,1777.54
992764262,69240186,2023-11-14 03:16:33,2023-11-14,Cash,7160,15917,On Time,971.71
3080291353,93937586,2024-08-16 19:05:58,2024-08-16,Wallet,6073,11812,On Time,2790.84
5532188237,211163,2024-06-09 10:45:42,2024-06-09,UPI,593,12596,On Time,4861.55
6814658453,55278329,2023-09-28 11:21:00,2023-09-28,Card,4395,75027,On Time,552.2
4861499558,2684440,2024-03-20 16:37:21,2024-03-20,Wallet,818,50307,On Time,1381.1
2521042570,28394354,2024-05-17 10:43:36,2024-05-17,Cash,1165,91832,On Time,3010.69
5217781278,85658166,2023-06-27 02:48:57,2023-06-27,UPI,7586,73513,Slightly Delayed,3074.48
8006034379,43784632,2024-05-03 06:21:51,2024-05-03,Card,250,34026,On Time,3400.58
7380913411,49869358,2024-06-07 17:13:55,2024-06-07,UPI,1515,31462,Slightly Delayed,367.08
7706841114,68016312,2024-02-27 02:58:03,2024-02-27,Card,2640,121,On Time,1317.62
1561779937,76359458,2024-03-27 22:00:35,2024-03-27,Cash,6721,35802,On Time,1882.99
7196559586,85658166,2024-08-19 11:25:51,2024-08-19,Cash,5031,89036,On Time,1685.6
2359961993,28995786,2024-06-18 09:33:24,2024-06-18,Cash,5711,53176,On Time,1895.12
243819964,98225598,2023-12-03 09:22:31,2023-12-03,Wallet,2690,42120,On Time,1812.09
4806735178,8651281,2024-06-12 17:02:41,2024-06-12,Card,2954,52673,On Time,1275.37
9198762300,46185579,2023-12-02 09:04:36,2023-12-02,Wallet,2950,52504,On Time,1570.51
1105231941,29600229,2024-01-20 01:05:02,2024-01-20,UPI,8263,38404,On Time,3493.45
5533955218,38969732,2024-06-20 04:24:16,2024-06-20,Card,505,61605,On Time,5096.95
5130246751,87641623,2023-05-08 06:03:22,2023-05-08,Card,6697,23663,On Time,1592.03
4528445001,20163931,2024-04-19 12:35:43,2024-04-19,Wallet,4608,31379,Slightly Delayed,1640.29
9503959018,31084686,2024-09-18 10:42:59,2024-09-18,Cash,5793,40645,On Time,3593.97
4107052604,34668988,2023-11-21 10:42:25,2023-11-21,UPI,6503,32714,On Time,2777.59
5578822558,8817168,2023-08-06 17:49:31,2023-08-06,UPI,8477,79766,Slightly Delayed,196.64
5506634472,6579892,2024-09-22 18:05:59,2024-09-22,Wallet,2597,37774,Significantly Delayed,4019.21
4112426763,97825663,2024-09-24 20:50:53,2024-09-24,Card,4456,17291,On Time,2042.79
7157334145,90021871,2023-10-09 08:57:19,2023-10-09,Wallet,2656,10121,On Time,239.54
8423458672,60698094,2023-03-19 23:47:20,2023-03-19,Card,3274,59255,On Time,1745.1
3011683470,65121696,2023-03-20 07:30:42,2023-03-20,Cash,9138,2265,On Time,4549.72
1884947290,75244116,2023-09-09 01:31:33,2023-09-09,Wallet,15,96167,On Time,831.43
558163882,39317905,2024-07-11 11:44:58,2024-07-11,Wallet,9681,43299,Slightly Delayed,3633.09
824869105,66943324,2024-08-27 16:34:48,2024-08-27,UPI,6495,50457,On Time,2516.52
4193492511,10683250,2023-10-02 15:15:52,2023-10-02,Wallet,7954,10949,On Time,316.02
120996684,92455970,2023-10-02 11:21:59,2023-10-02,Card,5536,86475,Slightly Delayed,3139.62
2531932780,91500615,2023-07-16 12:03:45,2023-07-16,Wallet,1872,4665,On Time,3340.23
8095547865,27620326,2023-03-19 12:51:21,2023-03-19,Wallet,3136,14451,On Time,3355.93
6894204435,10700664,2023-06-17 18:35:31,2023-06-17,Cash,4816,48874,On Time,697.38
9514917126,43599910,2024-07-29 07:47:08,2024-07-29,UPI,7084,51089,Slightly Delayed,1620.95
9329665908,57102800,2023-07-15 08:14:21,2023-07-15,Card,6777,64268,On Time,2049.58
1435406360,1174162,2023-12-11 07:44:46,2023-12-11,Wallet,4834,25991,On Time,2259.17
3460843508,32797235,2023-10-21 00:52:10,2023-10-21,UPI,2021,89605,On Time,3465.32
4762084133,72564495,2024-09-29 23:21:00,2024-09-29,Card,9848,50374,On Time,1969.21
3884862300,51544662,2024-02-21 09:01:55,2024-02-21,Card,5609,38680,Slightly Delayed,951.43
1990946411,82286725,2024-05-16 22:59:16,2024-05-16,Cash,2239,16925,On Time,2524.56
5054937065,9274874,2024-08-24 16:53:46,2024-08-24,UPI,7336,24647,Slightly Delayed,965.37
9431652023,59890331,2024-09-06 22:22:22,2024-09-06,Cash,7227,53366,On Time,5320.2
2268736598,19259955,2023-07-07 08:07:32,2023-07-07,Cash,1320,8883,On Time,2006.71
2793638565,26844216,2024-02-11 08:28:16,2024-02-11,UPI,9500,7507,On Time,2375.75
4168839407,12088552,2023-04-06 00:04:24,2023-04-06,Cash,4657,45033,On Time,822.68
7406514357,20298398,2024-02-07 14:09:56,2024-02-07,Card,3342,66093,On Time,3698.78
6087916798,89968482,2023-11-17 16:39:04,2023-11-17,UPI,168,10351,Slightly Delayed,1692.4
4319962076,36146306,2024-01-11 05:52:34,2024-01-11,Cash,4338,66984,Significantly Delayed,1612.18
3904134741,58631874,2024-05-02 10:05:45,2024-05-02,UPI,7931,4829,On Time,782.49
3770123374,29415527,2023-11-19 21:52:06,2023-11-19,Cash,8947,86645,On Time,1939.04
4494390731,34768050,2023-04-28 12:21:37,2023-04-28,Wallet,2236,10118,Slightly Delayed,1921.19
6109777696,89699655,2024-10-17 19:48:51,2024-10-17,Card,8590,12387,Slightly Delayed,3725.57
1401372388,71411879,2023-04-17 09:37:03,2023-04-17,Wallet,6796,18081,On Time,426.72
4283973398,18791381,2023-09-14 17:37:13,2023-09-14,Card,2124,86156,On Time,2869.43
3261847147,67383024,2023-09-16 03:33:23,2023-09-16,Cash,9318,86297,Slightly Delayed,3932.73
3153811191,87335844,2024-03-08 06:04:40,2024-03-08,Wallet,2009,69044,On Time,755.66
2639216409,37702698,2024-03-10 11:45:49,2024-03-10,Card,8593,17836,On Time,880.72
5948575331,92038780,2024-05-09 22:57:09,2024-05-09,Card,4962,53387,On Time,2112.59
7792925364,59830126,2024-10-23 02:49:05,2024-10-23,Card,9939,8734,On Time,2656.43
7286478750,91196901,2023-10-13 03:58:31,2023-10-13,Card,1443,35322,Slightly Delayed,3482.66
9776505630,15661674,2023-04-19 03:40:40,2023-04-19,Card,4413,66941,On Time,4167.91
4527342708,81183415,2023-10-03 13:34:39,2023-10-03,Wallet,7746,81841,On Time,1558.74
1124359689,97825663,2024-09-13 05:09:44,2024-09-13,Card,960,42724,Slightly Delayed,3608.92
3717458742,18113428,2023-08-27 23:43:12,2023-08-27,Cash,5744,97637,Slightly Delayed,509.11
283675535,20238921,2023-03-24 17:02:38,2023-03-24,Wallet,8980,3175,On Time,1413.39
6039353394,86479284,2023-08-08 15:10:38,2023-08-08,Cash,4595,39607,On Time,313.77
6735917931,47206881,2023-09-27 12:09:29,2023-09-27,Wallet,5893,99298,On Time,2951.24
5155256671,19523856,2024-08-14 00:52:06,2024-08-14,UPI,5590,8227,On Time,2961.15
3984108726,31576845,2024-02-27 18:03:05,2024-02-27,Wallet,9136,63676,On Time,2458.19
2491374111,2361575,2024-08-10 04:50:52,2024-08-10,Wallet,3095,43388,On Time,1196.3
2043371805,45066676,2024-10-02 06:57:04,2024-10-02,Card,848,5098,Slightly Delayed,2756.32
9657782153,87251489,2024-02-29 14:46:40,2024-02-29,Card,3109,14419,On Time,995.98
9237289778,70168151,2024-05-29 14:49:19,2024-05-29,Card,7022,10352,On Time,4471.64
8917116859,91562028,2024-07-05 23:35:01,2024-07-05,Card,7287,29174,On Time,1307.18
720578658,37551429,2024-06-02 08:56:27,2024-06-02,UPI,5823,67720,On Time,963.23
9122210530,15066187,2024-01-18 04:23:47,2024-01-18,UPI,8353,81385,Significantly Delayed,3972.81
3540524256,28205701,2023-10-22 09:11:12,2023-10-22,UPI,8385,39511,On Time,1218.01
1909520255,71276926,2023-05-23 10:49:53,2023-05-23,Card,1144,16469,Significantly Delayed,2163.69
8022279737,83058329,2024-09-08 14:02:47,2024-09-08,Wallet,5751,7643,On Time,275.03
7381549355,75082508,2023-09-28 13:11:00,2023-09-28,UPI,1370,28416,On Time,3144.56
3998829973,44149982,2023-10-10 01:09:17,2023-10-10,Card,7818,88976,Significantly Delayed,2828.4
2895464675,94281220,2023-04-20 10:15:02,2023-04-20,Cash,660,13097,Slightly Delayed,935.64
3971098657,90919603,2024-05-26 02:44:15,2024-05-26,Card,8898,84093,On Time,3993.42
5278249111,78267238,2024-03-01 21:32:36,2024-03-01,Wallet,4140,22996,Significantly Delayed,1485.67
9810576443,42723554,2023-11-01 13:04:35,2023-11-01,UPI,5552,51602,On Time,556.35
4128844410,76438648,2023-07-20 17:19:50,2023-07-20,Wallet,1271,17809,On Time,2556.83
6103869123,16376189,2023-06-06 14:27:45,2023-06-06,UPI,6641,60764,On Time,1609.25
6595041423,57291761,2024-07-23 10:50:18,2024-07-23,Card,3328,53964,On Time,2079.8
3991011923,19182548,2024-02-07 09:02:38,2024-02-07,Wallet,6308,4543,On Time,1616.34
5275440923,67046342,2023-03-21 04:50:10,2023-03-21,Wallet,2293,95040,Slightly Delayed,932.79
6468633344,29324437,2024-02-23 06:29:28,2024-02-23,Wallet,6862,67358,On Time,5515.23
9992859795,4356173,2023-11-12 20:07:41,2023-11-12,Wallet,805,47148,Slightly Delayed,820.83
7518488485,54222320,2023-04-26 10:29:47,2023-04-26,Wallet,1082,69310,On Time,1783.54
9746950023,31776996,2023-11-02 06:27:26,2023-11-02,Card,1509,50913,On Time,1562.94
2721433550,58873572,2023-06-07 14:10:05,2023-06-07,UPI,5717,99958,On Time,1076.03
6131680348,83701325,2024-07-19 21:57:55,2024-07-19,Card,7707,11536,On Time,2083.65
2281544500,40692378,2023-06-09 10:08:18,2023-06-09,UPI,8834,65040,On Time,2330.28
4283802879,61020,2023-05-10 15:23:10,2023-05-10,Wallet,2537,22353,On Time,2769.12
8621732366,25722990,2023-09-05 18:28:41,2023-09-05,UPI,3968,87688,On Time,4527.28
3797679856,11562458,2023-12-10 05:08:46,2023-12-10,Cash,7414,81944,On Time,4441.0
8532100929,31831843,2023-11-06 15:18:46,2023-11-06,Card,1355,84664,On Time,816.38
2973976544,96795047,2024-09-19 17:19:49,2024-09-19,Wallet,8689,71497,On Time,1825.81
814260962,14974554,2023-09-14 16:10:25,2023-09-14,Cash,1625,23195,On Time,869.22
9411848231,59545278,2024-05-15 21:34:39,2024-05-15,UPI,4919,44999,Slightly Delayed,2562.81
6637284724,36517334,2023-09-08 10:27:53,2023-09-08,UPI,784,30833,On Time,422.23
6497594124,39150258,2024-10-24 17:36:05,2024-10-24,Wallet,7559,96186,On Time,1858.93
7213146086,4862761,2023-03-23 20:08:50,2023-03-23,UPI,8031,68499,On Time,1072.95
5110274761,24821281,2024-05-23 03:01:39,2024-05-23,Wallet,1782,17677,On Time,3728.79
1112110363,98625898,2024-01-20 22:23:08,2024-01-20,UPI,4297,50590,Slightly Delayed,775.91
1209202931,29451600,2023-06-27 00:09:47,2023-06-27,Card,7637,32217,On Time,2722.78
6384745391,37095171,2024-08-17 15:55:50,2024-08-17,Cash,7230,65142,Slightly Delayed,1511.16
3367452972,61020,2024-08-31 14:07:08,2024-08-31,Cash,4289,6565,Significantly Delayed,2515.48
2317597587,68661619,2024-06-17 00:30:57,2024-06-17,Card,2642,30057,On Time,4784.85
2254884198,54893418,2023-07-01 02:00:32,2023-07-01,UPI,3510,62821,On Time,1433.62
679196318,18642306,2024-08-19 22:43:03,2024-08-19,Wallet,1274,77111,On Time,4412.07
2185319815,19180962,2024-03-02 20:40:15,2024-03-02,Card,6724,43571,On Time,3963.77
5965281449,17597449,2023-06-26 17:36:05,2023-06-26,Cash,3156,26992,On Time,3412.11
8616726869,37691544,2024-01-10 22:10:37,2024-01-10,Wallet,1772,13100,Significantly Delayed,2369.51
4786027510,5001749,2024-09-30 12:17:24,2024-09-30,UPI,359,27204,On Time,418.48
4910445344,44030130,2024-05-18 08:58:42,2024-05-18,Wallet,6994,18682,On Time,914.88
7629577899,23348269,2023-12-14 15:42:44,2023-12-14,UPI,8423,524,Slightly Delayed,2550.73
4769055037,66742602,2023-08-10 21:16:44,2023-08-10,Cash,3134,18445,Slightly Delayed,3732.8
8476029654,77085443,2023-11-17 08:58:17,2023-11-17,Cash,2666,52921,On Time,1585.8
7809866112,3999964,2024-07-11 09:22:48,2024-07-11,Cash,992,3022,Slightly Delayed,3373.17
5453896364,59840071,2023-06-24 00:27:19,2023-06-24,UPI,5854,24588,On Time,908.37
9080432189,50080663,2024-08-27 19:41:12,2024-08-27,Card,9910,42351,On Time,3264.51
3079758919,16410155,2024-08-22 15:55:25,2024-08-22,UPI,7597,27064,On Time,1024.08
4076039325,27604184,2024-08-12 19:26:07,2024-08-12,Wallet,7367,79127,Slightly Delayed,3972.8
9239241275,57291761,2024-02-07 03:19:37,2024-02-07,Cash,2815,48917,On Time,169.88
4864829217,26521850,2023-09-19 05:05:23,2023-09-19,UPI,99,25765,On Time,144.19
5108704843,10951674,2024-04-04 14:47:40,2024-04-04,Wallet,4447,75292,On Time,1179.1
8049805410,23098216,2024-09-27 18:32:00,2024-09-27,Cash,3022,61504,Significantly Delayed,3823.81
4711642504,76850859,2024-08-15 13:26:51,2024-08-15,Card,8927,89819,On Time,2497.92
8952094523,85626346,2023-11-14 18:13:24,2023-11-14,UPI,7536,83322,Slightly Delayed,4876.44
4285784267,82169898,2024-04-15 18:41:08,2024-04-15,UPI,3549,54001,On Time,2812.89
7494670835,38728779,2024-01-18 00:22:22,2024-01-18,Cash,8312,184,On Time,3677.66
7667090453,66135710,2023-06-23 23:30:40,2023-06-23,Card,3347,96187,On Time,852.81
2193572534,19682060,2023-03-26 07:54:02,2023-03-26,UPI,1068,23297,Significantly Delayed,2801.84
5357089776,44223796,2024-09-30 23:40:49,2024-09-30,UPI,9284,33831,On Time,3880.92
1191016829,51661209,2023-06-27 20:22:04,2023-06-27,Wallet,929,31384,Slightly Delayed,2000.2
549484032,79206969,2023-04-13 08:20:58,2023-04-13,Card,3884,60679,On Time,3436.16
8164076900,91408854,2023-06-18 00:05:52,2023-06-18,Wallet,1349,63901,Slightly Delayed,4033.94
7136165651,59485034,2024-09-30 12:50:23,2024-09-30,Cash,3853,68514,On Time,5318.71
5368349643,46504355,2023-05-22 09:04:11,2023-05-22,Card,5706,33226,Significantly Delayed,3673.15
6965901435,33741801,2024-10-16 15:42:15,2024-10-16,UPI,6606,60857,On Time,2324.43
6687307827,88532418,2023-04-19 14:10:40,2023-04-19,Wallet,5988,71891,On Time,2084.52
475294138,31084686,2023-12-29 17:32:27,2023-12-29,Card,691,59790,On Time,2500.69
9047534059,41647393,2023-12-08 14:01:55,2023-12-08,UPI,4234,59606,On Time,1074.0
2807487047,90448312,2024-11-03 13:30:45,2024-11-03,Wallet,90,72837,On Time,3868.21
5840148195,66269844,2024-01-22 10:00:36,2024-01-22,Wallet,5450,61116,On Time,1688.23
3758135932,77007315,2023-08-25 00:58:39,2023-08-25,Card,2554,62277,On Time,1629.06
1978476136,97315135,2024-06-22 20:14:13,2024-06-22,Wallet,3351,70123,On Time,2183.52
423648434,82989313,2024-10-30 15:25:29,2024-10-30,Wallet,3149,86520,On Time,3926.19
7201868330,89669139,2024-02-20 20:54:46,2024-02-20,Card,4765,80726,On Time,1845.31
9710106935,14458150,2023-04-17 15:37:11,2023-04-17,UPI,388,84964,Slightly Delayed,4495.54
4432235479,9278983,2024-09-27 17:01:56,2024-09-27,Card,2806,28012,On Time,1175.35
6951956244,60656482,2023-10-30 01:07:20,2023-10-30,Wallet,9554,24830,On Time,354.91
378485826,75739462,2024-03-27 11:55:27,2024-03-27,UPI,3677,58783,On Time,616.45
8982211913,23984022,2024-09-19 18:02:28,2024-09-19,Cash,7318,42083,On Time,2492.17
6487868576,49136375,2023-10-25 03:04:03,2023-10-25,Card,8772,16376,Slightly Delayed,209.59
2973502797,74694186,2024-06-02 03:23:24,2024-06-02,UPI,909,9894,On Time,5868.92
4105022903,21282544,2023-08-20 19:07:25,2023-08-20,Card,5645,9294,On Time,1134.0
3668828731,72889295,2024-08-10 03:53:39,2024-08-10,Card,4173,65268,On Time,2975.38
8644734267,23348269,2023-10-12 07:15:53,2023-10-12,Card,7262,12535,On Time,3446.55
3757871565,9401406,2023-08-10 07:18:26,2023-08-10,UPI,3635,59600,On Time,2012.76
5770510806,47955004,2024-01-23 08:46:56,2024-01-23,Cash,4185,62246,Slightly Delayed,127.16
4514836077,60834500,2023-06-10 10:09:18,2023-06-10,Wallet,1323,68618,Slightly Delayed,401.43
5927852227,37556526,2024-04-12 06:07:28,2024-04-12,Cash,3633,45911,On Time,1975.03
350719542,18642306,2024-10-06 06:59:00,2024-10-06,Wallet,6884,14338,On Time,1969.47
868288823,65772743,2024-03-06 19:01:25,2024-03-06,Wallet,8142,72354,Slightly Delayed,3268.84
7199670826,22694456,2024-01-17 10:30:50,2024-01-17,Card,8599,81311,Significantly Delayed,958.97
3091948113,77306672,2024-02-13 09:49:09,2024-02-13,Cash,4309,22775,Slightly Delayed,443.69
5793742966,83412446,2024-01-04 18:10:20,2024-01-04,Cash,2618,17016,On Time,140.8
7347109009,75632045,2023-09-24 19:23:21,2023-09-24,Cash,507,50972,Slightly Delayed,3507.67
7078912146,36142455,2023-09-18 11:38:36,2023-09-18,UPI,6465,96685,On Time,3073.16
2480856222,30373140,2023-11-08 16:28:56,2023-11-08,Wallet,3447,46682,On Time,3309.6
281421547,88520326,2023-05-20 20:11:04,2023-05-20,Cash,3521,20137,On Time,4398.86
5226963306,96628029,2024-06-23 06:42:44,2024-06-23,Card,1713,85138,On Time,397.68
7316642056,92404798,2024-02-10 00:13:32,2024-02-10,UPI,8815,69898,Slightly Delayed,3157.75
8997415290,85490177,2024-08-14 17:03:05,2024-08-14,Cash,7640,47066,Significantly Delayed,1549.44
6737025662,44928499,2023-03-28 06:46:34,2023-03-28,UPI,6632,59670,On Time,1924.08
8395290763,88312515,2024-05-31 19:02:48,2024-05-31,UPI,9679,51846,Significantly Delayed,4696.69
7261119579,65903057,2024-07-06 06:23:10,2024-07-06,UPI,9530,35731,On Time,448.16
9938037878,9796585,2024-10-29 11:29:36,2024-10-29,UPI,1403,48074,Slightly Delayed,905.35
7154987905,63802820,2024-10-06 02:34:05,2024-10-06,Cash,8546,19693,Significantly Delayed,1627.23
3605534244,57526322,2024-01-17 12:15:12,2024-01-17,Cash,8847,94641,On Time,3762.7
5626601040,19091057,2024-02-26 23:31:08,2024-02-26,Wallet,5148,79158,Slightly Delayed,931.61
2577064886,63948546,2024-06-07 04:38:39,2024-06-07,Card,6228,98272,On Time,1713.44
2561362173,33481252,2023-05-30 07:42:00,2023-05-30,Cash,1371,26727,On Time,2542.56
2793120553,6622751,2023-06-24 10:51:53,2023-06-24,Cash,4491,7048,On Time,3090.15
4476563699,59222551,2023-09-11 02:29:45,2023-09-11,UPI,3285,60652,Significantly Delayed,3655.01
1580021952,30317733,2024-10-24 14:22:39,2024-10-24,Cash,1432,42125,On Time,3705.07
7263454149,13760839,2023-10-14 01:37:23,2023-10-14,Card,2363,73299,On Time,576.22
4371924002,75944533,2024-10-21 13:20:53,2024-10-21,Card,7937,24078,Slightly Delayed,316.02
2955277471,79960955,2023-12-06 13:01:29,2023-12-06,UPI,329,59573,Significantly Delayed,2514.46
9445490338,6812439,2023-05-23 22:54:26,2023-05-23,Cash,3467,66940,Slightly Delayed,804.7
2668915104,19180962,2023-12-01 20:34:27,2023-12-01,Card,4854,19287,On Time,5494.22
1045621584,85340038,2023-12-19 00:47:40,2023-12-19,UPI,5516,28894,Significantly Delayed,4374.94
4550545705,17805991,2024-06-21 04:44:10,2024-06-21,Card,2260,39869,On Time,5039.37
3373390154,68703613,2024-07-24 09:07:08,2024-07-24,Cash,3618,42345,On Time,576.22
5142985961,2457734,2024-02-07 02:49:54,2024-02-07,UPI,6842,19720,On Time,2044.41
649220272,67696145,2023-09-23 15:12:19,2023-09-23,Card,9794,7867,On Time,795.26
5023958886,12832151,2024-09-24 05:38:46,2024-09-24,Card,4033,75426,Slightly Delayed,4198.0
9993542681,42589311,2023-05-23 04:12:41,2023-05-23,UPI,4596,73532,Slightly Delayed,3564.26
4380367305,8955057,2024-04-08 13:39:20,2024-04-08,Wallet,4846,45530,On Time,1313.89
3626113485,97286925,2024-03-26 01:40:13,2024-03-26,Cash,3800,17386,On Time,4059.84
4399099668,44050697,2023-06-18 17:12:45,2023-06-18,Wallet,9054,36414,Slightly Delayed,2045.24
3760880745,8791577,2024-10-13 21:57:38,2024-10-13,UPI,6613,97705,Slightly Delayed,1342.49
1803155516,98088303,2023-06-21 01:36:59,2023-06-21,Cash,2119,16338,On Time,1874.24
4413782983,47515046,2023-06-01 18:19:57,2023-06-01,Cash,5243,94774,On Time,814.87
6766424456,21866852,2024-04-10 05:53:16,2024-04-10,Cash,7095,10642,On Time,904.88
8701531535,52613657,2024-09-02 23:59:51,2024-09-02,Card,3977,84395,Slightly Delayed,852.02
3961971562,89811984,2024-04-19 19:39:06,2024-04-19,UPI,9322,66728,On Time,263.7
1337510774,80800079,2024-07-19 12:41:59,2024-07-19,Card,2685,37353,On Time,1563.84
8859147707,78394303,2024-03-29 21:44:03,2024-03-29,Cash,8548,40674,Slightly Delayed,1820.22
5850669672,24137201,2023-06-10 08:45:50,2023-06-10,UPI,8779,78930,On Time,3441.13
1183906926,60385293,2023-12-29 20:23:40,2023-12-29,UPI,5200,37000,Slightly Delayed,882.31
6277509652,71956734,2024-10-31 08:24:42,2024-10-31,Wallet,4407,71254,Significantly Delayed,4850.27
72748189,82286725,2023-06-18 06:33:23,2023-06-18,Wallet,4974,69743,Significantly Delayed,3654.1
3164922639,74230420,2024-05-05 23:00:26,2024-05-05,UPI,2759,64606,On Time,1727.29
1768504415,20209237,2023-09-15 19:49:03,2023-09-15,Wallet,8747,59784,On Time,1516.6
8173155169,56441247,2024-01-06 14:50:22,2024-01-06,Card,7817,69738,Slightly Delayed,1245.24
6164820061,91789216,2023-05-26 23:03:19,2023-05-26,Cash,5943,90461,On Time,1332.79
768283559,24621386,2024-02-09 01:45:31,2024-02-09,Wallet,6339,97341,On Time,1780.68
5091744424,53624677,2023-11-15 21:54:35,2023-11-15,Cash,8074,98123,Significantly Delayed,13.25
932482893,81088747,2024-07-24 22:54:26,2024-07-24,Card,6172,4554,On Time,342.66
4588148640,24137201,2023-03-19 19:07:58,2023-03-19,Card,1636,95857,On Time,2884.36
8120457107,97664747,2024-01-27 18:46:35,2024-01-27,Card,4857,20374,On Time,3823.51
6107471725,81940369,2023-08-26 07:39:48,2023-08-26,Wallet,763,1329,On Time,3945.66
7001417958,22358567,2024-03-28 03:48:07,2024-03-28,Wallet,8109,97157,On Time,817.16
7983443604,39717448,2024-01-18 15:17:19,2024-01-18,Wallet,836,86341,On Time,1707.78
3057907418,81757554,2024-04-04 22:41:31,2024-04-04,Wallet,1481,51671,On Time,2382.53
3312147996,67711384,2024-06-06 06:38:07,2024-06-06,Wallet,2557,12618,Slightly Delayed,5328.0
6822269883,69276352,2024-01-15 07:25:07,2024-01-15,Cash,7543,51677,On Time,999.44
5004539711,73933840,2023-07-27 23:59:16,2023-07-27,UPI,7634,91697,Slightly Delayed,3936.23
2426015858,22081691,2024-06-03 00:23:01,2024-06-03,Wallet,9273,62295,Slightly Delayed,3841.06
4415332793,7333934,2024-04-24 23:57:49,2024-04-24,Cash,8089,23596,On Time,96.09
1256813796,12832151,2024-05-09 01:43:54,2024-05-09,Cash,4212,67012,On Time,4157.79
633633688,71694275,2023-09-04 11:22:09,2023-09-04,Cash,8487,41759,Slightly Delayed,5102.81
8311814996,50953418,2023-09-09 13:11:42,2023-09-09,Cash,1104,15205,Slightly Delayed,3146.13
1441735184,41181125,2024-10-31 15:03:54,2024-10-31,Card,6557,50605,On Time,2119.23
1525742840,39042103,2024-06-24 12:13:58,2024-06-24,Wallet,6808,32237,On Time,1791.07
1947080315,54837637,2023-10-09 16:21:21,2023-10-09,Wallet,9704,61905,Slightly Delayed,385.71
5682081545,57340963,2024-07-11 16:06:45,2024-07-11,Cash,6729,45875,On Time,1276.66
8100817128,41494517,2023-04-01 22:04:42,2023-04-01,Wallet,43,91888,Slightly Delayed,369.98
6051792089,68906393,2024-07-23 21:53:14,2024-07-23,Cash,8465,59903,On Time,2200.67
1158173915,27746432,2023-08-13 01:31:00,2023-08-13,Card,5188,58366,Significantly Delayed,3642.25
266072469,49529811,2023-08-02 11:10:40,2023-08-02,Wallet,6764,15434,Slightly Delayed,877.17
2529883737,94529626,2023-08-10 20:40:24,2023-08-10,UPI,98,39897,On Time,4623.58
9090089969,10951674,2023-08-02 21:09:48,2023-08-02,UPI,2394,84901,Slightly Delayed,931.23
7102272749,10508763,2024-04-09 16:23:16,2024-04-09,Cash,8180,19086,On Time,374.68
4948925080,21201299,2023-04-27 12:38:19,2023-04-27,Cash,4459,74253,On Time,3344.82
9463013186,11928321,2023-06-29 17:28:38,2023-06-29,Card,9937,11867,On Time,1175.72
5581013292,97557157,2024-09-17 19:03:27,2024-09-17,UPI,2765,54572,Slightly Delayed,2823.96
7009619835,11063505,2024-10-28 06:21:11,2024-10-28,Cash,2043,83314,On Time,1428.03
9177283950,33472376,2023-08-24 23:58:44,2023-08-24,Wallet,2717,76531,Slightly Delayed,4070.17
9359187866,60732869,2023-12-18 09:30:08,2023-12-18,Card,7485,2758,Slightly Delayed,3474.61
1524480475,14161586,2024-06-23 21:01:02,2024-06-23,Cash,3502,95253,Significantly Delayed,3993.19
3829990099,60379302,2024-02-05 18:30:30,2024-02-05,Cash,124,51048,On Time,2064.98
1058609445,51341672,2024-07-09 18:57:06,2024-07-09,Cash,5065,24272,On Time,2839.16
1022764286,62243869,2024-04-21 14:28:03,2024-04-21,Wallet,9716,16048,On Time,878.8
1913299658,84377964,2023-12-25 12:59:45,2023-12-25,UPI,5543,36708,On Time,1562.68
5305443623,80476444,2024-01-13 12:06:38,2024-01-13,UPI,8252,17051,On Time,2634.39
4074369199,18259715,2024-06-19 03:22:49,2024-06-19,Cash,7469,30054,On Time,296.94
9966404015,85072416,2023-08-10 11:52:27,2023-08-10,Wallet,993,89111,On Time,2615.98
3192917514,16617201,2024-05-10 09:01:56,2024-05-10,Wallet,1199,10976,On Time,53.49
1256718210,6812439,2023-05-24 22:31:15,2023-05-24,UPI,6210,45443,Slightly Delayed,781.08
6067839426,30317733,2023-08-24 08:03:08,2023-08-24,Cash,4863,82492,On Time,1268.67
2254923956,80696046,2024-08-19 18:55:40,2024-08-19,Card,5515,71496,Significantly Delayed,2936.78
7367673526,97144544,2024-05-01 09:07:52,2024-05-01,Cash,9060,22866,On Time,2679.81
9467422683,10562528,2023-09-20 23:55:07,2023-09-20,UPI,9249,23501,On Time,530.85
819853692,32656885,2024-07-04 17:23:55,2024-07-04,Wallet,1548,46537,On Time,1540.06
3070834475,80269328,2024-10-03 14:22:48,2024-10-03,Wallet,1904,15125,On Time,1382.07
3620552357,82918668,2024-06-19 02:55:22,2024-06-19,Wallet,7418,26110,On Time,1889.35
5938542755,3408982,2023-07-31 17:01:37,2023-07-31,Cash,5103,91330,On Time,2934.58
9315535975,70220141,2023-11-16 10:16:51,2023-11-16,UPI,4081,62494,Significantly Delayed,1759.05
3547873471,11478478,2024-10-08 04:17:08,2024-10-08,Cash,606,10442,On Time,4304.12
6546999829,27381533,2023-10-06 18:00:56,2023-10-06,Cash,4972,90775,On Time,4712.89
9039495201,25770577,2024-03-27 19:56:20,2024-03-27,UPI,1970,92126,On Time,1258.39
99708985,91130614,2023-11-19 04:29:38,2023-11-19,Card,6116,8566,Slightly Delayed,2255.0
6312811061,51661209,2024-08-31 13:45:05,2024-08-31,UPI,2948,59483,Slightly Delayed,1004.9
3915885220,54580166,2024-06-21 10:35:49,2024-06-21,UPI,1751,75178,On Time,1377.68
6654736751,45804389,2023-04-25 00:03:41,2023-04-25,Card,232,61095,On Time,3452.86
841915361,93318833,2024-10-31 19:04:59,2024-10-31,UPI,9005,25472,On Time,3398.76
2543233800,46686696,2023-09-23 17:11:27,2023-09-23,Wallet,2839,76752,Slightly Delayed,1776.61
5271947935,1601161,2024-08-26 23:07:11,2024-08-26,Wallet,3959,70987,On Time,1112.24
6339554317,17132416,2023-06-14 00:50:23,2023-06-14,UPI,1103,28470,On Time,3883.05
1840475676,27971619,2024-05-27 03:37:21,2024-05-27,UPI,4372,92449,On Time,3010.74
6812031667,66023110,2023-12-12 14:29:49,2023-12-12,Cash,1319,20307,On Time,4136.46
3031698482,75213636,2024-10-11 07:21:20,2024-10-11,Wallet,6940,43787,On Time,931.61
7902025520,78725001,2024-01-02 21:20:22,2024-01-02,Wallet,4096,96782,Slightly Delayed,670.62
1969446314,29584848,2023-09-05 19:47:27,2023-09-05,UPI,2549,93399,On Time,1940.6
9949497098,8881320,2024-10-28 22:19:08,2024-10-28,Card,1125,92577,Slightly Delayed,1651.55
4572338018,59141605,2023-05-04 10:43:53,2023-05-04,Cash,7646,11129,Slightly Delayed,329.79
2964153358,78725001,2023-06-12 00:26:35,2023-06-12,Card,2541,60394,On Time,878.8
7642038633,27709218,2024-03-10 11:32:24,2024-03-10,Wallet,6221,99317,Significantly Delayed,511.79
8208980848,17341194,2024-02-21 23:40:40,2024-02-21,UPI,9131,53453,On Time,2894.06
3343789681,20689141,2023-05-27 21:46:02,2023-05-27,Wallet,2723,53744,Significantly Delayed,831.1
9478305481,92409489,2024-02-02 03:53:25,2024-02-02,Wallet,5967,33984,Slightly Delayed,1087.04
3475260976,57291761,2023-03-26 18:49:43,2023-03-26,Cash,4036,37563,Slightly Delayed,3819.84
3665443705,14330483,2024-08-09 13:18:02,2024-08-09,UPI,9881,33503,Slightly Delayed,1238.18
673592541,75213636,2024-04-05 00:24:49,2024-04-05,UPI,5611,48217,On Time,1684.03
8074949320,14472401,2023-08-17 13:22:57,2023-08-17,Card,9529,81625,On Time,1919.79
8056021378,95558510,2023-11-04 22:21:56,2023-11-04,Wallet,319,67163,Slightly Delayed,778.27
2331582000,6637282,2024-03-16 09:19:08,2024-03-16,UPI,9916,12171,On Time,212.14
5844776722,10038382,2024-01-10 12:05:56,2024-01-10,UPI,4002,57666,On Time,3806.98
8426465860,88045094,2024-02-29 23:20:48,2024-02-29,Card,9150,59023,On Time,5206.71
9057555029,60446619,2024-02-02 19:12:14,2024-02-02,UPI,1898,70770,Slightly Delayed,1623.58
2210486526,65406127,2023-12-13 17:24:31,2023-12-13,Card,4466,78433,On Time,141.28
6421432903,66766629,2024-01-30 17:31:05,2024-01-30,UPI,6271,36013,On Time,1251.88
3562901354,5039883,2024-05-06 20:47:54,2024-05-06,Cash,7758,30335,On Time,1897.97
8194268842,17929886,2024-08-15 07:53:53,2024-08-15,Card,5006,31210,On Time,1094.79
7524467684,22321208,2023-04-25 00:40:16,2023-04-25,Cash,8642,41508,On Time,2855.29
1254195766,60399360,2023-12-21 04:53:51,2023-12-21,Cash,2418,20073,On Time,1601.53
6476646153,60967677,2024-10-06 02:25:15,2024-10-06,UPI,9434,42014,Slightly Delayed,2672.31
8278568103,28876580,2024-08-06 01:00:19,2024-08-06,Wallet,603,77200,On Time,2465.17
8589621333,38420886,2023-10-01 13:43:52,2023-10-01,Cash,3452,21113,On Time,3157.69
8531683720,85747175,2024-10-25 06:24:21,2024-10-25,UPI,4902,45775,On Time,1705.25
327291657,67729191,2024-07-15 04:35:45,2024-07-15,UPI,2807,95819,On Time,1560.19
6159164139,35690581,2024-04-06 06:07:59,2024-04-06,Card,5468,28967,On Time,3195.45
8029863164,50652909,2023-10-22 16:03:26,2023-10-22,Cash,5831,94072,On Time,2232.88
9387824629,96989204,2023-12-30 18:16:15,2023-12-30,UPI,4299,92156,Significantly Delayed,237.62
3289836195,18082040,2024-05-29 02:36:15,2024-05-29,Wallet,14,76199,Significantly Delayed,704.19
5001931575,23380116,2024-10-28 20:02:45,2024-10-28,Cash,2266,22159,Significantly Delayed,2224.46
7258292820,20689141,2023-08-13 22:07:47,2023-08-13,Card,6032,51026,Significantly Delayed,3920.14
4924862857,65294340,2023-08-08 17:00:42,2023-08-08,Card,4543,41365,Slightly Delayed,4418.8
8666314034,21697638,2023-04-21 18:59:41,2023-04-21,Wallet,9800,50429,On Time,951.9
6775326324,16379942,2023-06-17 01:53:29,2023-06-17,Wallet,2109,59090,Slightly Delayed,1830.15
6092636899,53025962,2024-10-26 02:02:39,2024-10-26,Wallet,9225,73041,On Time,237.62
4115558056,98088303,2024-04-17 02:38:53,2024-04-17,Card,3668,20348,On Time,1720.72
2352136184,75289676,2023-11-21 22:00:06,2023-11-21,Wallet,2373,27659,Significantly Delayed,3271.34
1706445141,93370787,2024-03-11 19:01:18,2024-03-11,UPI,4384,73737,Slightly Delayed,1856.94
9000165912,65895091,2023-08-20 08:14:44,2023-08-20,Cash,2167,50130,Significantly Delayed,2821.61
7457305850,76857266,2023-12-08 11:59:55,2023-12-08,UPI,157,28367,On Time,3303.03
9685973820,34281470,2024-04-20 03:25:50,2024-04-20,Cash,2778,22198,Slightly Delayed,536.77
168067196,11071601,2024-07-16 13:16:12,2024-07-16,Cash,6357,42592,On Time,1398.0
6105240201,53299455,2024-05-22 23:20:32,2024-05-22,Cash,6959,59775,Slightly Delayed,2915.01
1888247163,79630614,2024-02-09 11:35:54,2024-02-09,UPI,3503,77605,On Time,48.55
7145162326,35459748,2023-06-23 22:29:58,2023-06-23,Card,1102,64500,Slightly Delayed,1507.31
7611231659,78841932,2023-09-22 12:05:11,2023-09-22,Card,9771,1857,Significantly Delayed,1641.37
4508784747,3483295,2024-03-11 01:43:36,2024-03-11,Wallet,2408,45529,Slightly Delayed,1596.72
2567590825,13604883,2023-10-10 20:05:46,2023-10-10,UPI,6685,2575,On Time,48.55
9255982861,83867512,2024-10-17 05:02:51,2024-10-17,Wallet,1028,75663,On Time,2748.87
4102063254,86067293,2024-01-13 12:26:27,2024-01-13,UPI,6881,14319,Significantly Delayed,482.06
7373931740,49117070,2024-08-27 00:02:31,2024-08-27,Card,9832,4116,On Time,2925.56
5682816404,10830043,2023-07-10 14:59:43,2023-07-10,UPI,598,14009,On Time,2244.39
544018743,67310893,2024-03-31 14:16:00,2024-03-31,Cash,4272,23075,Slightly Delayed,2878.88
3292929952,29272253,2024-09-10 06:42:18,2024-09-10,UPI,3907,65834,Slightly Delayed,340.66
9144790321,15808945,2023-04-17 16:21:59,2023-04-17,Cash,4377,32954,Slightly Delayed,2605.29
9075991438,3999964,2023-06-21 23:10:05,2023-06-21,Cash,4007,58668,On Time,2562.56
3634813810,32527479,2024-08-12 05:08:50,2024-08-12,Wallet,2310,73783,Significantly Delayed,2780.54
8250406975,9573071,2023-12-07 11:12:13,2023-12-07,Wallet,2553,64277,On Time,1148.92
5877618756,80571942,2023-07-07 11:11:17,2023-07-07,Cash,3187,23099,On Time,3870.08
2419292139,79916464,2024-05-31 22:38:38,2024-05-31,UPI,8714,21081,Slightly Delayed,672.73
9547123332,66485571,2023-06-07 13:48:18,2023-06-07,UPI,8485,86656,On Time,3485.53
6968636396,38902193,2024-04-02 19:35:56,2024-04-02,Card,9422,60048,On Time,500.05
5247557644,44410149,2023-05-20 08:14:06,2023-05-20,Cash,2953,72372,On Time,1631.31
7731193394,88553721,2024-10-15 13:06:15,2024-10-15,Cash,835,10460,Significantly Delayed,729.0
6048321120,24357425,2024-07-25 10:46:28,2024-07-25,Card,9343,48142,Slightly Delayed,3163.12
8494582006,60967677,2023-05-04 15:51:30,2023-05-04,UPI,5540,29476,On Time,4761.85
5600781757,67386193,2023-06-18 10:14:12,2023-06-18,Card,4908,96115,On Time,786.85
495091707,56457995,2024-09-16 01:11:00,2024-09-16,Wallet,673,99245,Slightly Delayed,2502.47
3239613823,966247,2024-04-18 16:18:41,2024-04-18,Cash,8007,91047,On Time,3110.34
3643352219,97928781,2023-09-15 09:42:26,2023-09-15,UPI,933,94768,On Time,3041.05
2051599638,44409533,2023-04-22 10:44:28,2023-04-22,Cash,3115,97807,Significantly Delayed,3392.34
3514859549,16561710,2023-12-21 14:25:13,2023-12-21,UPI,8850,33736,On Time,4073.75
3907599008,31328762,2023-12-12 00:56:26,2023-12-12,Cash,5659,68561,On Time,3803.76
1534993603,97507853,2024-01-07 00:13:44,2024-01-07,Card,1931,97084,On Time,2593.89
8980701254,1601161,2024-05-12 14:59:44,2024-05-12,Card,8552,94420,Slightly Delayed,3330.05
6695408903,38613642,2023-05-24 13:41:31,2023-05-24,Cash,4609,37440,Slightly Delayed,2136.83
3268455899,4439806,2023-09-16 17:06:21,2023-09-16,Wallet,1863,19152,On Time,5441.63
7809161755,12778027,2023-04-10 16:15:51,2023-04-10,Cash,6950,84449,On Time,1355.75
8873697539,91384030,2024-02-14 05:21:26,2024-02-14,Cash,2827,41581,On Time,2292.56
8603941640,82948843,2024-01-06 07:56:17,2024-01-06,Card,4235,20405,On Time,3404.01
8308184279,57658033,2023-06-19 08:05:51,2023-06-19,Wallet,6421,64196,On Time,2603.11
7572826287,71252391,2023-04-23 11:47:31,2023-04-23,UPI,5561,74511,On Time,1305.17
7478396641,77007315,2023-12-05 14:00:20,2023-12-05,Card,1435,37146,Slightly Delayed,1568.0
3569283921,53636086,2023-10-27 07:19:26,2023-10-27,UPI,1631,26141,On Time,2602.63
9947619677,6398761,2024-08-20 20:34:20,2024-08-20,Cash,3563,65941,On Time,2743.63
5396237918,8228843,2024-01-31 19:59:41,2024-01-31,Cash,4107,49918,On Time,1004.55
455878765,55733729,2024-07-06 04:10:53,2024-07-06,Cash,5818,6556,On Time,959.01
2079195080,85518832,2024-03-30 02:33:42,2024-03-30,Wallet,8769,84399,On Time,957.68
6104211214,62816600,2024-07-21 02:26:58,2024-07-21,UPI,8197,5923,On Time,3536.35
9442939134,92245432,2024-08-24 11:40:07,2024-08-24,UPI,9531,44610,On Time,956.67
3317293496,76917159,2024-02-13 08:53:08,2024-02-13,Card,3035,42288,On Time,1740.09
8243326501,31681710,2024-01-21 11:22:26,2024-01-21,Cash,2648,24700,On Time,317.05
4109483569,92416428,2024-03-10 18:42:38,2024-03-10,Card,8656,22588,Slightly Delayed,3758.7
5390352336,13462905,2024-07-15 04:36:53,2024-07-15,Wallet,386,17564,On Time,176.34
2581584982,25770577,2023-10-20 02:08:34,2023-10-20,UPI,2416,92740,On Time,2315.9
1668737869,69908484,2023-03-23 23:45:26,2023-03-23,Wallet,5364,21499,On Time,2907.39
5046906329,65543312,2023-08-07 07:47:35,2023-08-07,UPI,8270,55251,On Time,1438.16
2536833157,19067680,2023-05-08 04:44:45,2023-05-08,Card,3674,29809,On Time,999.83
9176170352,98444183,2023-11-03 08:53:22,2023-11-03,UPI,5525,64871,On Time,2360.84
833930925,9278983,2024-01-10 16:24:49,2024-01-10,Card,2587,71285,On Time,3217.03
8515226099,15661901,2023-08-21 17:08:26,2023-08-21,UPI,4709,86830,On Time,2541.31
2023020278,44477365,2023-06-14 10:11:21,2023-06-14,Card,7298,3627,Slightly Delayed,2301.59
2840526544,63360864,2023-03-28 07:24:51,2023-03-28,Cash,323,3957,On Time,3795.46
7267422945,49260858,2023-05-03 12:11:25,2023-05-03,Wallet,103,24170,On Time,6161.48
9400777426,86487478,2023-11-17 00:17:09,2023-11-17,UPI,8220,22677,Slightly Delayed,1237.0
3298603544,74515162,2023-06-15 23:44:37,2023-06-15,Card,2077,64773,Significantly Delayed,1394.47
4479973293,68965787,2024-09-11 19:01:57,2024-09-11,Cash,6967,76853,On Time,753.28
356236208,62068277,2023-08-08 13:12:46,2023-08-08,Cash,8913,89331,On Time,1408.83
6699845542,22851478,2023-12-06 14:43:53,2023-12-06,UPI,539,79038,On Time,22.04
3106057977,30455484,2024-06-07 18:38:09,2024-06-07,Cash,5676,21621,On Time,3120.62
1905367587,93321933,2023-11-05 08:39:17,2023-11-05,UPI,4803,6217,On Time,3512.23
169590729,10019218,2024-05-23 05:12:37,2024-05-23,Cash,2744,45869,On Time,2086.36
9820743709,81822494,2023-12-03 10:14:31,2023-12-03,UPI,6374,57086,On Time,4843.24
6605882211,33544355,2023-12-03 10:33:46,2023-12-03,UPI,1654,39274,Significantly Delayed,4248.77
9517765444,12832151,2023-09-28 04:45:11,2023-09-28,Card,9740,20603,On Time,764.33
7766311749,74313592,2023-11-28 15:06:39,2023-11-28,Wallet,4101,54135,On Time,3345.5
742238239,10605484,2023-12-21 21:27:19,2023-12-21,Cash,2739,59655,On Time,2252.95
3146141485,47625855,2023-12-27 08:28:28,2023-12-27,Cash,1368,19370,On Time,2812.23
6633702824,20148223,2024-06-19 08:54:43,2024-06-19,Cash,1770,32567,On Time,781.08
5033749011,41164215,2023-10-22 13:42:49,2023-10-22,Wallet,6066,78614,On Time,3295.74
4009496217,62416456,2023-07-22 03:10:51,2023-07-22,Wallet,9232,19960,On Time,2844.19
4284473821,87251489,2024-03-25 08:13:13,2024-03-25,Cash,5343,70335,On Time,2082.28
8860588793,50781611,2023-08-03 15:12:25,2023-08-03,Wallet,7672,44421,On Time,2052.47
5305428485,9796585,2023-05-07 02:52:44,2023-05-07,Cash,1350,48428,On Time,415.75
676278878,99784559,2023-04-08 08:15:45,2023-04-08,Cash,4673,11530,On Time,2527.14
9459854097,40703374,2023-10-28 22:30:53,2023-10-28,Card,8371,52270,On Time,1682.46
3895596621,91243571,2023-10-29 04:22:51,2023-10-29,Wallet,5355,53909,On Time,5579.47
7750915110,49050014,2023-09-18 19:19:02,2023-09-18,Card,1190,96593,Slightly Delayed,2767.47
5173951989,43990799,2023-11-11 17:17:15,2023-11-11,Card,4256,62728,On Time,4237.7
6388954643,80286283,2024-02-23 06:51:22,2024-02-23,Card,5845,46446,On Time,193.46
5819387689,49152878,2023-09-08 18:10:12,2023-09-08,Wallet,87,54590,On Time,2115.04
4184037584,68419593,2023-10-15 09:18:29,2023-10-15,Card,1457,44659,On Time,4028.13
9525140554,91500615,2024-10-15 09:11:28,2024-10-15,Card,8662,52570,On Time,2589.99
1617927874,84993732,2024-09-14 15:59:03,2024-09-14,UPI,4127,46223,On Time,1025.18
1543944105,82804543,2024-10-21 17:50:10,2024-10-21,Wallet,3941,21539,Significantly Delayed,3442.86
341580530,45804389,2024-07-10 07:11:29,2024-07-10,Cash,4398,43564,Significantly Delayed,986.46
5133661902,79695653,2023-11-13 22:43:41,2023-11-13,Card,2434,36138,Slightly Delayed,870.29
4557328309,82854537,2024-06-13 01:26:04,2024-06-13,Cash,4409,27324,On Time,1159.93
4479421205,3893903,2024-07-02 12:16:17,2024-07-02,Cash,7940,78302,Slightly Delayed,923.84
5740294639,67908555,2023-07-31 13:04:46,2023-07-31,Wallet,3046,3587,Slightly Delayed,2270.85
8114060961,28394354,2023-10-12 17:37:59,2023-10-12,Wallet,554,27873,Significantly Delayed,975.06
5744553133,60495351,2024-04-19 03:10:52,2024-04-19,Card,5224,78378,Slightly Delayed,3112.01
5029893308,73799927,2024-01-26 14:45:50,2024-01-26,UPI,588,23973,On Time,5337.58
9663384689,89523804,2023-03-24 16:57:27,2023-03-24,Cash,3539,60561,Slightly Delayed,1731.34
7919240958,91614690,2023-05-18 23:59:38,2023-05-18,Cash,6898,65015,On Time,3551.54
5211751826,77768189,2023-08-31 01:45:48,2023-08-31,Card,2334,73273,Slightly Delayed,6458.9
8713129069,13189939,2024-10-16 08:29:07,2024-10-16,UPI,6092,3028,On Time,3830.61
1407304162,76970363,2023-03-31 18:45:55,2023-03-31,Wallet,3909,56660,On Time,46.62
3793875046,17675915,2024-01-30 08:17:22,2024-01-30,Wallet,5133,14372,On Time,913.2
4903700958,66866026,2024-05-30 09:44:35,2024-05-30,Card,7700,68302,On Time,2189.02
1989547877,60700850,2023-12-14 02:10:55,2023-12-14,Card,7712,96259,On Time,755.66
9584857115,25829710,2023-12-28 23:03:21,2023-12-28,Card,1139,24203,On Time,2825.52
7236760938,67918495,2024-06-29 11:59:15,2024-06-29,Card,8999,61643,On Time,1904.83
4346903287,87463923,2024-10-28 23:39:45,2024-10-28,Card,5735,5643,On Time,752.3
6353755071,41972994,2024-02-12 00:40:17,2024-02-12,UPI,3012,15507,On Time,2335.6
89194627,37947202,2024-03-06 18:11:09,2024-03-06,UPI,9507,37946,On Time,2925.55
544919267,54923640,2024-09-25 14:05:58,2024-09-25,Cash,256,96790,On Time,1388.18
6665075012,19067680,2024-01-14 03:01:56,2024-01-14,Cash,4501,3646,On Time,2174.62
4461389660,27513158,2023-07-30 15:02:38,2023-07-30,Wallet,1010,23681,Significantly Delayed,3822.25
8789328634,53332493,2024-06-01 01:20:26,2024-06-01,Card,6326,34277,Significantly Delayed,2138.87
147066568,44149982,2024-07-12 07:44:16,2024-07-12,Cash,9742,86173,On Time,1180.63
6712947216,1697604,2023-04-11 04:11:23,2023-04-11,Cash,6826,3996,On Time,3566.54
4731158560,29361038,2024-03-14 18:21:31,2024-03-14,Card,6232,59602,On Time,3876.32
6228958238,50650215,2023-08-31 04:13:51,2023-08-31,Wallet,3877,83846,Significantly Delayed,827.77
8006440384,20625627,2023-06-09 05:17:06,2023-06-09,Card,4764,46105,On Time,2636.17
7330672658,57474553,2024-10-25 04:02:42,2024-10-25,Wallet,4339,69442,On Time,770.59
1766200974,60591625,2024-10-13 14:55:22,2024-10-13,UPI,9459,56216,On Time,906.54
2878422829,84641682,2024-07-16 05:47:46,2024-07-16,Wallet,3937,87135,On Time,3560.1
5862535621,76850859,2024-01-03 06:09:00,2024-01-03,Card,6856,82460,On Time,2401.81
3781134163,61320989,2024-02-03 02:51:21,2024-02-03,UPI,4334,89523,Slightly Delayed,3121.4
7835720444,45700473,2024-01-10 23:12:29,2024-01-10,Cash,8093,69804,Significantly Delayed,2706.65
1952343673,68965787,2024-02-24 05:57:00,2024-02-24,Cash,3381,23019,On Time,4745.09
9406096007,67092149,2023-11-24 09:00:17,2023-11-24,Wallet,3158,84186,Slightly Delayed,5878.14
1136528533,20956158,2023-08-22 22:30:18,2023-08-22,Card,9719,99968,Slightly Delayed,545.49
9137126466,75752515,2023-08-05 09:47:03,2023-08-05,Wallet,7295,42265,On Time,4786.91
1495517558,96373206,2024-08-17 16:36:22,2024-08-17,Card,6728,4039,Significantly Delayed,2081.47
1643011737,32585389,2024-07-14 08:23:35,2024-07-14,Cash,2251,83118,On Time,2808.92
4067366774,19482392,2024-02-23 19:28:16,2024-02-23,Cash,2584,78609,On Time,310.87
1683118802,92306841,2023-12-17 15:28:55,2023-12-17,Cash,6768,76106,On Time,2544.79
5770514189,57340963,2023-12-08 16:21:15,2023-12-08,Cash,4910,50789,Slightly Delayed,267.61
9612669334,49985597,2023-06-24 17:15:03,2023-06-24,UPI,9758,77039,On Time,4789.72
3262295808,15487049,2024-04-19 20:12:41,2024-04-19,Cash,7348,22950,On Time,2766.1
1593291198,93122847,2024-09-30 22:30:00,2024-09-30,Cash,8741,98452,Slightly Delayed,2056.8
5327721432,13585482,2024-09-28 20:06:11,2024-09-28,UPI,8418,45092,On Time,299.44
4879497185,51014003,2023-10-17 11:44:35,2023-10-17,Wallet,458,29418,On Time,4723.23
6883107728,97492493,2024-02-11 18:10:33,2024-02-11,Cash,6292,55685,On Time,4247.33
1643246998,90649019,2023-10-29 16:54:28,2023-10-29,UPI,9371,33474,Slightly Delayed,1700.52
913309291,89968482,2024-06-16 09:10:00,2024-06-16,UPI,366,77500,On Time,3661.13
8298829689,64535602,2023-11-29 12:16:34,2023-11-29,Card,2705,85725,On Time,242.57
7155488252,12090436,2024-09-28 21:24:26,2024-09-28,UPI,8493,56349,On Time,834.86
8316192789,25706121,2023-07-07 02:14:55,2023-07-07,Cash,5279,93941,On Time,2422.14
3589756658,17749347,2023-12-18 09:06:42,2023-12-18,Wallet,7660,10246,On Time,3124.37
8371900149,99893898,2024-08-31 13:11:39,2024-08-31,Card,3637,37141,On Time,1602.15
6659686612,90919603,2024-04-20 03:06:24,2024-04-20,Card,8582,14050,On Time,4654.27
2937676500,11202130,2024-05-25 18:53:00,2024-05-25,Cash,8103,91316,Slightly Delayed,2018.48
9908301442,57967753,2023-06-10 08:02:04,2023-06-10,Cash,6164,50218,On Time,976.13
3325049330,80761521,2023-03-31 19:04:39,2023-03-31,Cash,2665,70928,On Time,2830.19
2330986566,29941225,2023-03-26 16:31:03,2023-03-26,Cash,1004,80888,On Time,559.88
1495975802,17390673,2024-01-27 16:30:38,2024-01-27,Card,5886,91194,On Time,781.15
4207249029,70529459,2023-10-15 17:44:14,2023-10-15,UPI,2477,29507,On Time,1839.4
1150143976,1588560,2023-08-12 10:30:09,2023-08-12,Card,9083,17949,On Time,3115.75
8443390148,21577948,2023-06-12 11:03:12,2023-06-12,UPI,8718,67582,On Time,3484.02
8358703267,20496835,2023-08-20 10:52:12,2023-08-20,Wallet,1562,47723,On Time,2532.22
1608084881,85907588,2024-03-21 23:37:31,2024-03-21,UPI,7323,38092,On Time,307.23
2744486953,73891999,2024-09-29 20:05:27,2024-09-29,Cash,3082,59839,Significantly Delayed,626.67
3036885153,4789829,2024-02-29 21:09:32,2024-02-29,UPI,3836,28150,Slightly Delayed,3480.03
7335148205,85435560,2023-06-30 01:54:07,2023-06-30,Wallet,6440,54244,On Time,5814.13
2356580295,4597433,2023-08-21 01:33:20,2023-08-21,Wallet,5532,58531,On Time,3687.29
8999547266,21697638,2023-12-09 16:59:35,2023-12-09,Wallet,4340,80008,On Time,478.79
3094439783,95873651,2023-11-30 03:55:34,2023-11-30,Wallet,9634,72382,On Time,114.52
2753579193,2558646,2023-03-29 14:52:03,2023-03-29,Card,5215,13373,On Time,755.66
7683077217,22047134,2024-04-17 18:12:04,2024-04-17,UPI,2846,74017,On Time,870.29
2366099898,63339001,2023-05-10 20:45:53,2023-05-10,UPI,7752,5230,On Time,987.51
1252810532,42102289,2024-07-03 21:22:17,2024-07-03,Wallet,6489,63346,Slightly Delayed,2064.17
6493039553,90150193,2024-08-06 11:22:09,2024-08-06,Cash,2112,79356,On Time,2955.87
9274842886,69761993,2023-11-15 18:46:57,2023-11-15,UPI,586,68120,On Time,3293.42
8255275254,46615831,2023-12-03 02:03:06,2023-12-03,UPI,3327,33069,Slightly Delayed,3313.64
2136873695,2391900,2023-07-09 10:58:32,2023-07-09,Card,2312,40846,On Time,1381.22
3253225736,61753272,2024-07-19 08:49:06,2024-07-19,Cash,1550,22694,On Time,3607.82
7712604853,10608845,2023-09-26 23:28:51,2023-09-26,Wallet,1500,645,On Time,2265.63
5698803942,31813,2024-10-10 13:10:15,2024-10-10,UPI,8304,38462,On Time,1227.21
4393804577,69242672,2023-08-30 13:42:05,2023-08-30,Card,7319,20781,On Time,2410.08
9307961643,82322028,2024-04-24 17:30:07,2024-04-24,Cash,5477,69847,On Time,2930.91
14103943,9105829,2023-11-24 08:47:35,2023-11-24,Cash,6791,25400,Slightly Delayed,1538.3
4183595096,64141971,2024-01-09 06:21:14,2024-01-09,Card,2040,5568,On Time,1715.44
9915365099,14367270,2023-05-19 11:35:45,2023-05-19,Wallet,5534,36218,On Time,2197.0
7979108696,63368244,2024-05-20 22:10:25,2024-05-20,Cash,7492,67463,Slightly Delayed,3369.12
8756485728,97466783,2024-02-10 21:20:58,2024-02-10,Cash,3947,43987,On Time,2861.42
4859441294,3468355,2024-05-30 05:59:29,2024-05-30,UPI,7446,6040,Slightly Delayed,367.08
8100291984,54885705,2023-08-21 19:19:53,2023-08-21,Cash,9440,70176,Significantly Delayed,631.7
7825714018,56548063,2024-08-27 19:59:28,2024-08-27,UPI,1455,92931,On Time,3841.27
1785144322,8025622,2024-07-22 16:54:23,2024-07-22,Cash,6342,27342,Slightly Delayed,2161.8
242240959,64562786,2024-01-26 15:20:01,2024-01-26,Cash,5298,62828,On Time,1406.3
3527621284,86636273,2024-07-21 04:23:25,2024-07-21,Cash,2779,24006,On Time,4854.45
2254856113,29973346,2023-04-16 10:26:22,2023-04-16,Cash,1699,58706,On Time,2481.23
4295420935,97185284,2024-09-04 11:38:12,2024-09-04,Wallet,2096,81922,On Time,1882.87
8739415992,55042740,2023-06-02 23:08:03,2023-06-02,Wallet,1797,88278,On Time,1330.09
2123879653,43599910,2024-10-31 08:33:46,2024-10-31,Cash,8532,87546,Slightly Delayed,941.19
1054974834,12272282,2023-05-14 18:40:28,2023-05-14,Cash,1031,12315,Slightly Delayed,1785.73
6660596550,48554440,2024-06-21 02:56:30,2024-06-21,Wallet,4121,22021,Significantly Delayed,1954.48
1633238374,26303194,2023-08-12 10:41:14,2023-08-12,UPI,5955,37968,On Time,539.92
8133246330,34526570,2023-10-08 13:18:01,2023-10-08,Card,1932,14324,On Time,758.8
4696656818,28458746,2023-04-11 13:00:06,2023-04-11,Card,2170,95505,Slightly Delayed,2932.44
7590214417,69240186,2024-05-09 22:20:28,2024-05-09,Cash,9802,98898,Significantly Delayed,2315.55
1736212920,9401406,2024-09-10 15:13:39,2024-09-10,Wallet,6464,59462,On Time,3377.91
4507702369,27955158,2023-04-23 23:54:06,2023-04-23,Card,4275,25049,On Time,3434.25
6458765046,83348353,2023-06-29 17:39:33,2023-06-29,Cash,6211,23030,On Time,1535.36
47953423,96806748,2024-02-27 00:13:46,2024-02-27,UPI,6448,90878,On Time,2094.28
1263714922,77086539,2023-10-06 01:07:34,2023-10-06,Cash,4718,33460,On Time,3523.86
2061768860,12469338,2023-09-19 16:43:40,2023-09-19,Card,5935,13006,Slightly Delayed,925.65
4264335652,71321741,2023-09-08 06:23:40,2023-09-08,UPI,1300,66568,On Time,977.67
3087181728,58513300,2023-07-05 06:10:04,2023-07-05,UPI,4032,27119,On Time,171.2
599772156,35358395,2023-03-24 04:38:22,2023-03-24,Wallet,8240,62467,Slightly Delayed,1566.3
6074313668,77614510,2024-09-27 10:46:46,2024-09-27,Cash,4921,11276,On Time,277.76
5497551107,41647393,2024-08-18 15:51:52,2024-08-18,Wallet,1257,19502,On Time,562.89
9102202025,98896871,2024-04-10 07:36:32,2024-04-10,UPI,2233,65234,Significantly Delayed,1559.6
8794436743,40727086,2023-07-17 06:27:00,2023-07-17,Card,1175,10214,Slightly Delayed,4346.56
3299603042,77614510,2024-06-17 04:02:53,2024-06-17,Wallet,4279,94982,On Time,3296.49
243077069,46623192,2024-04-25 18:34:34,2024-04-25,UPI,677,94987,Slightly Delayed,1745.32
6749594412,16436359,2023-11-30 15:16:24,2023-11-30,Cash,2412,6570,Slightly Delayed,3392.98
5378344982,33658749,2024-02-17 01:04:36,2024-02-17,Card,4952,83534,Significantly Delayed,109.03
9103834515,61851054,2024-01-03 08:27:26,2024-01-03,Card,6449,30973,On Time,2255.0
6237437720,15568831,2023-08-26 07:00:27,2023-08-26,Wallet,8678,29950,Slightly Delayed,598.83
2719670578,95382317,2024-09-04 09:46:08,2024-09-04,Wallet,2008,75330,Significantly Delayed,2857.54
2748681349,84862161,2024-05-15 05:36:05,2024-05-15,Card,3640,464,On Time,1846.87
9851618724,96149069,2023-10-03 18:03:27,2023-10-03,Card,4220,73930,Slightly Delayed,3628.23
7013533376,81500385,2023-12-08 14:00:36,2023-12-08,UPI,3361,53934,On Time,1242.23
9727047029,94730288,2024-01-04 01:55:00,2024-01-04,Cash,3252,92601,On Time,786.85
1191540022,69863493,2024-09-15 00:08:35,2024-09-15,UPI,1226,72969,Slightly Delayed,994.56
5733572517,5039883,2024-08-05 00:09:15,2024-08-05,Cash,5945,33195,Slightly Delayed,1706.96
9647928644,99406165,2023-05-19 13:40:04,2023-05-19,Wallet,9057,25971,On Time,612.04
9696598689,7288562,2023-08-24 18:13:31,2023-08-24,Card,814,54430,Slightly Delayed,130.01
1091207520,65559853,2024-10-05 19:02:54,2024-10-05,Card,6765,29429,On Time,4752.89
7995971909,1342184,2023-05-08 18:11:30,2023-05-08,Wallet,8900,92899,Significantly Delayed,3065.9
6077755741,40055711,2023-07-20 23:23:59,2023-07-20,Card,3735,40233,Slightly Delayed,321.28
1240745644,22915611,2023-05-20 11:57:18,2023-05-20,Wallet,6291,53221,On Time,2401.54
1397810713,9314637,2023-12-09 14:37:08,2023-12-09,Wallet,3515,11268,On Time,2534.35
5149614189,90150193,2023-07-24 14:47:54,2023-07-24,Wallet,4566,10265,Slightly Delayed,923.84
7453349798,65488134,2023-08-10 13:54:12,2023-08-10,UPI,8073,63046,On Time,2182.13
7570986632,45166203,2023-05-17 11:01:22,2023-05-17,UPI,8034,55977,On Time,3810.34
5292931220,38327793,2023-11-25 02:57:18,2023-11-25,Cash,3175,1662,On Time,3112.63
2654499230,79478655,2023-06-10 17:45:41,2023-06-10,Cash,3352,38789,On Time,3594.0
2327587597,24621386,2024-06-29 17:28:37,2024-06-29,Card,6117,44056,On Time,2167.31
5852189277,29653387,2024-10-13 14:14:35,2024-10-13,UPI,1771,95197,On Time,615.56
8943211530,14632090,2023-09-23 18:15:02,2023-09-23,Card,6547,24417,On Time,2867.18
3305649506,90649019,2023-11-15 00:30:18,2023-11-15,Wallet,6301,404,On Time,2556.55
538997323,13492411,2023-04-17 03:28:03,2023-04-17,Cash,7310,68926,On Time,456.58
2966187610,67310893,2023-04-13 01:04:17,2023-04-13,Wallet,4186,28872,Slightly Delayed,1334.05
866693541,14472401,2024-06-24 19:15:35,2024-06-24,Cash,5764,47194,On Time,1917.12
440721658,9450435,2023-05-05 10:12:53,2023-05-05,Cash,9486,90194,On Time,1749.09
2084323012,11202130,2024-06-03 13:19:17,2024-06-03,Wallet,2709,79429,On Time,1390.65
4876314410,37227953,2024-11-01 06:57:36,2024-11-01,Card,1935,99870,On Time,1735.7
2401282648,21425168,2023-08-10 20:45:58,2023-08-10,Card,9034,38150,On Time,483.9
2117291471,33481252,2023-06-21 15:31:00,2023-06-21,Cash,5067,73647,On Time,1361.47
5455295163,46989310,2024-08-25 11:26:15,2024-08-25,UPI,5250,70293,Significantly Delayed,2275.16
3219761206,44589829,2024-07-14 12:58:37,2024-07-14,Card,6040,25134,On Time,2975.65
7423918026,84448310,2024-04-27 09:54:44,2024-04-27,UPI,6120,14790,On Time,2329.61
1793817443,68661619,2023-11-14 23:44:05,2023-11-14,Card,5964,53816,Slightly Delayed,1474.45
2644609220,97825663,2024-05-22 07:43:43,2024-05-22,UPI,2108,43073,On Time,2805.47
1353492780,57765367,2024-03-06 16:25:44,2024-03-06,UPI,9701,38772,On Time,1205.58
1230061693,11616535,2023-06-15 18:21:45,2023-06-15,Wallet,2384,32382,On Time,1633.54
6299572675,81046421,2023-08-17 18:46:18,2023-08-17,Wallet,5372,51388,Slightly Delayed,1114.77
5956863364,24821281,2024-02-20 23:36:34,2024-02-20,Wallet,3838,6378,Slightly Delayed,918.58
6788884093,2566268,2024-10-06 20:03:45,2024-10-06,UPI,3332,53748,On Time,2885.2
6120799223,84377964,2024-01-14 00:47:46,2024-01-14,UPI,6766,7467,Slightly Delayed,1441.13
3892854030,74179536,2024-02-08 04:02:50,2024-02-08,Card,8748,14424,On Time,3818.13
1883324334,76327561,2024-07-27 04:24:22,2024-07-27,UPI,6915,36776,On Time,1762.3
4541530278,59517074,2024-04-05 02:15:27,2024-04-05,Wallet,8934,9182,Significantly Delayed,3075.26
8807380767,37947202,2023-04-22 21:41:04,2023-04-22,Cash,9425,62692,On Time,699.62
5865396281,84119685,2024-02-06 02:08:36,2024-02-06,UPI,6709,95971,Significantly Delayed,994.56
340451825,87691707,2024-09-25 19:16:34,2024-09-25,Card,5783,47152,On Time,2930.46
3327784606,61982521,2024-01-11 07:40:04,2024-01-11,Cash,773,19928,On Time,234.36
5990129875,87160527,2024-07-13 08:44:22,2024-07-13,UPI,2222,94600,Slightly Delayed,2192.83
8808930721,59329145,2023-10-21 21:29:40,2023-10-21,UPI,8722,29750,On Time,2623.19
8116880443,26752630,2023-07-23 01:47:23,2023-07-23,Card,1234,19975,On Time,3628.41
9933926720,96640716,2023-08-17 05:10:16,2023-08-17,UPI,5085,87199,On Time,1488.67
776562418,54923640,2024-09-08 21:57:02,2024-09-08,Card,1894,38320,On Time,1532.9
6105793582,67538982,2023-04-13 01:28:18,2023-04-13,Cash,5290,46350,Slightly Delayed,1897.12
9247779866,19523014,2024-10-24 02:47:13,2024-10-24,Wallet,6646,5188,Slightly Delayed,2452.82
5456672526,52757321,2024-09-23 17:51:26,2024-09-23,Wallet,678,21356,On Time,3534.84
6676994910,50557979,2023-11-28 22:30:33,2023-11-28,Wallet,5170,79068,On Time,2181.99
9353512235,97277696,2023-11-29 11:12:59,2023-11-29,Cash,1598,32312,On Time,933.3
6539196955,58974323,2024-05-27 08:15:29,2024-05-27,Wallet,8933,44716,Significantly Delayed,1508.88
7886908865,1529180,2023-04-07 02:53:46,2023-04-07,UPI,578,34483,On Time,4319.96
7548844176,12088552,2023-05-12 17:23:18,2023-05-12,Card,1642,82860,On Time,1227.14
3375735380,93735495,2024-06-15 04:48:21,2024-06-15,Wallet,9432,70000,On Time,3373.41
32604190,51503088,2023-12-08 09:08:03,2023-12-08,Wallet,7220,60196,On Time,1169.84
5731985133,80696046,2024-06-21 09:35:10,2024-06-21,UPI,6208,43899,Slightly Delayed,715.72
7586577278,63360864,2023-11-24 07:41:51,2023-11-24,UPI,203,97897,On Time,3704.57
7765930124,82179338,2024-10-14 07:40:20,2024-10-14,Wallet,7976,55007,On Time,1921.46
299059193,26805477,2024-05-04 09:02:25,2024-05-04,UPI,2427,88355,On Time,1520.7
135053432,10796846,2023-04-24 13:30:15,2023-04-24,Wallet,5488,29782,On Time,3330.44
9618593702,29451600,2024-03-31 09:26:46,2024-03-31,Card,7443,57144,Slightly Delayed,3886.48
2802699236,83262890,2024-05-08 21:07:08,2024-05-08,Wallet,746,18183,Significantly Delayed,576.22
2044567188,4988545,2023-05-19 10:27:52,2023-05-19,Card,3987,87638,On Time,3889.03
913489768,57833505,2023-06-27 00:50:04,2023-06-27,Cash,8555,92300,On Time,3824.6
6856986497,3421258,2024-02-19 15:44:34,2024-02-19,Cash,6706,55218,On Time,223.27
7292898570,26285589,2024-09-05 22:34:37,2024-09-05,Wallet,4379,88703,Significantly Delayed,2532.09
6223087303,65570302,2024-08-05 15:22:23,2024-08-05,Card,55,8124,On Time,447.28
403352765,4057678,2024-09-30 08:32:46,2024-09-30,Wallet,6895,83523,Slightly Delayed,1568.48
7004560997,81994445,2024-09-20 02:11:27,2024-09-20,Cash,793,73176,Slightly Delayed,1459.57
8159868515,2558646,2024-04-12 11:43:17,2024-04-12,UPI,2884,62375,On Time,2797.64
8854320668,67918495,2023-11-17 08:24:06,2023-11-17,UPI,4348,74961,On Time,417.39
2285302205,13251137,2024-08-25 09:54:40,2024-08-25,Wallet,2655,96870,On Time,4438.92
5160584867,34897081,2024-06-02 18:31:20,2024-06-02,Cash,398,71087,On Time,3140.25
4314105605,34787383,2024-07-12 18:30:17,2024-07-12,Wallet,7294,20540,On Time,317.8
9895756835,10694081,2024-10-09 15:05:40,2024-10-09,Card,4090,70732,Significantly Delayed,3821.8
1975300826,35885052,2024-09-25 18:01:36,2024-09-25,Wallet,3702,84506,On Time,1685.6
2214666083,66427343,2024-08-13 17:16:09,2024-08-13,Cash,845,85027,On Time,923.09
4735339432,29653387,2024-03-04 03:07:09,2024-03-04,Cash,3195,49478,On Time,2630.14
9863540120,33675108,2023-07-14 00:40:25,2023-07-14,Cash,4420,29135,Slightly Delayed,769.21
8789376461,28394354,2023-09-17 01:06:07,2023-09-17,Wallet,1916,70720,Significantly Delayed,1626.99
4784591220,88923048,2024-10-29 03:28:37,2024-10-29,Wallet,2990,6251,On Time,3656.06
6759658833,84377964,2023-09-29 07:08:55,2023-09-29,UPI,2031,4233,On Time,3420.13
1241631129,3897936,2024-04-26 21:15:08,2024-04-26,UPI,1283,95532,On Time,1322.18
8803314647,93938425,2024-08-17 04:42:54,2024-08-17,UPI,3652,98246,On Time,1789.57
1016410657,32830199,2023-11-01 23:05:16,2023-11-01,Card,6536,98504,On Time,3656.07
8284240513,949062,2023-04-05 11:28:45,2023-04-05,Card,1107,59760,On Time,3558.14
343239069,41439103,2024-02-12 17:28:06,2024-02-12,UPI,4746,23690,On Time,2655.22
3941137932,84929351,2024-02-28 14:12:32,2024-02-28,Wallet,4509,73638,Significantly Delayed,5473.26
8955573840,21461764,2023-07-28 08:17:26,2023-07-28,Cash,8014,42461,Slightly Delayed,4869.22
6832435511,62971413,2023-04-18 15:30:02,2023-04-18,Cash,8467,33260,On Time,2575.94
3014319697,28428852,2023-08-27 05:03:40,2023-08-27,Cash,4239,11218,On Time,1822.73
7367717333,11047835,2023-07-30 10:15:56,2023-07-30,Card,4841,54707,On Time,2091.23
9389677233,99714944,2024-08-10 12:35:37,2024-08-10,Cash,7085,34925,Slightly Delayed,2143.74
2929883167,41146001,2023-12-05 16:41:49,2023-12-05,UPI,9623,97076,Slightly Delayed,918.58
9045592834,84119685,2024-10-30 16:52:05,2024-10-30,Cash,3069,47395,On Time,997.61
7128308885,76604145,2023-12-14 10:38:06,2023-12-14,Cash,9727,48388,Slightly Delayed,2541.96
2060028411,27694927,2023-11-15 18:55:20,2023-11-15,Wallet,9144,87806,On Time,1751.84
3856301920,63339001,2024-07-05 04:07:34,2024-07-05,Wallet,9475,57805,Significantly Delayed,796.36
7248479077,31940833,2023-09-23 13:27:01,2023-09-23,UPI,6954,81690,On Time,3007.61
2738466605,49147776,2024-08-23 05:00:22,2024-08-23,Card,5981,80973,On Time,439.24
9801353230,96853930,2023-05-18 12:01:40,2023-05-18,Wallet,3787,97442,Slightly Delayed,3749.33
2103613260,67528368,2024-07-01 19:49:37,2024-07-01,Card,3565,21195,On Time,1031.19
7624166218,29525287,2024-01-04 00:23:02,2024-01-04,UPI,633,20790,On Time,1213.14
4692680597,97185284,2023-06-20 22:49:37,2023-06-20,Card,5201,35371,On Time,2789.63
2028074931,33998721,2024-06-23 17:52:51,2024-06-23,Cash,8862,63636,On Time,3038.93
6247819401,57526322,2023-03-30 06:00:33,2023-03-30,Cash,3634,7912,On Time,3456.8
6299879620,48160359,2023-11-10 17:37:35,2023-11-10,Card,5841,8965,Slightly Delayed,1300.47
3398014747,87823209,2023-06-15 06:52:20,2023-06-15,Cash,4964,32690,On Time,2430.88
4526087670,54923640,2023-11-03 06:17:43,2023-11-03,UPI,2583,23919,On Time,2304.85
4473653758,4597433,2024-08-26 16:17:59,2024-08-26,Cash,3679,63804,On Time,2342.62
1286821727,32003512,2024-08-04 02:44:11,2024-08-04,UPI,9685,97332,On Time,2910.9
5566617391,81822935,2024-08-21 19:41:28,2024-08-21,Cash,238,63829,Slightly Delayed,2195.25
6630935939,67708491,2024-10-31 10:29:04,2024-10-31,UPI,6628,87804,On Time,3344.49
8676443273,47215976,2024-05-24 10:53:46,2024-05-24,Wallet,8880,91222,Significantly Delayed,58.59
439562091,36400756,2024-04-26 18:16:10,2024-04-26,Cash,3768,81799,On Time,2223.31
7361440096,82529927,2024-02-12 12:22:30,2024-02-12,Card,1150,94957,Significantly Delayed,1068.91
2480611325,30823988,2024-02-25 16:24:49,2024-02-25,Cash,1838,78792,Slightly Delayed,4729.75
5091640382,64141971,2024-01-31 06:58:29,2024-01-31,Card,5538,10930,On Time,402.11
1443292147,8395610,2024-04-16 03:18:14,2024-04-16,Wallet,9470,37003,On Time,3889.01
3342653518,6319646,2023-07-22 07:35:00,2023-07-22,UPI,2138,49750,On Time,577.13
3836073957,54952806,2023-07-16 18:18:15,2023-07-16,Card,4458,70427,Slightly Delayed,1264.91
4192669219,44589829,2024-04-22 03:00:28,2024-04-22,Wallet,3092,44206,On Time,1447.55
6922121165,97928781,2024-01-04 07:51:02,2024-01-04,UPI,8773,75795,Significantly Delayed,1513.91
4850653474,66932104,2024-03-05 03:41:52,2024-03-05,UPI,4174,50658,On Time,2997.71
1229660813,54748429,2023-11-02 19:30:52,2023-11-02,UPI,1477,35201,Significantly Delayed,5173.19
5194396051,12338529,2024-10-26 18:11:47,2024-10-26,Cash,8049,9121,On Time,508.0
8971899775,92118758,2024-03-04 12:09:15,2024-03-04,Wallet,5380,17588,On Time,5067.85
5619049608,56572297,2024-05-06 13:10:05,2024-05-06,Card,777,86750,Significantly Delayed,3972.23
9943996342,3282647,2023-09-12 22:57:10,2023-09-12,UPI,7659,55860,On Time,4252.97
4548721519,93018527,2024-08-20 23:28:40,2024-08-20,Wallet,9726,26714,On Time,1816.47
6211537502,2164524,2023-09-06 23:08:44,2023-09-06,Wallet,5234,99208,Significantly Delayed,1427.81
347093563,31026200,2024-09-23 13:17:00,2024-09-23,Card,1463,27801,Significantly Delayed,2614.94
1855924568,33472376,2024-08-20 22:49:00,2024-08-20,Card,1711,17039,On Time,3758.71
5914484553,4378755,2023-11-17 16:40:52,2023-11-17,UPI,106,74330,On Time,931.36
8068903161,11705793,2024-02-14 22:15:46,2024-02-14,Wallet,6061,60117,On Time,4089.67
2147159735,50527764,2023-05-13 03:52:37,2023-05-13,UPI,5971,11051,On Time,1246.63
9006983686,68063317,2023-10-10 00:41:04,2023-10-10,Card,7090,48159,Slightly Delayed,788.36
7606134274,69034027,2024-05-28 12:31:28,2024-05-28,Card,2028,31574,Slightly Delayed,832.06
4034750827,10019218,2023-06-24 04:04:24,2023-06-24,Wallet,7729,68331,On Time,1168.59
851062565,49457685,2024-03-15 11:23:08,2024-03-15,Cash,9465,32026,Slightly Delayed,3773.85
4283323746,93321933,2023-11-01 03:01:34,2023-11-01,Wallet,5976,78455,Slightly Delayed,2824.79
7842390585,6637282,2023-10-11 12:35:31,2023-10-11,Wallet,3881,98082,On Time,2820.47
2449548943,68486301,2023-09-23 11:24:05,2023-09-23,Wallet,8687,23429,Slightly Delayed,1635.94
7067924535,95371787,2023-11-28 02:51:41,2023-11-28,Cash,4804,39985,Significantly Delayed,422.14
1602291242,19581959,2023-03-29 09:40:52,2023-03-29,Wallet,8540,79235,On Time,2648.42
7067630786,75082508,2023-09-28 08:03:14,2023-09-28,Card,8695,25395,On Time,2467.57
9726762425,75674671,2023-08-13 21:45:44,2023-08-13,Wallet,7653,32062,On Time,4041.64
1129887168,21201299,2024-02-16 03:22:08,2024-02-16,Wallet,8814,35560,On Time,1818.6
3371892236,81763298,2024-05-06 17:18:58,2024-05-06,Wallet,2699,31710,On Time,2101.11
6532953824,93924203,2024-11-02 11:49:30,2024-11-02,Cash,6715,1025,Significantly Delayed,3946.2
252964377,89531595,2024-05-31 08:22:32,2024-05-31,Cash,2438,41128,On Time,1197.31
6270495384,12272282,2023-09-11 22:37:29,2023-09-11,Cash,2689,10368,On Time,878.07
2450770184,45323391,2023-08-11 09:00:48,2023-08-11,Wallet,3016,71871,Slightly Delayed,3428.44
7543192113,82898985,2023-12-28 05:43:03,2023-12-28,Cash,7250,82419,Slightly Delayed,4768.12
9890817032,12967305,2023-04-24 06:21:47,2023-04-24,Card,3984,69033,On Time,582.87
183165359,73098723,2023-05-24 06:47:39,2023-05-24,Wallet,6151,57165,Significantly Delayed,90.56
2136907826,7591711,2023-12-21 14:21:21,2023-12-21,Wallet,200,16756,On Time,887.78
2801605687,16561710,2024-03-04 21:19:44,2024-03-04,Card,4864,14972,On Time,1956.01
8869292457,12851610,2024-09-25 04:22:43,2024-09-25,Card,8529,15395,On Time,2971.17
5414471648,46741896,2023-05-20 03:22:51,2023-05-20,Card,3751,60303,On Time,3156.76
7827370415,97770901,2023-06-23 12:23:20,2023-06-23,Wallet,4487,59261,Slightly Delayed,576.7
7216662926,76327561,2024-07-11 21:59:50,2024-07-11,Cash,354,71646,On Time,123.74
349410429,42514124,2024-01-29 01:59:54,2024-01-29,Wallet,6611,20170,On Time,255.6
8512030806,77768189,2024-10-26 11:26:17,2024-10-26,Card,5820,64640,Slightly Delayed,2772.71
8003807551,76917159,2024-08-25 11:46:42,2024-08-25,Cash,1511,76918,On Time,4583.02
274320517,18567760,2024-08-23 04:13:36,2024-08-23,Wallet,1714,53245,On Time,1654.66
2150447285,93370787,2024-06-13 10:24:40,2024-06-13,UPI,2041,23570,On Time,1299.62
5089385450,33608451,2023-06-16 14:35:44,2023-06-16,UPI,4385,51224,Slightly Delayed,3352.28
8622799862,5386246,2024-02-10 02:57:56,2024-02-10,Card,6216,87205,On Time,2724.25
2773034272,36400756,2024-06-27 04:28:30,2024-06-27,Wallet,224,69257,On Time,2309.25
4028266143,19216141,2023-03-16 08:31:08,2023-03-16,Card,4198,2633,On Time,616.45
9691888826,54680459,2023-10-31 16:21:00,2023-10-31,Card,9637,45204,On Time,1075.43
8891340263,87718744,2024-09-02 00:09:24,2024-09-02,Wallet,5048,69702,On Time,3612.45
1149293318,43459807,2023-11-25 20:09:17,2023-11-25,UPI,8943,36971,On Time,123.74
1288695184,46885873,2023-10-03 01:31:18,2023-10-03,Wallet,2984,20473,On Time,984.35
5229336544,72857290,2023-09-22 20:53:29,2023-09-22,Wallet,2166,91261,Slightly Delayed,1017.1
196885435,88045094,2023-06-25 02:20:56,2023-06-25,Wallet,8392,22558,On Time,96.09
6961457996,89704218,2024-10-26 21:31:39,2024-10-26,UPI,4533,79623,On Time,3243.74
5059907679,65963876,2024-04-18 11:47:40,2024-04-18,Card,6372,10255,Slightly Delayed,4049.8
9046226901,38728779,2024-02-28 07:15:01,2024-02-28,UPI,8216,45262,On Time,486.28
515408216,3408982,2023-12-25 09:36:58,2023-12-25,UPI,6042,85348,Slightly Delayed,1665.29
9048597167,75510747,2024-06-17 02:18:01,2024-06-17,Wallet,2440,24877,Significantly Delayed,2379.23
4308216668,6335221,2024-07-11 05:59:50,2024-07-11,UPI,287,36727,Significantly Delayed,3751.75
8671875127,13383642,2023-06-05 01:39:19,2023-06-05,Wallet,6328,15112,On Time,2445.48
9622968817,96042320,2023-06-12 22:58:47,2023-06-12,Card,376,45135,On Time,2846.85
7832599414,18889370,2023-08-07 07:16:25,2023-08-07,UPI,6045,51384,On Time,2986.47
5533307028,21577948,2023-05-27 10:39:37,2023-05-27,UPI,9001,56686,On Time,5567.15
752185231,24633671,2024-03-02 04:01:30,2024-03-02,Wallet,7627,5165,On Time,1091.67
5859787209,8628482,2024-09-30 06:06:12,2024-09-30,Cash,839,76845,Slightly Delayed,2601.55
1736713150,46741896,2024-01-07 10:03:34,2024-01-07,Cash,7481,19501,Slightly Delayed,730.32
3620570172,25829710,2024-04-16 18:25:09,2024-04-16,Card,7384,35025,Significantly Delayed,422.87
5758119413,22694456,2024-10-10 09:25:22,2024-10-10,Wallet,9315,72740,Slightly Delayed,2017.51
2204489775,79257353,2024-05-03 01:11:36,2024-05-03,Card,1294,79497,On Time,2799.27
5881059783,2219590,2023-08-01 10:03:31,2023-08-01,Cash,4749,75665,On Time,1432.73
9475167773,48418662,2023-07-24 17:30:20,2023-07-24,Cash,8010,44817,Slightly Delayed,2224.47
4635228647,6459100,2023-08-27 19:34:49,2023-08-27,UPI,9635,88768,On Time,1218.98
8394536341,6459100,2024-08-17 07:51:09,2024-08-17,Cash,2747,97145,Slightly Delayed,949.73
4726427550,93699264,2024-02-04 22:57:07,2024-02-04,Card,9161,66248,Slightly Delayed,891.6
5387935727,22694456,2023-10-02 04:06:47,2023-10-02,UPI,461,94937,On Time,1457.05
1886705751,73393269,2023-04-19 18:50:45,2023-04-19,Wallet,8345,97590,On Time,878.07
4224014067,85218071,2023-05-15 12:01:24,2023-05-15,Cash,1401,53348,On Time,3274.45
8726515908,82900175,2024-10-01 16:00:07,2024-10-01,Wallet,4011,68903,On Time,3941.32
7388091459,10562528,2024-10-16 15:30:51,2024-10-16,Card,1937,64324,Slightly Delayed,5228.36
9320256091,32595806,2024-01-11 17:10:03,2024-01-11,Card,9377,42510,On Time,1628.06
3872093894,67729191,2023-11-01 11:42:45,2023-11-01,Cash,2106,94703,Significantly Delayed,267.18
992848455,44269569,2024-09-18 12:49:11,2024-09-18,Card,3122,77210,On Time,2749.56
4458723519,38902882,2024-09-01 17:25:55,2024-09-01,Wallet,3777,66237,On Time,2217.71
7755662096,10700664,2024-01-30 12:43:24,2024-01-30,Cash,7928,39318,Slightly Delayed,1963.69
5779793224,95971469,2024-05-13 01:56:10,2024-05-13,Card,3790,66680,On Time,2121.4
8253576531,57063557,2023-08-22 19:11:32,2023-08-22,Cash,9907,31219,Slightly Delayed,1686.55
4993169316,90649019,2024-07-10 16:56:35,2024-07-10,Cash,2844,25105,Slightly Delayed,3585.38
828017545,12622901,2024-03-12 02:25:14,2024-03-12,UPI,3919,1921,Slightly Delayed,1197.51
2012368621,71252391,2024-07-21 04:32:17,2024-07-21,Card,1514,70216,On Time,1328.97
6603205997,37702698,2024-05-17 07:11:11,2024-05-17,Card,5722,30506,On Time,4193.2
833581472,31026200,2023-08-19 15:33:38,2023-08-19,UPI,556,7924,Slightly Delayed,1495.9
8755782101,50557979,2023-12-30 16:40:51,2023-12-30,Cash,1255,43429,On Time,424.58
1049830215,44828791,2024-08-06 01:47:05,2024-08-06,Wallet,1844,525,Slightly Delayed,1177.01
2399383238,79789048,2023-11-09 18:09:39,2023-11-09,UPI,4550,38443,On Time,3759.65
143399998,46686696,2024-10-17 13:55:44,2024-10-17,UPI,833,24612,Slightly Delayed,481.63
2444273306,32003512,2024-06-27 18:21:46,2024-06-27,UPI,7225,65109,On Time,2023.82
1309618968,91228580,2023-04-04 19:47:37,2023-04-04,Cash,2406,29830,On Time,3211.74
3972788794,67708491,2024-03-26 00:03:04,2024-03-26,Wallet,2404,12838,On Time,1274.33
2356073413,29902416,2024-03-16 23:23:24,2024-03-16,Card,3908,43363,Slightly Delayed,2690.61
3775683944,57217288,2024-07-31 20:55:35,2024-07-31,UPI,8284,43490,On Time,3297.69
8994776653,3002538,2023-12-22 05:55:24,2023-12-22,UPI,6428,42895,Slightly Delayed,2384.45
8124075720,46741896,2024-10-11 15:31:32,2024-10-11,Wallet,5406,77902,On Time,1077.91
5534171862,97664747,2023-11-19 00:38:11,2023-11-19,UPI,826,47319,Slightly Delayed,4216.87
4825558658,41008070,2024-08-11 23:00:07,2024-08-11,Wallet,1030,69839,On Time,1446.36
1541676341,73660582,2023-08-26 23:35:13,2023-08-26,Cash,9879,65569,Slightly Delayed,638.39
5360755658,68341636,2023-06-22 01:02:47,2023-06-22,Cash,176,13204,On Time,4391.02
844328418,29584848,2023-04-11 21:39:16,2023-04-11,Card,5669,21982,Significantly Delayed,2429.88
1843468816,55425478,2023-07-03 03:03:59,2023-07-03,Cash,8400,8630,On Time,2092.13
3771484570,60319216,2023-08-15 20:43:06,2023-08-15,UPI,8845,12214,On Time,2809.06
2458783424,1497747,2023-06-02 16:45:09,2023-06-02,Card,937,20118,On Time,1072.62
2272849018,6982488,2024-11-04 00:15:51,2024-11-04,UPI,5068,46289,On Time,1797.17
8549503132,63238941,2023-03-29 10:49:35,2023-03-29,Cash,8975,86962,On Time,1824.21
4032847942,10857389,2024-09-28 04:10:41,2024-09-28,Wallet,4760,32388,On Time,169.88
8224665612,27727819,2023-07-16 12:34:40,2023-07-16,Wallet,3474,37229,On Time,3720.0
8007222259,31940833,2024-02-05 01:14:16,2024-02-05,Card,7210,14904,On Time,2700.94
3522030676,46313756,2023-06-01 15:26:41,2023-06-01,Wallet,4247,61126,Slightly Delayed,604.87
3224743071,17805991,2023-10-04 19:59:38,2023-10-04,Cash,1669,43,On Time,2374.92
7474790671,43256928,2023-10-13 18:57:52,2023-10-13,Cash,3820,97794,Slightly Delayed,4457.7
7884745950,13585482,2024-04-09 21:50:29,2024-04-09,Cash,3955,90525,On Time,2356.29
8269502930,11616535,2024-06-01 02:03:06,2024-06-01,UPI,6811,11674,On Time,826.21
985347383,50080663,2024-05-22 19:09:02,2024-05-22,UPI,3020,85773,On Time,4860.53
5932091553,80571942,2024-10-22 11:07:22,2024-10-22,Card,5812,14918,Slightly Delayed,1269.18
69932727,83236183,2024-08-28 16:10:09,2024-08-28,Wallet,6580,15976,On Time,2192.28
2715027145,26903313,2024-05-25 03:48:02,2024-05-25,Cash,3804,81723,Slightly Delayed,1301.38
5234261944,18113428,2023-06-30 20:23:31,2023-06-30,Wallet,5423,42968,On Time,3315.64
2818967815,74212242,2024-04-08 21:17:51,2024-04-08,Cash,1934,39675,Significantly Delayed,1612.04
1598213217,37947202,2023-08-09 12:40:16,2023-08-09,Wallet,1657,41761,On Time,4755.76
9087747856,31681710,2024-05-28 19:41:00,2024-05-28,Cash,216,35148,Slightly Delayed,530.85
9606925547,45659330,2024-03-10 20:52:16,2024-03-10,UPI,4719,22049,On Time,1293.2
9866554851,63793401,2023-07-03 09:17:58,2023-07-03,Wallet,8277,82357,On Time,3641.7
3719294769,64316806,2024-08-27 16:53:31,2024-08-27,UPI,4799,918,On Time,951.43
3576529840,13383642,2024-07-15 11:21:51,2024-07-15,UPI,6837,40696,Slightly Delayed,1697.53
5478986113,72089140,2023-04-16 00:26:28,2023-04-16,UPI,3960,64855,Slightly Delayed,4538.48
6724582316,14991661,2023-10-28 23:59:05,2023-10-28,Card,3813,87179,On Time,22.14
4391559649,60904312,2023-06-25 00:05:02,2023-06-25,Wallet,513,86088,On Time,2595.1
9530258400,84850688,2023-10-24 23:09:56,2023-10-24,UPI,9233,36249,On Time,3087.68
609162117,85233498,2023-09-23 16:00:38,2023-09-23,Cash,6939,81927,Significantly Delayed,3723.26
755143077,6856445,2023-07-31 08:28:13,2023-07-31,Cash,2140,18005,On Time,3152.22
5239439928,67908555,2023-08-25 08:26:08,2023-08-25,Card,9825,25997,Slightly Delayed,3988.72
1328248068,51556553,2024-05-14 00:59:20,2024-05-14,Cash,2255,27695,Slightly Delayed,1817.16
1440606577,76917159,2024-04-30 12:42:45,2024-04-30,Wallet,9846,10954,On Time,2092.55
8884389971,95858939,2024-08-18 17:30:59,2024-08-18,UPI,6568,82326,On Time,1889.4
7307977336,95858939,2023-09-02 08:47:10,2023-09-02,Cash,4666,93785,On Time,939.2
5953535252,79630614,2024-06-08 18:58:00,2024-06-08,UPI,6004,18950,On Time,1693.84
6133025410,6061349,2023-09-09 09:06:23,2023-09-09,Cash,8516,11126,On Time,3478.04
798088726,89699655,2023-09-07 07:57:54,2023-09-07,Cash,2013,53764,Slightly Delayed,3022.46
3372412988,89036169,2024-01-22 20:01:10,2024-01-22,UPI,6810,56993,On Time,3759.52
4910060567,24323106,2023-04-02 10:43:26,2023-04-02,UPI,9462,19589,On Time,3151.21
8708211566,38420886,2023-04-30 20:23:35,2023-04-30,Cash,3772,4219,Slightly Delayed,2544.23
2126853184,92509376,2024-10-15 20:53:48,2024-10-15,Cash,8086,9528,Slightly Delayed,2444.79
4390795259,66932104,2023-09-20 09:46:52,2023-09-20,UPI,1417,28675,On Time,923.84
9030686359,5961261,2023-05-01 23:02:00,2023-05-01,Card,3717,24142,On Time,2386.48
8565611606,85854265,2024-02-01 04:19:46,2024-02-01,Card,2415,37301,Significantly Delayed,1156.45
6782020758,23380116,2023-11-30 06:23:19,2023-11-30,Cash,7482,83133,On Time,1979.99
561884159,84066402,2023-09-01 14:23:30,2023-09-01,Wallet,1026,64474,On Time,3232.78
2767430579,16424635,2023-10-21 07:51:34,2023-10-21,Wallet,8979,16851,Slightly Delayed,2819.8
5934372451,56441247,2023-04-10 01:58:24,2023-04-10,Cash,9122,81095,On Time,3355.51
6833977302,97475543,2023-06-05 04:44:35,2023-06-05,Wallet,9262,66274,Significantly Delayed,2495.74
8396649871,2517955,2024-02-27 16:16:35,2024-02-27,UPI,1658,66543,On Time,950.6
1937188757,57392064,2023-09-05 02:46:11,2023-09-05,Cash,8861,55848,On Time,3936.8
3142198801,49152878,2024-07-16 01:14:38,2024-07-16,Wallet,40,7052,On Time,1409.38
6087109745,84824280,2023-03-18 19:01:19,2023-03-18,Cash,1486,77386,On Time,2201.69
8895262247,191616,2023-03-20 03:14:16,2023-03-20,Card,7859,44279,Slightly Delayed,1664.01
5138524153,7522036,2023-08-09 18:06:42,2023-08-09,Card,3542,44843,On Time,845.0
9789995549,34567918,2024-01-24 22:05:21,2024-01-24,Cash,7209,12282,On Time,2653.75
7485459856,89784343,2023-09-15 07:10:58,2023-09-15,UPI,8664,77052,On Time,1163.04
4033626537,66943324,2023-05-03 22:54:44,2023-05-03,UPI,4743,15034,On Time,1379.99
9370915142,95372766,2023-10-28 19:29:21,2023-10-28,Card,6129,53012,Slightly Delayed,1849.29
7211325894,70976153,2023-04-21 14:27:48,2023-04-21,Card,5539,9731,On Time,2956.03
3482827003,77869660,2023-05-08 14:59:01,2023-05-08,Wallet,6253,79094,Slightly Delayed,3749.87
6656246719,19180962,2024-09-09 13:42:16,2024-09-09,Wallet,8464,29942,Slightly Delayed,885.08
6092663288,51341672,2024-09-28 03:12:58,2024-09-28,Cash,8336,67487,On Time,4680.35
9346041594,77559557,2023-06-08 14:26:52,2023-06-08,Cash,190,29892,On Time,3936.68
9105127475,87213891,2023-11-10 13:37:27,2023-11-10,Card,57,74365,Slightly Delayed,4110.56
6120818381,34768050,2024-05-02 00:28:42,2024-05-02,UPI,7698,30114,On Time,3091.49
5174370629,31156674,2024-07-09 02:51:49,2024-07-09,Card,5902,60359,On Time,729.87
3244930036,67386193,2023-05-15 01:17:28,2023-05-15,Cash,2332,88104,On Time,2457.44
2976493998,820740,2024-10-26 08:38:46,2024-10-26,Card,3202,73434,Slightly Delayed,2716.3
7971593791,92209869,2023-06-14 04:31:45,2023-06-14,Wallet,9162,41540,Significantly Delayed,2048.91
4052544342,58214883,2024-04-30 18:23:36,2024-04-30,Cash,7759,48904,Significantly Delayed,987.59
6264003424,26863280,2024-08-03 11:28:53,2024-08-03,UPI,1483,73469,On Time,517.03
3436107152,64141971,2024-04-04 18:16:56,2024-04-04,UPI,4757,6379,On Time,3112.14
8546631319,10541231,2023-10-30 18:42:37,2023-10-30,Wallet,902,91729,On Time,327.07
640960551,34237583,2023-06-09 02:50:17,2023-06-09,Cash,8596,25009,On Time,3018.53
1141173434,5961261,2023-11-24 04:24:42,2023-11-24,Wallet,113,62363,Slightly Delayed,77.11
528309380,52409516,2024-04-30 10:59:53,2024-04-30,Wallet,8858,62555,Slightly Delayed,2021.54
2387509904,63310076,2024-07-26 00:01:41,2024-07-26,Card,5614,89577,On Time,4019.23
6791931269,38133873,2024-07-05 01:32:45,2024-07-05,Wallet,3261,51873,On Time,329.79
4063689432,6025470,2023-10-14 03:18:34,2023-10-14,Cash,370,72992,On Time,4593.42
1206887762,59909004,2024-06-19 01:04:43,2024-06-19,Wallet,9364,20391,Slightly Delayed,1620.95
6409437174,3399251,2023-12-06 13:00:16,2023-12-06,Wallet,866,9955,Significantly Delayed,1348.39
1355164713,28995786,2023-09-03 15:15:59,2023-09-03,Card,3264,7902,On Time,2054.43
2604772138,15144290,2024-05-21 11:26:22,2024-05-21,Cash,9574,8171,On Time,1515.64
5868093790,61618079,2023-04-05 23:55:52,2023-04-05,Card,6582,30003,On Time,443.03
10161194,63238941,2023-12-24 23:10:35,2023-12-24,Card,6592,58293,On Time,3827.54
8930380639,98540377,2023-10-03 02:51:58,2023-10-03,UPI,6679,4457,On Time,556.35
2247940574,11202130,2024-04-09 07:42:54,2024-04-09,Card,5259,67154,On Time,2397.73
6190907327,64151769,2023-11-03 00:35:52,2023-11-03,Card,3217,9720,On Time,1891.03
127277515,35455991,2023-09-30 08:18:09,2023-09-30,Card,3277,87204,On Time,2838.48
8209093135,2558646,2023-10-30 06:16:40,2023-10-30,Card,744,43473,On Time,481.63
4419380079,1989720,2023-12-15 15:15:19,2023-12-15,Cash,1701,19632,Slightly Delayed,3278.3
2954606845,14294171,2024-10-26 08:39:43,2024-10-26,Wallet,7556,96117,On Time,995.56
5128739359,57081917,2024-07-25 03:49:30,2024-07-25,Cash,9183,37108,On Time,730.51
8183315245,80499378,2024-02-27 15:17:56,2024-02-27,UPI,8694,14135,Slightly Delayed,825.46
8820606892,8395343,2023-04-13 05:56:54,2023-04-13,Cash,4241,75354,On Time,2635.56
7779228340,8395343,2023-06-09 09:44:03,2023-06-09,Cash,9297,57356,On Time,545.49
8459230018,50899600,2024-06-02 23:56:31,2024-06-02,UPI,328,26266,On Time,4124.32
7060468800,83867512,2024-07-03 03:43:39,2024-07-03,Wallet,351,76511,Slightly Delayed,2192.05
218821567,95428692,2024-03-08 20:49:16,2024-03-08,Cash,164,71006,On Time,1711.15
7795766861,79135318,2023-05-10 23:35:01,2023-05-10,Wallet,291,32999,On Time,3024.18
4285804383,23755474,2023-05-01 02:15:15,2023-05-01,Card,2486,90470,Slightly Delayed,479.64
5961051248,20834589,2024-10-28 20:12:29,2024-10-28,Cash,3409,69003,On Time,3502.35
5630323534,98218863,2024-03-08 13:40:09,2024-03-08,Cash,2286,5799,Slightly Delayed,1450.75
4642824835,76327561,2024-07-07 02:41:18,2024-07-07,Cash,209,42958,On Time,4721.64
3060527554,75213636,2024-03-27 15:50:30,2024-03-27,UPI,2318,55714,Slightly Delayed,1143.28
4048252396,75213636,2024-04-12 19:45:15,2024-04-12,Wallet,7401,94706,On Time,2437.04
1271431612,18082040,2024-04-16 13:05:31,2024-04-16,Cash,3997,48259,Slightly Delayed,2167.1
8981940261,31537100,2024-05-24 18:51:34,2024-05-24,Cash,9485,56327,On Time,3097.06
3896239510,90856813,2023-05-19 13:05:59,2023-05-19,Card,3580,63917,Slightly Delayed,2011.56
711316410,25587553,2024-02-20 10:15:11,2024-02-20,Cash,1779,6620,On Time,2027.04
9863502398,31619915,2023-12-19 09:35:31,2023-12-19,Card,6501,30168,On Time,1379.82
293770293,45066676,2023-09-20 05:43:04,2023-09-20,UPI,9076,80022,On Time,1019.25
890800429,95594611,2024-03-28 02:58:31,2024-03-28,Cash,2863,4235,On Time,2490.28
1270503169,8791577,2024-07-09 11:42:13,2024-07-09,Wallet,2209,87390,On Time,3836.35
168180571,89910157,2023-03-16 14:50:01,2023-03-16,Cash,6130,41985,Slightly Delayed,563.45
111296281,28413467,2024-05-28 15:17:09,2024-05-28,UPI,348,6245,On Time,4414.19
7329085364,53392567,2023-06-07 21:24:43,2023-06-07,Wallet,5424,35350,On Time,332.84
1129130498,62243869,2023-12-01 16:38:53,2023-12-01,Card,4381,63048,On Time,2623.48
996939836,23794330,2024-05-15 12:53:16,2024-05-15,UPI,5098,71808,On Time,3269.43
8263379807,14479168,2023-04-16 11:33:52,2023-04-16,UPI,4213,1156,On Time,3179.87
5735975899,83304571,2023-09-14 07:37:08,2023-09-14,Card,5286,74786,On Time,2199.37
9651034668,70615775,2024-09-07 09:46:29,2024-09-07,Cash,8727,69245,On Time,2603.33
3103539793,75244116,2023-07-30 23:53:19,2023-07-30,Cash,2907,460,On Time,2514.37
1611921781,48776805,2023-06-01 13:00:30,2023-06-01,Card,7520,14763,On Time,2698.66
7532381028,73392739,2023-03-21 19:55:00,2023-03-21,Cash,2672,72118,On Time,3637.95
7803665404,63571453,2023-05-27 23:22:57,2023-05-27,UPI,5038,41752,On Time,2423.07
466184886,40277444,2023-08-16 22:52:34,2023-08-16,Card,9024,95724,On Time,2154.04
4692518050,46989310,2024-03-29 00:13:21,2024-03-29,Card,3998,33265,On Time,2176.24
9408428,31456752,2023-08-30 13:34:14,2023-08-30,UPI,9889,76392,On Time,1911.86
8766330526,85907588,2023-04-14 13:16:47,2023-04-14,Cash,2066,98295,On Time,1580.27
9221423039,42208242,2024-10-27 13:36:06,2024-10-27,Wallet,25,54403,On Time,1574.23
4268661538,22694456,2023-10-24 03:46:33,2023-10-24,Cash,2987,33402,On Time,5136.72
1378809665,52409516,2023-03-18 19:45:58,2023-03-18,Wallet,5417,27819,On Time,3370.17
4917941248,83701325,2024-05-19 04:01:01,2024-05-19,Cash,7404,86288,On Time,3135.65
5132792285,19080489,2024-04-10 14:07:17,2024-04-10,Wallet,3189,10112,On Time,2858.4
3776678112,34655710,2023-12-09 22:30:33,2023-12-09,Cash,3210,48559,Significantly Delayed,2429.82
6940411801,59009727,2023-07-01 21:55:34,2023-07-01,UPI,6174,4371,Slightly Delayed,1888.04
7422521525,92509376,2024-03-16 01:39:27,2024-03-16,Card,4268,706,On Time,643.87
4419022028,23961725,2023-12-13 09:25:07,2023-12-13,UPI,183,44847,On Time,3804.98
8016651984,90745023,2023-04-30 06:35:41,2023-04-30,Card,2196,19538,On Time,651.93
2361722422,89412038,2023-04-27 09:53:35,2023-04-27,Wallet,4259,89265,On Time,3755.33
1001453982,34668988,2023-07-31 04:57:56,2023-07-31,Cash,8763,611,Slightly Delayed,2774.06
9093918346,74038361,2024-03-31 22:52:56,2024-03-31,UPI,2999,65217,On Time,3918.67
3969014433,61982521,2023-08-09 13:04:23,2023-08-09,UPI,9872,62397,On Time,2747.35
9684561720,61121421,2023-09-04 11:40:25,2023-09-04,Cash,2246,53523,On Time,1514.4
7031115362,27878182,2024-10-25 07:48:29,2024-10-25,UPI,5151,93983,Significantly Delayed,2998.51
8204766849,76020843,2024-07-29 02:53:06,2024-07-29,Card,3990,1679,Significantly Delayed,3350.53
2785412612,60210778,2024-03-18 21:22:29,2024-03-18,Card,7667,96984,On Time,1439.58
2624138741,31718565,2024-04-18 01:09:21,2024-04-18,Cash,5824,2332,On Time,1112.82
748376248,66766629,2023-08-29 00:41:18,2023-08-29,Cash,2386,12777,On Time,2422.16
6096787440,25128143,2023-03-18 12:00:39,2023-03-18,Card,8358,91233,On Time,2294.77
8787660233,90586029,2024-05-26 07:16:36,2024-05-26,Card,2445,58570,Slightly Delayed,1435.29
3845481278,63870636,2023-07-05 05:55:10,2023-07-05,Card,881,76640,On Time,3988.77
4636134267,57642258,2024-02-28 19:30:45,2024-02-28,Card,7151,75957,Slightly Delayed,223.27
4538825340,45700739,2024-04-05 10:26:34,2024-04-05,Cash,1624,53653,On Time,4269.5
4553101047,39301587,2024-05-31 23:11:12,2024-05-31,Wallet,3855,32873,On Time,236.51
2193853405,42208242,2023-05-30 20:49:41,2023-05-30,UPI,9875,61506,Slightly Delayed,657.71
1642059453,7378768,2023-08-12 05:14:33,2023-08-12,Card,9556,58385,On Time,1277.62
5890339330,2188994,2024-05-21 16:19:30,2024-05-21,Wallet,5506,84178,On Time,3750.59
313663478,6959437,2024-02-21 16:55:20,2024-02-21,Wallet,2287,65113,On Time,1184.42
8591576320,79916464,2023-07-29 06:28:49,2023-07-29,UPI,5912,39993,On Time,3993.97
4728104591,31389750,2023-11-06 02:50:03,2023-11-06,Wallet,6986,87703,On Time,650.2
8276401643,88252625,2024-10-17 06:18:51,2024-10-17,Card,7395,18608,On Time,4724.31
8709694061,6724509,2024-10-17 11:15:32,2024-10-17,UPI,7522,70333,Slightly Delayed,114.52
4080156881,97770901,2024-04-03 18:42:51,2024-04-03,Cash,3532,11130,On Time,950.39
7485829116,49050014,2024-03-30 13:45:50,2024-03-30,Card,4815,71081,On Time,3895.28
7378865582,30643619,2023-05-23 18:01:13,2023-05-23,Card,4250,44634,On Time,340.66
335575667,32929817,2023-09-07 06:07:54,2023-09-07,Card,3663,2018,On Time,3048.86
1621109077,87450286,2024-03-25 17:49:50,2024-03-25,Card,3410,83040,Slightly Delayed,4969.83
7468088555,21697638,2023-05-10 11:30:56,2023-05-10,Cash,465,80809,On Time,2410.07
3676517886,57505804,2024-06-08 19:12:48,2024-06-08,Wallet,3625,82211,Slightly Delayed,582.03
1746921111,56604077,2024-08-28 18:31:18,2024-08-28,Card,7956,82913,On Time,2466.28
7774691391,42514124,2023-07-20 08:34:35,2023-07-20,Cash,9396,34427,On Time,1545.97
8220678247,63858550,2024-06-23 18:23:45,2024-06-23,Cash,702,13272,On Time,2089.26
6048604080,98218863,2023-09-06 02:01:23,2023-09-06,Cash,7098,90276,On Time,5820.25
8545716586,98540377,2024-01-12 13:17:31,2024-01-12,Wallet,3915,72311,Slightly Delayed,1454.01
530870056,39140039,2024-08-15 12:59:18,2024-08-15,UPI,472,48704,On Time,2788.5
4055690435,15568831,2023-04-05 02:02:30,2023-04-05,Cash,2874,25984,On Time,3571.53
7096530350,97411107,2024-06-26 04:19:57,2024-06-26,Card,767,13756,On Time,2474.92
7083649345,75464725,2023-05-20 10:11:53,2023-05-20,Wallet,1374,44505,On Time,3009.87
836457367,2365348,2024-06-02 05:56:22,2024-06-02,Wallet,3262,81718,Significantly Delayed,4789.73
7698126312,1705969,2023-10-31 03:35:39,2023-10-31,UPI,1023,58953,Slightly Delayed,2404.95
2267297760,5754255,2024-01-29 11:49:19,2024-01-29,Cash,8171,85720,On Time,1895.47
1717841423,87954926,2024-01-31 20:29:40,2024-01-31,Wallet,9204,56322,Slightly Delayed,2393.48
4330597536,40563029,2023-04-11 14:50:09,2023-04-11,Wallet,1372,26934,On Time,1494.23
3687593721,61121421,2023-05-16 22:20:38,2023-05-16,Wallet,5775,22476,Slightly Delayed,3344.72
6660740926,119099,2024-05-24 16:36:21,2024-05-24,Card,7468,50382,Slightly Delayed,2771.28
9439713009,4439806,2024-04-22 02:53:06,2024-04-22,UPI,8462,8281,On Time,1804.06
5281121057,67908555,2023-08-20 22:24:44,2023-08-20,Cash,3916,14666,Slightly Delayed,2207.49
7044351561,91024604,2023-09-19 16:19:53,2023-09-19,Card,5705,50051,On Time,4069.86
9121393476,57896058,2023-08-01 08:04:38,2023-08-01,UPI,4537,14938,On Time,1583.71
7202170939,50518311,2024-01-13 13:46:21,2024-01-13,Cash,3578,5907,On Time,1105.29
1429047127,18465047,2023-12-09 20:37:38,2023-12-09,Card,3650,53462,Significantly Delayed,4708.07
8551965787,8383197,2024-10-16 11:19:47,2024-10-16,Wallet,2708,97423,On Time,3864.44
6756882357,83155219,2024-06-23 09:48:26,2024-06-23,UPI,5223,20722,On Time,654.31
618929241,53624677,2023-10-02 21:26:22,2023-10-02,UPI,8015,78204,Significantly Delayed,2348.09
9711157887,46615831,2024-01-03 18:21:23,2024-01-03,Wallet,6137,5779,On Time,2577.15
354149805,41164215,2024-04-17 21:44:47,2024-04-17,Cash,5877,99775,On Time,1274.62
231328814,25287111,2024-04-19 04:03:27,2024-04-19,Wallet,7970,47916,Slightly Delayed,2506.93
523916986,66761643,2024-09-19 07:46:51,2024-09-19,Cash,7927,35635,On Time,1152.87
1930887811,12302179,2023-08-10 04:55:14,2023-08-10,UPI,5070,30771,On Time,1497.01
9958741781,95971469,2024-08-26 01:43:47,2024-08-26,Wallet,9597,94839,Slightly Delayed,2439.42
6727230123,26303194,2024-10-19 12:16:02,2024-10-19,Cash,3775,77576,Significantly Delayed,1806.96
9487368442,50899600,2023-08-09 18:34:10,2023-08-09,Card,4068,38330,On Time,1725.5
671459763,50630016,2024-06-23 14:18:16,2024-06-23,Cash,5402,65075,On Time,1249.31
9129957352,95971469,2023-09-06 16:47:31,2023-09-06,UPI,435,65283,On Time,2166.2
9206073690,19425804,2024-06-07 18:00:15,2024-06-07,UPI,5158,35739,On Time,1452.39
5587148302,32635818,2024-09-23 21:07:03,2024-09-23,Cash,7273,6600,On Time,2028.78
6936256414,72263318,2024-06-23 03:12:15,2024-06-23,UPI,303,11559,On Time,2331.06
3341228576,91196901,2023-05-05 02:09:40,2023-05-05,Wallet,1134,49279,Slightly Delayed,3724.8
4817323453,75028268,2023-09-07 06:40:32,2023-09-07,Cash,8512,73349,On Time,340.36
1163454835,50392139,2023-12-06 05:40:58,2023-12-06,UPI,2931,53545,On Time,1711.61
5236061455,48158494,2023-04-06 23:50:19,2023-04-06,Cash,1802,14592,On Time,2844.94
5982829268,90038364,2023-04-01 04:32:39,2023-04-01,Cash,6399,97197,On Time,2923.98
1901688056,16780752,2023-09-13 16:06:06,2023-09-13,Card,1188,13115,On Time,2814.99
5936051107,83304462,2024-10-21 14:47:16,2024-10-21,Wallet,1813,63513,Slightly Delayed,939.55
3018272105,18465047,2023-03-21 02:48:16,2023-03-21,UPI,4858,51005,On Time,4236.91
3656191983,59252433,2023-08-16 23:04:52,2023-08-16,Card,7180,4230,On Time,3775.69
5186692805,97678578,2023-11-08 14:57:16,2023-11-08,Card,2224,12223,Significantly Delayed,4981.07
7281243151,13581527,2023-08-30 09:48:17,2023-08-30,Wallet,8730,3056,On Time,957.5
7906004940,65963876,2023-04-27 17:09:57,2023-04-27,Wallet,8508,47649,On Time,3488.88
6354703603,63310076,2024-05-17 21:51:08,2024-05-17,Wallet,7913,3515,On Time,2980.62
6444064733,80571942,2023-10-11 11:08:17,2023-10-11,Wallet,5172,17550,On Time,3213.89
2405783093,36428139,2023-03-18 08:18:44,2023-03-18,UPI,8243,70069,On Time,2246.93
63363146,16410155,2023-07-12 01:33:45,2023-07-12,Cash,3833,89996,Slightly Delayed,4207.71
7040313500,90298394,2024-10-14 15:16:37,2024-10-14,Wallet,1440,22828,On Time,1102.72
5844807259,45477575,2023-10-14 02:32:22,2023-10-14,Cash,2024,56643,On Time,4355.46
1931703221,62917794,2023-05-08 08:40:11,2023-05-08,Card,2023,60906,On Time,1332.43
3525336030,89998489,2023-04-12 22:46:00,2023-04-12,Cash,1348,2314,Slightly Delayed,329.79
4359807852,81136091,2024-04-11 10:38:01,2024-04-11,Cash,3639,82810,On Time,4759.44
6946959356,13963450,2023-12-15 21:46:35,2023-12-15,Wallet,7218,88906,Slightly Delayed,2630.12
782338627,73639935,2024-09-08 05:46:37,2024-09-08,Wallet,5324,50557,Significantly Delayed,4244.83
4942714391,25294147,2024-01-19 22:51:15,2024-01-19,Card,9467,44975,On Time,3427.02
919307194,11928321,2024-01-07 15:22:00,2024-01-07,Wallet,6441,86545,Significantly Delayed,2747.59
6509263423,29324437,2024-01-20 12:11:50,2024-01-20,Cash,8110,87487,On Time,3930.1
7200105089,24845814,2023-11-29 07:16:18,2023-11-29,UPI,9011,74324,Slightly Delayed,1613.85
7120372196,40727086,2024-08-10 17:23:00,2024-08-10,Card,3300,9785,Slightly Delayed,1887.36
8710393245,32564478,2024-07-21 11:07:08,2024-07-21,Wallet,6575,79417,On Time,3025.16
8862036450,7228206,2024-01-03 12:27:59,2024-01-03,UPI,8479,59711,On Time,1764.64
2087769338,8536503,2024-06-08 06:23:34,2024-06-08,Cash,529,68170,On Time,764.33
3349267712,85354059,2023-09-25 00:54:21,2023-09-25,Cash,794,58986,Slightly Delayed,230.58
1689937124,21701991,2024-01-17 05:53:44,2024-01-17,Wallet,4191,14563,On Time,576.22
4498769995,84275450,2024-01-23 02:23:29,2024-01-23,Card,6666,38919,On Time,786.85
3729771871,79592021,2023-11-10 10:50:42,2023-11-10,UPI,1728,32626,On Time,3905.34
9065518834,61877649,2024-06-17 17:12:43,2024-06-17,Card,3593,93566,On Time,3395.29
7524465290,22851478,2024-01-06 15:42:03,2024-01-06,Card,1138,93477,Slightly Delayed,4089.6
2319921666,97150234,2024-05-01 11:42:02,2024-05-01,Card,9752,4851,On Time,3204.57
9541612277,5001749,2024-03-31 06:34:45,2024-03-31,Card,9382,43452,On Time,2185.97
6303548068,31846190,2024-06-30 00:12:33,2024-06-30,Card,8411,40567,Slightly Delayed,939.55
5867651793,64197854,2023-11-09 11:37:19,2023-11-09,Wallet,8491,84411,On Time,2984.43
6405947025,19375332,2024-09-28 21:59:52,2024-09-28,Cash,172,29228,On Time,1756.09
2150790907,12655794,2023-08-16 13:03:49,2023-08-16,Card,2818,37465,Slightly Delayed,217.5
212856641,51994597,2024-11-02 10:51:18,2024-11-02,Cash,5233,86373,On Time,949.73
1686508921,47215976,2024-07-22 22:17:01,2024-07-22,Wallet,1855,37806,On Time,769.24
5879579208,41261495,2024-09-10 10:51:59,2024-09-10,Wallet,5704,29566,Slightly Delayed,983.81
1882682579,44050697,2023-05-13 23:08:40,2023-05-13,Wallet,9746,78512,On Time,2560.66
8370410622,10663246,2024-06-01 13:09:54,2024-06-01,Cash,2459,10210,On Time,1989.47
368599691,44030130,2024-10-22 16:16:46,2024-10-22,Wallet,1885,57291,On Time,3753.0
9282982332,97873848,2024-09-12 22:13:08,2024-09-12,Card,3609,21658,On Time,3359.77
4874880100,67271824,2024-09-09 22:56:26,2024-09-09,UPI,3824,81596,On Time,1619.89
102639985,40392019,2023-08-27 06:58:21,2023-08-27,Wallet,4639,25125,On Time,3686.28
5288207551,53299455,2023-09-10 18:49:17,2023-09-10,Wallet,5001,64001,Slightly Delayed,3228.77
693932743,57658033,2023-06-06 20:28:15,2023-06-06,Card,492,34625,On Time,1378.36
2325405669,20834589,2024-03-08 23:18:49,2024-03-08,Card,2380,53132,On Time,1432.06
8152364696,90665975,2023-12-24 13:13:30,2023-12-24,Wallet,1200,50040,On Time,5047.96
7682359398,36833857,2024-09-15 04:58:47,2024-09-15,Cash,4717,70975,Slightly Delayed,1168.41
1742951029,95371787,2023-05-07 23:10:50,2023-05-07,Cash,9903,62055,Significantly Delayed,4766.38
4799787645,71905368,2023-10-07 07:11:32,2023-10-07,Wallet,9732,61740,Significantly Delayed,1025.06
8498666384,37556526,2024-03-08 17:58:36,2024-03-08,Cash,3091,94061,On Time,630.84
5013572642,73363613,2023-05-08 19:20:37,2023-05-08,Card,2187,90675,Slightly Delayed,1812.54
8403006958,59398136,2023-11-27 05:42:29,2023-11-27,UPI,9004,22292,On Time,1272.55
4688831157,13071673,2024-07-03 23:35:41,2024-07-03,UPI,6973,75752,On Time,2824.26
394578210,88067569,2023-09-26 05:15:28,2023-09-26,Card,8335,91958,On Time,1706.05
8681711802,36833857,2023-10-07 07:03:38,2023-10-07,UPI,2940,50,On Time,3724.44
9311399064,20238921,2023-11-04 21:26:08,2023-11-04,Wallet,3093,91086,On Time,720.95
2620581496,63092485,2023-04-21 02:33:11,2023-04-21,Wallet,7441,38634,On Time,2457.47
5116898322,73377004,2024-07-18 13:26:09,2024-07-18,UPI,1820,93289,On Time,1385.25
5995819849,34787383,2023-08-19 04:16:08,2023-08-19,Wallet,4317,2395,Slightly Delayed,2030.88
7690500286,35349582,2024-07-12 18:09:22,2024-07-12,Wallet,8296,39966,Slightly Delayed,3224.92
6107283203,87444738,2024-09-09 20:27:41,2024-09-09,Card,8551,21522,On Time,1173.0
3170417508,85561151,2024-01-10 05:24:05,2024-01-10,Cash,2288,30064,Slightly Delayed,1432.65
805682701,33481252,2023-07-30 22:42:14,2023-07-30,UPI,6430,84695,Slightly Delayed,2637.15
8960508625,20163931,2023-10-07 09:53:49,2023-10-07,Cash,1057,57297,On Time,1058.0
5580397726,62243869,2023-06-21 04:49:17,2023-06-21,Cash,4351,64619,Significantly Delayed,37.8
1506599381,77345018,2024-09-18 04:36:44,2024-09-18,Cash,5615,19253,On Time,465.38
8424478165,27416314,2023-04-21 18:23:42,2023-04-21,Cash,244,37654,On Time,230.58
6083333956,45028365,2023-03-27 06:42:59,2023-03-27,Wallet,4635,34580,Slightly Delayed,3002.02
9611327860,6335221,2024-04-07 17:40:20,2024-04-07,Cash,3780,25443,On Time,4410.34
9539444766,97873848,2023-11-04 07:59:03,2023-11-04,Wallet,7663,94753,On Time,870.29
756168939,54923640,2024-07-05 18:33:40,2024-07-05,Cash,6050,69292,On Time,3321.94
7762624518,22738465,2024-08-26 21:19:15,2024-08-26,Card,128,56407,Slightly Delayed,2301.05
3681781563,4940671,2023-11-18 10:23:31,2023-11-18,Wallet,8544,41664,On Time,3471.7
1571085226,78961097,2024-04-07 00:35:53,2024-04-07,Cash,8778,35840,Slightly Delayed,4040.38
4244306883,2584499,2024-03-03 10:25:44,2024-03-03,Card,2157,94771,Slightly Delayed,893.81
7333141591,69415494,2024-03-15 16:47:34,2024-03-15,Wallet,9231,1610,Significantly Delayed,1042.3
1199945706,70867736,2024-01-08 19:31:33,2024-01-08,UPI,953,30489,On Time,1712.9
5895644119,1603358,2023-06-11 14:12:56,2023-06-11,Wallet,8140,6452,On Time,1742.44
7112919210,55693909,2024-02-01 21:59:31,2024-02-01,Card,9154,58625,On Time,3921.9
8315937318,64497538,2024-05-08 17:34:39,2024-05-08,Card,7676,35071,Slightly Delayed,2187.85
5331800057,65488134,2023-03-29 01:21:40,2023-03-29,Wallet,220,39782,Slightly Delayed,4003.82
5989265505,62742797,2024-03-15 04:11:36,2024-03-15,Card,4556,11502,On Time,3673.81
7906361274,96795047,2023-09-03 18:32:54,2023-09-03,Cash,3646,44821,On Time,4228.99
6312476146,35988028,2024-01-27 19:44:55,2024-01-27,Card,143,87880,Slightly Delayed,1867.01
9436272631,44410149,2024-05-18 02:42:09,2024-05-18,Wallet,8837,82287,On Time,2112.07
8289791792,61516967,2024-01-26 14:45:19,2024-01-26,Card,2704,70314,On Time,326.42
7659532788,22112867,2024-02-01 20:59:31,2024-02-01,Card,5046,62888,On Time,3157.69
1498157233,19180962,2024-02-08 06:24:38,2024-02-08,Card,8869,13716,On Time,1659.86
8560951754,954629,2023-05-17 18:13:02,2023-05-17,Card,9337,55642,Slightly Delayed,44.35
8764192824,64823226,2023-07-24 08:49:59,2023-07-24,Wallet,6935,34121,Slightly Delayed,2704.64
1900542981,11254582,2023-03-25 18:31:16,2023-03-25,Card,3727,82683,On Time,2332.14
9445683691,41878908,2023-11-12 20:03:13,2023-11-12,UPI,6404,70620,Significantly Delayed,2342.04
7719808335,48358028,2023-04-26 17:45:53,2023-04-26,Wallet,447,80882,On Time,4406.7
4865644960,50484778,2023-09-11 08:45:57,2023-09-11,Wallet,5280,11250,Slightly Delayed,866.17
6518276143,70965437,2024-01-25 23:09:31,2024-01-25,Cash,7188,99506,On Time,5253.79
2211459584,73869823,2023-12-25 14:20:44,2023-12-25,Card,8760,69281,On Time,1116.17
6811633572,7728406,2024-06-26 14:28:44,2024-06-26,Cash,45,49915,On Time,88.43
1821573240,32019725,2024-04-10 16:28:04,2024-04-10,Card,7802,45208,On Time,3338.08
8848227434,12988801,2023-06-17 14:04:33,2023-06-17,Cash,7795,74756,On Time,552.2
7812276711,67465084,2023-03-25 06:09:39,2023-03-25,Cash,7898,60140,Slightly Delayed,1649.13
939966106,42012717,2023-05-02 09:45:13,2023-05-02,UPI,2339,267,On Time,3461.4
4099108156,24144240,2024-04-10 04:21:01,2024-04-10,Card,7032,21877,On Time,4435.45
5684182622,29095552,2024-03-03 16:17:14,2024-03-03,UPI,3490,6390,On Time,1591.23
4916740946,69240186,2023-10-29 19:15:31,2023-10-29,UPI,7658,11753,On Time,1835.2
9732307600,81757554,2024-01-31 08:46:13,2024-01-31,Wallet,7816,91547,On Time,3988.7
9280329883,60904312,2023-09-10 23:04:56,2023-09-10,UPI,4975,44108,Slightly Delayed,2447.91
4284285927,92843141,2024-08-04 21:00:58,2024-08-04,UPI,5374,29343,On Time,4371.79
8701796,14479168,2024-08-19 19:01:44,2024-08-19,Cash,1925,41266,Slightly Delayed,215.65
6834734512,40727086,2023-08-31 23:13:56,2023-08-31,UPI,3945,76817,On Time,738.46
7127377458,99406165,2023-03-26 15:37:19,2023-03-26,Wallet,9661,9342,Slightly Delayed,1540.67
4754481356,84161531,2023-08-14 18:23:06,2023-08-14,Card,9517,49314,On Time,2891.12
4726007482,93924203,2023-08-30 11:52:03,2023-08-30,Cash,8402,36892,On Time,874.78
2320560482,27709218,2024-02-18 13:07:26,2024-02-18,Card,3307,7285,On Time,1435.56
1456550348,39674723,2024-05-02 00:22:28,2024-05-02,UPI,1166,97265,On Time,1980.75
5370744569,61522288,2023-08-23 13:35:26,2023-08-23,Cash,8394,32084,Slightly Delayed,2393.81
5819887962,49433260,2024-03-03 00:31:47,2024-03-03,Wallet,4778,85744,Significantly Delayed,4570.58
1929465827,19556566,2023-12-13 12:44:12,2023-12-13,UPI,3297,8263,On Time,4702.15
9430139302,59329145,2024-02-09 07:52:50,2024-02-09,UPI,801,90056,On Time,2829.63
3632715912,66135710,2024-08-18 17:15:12,2024-08-18,UPI,2068,72130,On Time,1892.3
3356214803,66655397,2024-06-08 22:01:14,2024-06-08,Wallet,8255,83239,On Time,4359.64
2277864850,73377004,2024-10-30 04:15:24,2024-10-30,Cash,1563,7967,On Time,2054.4
1754472592,33331259,2024-06-11 01:55:09,2024-06-11,Card,7706,12994,On Time,4183.35
1833208408,49881540,2023-08-16 07:23:25,2023-08-16,Cash,9548,91091,On Time,236.51
6567954047,21809858,2023-07-09 09:53:02,2023-07-09,Cash,2606,7493,Significantly Delayed,83.18
9409585531,2414265,2023-04-03 06:11:57,2023-04-03,Wallet,8153,16318,Slightly Delayed,3092.14
731371161,57566548,2024-09-25 09:55:55,2024-09-25,Wallet,968,78728,Significantly Delayed,465.24
7863496069,63802820,2024-02-09 18:51:29,2024-02-09,Card,8787,11754,Slightly Delayed,3103.01
9043955242,92123198,2024-04-13 05:06:04,2024-04-13,Cash,3812,89325,Significantly Delayed,2903.44
8257564936,15897933,2024-03-31 08:04:53,2024-03-31,Card,3508,84555,On Time,154.5
7487631571,77397957,2024-04-12 17:09:51,2024-04-12,Cash,5862,54412,Slightly Delayed,2778.63
4243307535,8886587,2024-07-04 21:42:31,2024-07-04,UPI,7044,18181,Slightly Delayed,2023.82
5490221933,41155125,2023-06-21 12:46:33,2023-06-21,Cash,6358,47119,On Time,2855.48
577600718,72857290,2024-04-06 03:39:44,2024-04-06,Card,1520,15216,Slightly Delayed,1447.21
1815462789,47618810,2023-09-09 04:46:10,2023-09-09,UPI,9304,62423,Slightly Delayed,58.59
896786012,99156138,2023-08-18 05:36:14,2023-08-18,UPI,6034,63700,Slightly Delayed,4116.32
2610552179,98225598,2024-06-26 11:29:47,2024-06-26,Cash,1905,21304,On Time,1012.79
6244718082,2400009,2024-05-22 14:09:40,2024-05-22,Card,9245,9658,On Time,1920.42
1837634871,98241853,2023-05-06 13:36:50,2023-05-06,Cash,3416,26621,Slightly Delayed,959.01
8684571382,94033330,2023-10-04 22:34:08,2023-10-04,Cash,7399,19722,On Time,883.36
1659181364,27513158,2023-08-26 23:39:59,2023-08-26,UPI,5139,4115,Slightly Delayed,918.58
5626641031,65426878,2024-05-19 01:30:02,2024-05-19,Card,6408,65770,On Time,4747.5
1589326447,77961205,2024-01-27 14:34:02,2024-01-27,Card,1871,83945,On Time,582.87
5018325783,52862822,2024-02-11 04:22:54,2024-02-11,Cash,8523,41888,On Time,1487.29
5111073873,75984768,2024-02-02 19:36:40,2024-02-02,Cash,3765,77796,On Time,2273.81
5953426781,79135318,2023-12-10 11:26:07,2023-12-10,UPI,930,21723,On Time,3762.13
8966870214,59518795,2024-02-27 21:30:02,2024-02-27,UPI,6460,25007,Slightly Delayed,2904.43
6962915277,54748429,2024-09-14 10:42:22,2024-09-14,Wallet,2859,16407,On Time,2097.56
4309308088,18642306,2023-12-02 20:28:56,2023-12-02,Wallet,8036,44969,On Time,236.95
5391068200,68159723,2023-11-20 04:03:06,2023-11-20,Wallet,3782,79700,On Time,3265.32
4394681222,80517784,2024-03-28 23:16:24,2024-03-28,UPI,8977,92464,Slightly Delayed,1157.88
4791895461,63793401,2024-08-10 23:44:45,2024-08-10,Card,2091,38858,Significantly Delayed,1338.81
7272011740,54139038,2024-09-16 12:33:23,2024-09-16,Cash,9219,42857,On Time,3361.56
87784691,92583164,2024-09-29 00:51:06,2024-09-29,Wallet,3159,88685,On Time,534.55
4939105270,2164524,2023-11-02 02:45:13,2023-11-02,Cash,4374,84293,On Time,1026.88
4622303035,55060796,2023-08-03 11:10:02,2023-08-03,Wallet,7191,26126,On Time,3067.7
3460208027,78725001,2024-04-19 21:38:18,2024-04-19,UPI,4457,75868,On Time,2835.33
2548125971,7228206,2023-11-05 21:58:39,2023-11-05,Cash,9121,41755,On Time,4335.06
2390111460,70608515,2023-09-09 21:22:09,2023-09-09,UPI,9686,36389,On Time,4182.23
8309485249,87200291,2023-12-02 20:34:50,2023-12-02,UPI,9772,3729,On Time,624.16
8322543480,34668988,2024-09-27 02:18:22,2024-09-27,Wallet,4197,94614,Significantly Delayed,513.36
2819200158,64497538,2023-07-23 14:42:43,2023-07-23,Cash,8084,58827,On Time,1263.55
7087151227,49795571,2023-11-26 00:53:11,2023-11-26,UPI,7783,25423,On Time,1917.32
6704234561,51833636,2024-01-03 07:30:25,2024-01-03,Cash,8838,91747,Significantly Delayed,3172.73
6998410196,78748184,2023-07-25 15:33:47,2023-07-25,Wallet,7979,97976,Slightly Delayed,505.95
707035635,61618079,2024-09-29 09:30:51,2024-09-29,Wallet,7875,71996,On Time,3868.34
543400704,60300263,2023-10-27 00:41:23,2023-10-27,Card,9098,60474,On Time,3496.47
3604694195,34713143,2023-09-03 16:21:20,2023-09-03,UPI,5553,6583,On Time,2577.7
3560549947,42465414,2024-07-21 02:22:15,2024-07-21,Card,9599,87552,Slightly Delayed,1973.85
9982178143,89968482,2023-12-08 14:07:42,2023-12-08,Card,2963,53810,Significantly Delayed,2530.45
1423646541,48730063,2023-12-10 10:34:10,2023-12-10,UPI,2522,19293,On Time,2734.37
7441941402,16785724,2023-12-22 22:14:29,2023-12-22,UPI,8585,79767,On Time,2580.93
8395661807,4386273,2024-08-19 07:50:08,2024-08-19,Card,5198,9665,On Time,2561.18
5480656353,11446157,2024-03-05 19:23:07,2024-03-05,Card,6864,34982,On Time,3053.71
4561602092,53624677,2024-09-18 09:27:09,2024-09-18,Cash,7622,28344,On Time,1825.82
1695982633,81382213,2024-01-13 18:46:50,2024-01-13,Wallet,2381,44739,On Time,2247.86
6309447153,74212242,2023-05-18 21:18:34,2023-05-18,Cash,4937,52804,On Time,423.56
4796733514,87251489,2023-04-03 18:31:05,2023-04-03,Card,7680,22316,Significantly Delayed,2436.11
2858966982,77214094,2024-04-25 10:21:37,2024-04-25,Card,4073,5328,On Time,2280.3
6948607495,18259715,2024-08-28 09:38:14,2024-08-28,UPI,49,47202,On Time,1508.35
4959271803,11082181,2024-02-22 01:13:13,2024-02-22,Wallet,1339,52469,Slightly Delayed,1303.23
5669689881,7728406,2023-07-11 21:20:37,2023-07-11,Cash,8583,17862,Slightly Delayed,3152.59
5352265711,75928073,2024-02-29 19:33:52,2024-02-29,Wallet,4884,73582,Slightly Delayed,2319.89
5498551836,62243869,2023-11-02 13:26:20,2023-11-02,UPI,5957,65877,On Time,3619.47
6556845822,68692574,2023-05-13 19:07:16,2023-05-13,UPI,5294,47070,On Time,1527.98
5167008199,76359458,2024-05-31 21:21:14,2024-05-31,UPI,262,26989,On Time,697.53
966294309,89619421,2024-05-02 05:47:11,2024-05-02,Card,1506,92606,On Time,2928.57
3163611427,85074810,2024-01-17 06:25:26,2024-01-17,Cash,9445,67659,On Time,342.94
203136866,91320466,2024-06-11 12:26:47,2024-06-11,Wallet,6082,676,On Time,826.21
1815555165,58085779,2023-09-11 11:47:58,2023-09-11,Card,3386,3304,On Time,435.48
1874499212,64162093,2024-05-30 00:09:01,2024-05-30,Cash,2609,88852,On Time,2252.85
4012779165,84641682,2024-09-16 09:26:48,2024-09-16,Wallet,7146,59519,On Time,899.16
3669023899,81183415,2024-05-12 09:34:26,2024-05-12,Card,8930,289,Slightly Delayed,4292.45
9296381620,50630016,2024-04-28 01:33:11,2024-04-28,Card,4885,93839,On Time,841.56
2725513934,54799731,2023-10-07 06:21:20,2023-10-07,Wallet,1213,27735,On Time,5349.56
5564338561,61226563,2024-03-31 22:59:21,2024-03-31,UPI,2964,99128,On Time,3295.72
4701778121,23348269,2024-06-06 21:29:44,2024-06-06,Wallet,1314,18398,On Time,786.17
9529272337,29973346,2023-12-11 00:03:58,2023-12-11,UPI,2872,34837,On Time,801.81
869910650,34755436,2024-05-27 00:42:52,2024-05-27,UPI,8521,45055,On Time,2378.93
2127080399,84468124,2024-09-16 14:58:17,2024-09-16,Card,3298,55501,Slightly Delayed,2317.2
3547439109,33481252,2023-04-13 00:22:45,2023-04-13,Cash,7552,91588,On Time,3176.34
997535715,21409946,2023-03-27 11:18:08,2023-03-27,Wallet,5326,35602,On Time,1097.17
2442453181,16543242,2023-03-26 07:24:46,2023-03-26,Card,4137,21860,On Time,858.57
1182120536,4386273,2024-05-26 15:40:32,2024-05-26,Cash,1836,6560,On Time,843.97
2819297954,5540556,2024-04-07 15:53:26,2024-04-07,Cash,3250,93978,On Time,1762.49
9870956079,39423691,2023-10-26 07:26:28,2023-10-26,Card,9124,42784,On Time,3130.27
6032675432,63368244,2024-09-29 05:08:49,2024-09-29,Wallet,371,29641,On Time,2708.71
329790912,76925460,2024-08-04 10:24:41,2024-08-04,Cash,6949,43584,On Time,4636.88
6459815532,43295656,2023-05-16 21:39:22,2023-05-16,Card,1615,10758,Slightly Delayed,877.48
9214523757,59619739,2023-10-20 21:30:45,2023-10-20,Card,8949,45153,On Time,1657.57
9450279027,38694209,2023-09-30 04:35:00,2023-09-30,Card,4578,31584,On Time,3043.5
6265551101,38568692,2023-11-13 21:52:45,2023-11-13,Cash,9840,43283,On Time,1723.54
4138526838,33871107,2023-10-25 00:11:05,2023-10-25,Cash,6282,24981,Slightly Delayed,3273.82
8005579633,89617089,2023-08-16 05:25:22,2023-08-16,UPI,2829,98172,Significantly Delayed,2758.2
3442984170,55472026,2024-09-16 23:33:42,2024-09-16,UPI,7510,52151,On Time,1398.1
8711550413,68941950,2023-05-30 14:19:46,2023-05-30,Card,241,15340,Significantly Delayed,1022.12
2509593585,58111297,2023-05-05 01:42:01,2023-05-05,Cash,7710,87829,On Time,2163.4
6126557370,61982521,2024-04-20 07:41:40,2024-04-20,Card,4133,37656,On Time,3776.14
9876119035,29095552,2023-04-15 01:07:35,2023-04-15,Card,5558,83597,Slightly Delayed,4751.01
3739042166,92416428,2024-07-23 00:49:03,2024-07-23,UPI,4722,52760,On Time,2089.76
7938944124,85074810,2024-03-30 01:54:28,2024-03-30,UPI,7894,43293,On Time,2183.84
506804807,9107360,2024-07-10 04:44:45,2024-07-10,UPI,9702,29740,On Time,2368.7
3577900599,28286754,2024-02-02 08:12:47,2024-02-02,UPI,2011,32303,On Time,3491.53
8337599633,41073776,2023-11-21 12:48:18,2023-11-21,Card,5487,23191,On Time,2853.43
8611745429,88045094,2024-05-12 03:21:52,2024-05-12,Card,924,97499,On Time,1567.01
2990223879,72359843,2023-08-11 18:13:54,2023-08-11,Cash,174,2555,Slightly Delayed,367.08
52324496,81605722,2024-02-23 17:32:54,2024-02-23,Card,4009,54293,On Time,560.54
6594929133,45868300,2023-04-14 09:49:18,2023-04-14,Wallet,4519,30251,On Time,2352.18
2480235830,31324823,2023-09-19 05:40:36,2023-09-19,Cash,5418,58919,On Time,2484.07
9667072962,50781611,2023-04-11 20:58:29,2023-04-11,Cash,8751,31515,Slightly Delayed,2753.36
277700053,1174162,2023-08-15 19:15:25,2023-08-15,UPI,3796,29553,On Time,190.09
5691623788,60757351,2024-03-16 18:58:00,2024-03-16,Cash,6867,3949,On Time,2178.18
6845696161,37759707,2023-07-14 07:37:28,2023-07-14,Cash,5816,77587,Slightly Delayed,2844.2
4098488449,60049160,2023-03-31 13:33:47,2023-03-31,Card,6824,5718,On Time,340.36
5653623743,96461062,2023-03-30 08:43:35,2023-03-30,Wallet,2740,59281,Significantly Delayed,4125.04
6416399784,34156884,2023-08-07 02:35:15,2023-08-07,UPI,5155,31405,Slightly Delayed,316.02
4365565386,54145987,2023-06-30 04:15:15,2023-06-30,Card,6311,24899,On Time,918.86
6423269418,30643619,2024-08-23 09:56:42,2024-08-23,UPI,4027,67311,Slightly Delayed,2648.0
1020534590,48150243,2023-12-12 09:55:06,2023-12-12,Wallet,6353,16201,Slightly Delayed,3205.74
4015289878,72489544,2024-03-22 06:56:23,2024-03-22,Wallet,6661,53358,Slightly Delayed,3698.77
9959668334,80935110,2024-01-07 08:11:57,2024-01-07,Wallet,94,81433,On Time,494.17
8054387790,84953008,2023-05-08 18:33:24,2023-05-08,Card,2442,66757,On Time,4112.71
4795344310,91562028,2024-04-12 15:53:40,2024-04-12,Wallet,6505,34016,Significantly Delayed,486.97
2205862234,52001314,2023-10-02 13:43:36,2023-10-02,Cash,738,68306,On Time,2871.57
4686249863,21701991,2024-08-31 03:26:25,2024-08-31,UPI,9362,34524,On Time,2908.98
1270524770,11478478,2023-10-11 07:18:40,2023-10-11,Wallet,2800,95994,On Time,3520.61
5743550453,93699264,2024-05-19 05:04:34,2024-05-19,Card,5655,95126,On Time,3921.27
5309699078,81584486,2023-08-02 17:35:02,2023-08-02,Card,6106,65578,Slightly Delayed,1026.58
7565768030,15830066,2024-02-10 02:50:25,2024-02-10,UPI,7035,54027,On Time,980.97
3210260715,68939350,2023-04-06 15:05:02,2023-04-06,Card,8705,12745,On Time,1793.45
6657245289,820740,2024-05-20 01:54:03,2024-05-20,Card,391,45050,Significantly Delayed,1820.28
7854526965,48228547,2023-08-18 07:47:47,2023-08-18,Cash,1046,53207,Slightly Delayed,1944.66
2770948451,22077605,2023-04-27 07:44:43,2023-04-27,Wallet,2637,81011,Significantly Delayed,1775.72
624070426,41640262,2023-10-07 16:47:55,2023-10-07,Cash,7732,343,On Time,845.85
891583492,13651980,2024-04-07 04:49:11,2024-04-07,Card,4623,98655,On Time,3269.6
5811206654,70391758,2023-05-17 05:17:19,2023-05-17,Cash,4685,71923,Slightly Delayed,1917.36
809894905,82374625,2023-12-28 16:37:59,2023-12-28,Card,274,86857,On Time,670.12
8209000496,63948546,2023-03-28 19:54:34,2023-03-28,UPI,255,15353,Slightly Delayed,1239.55
4901288364,44723662,2023-07-31 22:09:25,2023-07-31,Wallet,9585,36597,Slightly Delayed,3186.85
5890338566,81337068,2023-04-29 02:55:02,2023-04-29,Cash,2886,58543,On Time,4368.22
2745295248,40643232,2024-05-28 21:19:44,2024-05-28,Wallet,1080,85960,On Time,929.37
5708700204,40387944,2023-05-05 17:48:38,2023-05-05,UPI,276,4397,On Time,864.94
8643851643,57360162,2023-04-21 01:31:37,2023-04-21,Cash,8413,17189,Significantly Delayed,1532.33
4525287277,74174956,2023-06-29 00:08:19,2023-06-29,Wallet,4189,72834,On Time,432.39
6154459753,82179338,2024-06-12 09:13:57,2024-06-12,Cash,7935,16231,Slightly Delayed,3709.23
2587790388,45586151,2024-06-09 18:01:59,2024-06-09,Cash,9279,60426,On Time,695.87
2665891587,86636273,2024-03-18 15:53:34,2024-03-18,Cash,1766,40904,On Time,504.18
6996561687,3844290,2024-06-29 04:36:55,2024-06-29,Wallet,2480,75938,On Time,3469.28
961607638,55170753,2023-08-03 23:41:19,2023-08-03,Wallet,5325,23890,Significantly Delayed,967.96
4385491839,7228206,2024-06-07 20:25:54,2024-06-07,Cash,3074,48535,On Time,2158.72
1279200190,84468124,2024-07-10 06:00:41,2024-07-10,Wallet,7654,63446,Slightly Delayed,2280.01
9668698616,76441843,2023-11-01 14:10:21,2023-11-01,UPI,7782,23600,On Time,1813.08
4813038298,27304827,2024-05-23 13:27:54,2024-05-23,UPI,6741,69529,Slightly Delayed,4047.69
2030125421,44477365,2024-05-03 14:50:27,2024-05-03,Cash,1901,88936,On Time,2375.26
6997235339,87669943,2024-01-12 08:55:18,2024-01-12,Wallet,1768,98293,On Time,554.83
7438342576,82585664,2023-05-09 21:58:47,2023-05-09,Card,568,25965,On Time,3835.39
9958423263,47503133,2024-03-15 05:55:57,2024-03-15,Card,2105,97375,On Time,1678.13
3416693628,52428250,2024-10-03 00:22:31,2024-10-03,Card,9611,93184,On Time,651.23
3440579647,89950235,2024-08-05 15:28:00,2024-08-05,UPI,5470,76028,On Time,1827.9
5307231496,14330483,2024-04-23 06:16:32,2024-04-23,Card,4723,84740,On Time,2048.45
4779055734,36587003,2023-06-30 05:45:36,2023-06-30,UPI,2993,49398,Slightly Delayed,1765.22
3834705841,54375571,2023-09-09 07:18:51,2023-09-09,Card,7102,78388,Significantly Delayed,1440.56
9080324081,48554440,2023-05-27 09:14:16,2023-05-27,Card,1583,88838,On Time,2315.52
2500757555,65488134,2024-10-27 10:52:42,2024-10-27,UPI,665,52455,On Time,4945.86
1292986566,47503133,2023-07-12 03:59:43,2023-07-12,Wallet,9316,28341,On Time,2659.09
6602362287,5961261,2024-02-01 21:05:56,2024-02-01,Cash,8022,89221,On Time,2491.22
184844043,33331259,2023-12-07 05:00:07,2023-12-07,Card,6656,18845,On Time,2146.32
936587253,93699264,2023-07-18 09:42:45,2023-07-18,Card,9864,93251,On Time,1820.32
2834429147,66742602,2023-10-04 04:52:48,2023-10-04,Wallet,4363,62176,Slightly Delayed,1482.38
114306835,13251137,2024-02-06 20:32:16,2024-02-06,Wallet,3692,60947,On Time,2885.11
1675849477,36998375,2024-06-11 20:01:49,2024-06-11,UPI,5579,70336,On Time,1650.66
5191052705,6579892,2023-06-19 05:32:30,2023-06-19,Cash,4116,97676,On Time,1438.94
7068834722,45314389,2023-11-19 08:25:33,2023-11-19,Cash,4564,97953,On Time,1559.6
5051330893,74230420,2024-07-04 02:35:20,2024-07-04,Cash,1706,49311,Slightly Delayed,786.85
6065496420,12277039,2023-05-16 16:31:53,2023-05-16,Cash,4918,49744,Slightly Delayed,4299.16
7574848635,79206969,2023-06-28 02:18:28,2023-06-28,UPI,349,74349,Slightly Delayed,4837.03
8793868975,16256136,2024-02-01 17:22:46,2024-02-01,UPI,8383,47869,On Time,1048.83
5381466176,64106072,2023-06-01 20:53:50,2023-06-01,UPI,3043,48307,On Time,281.73
7709366480,91024604,2024-08-28 02:22:17,2024-08-28,UPI,9961,92788,On Time,3998.65
4936667930,18567760,2023-06-20 09:49:22,2023-06-20,Wallet,3426,36661,On Time,2747.08
6860925755,14272050,2023-09-29 09:06:04,2023-09-29,UPI,5226,7299,On Time,3219.23
5486433396,9278983,2024-01-20 18:08:10,2024-01-20,Cash,4581,87165,On Time,776.26
7089292009,8791577,2023-04-05 23:10:17,2023-04-05,UPI,5111,70015,On Time,1425.76
5350760367,25587553,2023-08-13 06:06:18,2023-08-13,Card,7299,56321,On Time,3300.67
5581769906,41164215,2024-04-14 04:04:17,2024-04-14,Wallet,1538,80281,Slightly Delayed,2042.47
6256637306,3096845,2023-11-07 11:20:32,2023-11-07,Cash,2218,57954,Slightly Delayed,5196.58
2999946056,92306841,2024-06-28 10:40:06,2024-06-28,Wallet,5591,6882,On Time,1554.85
5218488175,57833505,2024-01-03 20:29:01,2024-01-03,UPI,4232,38184,On Time,709.02
8297436592,46802633,2024-10-20 08:34:38,2024-10-20,UPI,1536,20223,On Time,545.49
1806118907,75752515,2023-12-25 05:25:12,2023-12-25,Wallet,1154,22727,On Time,4646.12
6999224625,49806393,2023-04-16 00:20:18,2023-04-16,Card,6931,29986,On Time,2274.19
1809997641,48281892,2023-11-10 10:22:12,2023-11-10,UPI,8985,56471,Significantly Delayed,152.55
7528090614,73639935,2024-06-29 17:56:55,2024-06-29,Card,2377,91659,On Time,929.86
4884904912,36737539,2023-08-24 13:58:19,2023-08-24,UPI,8629,45668,On Time,3074.06
9811235698,58929595,2024-03-02 11:01:48,2024-03-02,UPI,3395,50768,Slightly Delayed,877.43
5616653529,52001314,2023-12-23 03:20:12,2023-12-23,Card,1499,34530,On Time,2986.32
7188183056,84953008,2023-08-06 13:35:22,2023-08-06,Wallet,6024,84857,On Time,2396.81
7898301143,73660582,2023-08-10 21:11:51,2023-08-10,UPI,5413,68227,On Time,3375.53
5222677885,31582950,2024-07-15 10:44:09,2024-07-15,Wallet,340,53731,Slightly Delayed,3429.93
8544952346,61618079,2023-11-23 04:50:58,2023-11-23,UPI,4150,2103,On Time,1205.58
9403371764,3096845,2023-06-08 03:09:50,2023-06-08,Cash,8873,20589,Slightly Delayed,317.8
3956205476,57892837,2023-06-12 01:00:49,2023-06-12,Wallet,546,30143,On Time,1386.61
5678362658,58513300,2024-07-22 04:48:43,2024-07-22,Cash,792,90700,On Time,2100.38
8131610255,90448312,2024-03-22 15:56:37,2024-03-22,Card,289,56625,On Time,2409.01
4722653990,95428692,2023-07-19 15:59:48,2023-07-19,Cash,6595,35362,On Time,1684.14
6613853662,75474920,2024-01-26 14:02:11,2024-01-26,Cash,3473,57477,Slightly Delayed,1748.17
8274987671,19523014,2024-10-03 07:49:18,2024-10-03,UPI,3696,25394,On Time,1766.79
5519983123,78678612,2024-04-11 14:16:22,2024-04-11,Wallet,1336,16320,On Time,1645.97
2746329488,35156679,2023-08-26 15:58:09,2023-08-26,Cash,7686,91841,On Time,972.69
6443285614,2400009,2023-08-29 03:27:57,2023-08-29,UPI,9814,51921,On Time,3136.89
6932426427,31384626,2023-08-01 19:46:04,2023-08-01,Cash,3017,24784,On Time,1001.25
1796512004,19741509,2023-06-13 13:37:42,2023-06-13,Cash,2927,6966,On Time,1832.58
1464518253,12695670,2023-07-04 02:15:55,2023-07-04,Wallet,1047,86453,On Time,1022.05
3585105627,41168392,2024-10-10 03:43:05,2024-10-10,Card,9598,68268,On Time,2024.09
5387247994,19182548,2024-04-28 20:22:25,2024-04-28,Card,5876,13031,On Time,2436.58
7568171531,46504355,2023-12-02 12:47:08,2023-12-02,Wallet,5675,71881,On Time,33.76
4111193446,85020453,2024-01-22 09:08:13,2024-01-22,Card,2683,84313,On Time,2318.06
8683154153,89986926,2024-09-07 06:40:42,2024-09-07,Card,1197,95782,On Time,3588.19
5712367183,85763665,2024-06-13 19:15:19,2024-06-13,Cash,6570,92876,Slightly Delayed,2496.31
3952854723,88739922,2023-09-15 02:34:20,2023-09-15,Card,2560,76903,On Time,2653.25
4631387671,86704661,2024-10-08 08:44:29,2024-10-08,UPI,4904,79609,Significantly Delayed,1770.58
2145309969,35988028,2023-09-17 16:44:19,2023-09-17,UPI,4375,30573,On Time,995.98
4314762741,61516967,2023-06-17 09:36:10,2023-06-17,Wallet,638,5623,On Time,4040.43
7401889152,15733078,2024-09-20 01:43:32,2024-09-20,Cash,6657,91633,On Time,2406.32
1932040824,32987624,2024-03-15 20:40:41,2024-03-15,UPI,9248,54078,On Time,1305.23
9836424713,53815931,2023-11-19 03:22:27,2023-11-19,Cash,6418,1086,On Time,267.29
9882312203,65134271,2024-05-15 05:35:36,2024-05-15,Wallet,9384,65591,Significantly Delayed,2246.09
3082649585,92409489,2023-09-26 18:01:46,2023-09-26,Cash,5968,79821,On Time,127.08
6033878151,61226563,2023-11-11 18:32:19,2023-11-11,Card,6219,5041,On Time,572.02
6395547592,43799224,2024-10-23 10:37:05,2024-10-23,UPI,7196,94212,Significantly Delayed,440.19
372962997,43799224,2024-04-18 00:11:51,2024-04-18,UPI,8437,46745,Slightly Delayed,325.08
2988215377,46802633,2024-08-18 15:10:03,2024-08-18,UPI,9744,20480,On Time,2731.72
7081583361,39093069,2024-08-01 20:30:53,2024-08-01,Card,9532,8253,On Time,2777.11
1860491452,99893898,2024-04-18 11:44:01,2024-04-18,Cash,9865,12552,Slightly Delayed,3744.71
7499656197,12469338,2024-03-27 09:26:49,2024-03-27,Card,8833,28004,Slightly Delayed,832.1
4507112412,47577193,2023-09-30 22:08:09,2023-09-30,Card,5193,49476,On Time,2679.57
9214595868,98211325,2024-07-01 23:42:15,2024-07-01,Wallet,8256,34254,Slightly Delayed,3419.53
253430904,16543242,2023-07-08 00:55:44,2023-07-08,UPI,5277,65198,On Time,1392.32
5574588218,48281892,2024-06-28 08:57:17,2024-06-28,Cash,2154,98523,Slightly Delayed,5318.31
2817281674,73869823,2023-09-16 13:27:51,2023-09-16,UPI,5058,83817,On Time,923.09
4932779616,90021871,2024-07-26 05:11:13,2024-07-26,UPI,7930,72875,On Time,3548.4
7932879650,81088747,2023-05-07 18:50:20,2023-05-07,Cash,1758,77996,Significantly Delayed,1885.92
997698125,97492493,2023-11-29 05:51:30,2023-11-29,Card,1694,83779,On Time,1552.41
2403547563,59677346,2024-05-20 16:56:51,2024-05-20,Wallet,3595,38539,On Time,2309.25
8875483494,34787383,2024-03-12 05:26:09,2024-03-12,UPI,8225,43097,Slightly Delayed,827.44
883548284,3408982,2024-05-23 04:21:13,2024-05-23,Wallet,2475,16742,Slightly Delayed,2340.86
2364229435,69339331,2024-07-13 05:31:47,2024-07-13,Wallet,2832,23696,On Time,4099.53
6845869445,54730270,2024-05-27 17:23:25,2024-05-27,UPI,6222,73284,Significantly Delayed,4065.85
397818832,75467328,2023-12-22 12:59:55,2023-12-22,Card,4358,89520,Significantly Delayed,3963.84
304166272,34835738,2023-10-29 01:26:58,2023-10-29,UPI,2812,14802,On Time,3896.33
1575626085,78157360,2023-05-19 13:24:15,2023-05-19,Card,9143,36728,On Time,58.59
3945644714,92356639,2023-05-16 14:06:16,2023-05-16,UPI,3084,74071,On Time,1226.18
8370213291,10855630,2023-05-20 14:05:18,2023-05-20,Wallet,3852,40650,Slightly Delayed,2721.29
2185375786,46313756,2024-04-25 10:38:55,2024-04-25,Card,1639,10502,Slightly Delayed,2132.32
1828975788,41155125,2024-01-30 13:15:19,2024-01-30,Card,995,39589,Slightly Delayed,3658.25
4319450104,7288562,2024-09-16 09:57:14,2024-09-16,Card,7352,58079,Slightly Delayed,1968.01
5059765199,91562028,2023-10-19 05:58:52,2023-10-19,Cash,2988,10225,Slightly Delayed,3092.93
5360089735,21425168,2023-05-04 05:15:17,2023-05-04,Wallet,1189,11907,On Time,3550.74
8008211695,77397957,2023-09-07 16:23:21,2023-09-07,Cash,8657,5891,On Time,3773.66
4400031082,46682777,2023-07-08 20:42:32,2023-07-08,Cash,4314,85402,On Time,765.76
9582738204,88312515,2023-08-17 02:50:35,2023-08-17,Cash,7696,35952,Significantly Delayed,1728.25
1368450162,14974554,2023-09-11 00:04:44,2023-09-11,Card,5455,96642,On Time,3130.36
56705032,63060947,2023-11-16 04:30:25,2023-11-16,UPI,8706,77287,Slightly Delayed,3069.98
2407168640,78254569,2024-07-25 09:51:06,2024-07-25,Cash,1449,31314,Slightly Delayed,1781.83
530588807,25722990,2024-02-01 13:40:53,2024-02-01,Wallet,831,97484,Significantly Delayed,2352.13
9975541696,59890331,2023-06-12 22:41:34,2023-06-12,UPI,9000,65401,Slightly Delayed,3990.22
8602707005,77673290,2024-04-02 12:58:37,2024-04-02,Card,6189,18347,On Time,2934.21
2382595056,76377003,2023-12-09 12:30:22,2023-12-09,Wallet,2710,12155,On Time,227.22
8056162498,11446157,2023-05-08 22:14:21,2023-05-08,Card,9691,21033,Significantly Delayed,5891.08
4593039089,50015282,2024-09-14 07:00:20,2024-09-14,Card,2768,58970,On Time,1790.99
7311288658,48358028,2024-08-15 15:36:43,2024-08-15,UPI,8806,96125,On Time,1282.27
9157217130,8073518,2023-06-18 19:59:32,2023-06-18,Wallet,8340,22520,On Time,1448.27
9328094731,77086539,2024-08-21 04:31:01,2024-08-21,Card,8300,87082,On Time,2164.86
3259266120,35049420,2024-07-08 12:40:30,2024-07-08,Cash,8069,98390,Slightly Delayed,3483.31
4656541041,84572019,2024-10-30 19:05:44,2024-10-30,Card,4751,12258,Significantly Delayed,87.3
730839483,20148223,2023-07-23 23:59:23,2023-07-23,Cash,8077,56532,On Time,2528.88
6185824257,1816969,2024-08-05 07:01:50,2024-08-05,UPI,9890,1663,On Time,4093.07
225195662,76202036,2024-08-30 19:21:40,2024-08-30,Card,4605,41237,Slightly Delayed,284.69
6771104541,61618079,2023-05-10 10:40:23,2023-05-10,Cash,9739,57250,On Time,97.04
6146830622,14367270,2024-10-04 13:15:54,2024-10-04,Cash,3967,47626,On Time,271.38
1380326453,68159723,2023-08-29 20:51:35,2023-08-29,Cash,5301,81223,On Time,4991.05
728523620,46699982,2023-08-31 19:13:41,2023-08-31,Wallet,4697,56472,On Time,1394.0
27296314,64562786,2024-10-17 16:13:30,2024-10-17,UPI,3986,97704,Significantly Delayed,3866.08
2608278705,51945420,2023-10-22 02:28:34,2023-10-22,Cash,6359,47002,Slightly Delayed,4746.82
6786366774,5716817,2024-03-21 02:27:40,2024-03-21,Card,7573,24511,On Time,3962.96
5572475750,40563029,2023-04-25 09:43:38,2023-04-25,UPI,3548,40263,On Time,4045.5
8276417383,39976965,2024-06-18 02:15:04,2024-06-18,Cash,5288,12207,On Time,1938.45
784435014,2684440,2023-10-11 14:46:33,2023-10-11,Cash,7308,92792,On Time,415.75
9442274046,93617659,2023-09-01 10:55:53,2023-09-01,UPI,4120,54659,Slightly Delayed,229.38
2470025903,81420960,2024-06-06 07:57:42,2024-06-06,Cash,5295,86113,On Time,3939.11
6774241153,29272253,2024-09-23 05:28:57,2024-09-23,UPI,1503,43384,On Time,915.45
3874644184,49152878,2024-06-23 23:29:09,2024-06-23,Cash,7620,94851,On Time,577.13
8078065454,97033691,2024-05-19 11:15:16,2024-05-19,Cash,4145,61678,Significantly Delayed,2440.55
340113260,83039559,2024-02-27 15:25:27,2024-02-27,Card,2430,75601,Slightly Delayed,869.51
2978839318,59436131,2024-01-11 16:07:45,2024-01-11,Card,2089,28270,On Time,1031.54
3896922017,9274874,2024-08-25 17:39:03,2024-08-25,Card,6459,65400,On Time,726.41
7621954956,32797235,2023-07-07 03:59:40,2023-07-07,UPI,2156,54741,On Time,793.14
581178324,12277039,2024-02-17 04:05:04,2024-02-17,Cash,2226,47464,On Time,2887.67
8469170680,5901440,2023-03-16 18:55:27,2023-03-16,UPI,1928,63716,On Time,39.65
6779626333,55404382,2024-05-11 01:20:43,2024-05-11,Card,8218,76974,Slightly Delayed,329.79
6335704206,38327793,2024-05-22 12:37:47,2024-05-22,Card,7314,20524,On Time,3363.41
8314342490,21677923,2023-04-05 01:03:31,2023-04-05,Wallet,8209,66981,On Time,3821.54
1948795658,49833888,2023-10-23 07:46:00,2023-10-23,Card,4485,77748,On Time,3541.32
9187864807,44776601,2024-06-22 10:00:22,2024-06-22,Wallet,5814,69796,On Time,1565.97
8399666962,21573815,2023-04-08 09:45:31,2023-04-08,UPI,6255,970,On Time,3782.86
6196321055,30788486,2024-05-17 18:25:15,2024-05-17,Cash,4893,42302,On Time,1795.02
8128518434,94486311,2023-08-12 16:51:00,2023-08-12,Card,5160,69854,On Time,2083.51
9854897999,72415263,2023-10-04 17:52:34,2023-10-04,Card,2982,91060,On Time,2790.09
2603584546,41811800,2024-05-21 21:53:23,2024-05-21,Wallet,3672,65439,On Time,1328.82
1295119665,99695529,2024-03-19 08:08:31,2024-03-19,UPI,8775,2255,On Time,4979.18
599975885,45708879,2023-06-07 05:55:43,2023-06-07,Card,2050,71620,On Time,3420.7
5834861324,84826389,2023-07-04 12:17:28,2023-07-04,UPI,3985,35944,Significantly Delayed,1367.34
2032005162,18791381,2024-10-21 07:09:25,2024-10-21,Wallet,2241,34670,On Time,2152.48
8391900458,43518622,2023-05-17 05:40:54,2023-05-17,Wallet,2375,24889,On Time,1807.66
1887687323,85518832,2024-02-08 02:50:48,2024-02-08,Cash,384,33348,On Time,695.62
2120411967,6867315,2023-12-21 01:28:43,2023-12-21,Wallet,5498,57032,Significantly Delayed,4769.69
3158340906,48002829,2024-07-19 01:27:35,2024-07-19,Wallet,7547,87614,Slightly Delayed,4157.26
2387343456,17749347,2024-10-19 03:10:02,2024-10-19,Wallet,7943,95322,Slightly Delayed,915.29
338609144,12574626,2024-10-26 05:45:05,2024-10-26,Cash,6708,30432,On Time,2731.77
9056190831,3100301,2023-07-17 06:57:09,2023-07-17,Wallet,7951,80716,On Time,2618.61
2803081135,42262168,2023-06-10 21:55:58,2023-06-10,Wallet,9047,91761,On Time,1389.92
5970759669,26285589,2024-03-19 10:30:44,2024-03-19,UPI,3868,77115,On Time,3168.87
3226693729,62629494,2023-08-06 13:26:22,2023-08-06,UPI,3892,63788,On Time,748.62
8132845656,4597433,2024-07-10 11:53:29,2024-07-10,UPI,8266,59176,Significantly Delayed,690.08
7850550725,16424635,2023-12-31 05:45:21,2023-12-31,Wallet,9018,95256,On Time,1641.82
2934547619,77161976,2024-06-01 20:59:04,2024-06-01,Card,1442,93096,On Time,3784.91
608179182,87220860,2024-08-01 08:28:48,2024-08-01,Card,7107,62860,Significantly Delayed,4653.67
5191326847,48158494,2023-05-13 21:35:00,2023-05-13,UPI,7651,18931,On Time,3166.48
7614561036,91853589,2023-09-10 05:56:46,2023-09-10,Wallet,4853,12416,On Time,1848.84
2947791133,19741509,2023-11-28 07:16:17,2023-11-28,Wallet,2712,27180,On Time,1379.52
6538760883,119099,2024-04-19 13:46:57,2024-04-19,UPI,3096,6246,On Time,5122.1
8872250952,43243913,2023-10-04 04:56:45,2023-10-04,UPI,8902,56371,Significantly Delayed,993.86
8173258734,20835909,2023-11-03 03:32:12,2023-11-03,Wallet,5758,65288,Slightly Delayed,1063.55
5465833352,11047835,2023-03-28 19:57:09,2023-03-28,UPI,8457,43563,On Time,2140.08
2106569369,27513158,2024-01-02 11:25:38,2024-01-02,UPI,9675,6531,On Time,2211.21
9039440500,64298209,2024-07-12 05:36:09,2024-07-12,Card,3169,30254,On Time,4074.16
8281482042,72889295,2023-06-28 15:21:01,2023-06-28,Card,5598,42297,On Time,1781.14
479528548,21786873,2023-07-17 23:34:46,2023-07-17,Card,8068,48749,On Time,2419.83
8087519921,90246977,2023-10-19 08:34:22,2023-10-19,UPI,566,45580,On Time,3870.37
4869691623,9401406,2023-05-05 04:16:51,2023-05-05,Card,1385,83043,On Time,2648.0
7155177625,2566268,2024-08-25 23:46:26,2024-08-25,UPI,309,30422,On Time,3064.83
7254499390,93563435,2023-11-29 13:26:00,2023-11-29,Cash,6757,86803,On Time,1260.53
7394439260,22358567,2024-10-21 06:27:59,2024-10-21,Cash,8221,12528,Significantly Delayed,4682.75
6581715589,8375298,2023-05-09 00:35:46,2023-05-09,UPI,7415,58622,On Time,900.3
9457009010,80858127,2024-02-06 00:04:30,2024-02-06,Cash,6240,2554,Slightly Delayed,3393.32
2859660695,33685414,2023-08-02 04:36:07,2023-08-02,UPI,9876,16252,Slightly Delayed,1022.62
6392348668,1697604,2024-01-29 19:49:32,2024-01-29,UPI,3200,45949,On Time,4479.61
6933011590,21658322,2023-08-01 23:22:26,2023-08-01,Card,3239,61242,On Time,549.47
5809441378,51872499,2024-07-29 20:56:08,2024-07-29,Card,776,5755,Significantly Delayed,1275.88
411113020,84953008,2024-06-29 01:37:42,2024-06-29,Wallet,4880,67832,On Time,1822.88
5512796364,12507907,2023-06-21 15:23:37,2023-06-21,Card,1341,26740,On Time,1369.75
2610813239,62917794,2023-11-26 04:06:37,2023-11-26,UPI,9191,70178,On Time,1291.85
3236748462,58111297,2024-06-26 10:13:19,2024-06-26,UPI,6982,22715,On Time,2340.2
6652395897,60904312,2024-07-11 03:41:04,2024-07-11,UPI,163,9118,On Time,2780.39
5517901926,40593638,2023-06-24 23:50:38,2023-06-24,Cash,6183,44062,On Time,2377.37
2174753933,38780509,2024-10-12 05:12:22,2024-10-12,Card,8817,24246,On Time,940.61
1525700767,61320989,2023-05-29 00:08:08,2023-05-29,Cash,5999,84226,Slightly Delayed,4081.2
7232692149,899941,2023-12-01 20:28:51,2023-12-01,Wallet,3715,77791,On Time,1932.42
8556607504,68703613,2024-02-20 06:35:03,2024-02-20,Card,3778,26730,On Time,1877.95
5841260317,65426878,2023-04-28 19:29:03,2023-04-28,Cash,7582,46790,Slightly Delayed,3951.8
9471427840,18935489,2023-07-08 06:36:31,2023-07-08,Card,7378,3518,Slightly Delayed,4352.3
2070610257,4386273,2023-07-20 04:48:04,2023-07-20,Card,1523,79253,On Time,949.73
1884811437,24988999,2023-03-21 20:07:38,2023-03-21,Card,4546,85987,On Time,665.98
5331747573,3588443,2024-09-30 16:45:59,2024-09-30,Card,8840,21022,On Time,3589.43
9977285985,22321208,2023-08-11 15:04:42,2023-08-11,Cash,5920,9310,On Time,325.08
1715175070,33706378,2023-09-27 04:45:33,2023-09-27,Cash,514,81041,Significantly Delayed,3786.34
4117790162,52770036,2023-05-11 23:26:43,2023-05-11,UPI,6341,67561,On Time,986.22
9051644316,30447453,2024-07-23 17:11:45,2024-07-23,Wallet,3116,3338,Slightly Delayed,1636.36
4903335316,47822591,2023-04-30 19:35:17,2023-04-30,UPI,3917,78579,Slightly Delayed,3090.86
3341481363,43066953,2023-11-22 02:15:41,2023-11-22,Cash,982,5676,Significantly Delayed,2839.24
4074537770,2400009,2024-04-30 07:00:27,2024-04-30,Card,9861,35318,On Time,871.22
5374589112,52409516,2023-10-26 14:14:38,2023-10-26,Cash,7583,5005,Significantly Delayed,355.96
6401406847,58152923,2023-11-04 14:02:24,2023-11-04,Card,1286,73083,Slightly Delayed,2125.71
698439139,75038062,2024-09-07 07:06:30,2024-09-07,Card,5480,11532,On Time,5380.75
881367843,25221501,2024-10-14 08:12:02,2024-10-14,Cash,4552,44968,On Time,1830.88
6438115781,43431724,2023-10-29 13:27:38,2023-10-29,UPI,9657,4344,On Time,2245.7
1706198744,19425804,2024-06-03 18:12:37,2024-06-03,UPI,8416,71880,On Time,278.4
3115167739,83304571,2024-07-25 18:31:08,2024-07-25,Card,8592,72022,On Time,870.29
8608111158,75244116,2023-04-14 02:39:54,2023-04-14,Cash,1407,12818,Slightly Delayed,4129.04
8167540645,69925688,2023-07-23 13:23:28,2023-07-23,Wallet,3251,58084,On Time,3873.68
898210033,28111842,2024-06-13 03:42:15,2024-06-13,Cash,3478,12413,On Time,3445.49
5415454466,79369660,2024-07-09 12:07:53,2024-07-09,Wallet,7347,34853,On Time,2422.42
9240312177,80862136,2023-04-06 12:22:30,2023-04-06,Wallet,2892,95973,Slightly Delayed,3134.86
4880265969,20163931,2023-05-22 01:12:12,2023-05-22,UPI,1617,27914,On Time,2341.08
5056583192,27336589,2023-11-30 05:07:39,2023-11-30,Wallet,1035,92613,On Time,61.79
1921412688,12338529,2023-10-04 14:32:30,2023-10-04,Cash,5163,73146,On Time,261.03
5829741995,40434527,2023-12-25 23:00:40,2023-12-25,Card,7172,19670,Slightly Delayed,1906.86
9830742370,49806393,2024-02-09 16:22:41,2024-02-09,Wallet,6927,76449,Slightly Delayed,2223.88
509041342,91243571,2024-01-05 15:09:52,2024-01-05,Cash,3455,46033,On Time,2427.78
8420144998,72164737,2023-11-25 19:40:54,2023-11-25,Card,2908,23389,On Time,4216.31
7353766541,48418662,2023-06-28 21:29:31,2023-06-28,Cash,3214,31980,On Time,441.87
8617979440,13604883,2023-09-10 11:49:39,2023-09-10,Cash,5221,58649,Significantly Delayed,1827.78
680476823,75739462,2024-09-23 14:07:55,2024-09-23,Cash,7056,57248,On Time,1205.62
5424536852,18035010,2024-08-18 12:18:21,2024-08-18,UPI,4945,62091,On Time,3267.02
1142004448,73735548,2024-06-05 07:38:45,2024-06-05,Cash,9370,26520,On Time,2117.45
1814491335,27336589,2024-02-24 07:45:16,2024-02-24,Wallet,2298,88279,Slightly Delayed,3762.92
445929405,36885115,2023-07-18 17:01:40,2023-07-18,Card,4644,56215,On Time,1363.04
3849003596,60300263,2023-10-07 17:21:57,2023-10-07,Card,3531,32753,Significantly Delayed,2568.24
6367757670,33617546,2024-09-08 16:38:15,2024-09-08,Cash,3103,87431,On Time,4428.29
4925321106,77214094,2024-02-04 06:25:26,2024-02-04,Wallet,6684,88488,On Time,3596.68
4463294381,44409533,2023-12-31 22:50:47,2023-12-31,Wallet,5698,53108,Slightly Delayed,3635.76
9077946933,81808190,2024-04-19 15:31:52,2024-04-19,Wallet,7046,36570,Slightly Delayed,4519.36
6688079478,57392064,2024-04-18 12:12:45,2024-04-18,Cash,4812,94088,On Time,53.49
8712304346,40085705,2023-06-10 02:41:49,2023-06-10,UPI,8169,62302,On Time,4727.01
3748957111,98088303,2023-04-30 14:51:49,2023-04-30,Wallet,8507,90798,Slightly Delayed,1499.45
2388792163,81160474,2024-02-20 17:10:19,2024-02-20,Wallet,380,16233,Slightly Delayed,839.84
2583035857,77220027,2023-11-15 21:48:52,2023-11-15,Wallet,2902,94223,On Time,874.78
2649487718,81346291,2024-03-01 14:00:21,2024-03-01,Cash,4840,74371,On Time,549.47
5936628691,47387512,2023-10-01 11:20:21,2023-10-01,UPI,5691,50066,Slightly Delayed,2943.17
7662682121,1562083,2024-09-12 04:16:57,2024-09-12,Cash,1332,67053,On Time,4222.73
736115661,55971849,2023-05-22 01:22:24,2023-05-22,Card,8347,29600,Slightly Delayed,1710.16
2448741950,60757351,2023-11-26 19:26:31,2023-11-26,Cash,202,91140,On Time,1534.86
9321629905,79206969,2024-02-08 20:25:13,2024-02-08,UPI,2273,93938,On Time,3273.05
9020583379,9573071,2023-06-20 18:08:01,2023-06-20,Cash,4382,45361,On Time,2075.61
2642275862,97419742,2023-12-18 06:15:35,2023-12-18,UPI,542,13165,Significantly Delayed,5086.75
6932431317,79206969,2024-07-16 04:05:08,2024-07-16,Wallet,3199,17468,On Time,329.79
9126871366,67696145,2023-05-18 08:44:54,2023-05-18,Card,2921,52905,Significantly Delayed,3246.38
3244572785,60732869,2024-01-16 21:22:55,2024-01-16,Card,1991,94129,Significantly Delayed,491.21
6485432691,18082040,2023-05-13 21:26:44,2023-05-13,UPI,9974,89800,On Time,2635.54
6047222755,78394303,2023-09-23 06:45:31,2023-09-23,Card,9177,19111,On Time,4715.13
6167501412,20940403,2024-01-24 23:43:14,2024-01-24,Wallet,1014,16808,Significantly Delayed,2814.34
2052163872,20634789,2023-06-21 22:30:22,2023-06-21,Card,2177,36843,On Time,819.82
7740339645,70170606,2023-12-04 01:16:30,2023-12-04,Card,2146,8704,Slightly Delayed,2054.08
2761855959,81541985,2023-10-24 07:06:54,2023-10-24,Wallet,5899,21232,On Time,4023.54
8010347195,18935489,2023-12-14 20:23:20,2023-12-14,UPI,6055,37264,On Time,341.75
2384153985,30285217,2023-10-09 12:12:03,2023-10-09,Wallet,5184,57668,Slightly Delayed,2168.39
3584794157,96253172,2024-04-04 05:02:46,2024-04-04,Wallet,3719,9727,On Time,3902.46
8186709947,27604184,2023-11-18 08:57:30,2023-11-18,Wallet,6943,23823,Significantly Delayed,768.27
6027355216,17929886,2023-06-27 20:49:55,2023-06-27,Card,8534,89884,On Time,2562.39
9823160533,51119088,2024-06-05 05:16:03,2024-06-05,Wallet,3975,80889,On Time,1408.86
8694663463,12851610,2024-01-16 01:11:41,2024-01-16,UPI,1316,42844,On Time,1496.16
1296772969,68703613,2024-06-02 02:03:40,2024-06-02,UPI,5047,61392,On Time,5662.12
5856838171,55971849,2023-12-20 18:25:40,2023-12-20,Wallet,1390,7117,Significantly Delayed,3115.94
915473142,53636086,2024-05-30 02:09:42,2024-05-30,UPI,4295,93166,Slightly Delayed,152.55
6992097680,9450435,2023-11-13 22:10:00,2023-11-13,Wallet,4273,74334,Slightly Delayed,1214.18
6870670122,70529459,2023-11-24 12:04:22,2023-11-24,UPI,9539,89533,On Time,449.97
6626994121,44223796,2024-07-16 00:45:39,2024-07-16,Cash,8212,18323,Slightly Delayed,1769.65
6125813500,44562310,2023-07-23 17:17:56,2023-07-23,Cash,441,31926,Slightly Delayed,3788.27
6899859775,33706378,2024-04-30 16:35:18,2024-04-30,Wallet,9252,12202,On Time,3110.34
1825560091,41494867,2024-01-31 20:57:35,2024-01-31,Cash,2114,1440,On Time,422.14
1320638425,36833857,2023-04-26 21:53:58,2023-04-26,Card,4392,38512,On Time,3608.01
5320995509,81932548,2023-06-12 09:16:12,2023-06-12,Wallet,9308,63710,On Time,4452.79
4249535395,50953418,2023-03-25 11:21:29,2023-03-25,Card,6866,45901,On Time,1566.19
804881381,44269569,2024-05-26 10:00:47,2024-05-26,UPI,6978,61383,On Time,321.33
4858560187,55028958,2023-10-21 20:23:10,2023-10-21,Cash,7344,16416,On Time,1018.81
6425666148,24144240,2023-08-07 20:54:37,2023-08-07,Wallet,8114,19912,On Time,1967.25
9021754099,23844919,2024-08-01 02:27:31,2024-08-01,Wallet,3228,54647,On Time,3472.43
7728205680,46023497,2024-06-15 21:30:18,2024-06-15,Cash,5959,63693,On Time,325.08
9346166799,62416456,2024-10-23 00:20:31,2024-10-23,Card,781,40234,Slightly Delayed,1896.99
3377313085,89036169,2023-09-23 23:16:58,2023-09-23,UPI,2496,83445,Slightly Delayed,2044.47
8167716321,73392739,2024-05-02 03:12:20,2024-05-02,Cash,5231,69644,On Time,3448.04
2024637181,29451600,2023-06-04 21:26:10,2023-06-04,Cash,9002,3368,On Time,2241.49
9310630290,64162093,2023-10-04 06:35:01,2023-10-04,Cash,4115,47069,On Time,2003.29
2276505075,12769552,2024-07-05 13:41:54,2024-07-05,UPI,28,40432,On Time,2169.15
6615188116,49529811,2023-08-30 13:03:42,2023-08-30,Wallet,9663,42073,On Time,1531.68
6858336318,92027021,2024-06-29 07:32:32,2024-06-29,Cash,5222,18825,On Time,160.07
7601638642,32426778,2024-09-10 06:07:31,2024-09-10,Card,6401,8313,Significantly Delayed,4827.19
1191565627,51661209,2023-11-04 12:01:36,2023-11-04,UPI,8835,13574,On Time,1760.51
4785021992,91144803,2023-12-20 12:11:37,2023-12-20,Wallet,7921,14692,On Time,3562.88
3452964753,49449238,2024-06-15 18:53:44,2024-06-15,Card,4866,56030,On Time,3713.57
3490919801,85198177,2023-10-18 06:51:41,2023-10-18,Cash,8709,59239,On Time,801.81
105578518,38615653,2024-03-03 01:59:51,2024-03-03,Cash,3362,97558,Slightly Delayed,1034.16
2978719561,11478478,2023-11-09 09:33:50,2023-11-09,Card,7396,39241,Slightly Delayed,3000.58
9979010790,13465850,2024-02-13 01:25:09,2024-02-13,UPI,6979,41655,Slightly Delayed,415.75
4435636116,93018527,2023-04-07 14:02:46,2023-04-07,Wallet,1997,45294,On Time,552.2
5909879259,82594354,2024-08-06 19:17:03,2024-08-06,Card,4123,48039,Slightly Delayed,786.1
2686390867,45071436,2024-02-04 17:00:23,2024-02-04,Card,6752,21025,On Time,397.55
6698537000,52770036,2024-01-16 05:36:12,2024-01-16,Card,9810,50375,On Time,2179.27
4395604675,53076417,2023-11-11 10:55:29,2023-11-11,UPI,3185,608,Slightly Delayed,1878.33
3475041787,34425723,2024-07-27 12:46:39,2024-07-27,UPI,2344,93068,Slightly Delayed,890.42
5817989751,72366758,2023-11-22 11:36:54,2023-11-22,Wallet,2507,53533,On Time,1730.17
1433129858,43256928,2024-05-27 14:45:47,2024-05-27,UPI,8177,25333,On Time,481.63
3571922553,69364309,2024-01-04 14:09:50,2024-01-04,Cash,6288,84788,On Time,2999.67
7940229189,50632192,2024-03-20 21:38:09,2024-03-20,Wallet,6133,40127,Significantly Delayed,481.63
3801240688,18256339,2024-08-26 00:46:08,2024-08-26,Card,123,82311,On Time,1441.45
1295268290,70168151,2024-02-16 22:34:18,2024-02-16,Cash,3039,30358,On Time,3522.38
4552636670,74313592,2024-08-12 17:56:50,2024-08-12,UPI,5564,32309,On Time,2002.09
6805071689,87266309,2024-03-30 04:50:39,2024-03-30,UPI,1183,85430,Significantly Delayed,1190.62
8026827967,49371494,2023-06-17 22:28:55,2023-06-17,Wallet,9216,72056,On Time,878.8
6417774057,22800586,2024-03-06 18:58:23,2024-03-06,Wallet,9385,96532,Slightly Delayed,3376.87
7877665931,35434373,2023-12-24 09:20:20,2023-12-24,Card,6726,72800,On Time,722.42
7754237266,75836905,2023-05-09 13:29:26,2023-05-09,Card,5897,9779,On Time,445.48
7985418058,35302195,2024-09-10 03:53:21,2024-09-10,Card,184,72721,On Time,672.73
5287733777,84066402,2024-10-24 16:14:26,2024-10-24,Card,1389,40327,On Time,1654.07
7112725384,21658322,2024-02-10 07:50:22,2024-02-10,Wallet,5956,18999,On Time,211.25
6261926473,50760752,2024-06-16 19:05:12,2024-06-16,Card,1195,21242,On Time,2714.81
1495465938,5607734,2023-10-15 07:21:32,2023-10-15,UPI,4249,53172,On Time,3767.45
7891205593,10562528,2024-07-14 17:41:11,2024-07-14,Wallet,5316,43532,On Time,1348.96
924888012,79298972,2024-03-10 08:27:01,2024-03-10,UPI,9609,28336,Slightly Delayed,843.03
943278538,22227829,2024-04-06 05:24:47,2024-04-06,Wallet,5145,84473,Significantly Delayed,4369.44
9981950902,39153585,2024-07-28 05:46:17,2024-07-28,UPI,7848,74591,On Time,941.19
7769253886,8351747,2023-09-25 23:30:12,2023-09-25,UPI,6028,34392,On Time,4065.3
9350977708,41874489,2023-08-18 05:23:32,2023-08-18,UPI,6351,93092,On Time,2004.57
4525211942,30317733,2024-06-24 23:32:24,2024-06-24,Cash,7393,33706,On Time,2234.58
7232049635,79916464,2023-03-25 15:49:28,2023-03-25,Card,5119,86311,On Time,2379.3
679546532,72942753,2024-05-28 16:58:25,2024-05-28,UPI,8974,40781,Slightly Delayed,3679.63
4665187954,97739583,2024-04-03 05:13:47,2024-04-03,Wallet,2639,39743,On Time,340.66
3914760118,61877649,2023-03-21 20:18:23,2023-03-21,Wallet,1101,52436,On Time,2930.6
155568486,36517334,2023-12-26 04:56:10,2023-12-26,UPI,3309,59769,On Time,936.98
3773972929,26752630,2023-10-19 11:20:42,2023-10-19,Card,263,42110,On Time,297.68
2168808412,91382237,2023-05-23 10:16:42,2023-05-23,UPI,9712,23293,Slightly Delayed,1185.57
7697315553,49769532,2023-12-10 02:54:11,2023-12-10,UPI,4656,74363,On Time,3321.85
804414742,42781544,2024-07-15 21:18:58,2024-07-15,Cash,8163,98191,Slightly Delayed,3378.21
918328199,60656482,2023-12-18 01:55:01,2023-12-18,Card,9479,20173,Slightly Delayed,1095.57
3084493525,32527479,2023-04-11 18:46:37,2023-04-11,Cash,8205,89201,On Time,1922.46
8047256000,17805991,2024-08-08 20:00:24,2024-08-08,Card,8179,73002,Slightly Delayed,1862.31
5176597414,80875034,2024-01-25 04:34:04,2024-01-25,Wallet,7307,41701,Slightly Delayed,1723.93
110303417,57566548,2024-05-24 01:48:07,2024-05-24,Wallet,7725,66500,On Time,2258.29
1809212176,50105174,2023-04-08 09:17:28,2023-04-08,Card,133,68256,On Time,4454.66
1765001264,1697604,2023-07-06 11:02:35,2023-07-06,UPI,3190,16034,Significantly Delayed,412.53
4220306391,44139071,2024-01-08 04:39:13,2024-01-08,UPI,377,74233,Slightly Delayed,1587.88
1275637731,20148223,2023-12-21 10:41:16,2023-12-21,UPI,9107,29837,Significantly Delayed,786.85
7729557529,59252433,2024-09-24 10:49:23,2024-09-24,Wallet,5486,14931,On Time,2146.47
9279017414,60495351,2023-05-29 14:59:48,2023-05-29,UPI,8954,72785,On Time,1476.41
8726185624,57505804,2024-09-25 20:16:31,2024-09-25,Card,9750,8736,On Time,3851.22
3192177869,59252433,2024-08-10 04:21:42,2024-08-10,Cash,9579,2439,On Time,168.09
5033541164,32987624,2024-05-26 04:28:43,2024-05-26,Cash,194,78526,Significantly Delayed,950.94
4495977117,61753272,2023-05-02 10:10:23,2023-05-02,Card,8009,30929,Slightly Delayed,2663.89
8866977450,97509888,2024-09-03 09:15:50,2024-09-03,Wallet,2841,60421,On Time,735.43
7542030170,49371494,2023-12-21 00:30:48,2023-12-21,Cash,8206,157,On Time,1247.39
8782031586,23982977,2024-06-19 19:08:21,2024-06-19,Wallet,1796,89181,Slightly Delayed,1485.74
7177553918,10048910,2023-03-31 22:05:28,2023-03-31,Card,9833,13012,Slightly Delayed,1381.29
9157563215,89142848,2023-05-31 20:34:28,2023-05-31,Card,7019,20285,On Time,2075.02
989452284,79773912,2024-07-07 22:13:41,2024-07-07,Wallet,9884,34208,On Time,551.88
9972678893,45033270,2024-08-13 07:23:10,2024-08-13,Wallet,7171,56834,On Time,3702.6
8561203503,6390687,2024-04-14 05:13:07,2024-04-14,Wallet,2325,70087,On Time,2766.81
1388300707,84824280,2024-04-08 21:53:05,2024-04-08,UPI,6018,48870,On Time,3998.46
4054816025,29584848,2024-07-19 14:29:26,2024-07-19,UPI,4274,2786,On Time,2422.3
9943206333,12851610,2023-03-22 09:47:17,2023-03-22,Wallet,2694,86716,On Time,918.65
3948498236,35402531,2024-08-30 05:15:03,2024-08-30,Card,3973,71487,Slightly Delayed,2174.34
8096169523,66768157,2024-09-15 05:37:55,2024-09-15,UPI,9286,24856,On Time,2160.02
8803091944,11228463,2024-05-18 03:11:30,2024-05-18,UPI,1496,70237,On Time,3598.91
7409519974,60834500,2024-01-16 21:25:18,2024-01-16,Wallet,3913,63789,On Time,4040.13
456278500,62526567,2024-05-06 16:13:15,2024-05-06,Cash,9627,70639,Slightly Delayed,2591.57
9912965340,95309983,2023-08-20 17:16:27,2023-08-20,Wallet,7496,38348,Significantly Delayed,4366.97
2802653261,9987182,2024-10-07 16:33:53,2024-10-07,UPI,1650,8096,On Time,1481.99
8629948751,97678578,2023-08-31 14:56:32,2023-08-31,Card,2313,57001,Slightly Delayed,2006.53
9169008097,98625898,2024-05-18 09:23:08,2024-05-18,Wallet,4039,11475,On Time,2432.06
3186513319,3730316,2023-04-14 00:08:38,2023-04-14,UPI,4043,2924,Slightly Delayed,83.18
8837578937,28663279,2023-08-14 08:55:19,2023-08-14,Cash,2219,59526,On Time,3480.43
1468095888,37691544,2023-06-17 06:09:04,2023-06-17,Cash,5684,73298,On Time,4034.72
3055120492,408590,2023-12-19 16:33:47,2023-12-19,Wallet,5237,10184,Slightly Delayed,1217.39
6083457185,80571942,2024-08-19 20:34:04,2024-08-19,Wallet,6370,5319,On Time,923.43
7154956248,22112867,2023-07-17 19:48:59,2023-07-17,Wallet,4761,38167,On Time,801.47
246971181,376144,2023-07-30 14:12:21,2023-07-30,UPI,3131,10315,On Time,3266.0
2452915406,96806748,2024-07-17 12:29:12,2024-07-17,Cash,1892,59616,On Time,2169.36
9458183390,88203688,2023-03-17 01:19:51,2023-03-17,Wallet,5900,9443,On Time,1507.92
576571858,26285589,2024-09-23 05:09:07,2024-09-23,Card,137,3179,On Time,4080.28
9544803182,31410886,2024-03-27 02:35:21,2024-03-27,Cash,7922,13919,On Time,2272.72
2121652047,65815155,2024-02-03 18:01:48,2024-02-03,UPI,7863,63262,Significantly Delayed,1734.01
8891725854,13871547,2023-05-16 21:08:18,2023-05-16,Wallet,1423,16971,On Time,2149.76
4870772869,78903046,2024-03-31 08:14:25,2024-03-31,Wallet,75,4732,On Time,2385.36
262562615,12059049,2023-04-09 04:43:09,2023-04-09,Wallet,4716,4045,On Time,2066.5
5142912812,57642258,2023-11-16 22:10:43,2023-11-16,Cash,6494,90866,Significantly Delayed,2175.4
1225289500,70529459,2024-03-31 21:51:15,2024-03-31,Wallet,8199,77780,On Time,3663.25
7337555525,44223796,2024-03-09 19:28:58,2024-03-09,Card,5013,99482,On Time,3036.62
5719806088,42012717,2024-01-08 13:30:35,2024-01-08,Card,1096,88036,On Time,1759.81
6890191424,57360162,2024-06-13 00:43:50,2024-06-13,Wallet,5646,28164,Slightly Delayed,760.54
5695198653,29562254,2024-09-20 01:17:54,2024-09-20,UPI,5437,29646,On Time,572.4
482670263,9641623,2024-06-05 04:40:12,2024-06-05,Cash,459,90648,On Time,835.53
7857904467,97286925,2023-04-25 12:40:49,2023-04-25,UPI,3956,83539,On Time,888.12
614435661,73586244,2023-08-01 21:25:47,2023-08-01,Cash,8306,34007,On Time,1266.44
2284551326,68063317,2023-10-07 04:36:46,2023-10-07,Cash,6910,48499,On Time,207.41
8614991290,57566548,2024-10-17 13:13:23,2024-10-17,Wallet,1674,85862,Significantly Delayed,96.33
9865566300,61753272,2023-11-28 02:35:37,2023-11-28,UPI,7265,66125,Slightly Delayed,2566.27
6672582413,82359623,2024-06-13 22:04:02,2024-06-13,UPI,636,18435,Slightly Delayed,1020.03
3004834987,91590001,2023-10-12 02:21:02,2023-10-12,Card,1413,1554,On Time,1849.28
4486349175,45481936,2024-04-20 01:10:08,2024-04-20,Cash,6903,93191,On Time,2577.5
3098655541,69908484,2023-05-06 06:44:37,2023-05-06,Wallet,2969,58041,On Time,680.53
1912293606,49433260,2024-07-17 19:35:11,2024-07-17,Card,8233,72857,On Time,2522.33
7465280557,26863280,2024-03-13 13:22:12,2024-03-13,Cash,327,44449,On Time,3881.99
343050015,72263318,2023-04-21 06:20:18,2023-04-21,Cash,3952,72401,Significantly Delayed,1163.49
6414606364,70867736,2024-01-26 04:48:08,2024-01-26,Cash,5693,32432,On Time,1615.25
4092550629,50572914,2023-04-09 16:19:33,2023-04-09,Wallet,6204,73303,On Time,1925.24
9810964144,51476157,2024-02-08 19:57:13,2024-02-08,Wallet,6274,28405,On Time,517.03
6513851276,99160348,2023-08-24 15:43:08,2023-08-24,Wallet,4078,36145,Slightly Delayed,722.42
6080784069,39418109,2023-07-19 11:42:13,2023-07-19,Wallet,2830,78499,Slightly Delayed,3940.75
1967283733,15796277,2023-08-01 07:09:08,2023-08-01,Cash,4047,37938,Slightly Delayed,1589.89
2683672396,89617089,2023-08-27 04:49:33,2023-08-27,Card,6550,18256,On Time,2073.99
1464736195,15830066,2024-08-23 16:05:00,2024-08-23,Wallet,1345,21637,Slightly Delayed,692.32
3258963661,20343501,2024-05-17 08:00:34,2024-05-17,Wallet,8685,53738,On Time,3903.48
9956872454,41874489,2023-11-20 05:11:37,2023-11-20,Card,1949,31304,Slightly Delayed,5294.27
867630114,30373140,2023-06-26 18:24:36,2023-06-26,Wallet,6095,49041,On Time,2680.19
3333752740,84862161,2023-07-10 16:58:53,2023-07-10,UPI,3006,84844,On Time,397.55
4835197446,72889295,2024-01-02 08:08:22,2024-01-02,Wallet,7618,20579,On Time,1255.62
1888517793,42514124,2023-10-02 06:38:37,2023-10-02,Wallet,7834,3529,On Time,828.44
5148599328,28350645,2024-05-07 13:36:19,2024-05-07,UPI,8401,57593,Slightly Delayed,97.04
3405089431,96629034,2024-02-23 15:28:21,2024-02-23,Card,2300,66223,Slightly Delayed,2479.65
9286199495,5751638,2023-09-10 20:57:55,2023-09-10,Wallet,5262,61907,On Time,813.3
6418255337,63948546,2024-02-13 17:53:34,2024-02-13,Wallet,6584,34687,On Time,3894.81
7442478777,28289030,2023-10-17 08:13:55,2023-10-17,Cash,4607,81710,On Time,2429.09
5170777528,31537100,2023-05-01 09:41:09,2023-05-01,UPI,5244,48906,On Time,1207.56
1255941187,38420886,2024-02-10 06:00:03,2024-02-10,Wallet,5839,75245,Slightly Delayed,2307.21
4704980993,119099,2024-05-24 04:11:09,2024-05-24,Wallet,4325,56079,Slightly Delayed,3153.02
7310604669,93617659,2023-07-09 06:12:54,2023-07-09,Card,8079,44693,Slightly Delayed,4342.7
7970608721,60385293,2024-01-31 06:43:27,2024-01-31,UPI,7364,23409,Slightly Delayed,4153.66
3164727163,20956158,2023-05-09 08:30:24,2023-05-09,Cash,8379,99751,Slightly Delayed,1185.06
2388064449,34237583,2024-05-26 06:10:19,2024-05-26,Card,4671,30915,On Time,3393.04
757816226,22571994,2023-03-16 14:07:42,2023-03-16,Wallet,3870,62043,Significantly Delayed,1308.05
259772553,2566268,2023-09-27 02:09:15,2023-09-27,Card,7872,96120,On Time,881.42
8388644219,4444673,2024-04-21 09:50:41,2024-04-21,Card,3927,29917,On Time,491.39
1545044936,77921718,2023-08-24 23:36:46,2023-08-24,Cash,975,95370,On Time,1686.14
6995571310,81200164,2024-03-24 07:14:59,2024-03-24,UPI,8811,35644,On Time,2773.23
8801161214,9107360,2024-04-11 01:56:50,2024-04-11,UPI,9278,16061,On Time,1367.02
1751319400,98307019,2024-06-25 10:54:04,2024-06-25,Card,1178,13729,On Time,4146.0
10448052,90021871,2023-08-05 10:01:05,2023-08-05,UPI,1064,47308,On Time,1228.86
3047076079,65895091,2023-05-22 08:29:28,2023-05-22,Card,559,19052,On Time,881.42
5085860780,64316806,2023-12-13 18:19:00,2023-12-13,Cash,1364,38853,On Time,697.53
6213909425,42208242,2023-12-05 21:06:09,2023-12-05,Cash,2757,28346,On Time,4991.59
3712789789,20634789,2024-02-02 19:52:03,2024-02-02,Wallet,2443,67269,On Time,2294.43
278794976,94137242,2023-03-18 11:29:14,2023-03-18,Cash,109,56515,On Time,3325.87
3420357591,86444757,2024-07-10 22:01:15,2024-07-10,Card,4085,49383,On Time,4924.02
4551386734,62807542,2023-03-18 00:29:58,2023-03-18,Card,6471,92089,Slightly Delayed,1974.67
7609681987,22076522,2023-10-16 15:03:06,2023-10-16,Card,827,97077,On Time,4177.05
1721655048,79742293,2024-04-15 13:33:03,2024-04-15,Wallet,1036,44050,Slightly Delayed,2644.87
7040151151,5540556,2023-03-28 16:54:25,2023-03-28,Cash,8992,55045,On Time,3174.92
6719661881,48716374,2023-05-13 04:58:22,2023-05-13,Wallet,5692,74581,On Time,2911.6
5195004299,50632192,2024-01-09 06:37:07,2024-01-09,Card,3246,52894,On Time,1214.72
5441946621,40256341,2024-02-01 07:51:45,2024-02-01,Card,4464,4469,Significantly Delayed,1477.71
3508992095,32293017,2023-12-09 10:01:52,2023-12-09,Card,3494,32093,Significantly Delayed,2024.65
8454449180,79672044,2024-02-18 20:51:31,2024-02-18,Cash,5571,2578,Slightly Delayed,229.38
9251851237,94453274,2023-11-25 13:43:03,2023-11-25,Cash,9301,94666,On Time,3102.6
6739811103,9981089,2024-01-01 22:52:54,2024-01-01,Card,6544,93027,On Time,1098.44
7590827828,40703374,2023-11-05 23:49:25,2023-11-05,UPI,8893,14664,On Time,1527.05
310213322,12077371,2023-09-30 04:27:12,2023-09-30,UPI,4253,13885,Slightly Delayed,3179.91
934908369,53299455,2024-08-15 12:33:04,2024-08-15,Card,9234,90844,On Time,692.8
3817617199,29525287,2024-08-28 00:19:42,2024-08-28,UPI,3597,37598,Significantly Delayed,2583.68
2622709030,50781611,2024-07-11 12:45:49,2024-07-11,Cash,3256,10007,Significantly Delayed,1796.1
3843689992,3730316,2024-10-13 13:52:50,2024-10-13,UPI,8575,11827,On Time,2378.76
8732395640,26285589,2024-03-17 13:44:38,2024-03-17,Card,7998,24839,On Time,671.55
3889721330,44269569,2024-05-16 10:00:09,2024-05-16,Card,3101,36020,Significantly Delayed,1698.08
7064093619,90665975,2023-05-23 05:35:10,2023-05-23,Wallet,3209,12886,On Time,2426.17
6798661163,3730316,2024-07-23 10:15:16,2024-07-23,UPI,8237,29752,On Time,711.91
2878307830,97150234,2024-05-01 15:04:50,2024-05-01,UPI,8518,56966,Slightly Delayed,2165.98
4133369643,95971469,2023-07-03 22:41:35,2023-07-03,UPI,8673,76053,Slightly Delayed,3015.94
3394787348,40841791,2024-06-23 04:56:02,2024-06-23,Cash,6609,74478,Slightly Delayed,2942.82
4830380663,19259955,2023-12-24 10:17:01,2023-12-24,Wallet,9819,41847,On Time,610.43
3441042301,43052303,2023-08-05 09:42:32,2023-08-05,UPI,353,80455,On Time,2638.95
3984353474,17681645,2024-05-19 06:48:11,2024-05-19,Card,512,94156,Significantly Delayed,136.6
4495916529,57662767,2023-04-01 11:32:48,2023-04-01,UPI,7592,63656,On Time,760.22
5075205264,51034600,2024-04-22 13:43:00,2024-04-22,Card,9169,21123,Slightly Delayed,1652.05
6129180304,86499778,2024-01-17 21:50:48,2024-01-17,Wallet,9307,41630,On Time,1047.98
3311686914,63310076,2024-05-06 20:48:58,2024-05-06,Cash,8048,95107,On Time,4422.12
3907403745,99490786,2023-06-19 16:37:55,2023-06-19,Wallet,3088,767,On Time,2440.93
9924696305,43367112,2023-04-30 14:40:42,2023-04-30,Cash,5581,93204,On Time,46.62
7348508805,45052594,2024-05-23 22:19:58,2024-05-23,Cash,19,67512,Slightly Delayed,3935.99
1665004352,5226128,2023-08-01 05:40:59,2023-08-01,Cash,3040,75219,On Time,1989.91
1049800958,44139071,2023-07-02 09:05:35,2023-07-02,Cash,1098,95346,On Time,1099.79
2937550786,72946405,2023-08-06 08:03:35,2023-08-06,Card,2083,59192,On Time,1638.19
486724008,12415659,2024-07-12 04:35:15,2024-07-12,Wallet,8143,50502,Slightly Delayed,2431.37
9361578823,81373608,2023-08-18 13:36:21,2023-08-18,UPI,8665,83234,On Time,3335.13
6249585672,20940403,2023-07-09 08:37:58,2023-07-09,Card,6218,56043,On Time,864.3
2111712383,67465084,2024-01-23 18:08:02,2024-01-23,Card,9806,19726,On Time,727.95
2962076108,99824171,2024-06-13 04:42:25,2024-06-13,UPI,978,54302,On Time,1970.13
7509638056,35912599,2024-02-13 00:53:38,2024-02-13,Wallet,6064,75144,On Time,1009.53
6074743537,32797235,2024-09-12 06:33:08,2024-09-12,Wallet,2135,91918,On Time,431.37
3560026527,97174235,2024-06-09 18:25:49,2024-06-09,Wallet,2364,56514,Significantly Delayed,255.35
7005103077,76850859,2024-05-14 02:58:36,2024-05-14,Card,6699,2513,On Time,1835.86
8175826750,22076522,2024-09-17 20:10:13,2024-09-17,Cash,1879,45838,On Time,1546.34
8572946020,41168392,2024-04-26 04:31:01,2024-04-26,Card,3449,36711,On Time,786.85
2936701883,28286754,2024-03-02 09:00:52,2024-03-02,UPI,688,69765,On Time,1577.75
9948324640,22054087,2023-10-31 04:05:42,2023-10-31,Cash,3268,17187,On Time,1529.04
2865872281,49970560,2024-09-13 23:51:04,2024-09-13,Wallet,2005,62950,Slightly Delayed,3543.67
5785351358,64795608,2024-11-03 14:28:39,2024-11-03,UPI,6926,31077,On Time,2240.09
5204776107,65514005,2023-08-24 23:32:11,2023-08-24,Cash,1691,66003,On Time,2183.02
8689865723,62526567,2024-03-28 15:21:29,2024-03-28,Cash,4414,15816,On Time,3277.87
7822329516,79742293,2023-11-19 22:55:01,2023-11-19,Card,2461,16858,Slightly Delayed,367.08
5995393950,64535602,2023-08-06 07:53:40,2023-08-06,Card,3722,47824,On Time,3434.89
5458784818,79672044,2024-07-24 02:59:03,2024-07-24,Cash,5867,23513,On Time,3321.58
5611686165,83660688,2023-07-02 08:15:05,2023-07-02,Wallet,8172,61000,On Time,2997.68
6390653932,83597876,2023-05-19 08:04:04,2023-05-19,Card,3905,54208,On Time,1996.94
1215008706,68219091,2024-03-04 22:56:25,2024-03-04,Cash,8245,6321,On Time,3025.0
7357727116,6617417,2024-06-15 09:30:19,2024-06-15,UPI,6704,10076,On Time,1441.9
7562975685,89910157,2023-07-02 04:44:00,2023-07-02,Card,1002,7822,Slightly Delayed,3837.24
3118070064,50518311,2023-06-05 04:26:07,2023-06-05,UPI,8287,84527,On Time,3977.57
8255753870,72667140,2023-09-09 08:25:02,2023-09-09,Card,3023,87331,On Time,5768.29
5924715529,79919160,2024-03-24 04:10:10,2024-03-24,UPI,8803,96349,On Time,3867.9
9593816617,44589829,2023-05-28 01:37:07,2023-05-28,Card,119,39095,On Time,3890.77
6143213997,71643758,2024-03-21 10:05:10,2024-03-21,Card,5651,11720,On Time,4464.71
4516009647,99361865,2024-07-19 01:14:23,2024-07-19,Wallet,4099,41620,On Time,3570.86
291900074,625395,2024-10-02 17:17:52,2024-10-02,Card,2983,5023,On Time,2248.63
3178700341,48033969,2024-06-10 04:45:21,2024-06-10,Cash,1093,3879,On Time,1776.0
4231742059,4439806,2023-11-21 07:52:59,2023-11-21,UPI,3792,98347,Slightly Delayed,1232.31
7437613292,31582950,2023-12-30 01:27:48,2023-12-30,Card,3072,59329,Slightly Delayed,4161.8
5609346062,82169898,2023-08-08 20:17:58,2023-08-08,Card,8189,24295,On Time,134.69
909033820,93924203,2023-10-11 10:18:32,2023-10-11,UPI,6165,51543,Slightly Delayed,2660.5
470624828,59545278,2023-08-21 03:20:09,2023-08-21,UPI,9388,51227,On Time,197.39
9608676386,99714944,2023-08-14 19:28:16,2023-08-14,UPI,6017,71226,On Time,545.0
6846160702,77661491,2023-07-20 15:58:04,2023-07-20,Card,3237,89788,On Time,483.05
4248168019,29973346,2024-03-26 14:29:52,2024-03-26,Card,8134,30671,On Time,1838.03
9057909300,9738801,2024-01-17 16:21:44,2024-01-17,Cash,697,74314,On Time,787.4
2171816966,92404798,2024-01-30 19:08:30,2024-01-30,Cash,6332,6125,On Time,2672.4
1387025817,52417972,2024-06-15 20:30:42,2024-06-15,Card,4735,5633,On Time,1004.68
6801124715,26912171,2024-04-10 06:34:06,2024-04-10,Card,9037,15655,On Time,697.53
6117979297,79206969,2023-12-23 05:22:12,2023-12-23,Cash,1734,69314,On Time,2007.19
4902314626,98307019,2024-05-25 15:43:16,2024-05-25,Cash,4018,35281,On Time,1819.77
361595059,70966268,2023-10-21 06:12:27,2023-10-21,Cash,8346,12549,On Time,1854.55
5309683159,24153726,2023-04-21 05:04:01,2023-04-21,Wallet,4677,90567,Significantly Delayed,3047.03
2300265337,90246977,2024-01-01 01:10:17,2024-01-01,Cash,6444,48275,On Time,2215.55
199903168,99627097,2023-04-16 10:59:20,2023-04-16,UPI,2391,93719,On Time,1440.04
4923840119,60049160,2024-09-04 05:40:29,2024-09-04,UPI,5293,27171,On Time,426.72
2209550085,56457995,2024-09-07 13:22:14,2024-09-07,Cash,9844,80992,On Time,2710.74
120178110,65294340,2024-01-21 01:20:21,2024-01-21,Wallet,6099,73380,Slightly Delayed,1508.3
6647259959,83660688,2023-06-20 22:30:07,2023-06-20,Card,9451,45832,Significantly Delayed,3032.51
3859980017,77015367,2023-05-15 05:15:07,2023-05-15,Card,1716,15085,On Time,114.52
9196827234,51669263,2023-10-31 04:53:31,2023-10-31,Wallet,7484,96615,Slightly Delayed,2203.36
3499440849,3638834,2023-10-10 21:36:37,2023-10-10,Card,2816,72321,On Time,1266.77
7114775833,68965787,2024-07-08 12:52:59,2024-07-08,Cash,491,84672,On Time,1057.06
7812364366,25081012,2023-08-26 23:42:03,2023-08-26,Cash,2342,82685,On Time,4225.96
7525899857,52428250,2023-09-04 04:12:50,2023-09-04,Wallet,1081,98968,On Time,3983.85
3917847107,90665975,2024-08-13 22:21:03,2024-08-13,UPI,4390,17488,On Time,2860.94
1229828587,42989999,2023-10-27 01:20:12,2023-10-27,UPI,9576,1392,On Time,3587.77
4249345096,81346291,2023-05-31 18:48:29,2023-05-31,UPI,5759,31425,On Time,1230.3
4002407580,59398136,2023-11-17 17:12:26,2023-11-17,Cash,9460,96978,On Time,4381.56
5982122427,6398761,2023-04-23 19:59:41,2023-04-23,Card,1333,58401,On Time,345.54
3280431261,48268435,2024-03-13 22:01:07,2024-03-13,Cash,3799,26604,On Time,1198.33
5066338759,48284116,2023-11-21 04:48:59,2023-11-21,UPI,3897,62785,On Time,616.45
9087426355,66932104,2023-11-03 17:05:47,2023-11-03,Wallet,6566,34521,On Time,473.64
5512907,51476157,2023-04-30 20:52:21,2023-04-30,Wallet,419,44545,Slightly Delayed,861.53
4174741467,34074184,2023-12-17 02:00:05,2023-12-17,UPI,7942,13853,Slightly Delayed,1492.14
6270463968,35434373,2023-10-03 03:37:56,2023-10-03,Wallet,4408,66084,On Time,3784.59
1239385001,82359623,2023-09-27 14:03:37,2023-09-27,UPI,4114,73973,On Time,2963.43
5250202756,40871915,2023-09-10 11:47:03,2023-09-10,Card,2042,20751,Significantly Delayed,1416.86
4099185509,22047134,2024-01-24 20:20:07,2024-01-24,Cash,4179,58500,On Time,2680.39
7875903450,17805991,2024-03-14 04:38:14,2024-03-14,Wallet,6653,58175,On Time,877.43
7561642939,75739462,2024-07-24 20:16:37,2024-07-24,UPI,6438,2481,On Time,2045.25
5438908316,59815512,2024-04-03 00:44:54,2024-04-03,Card,1533,72583,On Time,3399.81
357437373,23126657,2023-05-10 06:00:22,2023-05-10,UPI,2372,18049,On Time,3284.68
8972877222,57291761,2024-10-26 04:59:57,2024-10-26,Cash,3754,33125,On Time,4304.25
1163798451,25641500,2023-10-04 03:09:32,2023-10-04,Cash,8660,42721,Significantly Delayed,2383.88
3588229485,29973346,2024-08-01 00:33:39,2024-08-01,Wallet,254,49352,Significantly Delayed,3644.32
1205823348,79478655,2024-07-29 10:13:55,2024-07-29,UPI,9924,49614,Slightly Delayed,2426.3
2867008541,99594960,2023-12-20 17:42:19,2023-12-20,Card,8989,91284,Slightly Delayed,1763.79
5794917332,12574626,2024-02-16 13:46:41,2024-02-16,Cash,1119,49073,On Time,1099.91
4726520098,48284116,2023-04-19 21:36:45,2023-04-19,Cash,5762,78911,On Time,2873.05
6251716165,93723634,2023-09-27 21:30:53,2023-09-27,Card,2728,11366,Slightly Delayed,2660.73
5991829458,80850753,2023-08-12 07:02:02,2023-08-12,UPI,7607,38043,On Time,4046.31
1142626566,27304827,2024-05-31 05:15:00,2024-05-31,Cash,208,96797,On Time,1294.71
2595161999,45586151,2023-08-12 02:19:59,2023-08-12,Card,1665,55560,On Time,3891.35
8865698939,3897936,2023-09-09 19:18:23,2023-09-09,UPI,8382,63903,On Time,1333.67
1776582175,12305040,2024-03-29 23:46:45,2024-03-29,Wallet,1810,24098,On Time,2507.31
7323157341,16543242,2024-07-01 22:47:22,2024-07-01,Wallet,2571,62964,On Time,2438.78
8997413283,45314389,2024-10-02 10:25:13,2024-10-02,Card,1840,66681,On Time,3639.44
2548452255,44776601,2023-09-18 02:09:26,2023-09-18,Wallet,4072,24605,Significantly Delayed,2112.34
7906839225,56548063,2023-10-28 15:45:23,2023-10-28,Wallet,8047,60479,On Time,1434.14
4113927200,53782978,2023-05-19 05:22:03,2023-05-19,Cash,1186,27208,On Time,4111.84
4233626614,24043135,2024-07-28 05:10:33,2024-07-28,Card,4855,92251,On Time,1487.88
2886463378,6853981,2023-12-24 19:17:51,2023-12-24,UPI,2329,84279,Significantly Delayed,141.28
1823348306,92604392,2023-06-27 09:50:08,2023-06-27,UPI,146,67696,On Time,1015.0
8706556166,84953008,2024-09-11 23:11:11,2024-09-11,Wallet,462,62877,Slightly Delayed,690.08
5139433840,77614510,2023-05-25 20:50:40,2023-05-25,Wallet,1611,51831,On Time,3480.72
769731596,97825663,2024-10-10 06:40:41,2024-10-10,Card,2471,68989,On Time,2692.05
1346090496,88202341,2023-08-18 07:48:46,2023-08-18,Cash,30,12853,On Time,2035.95
9339629293,79478655,2023-05-28 02:29:58,2023-05-28,UPI,8161,84873,Slightly Delayed,1797.71
3043993017,13455530,2023-11-25 00:38:58,2023-11-25,Wallet,1757,17792,Slightly Delayed,3205.65
274863669,39140039,2024-04-11 17:37:35,2024-04-11,Wallet,1959,28216,On Time,1785.63
3736611791,6959437,2024-10-05 07:48:45,2024-10-05,Card,4071,74097,On Time,1410.62
9628875555,11470681,2024-03-09 03:58:13,2024-03-09,Cash,17,41405,On Time,3007.93
6367306297,17201639,2023-09-25 11:13:00,2023-09-25,Cash,4611,66042,On Time,3012.27
4393113152,79695653,2024-06-02 08:12:47,2024-06-02,Cash,1903,65563,Slightly Delayed,3080.2
1239928207,79591237,2023-09-11 00:37:13,2023-09-11,UPI,1041,32011,On Time,281.73
5473002872,44030130,2024-07-07 16:39:05,2024-07-07,Card,5382,32746,On Time,755.66
6536847919,81822935,2023-06-10 19:34:51,2023-06-10,Wallet,5403,94795,On Time,5410.01
5480709564,18140588,2023-12-16 23:01:42,2023-12-16,Card,9426,12013,On Time,3731.46
1393100618,33295496,2024-09-25 01:37:46,2024-09-25,Cash,8686,29783,On Time,3502.77
6999330116,81605722,2023-04-13 00:06:06,2023-04-13,Card,4675,52664,Significantly Delayed,931.61
7816842690,1449273,2023-08-01 19:16:42,2023-08-01,Cash,3253,65271,On Time,3078.32
3186586558,9987182,2024-02-21 13:59:40,2024-02-21,Card,5556,65286,On Time,2983.4
7927955136,32293017,2023-08-27 23:56:24,2023-08-27,Cash,5721,68889,On Time,597.91
3518172697,13189939,2023-05-13 19:18:59,2023-05-13,Card,8607,30283,On Time,2809.38
4557188271,17597449,2024-05-16 06:38:40,2024-05-16,Cash,2327,95152,On Time,4693.64
2893244627,11493380,2024-10-10 18:17:29,2024-10-10,Cash,2343,27027,Slightly Delayed,3331.28
1996683408,5043760,2024-01-30 23:25:16,2024-01-30,Wallet,191,88615,Slightly Delayed,870.29
1673794089,48167795,2024-02-06 16:10:43,2024-02-06,Cash,2365,8299,On Time,891.13
9931161723,41640262,2023-07-12 19:57:22,2023-07-12,Card,6439,71373,On Time,883.44
856799416,25770577,2023-09-10 14:48:09,2023-09-10,Wallet,4839,9261,On Time,439.98
6668508959,15144290,2024-08-31 19:27:35,2024-08-31,UPI,2949,28017,On Time,2236.64
4914874727,80517784,2023-06-13 19:36:13,2023-06-13,UPI,2449,87545,On Time,2658.31
7869104895,57392064,2023-10-01 21:30:39,2023-10-01,Cash,5533,40351,On Time,1638.0
5094989752,87107263,2024-06-01 12:17:08,2024-06-01,Card,1243,58224,On Time,46.62
4305377896,19216141,2024-08-08 00:29:16,2024-08-08,Cash,4243,98259,Significantly Delayed,2737.62
7017136473,50680889,2024-03-11 20:19:32,2024-03-11,UPI,6934,97218,On Time,2783.74
3303209513,70084516,2024-03-09 03:38:10,2024-03-09,Wallet,752,51536,On Time,2662.16
8607953669,67340606,2023-06-10 10:33:47,2023-06-10,Cash,2780,43374,On Time,1274.25
1940918101,4356173,2023-10-03 18:30:51,2023-10-03,Card,3921,36605,On Time,1438.2
6494615659,10745302,2023-11-19 18:46:56,2023-11-19,Card,1534,98218,Slightly Delayed,3759.4
4280890409,42102289,2024-10-30 14:33:42,2024-10-30,Wallet,5039,14063,On Time,2926.61
7598489331,84066402,2024-07-20 15:56:26,2024-07-20,Wallet,7854,15197,Slightly Delayed,2118.48
8755280486,2566268,2024-07-30 17:33:23,2024-07-30,Cash,9166,88931,Slightly Delayed,2760.76
8281093933,67277562,2024-02-18 13:40:29,2024-02-18,Cash,489,49094,On Time,781.08
7415765726,75244116,2023-08-05 09:22:31,2023-08-05,Wallet,4389,80897,Slightly Delayed,4757.16
6266072804,60565603,2024-06-23 06:17:02,2024-06-23,Card,3867,53113,On Time,582.63
1542448934,97033691,2023-10-13 08:22:43,2023-10-13,UPI,4662,43749,On Time,2557.13
2896979776,30317733,2023-05-24 05:50:25,2023-05-24,Cash,3114,61426,On Time,690.08
169867835,59545278,2023-08-16 22:27:20,2023-08-16,Wallet,5315,73090,On Time,632.43
9493456526,77811864,2023-04-02 07:12:05,2023-04-02,Card,1337,32972,On Time,1359.05
9423261830,17597449,2023-08-24 06:24:57,2023-08-24,Cash,3847,65046,On Time,3077.08
5793453795,70543108,2024-04-13 02:33:42,2024-04-13,Cash,4479,52204,On Time,3172.62
2141680269,32797235,2024-10-25 02:05:26,2024-10-25,Cash,8112,87339,On Time,3449.94
6457122136,79764458,2023-05-19 07:38:24,2023-05-19,Cash,285,18328,Significantly Delayed,3162.28
8447536518,48160359,2023-12-20 23:53:02,2023-12-20,Cash,1132,60151,On Time,4888.47
3191672889,88223261,2024-07-07 17:51:59,2024-07-07,UPI,3711,74528,On Time,3130.58
2521995712,30285217,2023-08-21 01:43:10,2023-08-21,Cash,7878,80597,On Time,2100.16
8194578267,74313592,2023-10-11 13:48:45,2023-10-11,UPI,9932,18189,On Time,3901.21
2811341619,30188374,2024-05-24 20:17:58,2024-05-24,Cash,3931,57713,On Time,947.95
5562576298,10019218,2023-11-08 13:23:27,2023-11-08,UPI,6913,77071,Slightly Delayed,3844.75
7446009755,71767248,2023-06-15 20:49:56,2023-06-15,Wallet,9612,72606,Slightly Delayed,1324.37
7343262659,16484167,2023-04-07 06:36:05,2023-04-07,Card,2071,84731,On Time,3927.09
7147677361,97475543,2024-07-12 09:59:18,2024-07-12,Wallet,4844,85980,On Time,2543.15
8732072897,12077371,2023-06-14 10:37:11,2023-06-14,UPI,2720,81555,On Time,2358.85
6418604551,12967305,2023-07-25 19:31:47,2023-07-25,Wallet,1287,53773,On Time,4251.6
4989511905,41972994,2023-04-03 00:54:43,2023-04-03,Card,3078,13120,On Time,2654.71
2520527893,51476157,2024-10-02 01:35:34,2024-10-02,UPI,8699,59389,Significantly Delayed,3294.27
4753989820,81500385,2023-10-06 19:53:59,2023-10-06,Card,5442,25584,On Time,1939.92
8285547588,26245432,2024-01-02 23:08:51,2024-01-02,UPI,9795,15091,On Time,909.66
5824924668,49881540,2023-11-19 17:07:48,2023-11-19,UPI,4088,22803,On Time,1710.54
7703854141,86483673,2024-05-13 17:00:31,2024-05-13,Wallet,3459,53317,On Time,1659.75
7380361209,7591711,2023-06-27 10:33:07,2023-06-27,Wallet,1843,84748,On Time,2151.14
5053033745,66485571,2024-04-09 13:43:30,2024-04-09,Card,5629,39933,On Time,2322.3
4859489972,12305040,2023-07-15 17:32:59,2023-07-15,UPI,1873,14184,On Time,2081.4
9690396315,46563355,2024-09-29 11:06:50,2024-09-29,Cash,9038,21543,On Time,3891.07
448732557,80952275,2023-11-30 23:44:28,2023-11-30,Wallet,3163,18718,On Time,1385.54
4927306668,97033691,2023-06-08 23:21:25,2023-06-08,Wallet,4226,69647,On Time,898.65
1669690997,62600289,2023-12-25 15:46:20,2023-12-25,Cash,1587,90914,On Time,1132.33
8340761903,53640286,2023-11-27 09:18:43,2023-11-27,Cash,3458,27952,On Time,2372.01
5936301790,87059497,2024-06-21 19:09:09,2024-06-21,Cash,7424,9590,On Time,3158.35
5710579377,67310893,2024-06-06 14:58:13,2024-06-06,UPI,6128,29940,On Time,1918.92
2494813730,28663279,2023-08-23 12:04:18,2023-08-23,Card,5588,32851,On Time,1879.46
