order_id,delivery_partner_id,promised_time,actual_time,delivery_time_minutes,distance_km,delivery_status,reasons_if_delayed,delivery_variance_minutes,is_on_time_by_timestamp,actual_date
1961864118,63230,2024-07-17 08:52:01,2024-07-17 08:47:01,-5.0,0.96,On Time,,-5.0,True,2024-07-17
1549769649,14983,2024-05-28 13:25:29,2024-05-28 13:27:29,2.0,0.98,On Time,Traffic,2.0,False,2024-05-28
9185164487,39859,2024-09-23 13:25:12,2024-09-23 13:29:12,4.0,3.83,On Time,Traffic,4.0,False,2024-09-23
9644738826,61497,2023-11-24 16:34:56,2023-11-24 16:33:56,-1.0,2.76,On Time,,-1.0,True,2023-11-24
5427684290,84315,2023-11-20 05:17:39,2023-11-20 05:18:39,1.0,2.63,On Time,Traffic,1.0,False,2023-11-20
3265154092,554,2023-03-18 16:49:51,2023-03-18 16:48:51,-1.0,1.94,On Time,,-1.0,True,2023-03-18
4898355547,14630,2023-04-16 19:01:37,2023-04-16 19:02:37,1.0,2.2,On Time,Traffic,1.0,False,2023-04-16
6568151549,67714,2024-03-31 06:37:48,2024-03-31 06:39:48,2.0,1.3,On Time,Traffic,2.0,False,2024-03-31
6006693867,91362,2023-07-14 00:02:36,2023-07-14 00:05:36,3.0,3.38,On Time,Traffic,3.0,False,2023-07-14
374186990,77203,2023-08-09 01:37:30,2023-08-09 01:44:30,7.0,1.47,Slightly Delayed,Traffic,7.0,False,2023-08-09
4455336265,64046,2023-08-30 19:47:06,2023-08-30 19:45:06,-2.0,0.76,On Time,,-2.0,True,2023-08-30
3539286337,94899,2023-04-25 20:44:24,2023-04-25 20:39:24,-5.0,3.68,On Time,,-5.0,True,2023-04-25
9171116867,73907,2023-10-22 11:25:33,2023-10-22 11:37:33,12.0,2.23,Slightly Delayed,Traffic,12.0,False,2023-10-22
5504941865,56077,2024-01-28 02:55:11,2024-01-28 03:06:11,11.0,4.45,Slightly Delayed,Traffic,11.0,False,2024-01-28
5868326481,94140,2024-03-15 21:24:07,2024-03-15 21:21:07,-3.0,2.8,On Time,,-3.0,True,2024-03-15
2137046916,12377,2024-02-03 09:03:32,2024-02-03 09:01:32,-2.0,1.78,On Time,,-2.0,True,2024-02-03
8195544338,102,2023-04-26 04:20:57,2023-04-26 04:28:57,8.0,1.16,Slightly Delayed,Traffic,8.0,False,2023-04-26
2889700050,45032,2024-04-30 16:33:26,2024-04-30 16:36:26,3.0,3.07,On Time,Traffic,3.0,False,2024-04-30
65827885,1108,2023-07-27 00:25:05,2023-07-27 00:20:05,-5.0,1.65,On Time,,-5.0,True,2023-07-27
4656471694,62782,2023-12-09 08:27:08,2023-12-09 08:35:08,8.0,3.7,Slightly Delayed,Traffic,8.0,False,2023-12-09
6625178717,74906,2023-07-01 04:40:22,2023-07-01 04:53:22,13.0,4.22,Slightly Delayed,Traffic,13.0,False,2023-07-01
7169557514,79516,2023-03-21 05:38:13,2023-03-21 05:50:13,12.0,3.28,Slightly Delayed,Traffic,12.0,False,2023-03-21
2268306684,65733,2024-05-28 15:11:08,2024-05-28 15:10:08,-1.0,1.82,On Time,,-1.0,True,2024-05-28
6905293278,53868,2024-06-16 10:36:23,2024-06-16 11:02:23,26.0,0.58,Significantly Delayed,Traffic,26.0,False,2024-06-16
1769493463,22954,2024-06-26 07:29:47,2024-06-26 07:24:47,-5.0,1.21,On Time,,-5.0,True,2024-06-26
5003387344,21004,2024-06-23 11:05:47,2024-06-23 11:00:47,-5.0,4.52,On Time,,-5.0,True,2024-06-23
2064484752,43022,2024-05-07 23:00:49,2024-05-07 22:55:49,-5.0,2.29,On Time,,-5.0,True,2024-05-07
964822979,42914,2024-07-13 10:49:00,2024-07-13 10:47:00,-2.0,1.09,On Time,,-2.0,True,2024-07-13
6037899648,59131,2024-03-27 18:00:43,2024-03-27 18:04:43,4.0,4.56,On Time,Traffic,4.0,False,2024-03-27
9347571484,88612,2024-11-02 17:26:15,2024-11-02 17:39:15,13.0,3.29,Slightly Delayed,Traffic,13.0,False,2024-11-02
3286177534,90038,2023-06-25 00:09:15,2023-06-25 00:07:15,-2.0,3.07,On Time,,-2.0,True,2023-06-25
9073572548,28575,2023-05-02 23:25:42,2023-05-02 23:47:42,22.0,4.77,Significantly Delayed,Traffic,22.0,False,2023-05-02
8395583761,84816,2024-08-04 23:53:44,2024-08-04 23:48:44,-5.0,3.53,On Time,,-5.0,True,2024-08-04
6355378227,23910,2023-08-11 17:06:36,2023-08-11 17:05:36,-1.0,3.91,On Time,,-1.0,True,2023-08-11
277376321,78589,2024-07-28 04:45:12,2024-07-28 04:44:12,-1.0,3.85,On Time,,-1.0,True,2024-07-28
8559748526,93002,2023-04-05 18:27:19,2023-04-05 18:28:19,1.0,0.94,On Time,Traffic,1.0,False,2023-04-05
1458051433,61040,2024-04-26 09:30:56,2024-04-26 09:26:56,-4.0,2.75,On Time,,-4.0,True,2024-04-26
5838302640,30907,2023-05-12 06:02:25,2023-05-12 06:09:25,7.0,1.7,Slightly Delayed,Traffic,7.0,False,2023-05-12
1380971977,52614,2024-06-02 13:21:55,2024-06-02 13:16:55,-5.0,4.09,On Time,,-5.0,True,2024-06-02
1221099013,60689,2023-07-23 11:01:59,2023-07-23 11:03:59,2.0,3.15,On Time,Traffic,2.0,False,2023-07-23
6771166303,98179,2023-07-24 04:36:07,2023-07-24 04:48:07,12.0,2.55,Slightly Delayed,Traffic,12.0,False,2023-07-24
7111337755,84833,2023-05-06 06:07:44,2023-05-06 06:04:44,-3.0,3.44,On Time,,-3.0,True,2023-05-06
5562922993,73904,2023-12-06 02:14:19,2023-12-06 02:17:19,3.0,1.64,On Time,Traffic,3.0,False,2023-12-06
5630957897,14408,2024-06-18 07:32:42,2024-06-18 07:36:42,4.0,3.92,On Time,Traffic,4.0,False,2024-06-18
1787380558,95835,2023-11-08 17:43:58,2023-11-08 17:45:58,2.0,2.8,On Time,Traffic,2.0,False,2023-11-08
32613017,77303,2023-03-17 00:36:41,2023-03-17 00:36:41,0.0,4.0,On Time,,0.0,True,2023-03-17
2039041670,31963,2024-11-01 10:05:47,2024-11-01 10:20:47,15.0,2.12,Slightly Delayed,Traffic,15.0,False,2024-11-01
210693801,14789,2024-08-21 04:10:25,2024-08-21 04:12:25,2.0,2.5,On Time,Traffic,2.0,False,2024-08-21
8120002258,61526,2024-01-01 00:15:08,2024-01-01 00:11:08,-4.0,2.43,On Time,,-4.0,True,2024-01-01
2177917034,75636,2024-02-08 20:16:51,2024-02-08 20:25:51,9.0,0.73,Slightly Delayed,Traffic,9.0,False,2024-02-08
4254814926,1761,2024-04-21 06:34:58,2024-04-21 06:33:58,-1.0,1.74,On Time,,-1.0,True,2024-04-21
6074172790,3481,2023-07-26 02:26:37,2023-07-26 02:30:37,4.0,2.48,On Time,Traffic,4.0,False,2023-07-26
3381573131,50582,2024-07-16 00:47:21,2024-07-16 00:42:21,-5.0,4.91,On Time,,-5.0,True,2024-07-16
3773745777,97135,2024-05-02 14:58:25,2024-05-02 14:58:25,0.0,3.31,On Time,,0.0,True,2024-05-02
9251939156,57095,2023-12-30 12:51:53,2023-12-30 12:58:53,7.0,2.35,Slightly Delayed,Traffic,7.0,False,2023-12-30
3872982303,60234,2024-02-03 01:24:33,2024-02-03 01:25:33,1.0,2.6,On Time,Traffic,1.0,False,2024-02-03
2625987757,51273,2023-08-01 07:54:43,2023-08-01 07:56:43,2.0,4.7,On Time,Traffic,2.0,False,2023-08-01
3162249401,47552,2024-05-03 13:31:58,2024-05-03 13:31:58,0.0,1.72,On Time,,0.0,True,2024-05-03
3108986741,60867,2023-10-17 19:43:19,2023-10-17 19:44:19,1.0,2.09,On Time,Traffic,1.0,False,2023-10-17
1851474741,12879,2023-11-01 13:42:17,2023-11-01 13:51:17,9.0,4.09,Slightly Delayed,Traffic,9.0,False,2023-11-01
2425099132,44245,2023-08-15 01:30:08,2023-08-15 01:34:08,4.0,1.07,On Time,Traffic,4.0,False,2023-08-15
6706793332,76503,2024-10-09 22:04:33,2024-10-09 22:16:33,12.0,2.99,Slightly Delayed,Traffic,12.0,False,2024-10-09
2149289255,25251,2024-11-01 15:20:29,2024-11-01 15:39:29,19.0,2.56,Significantly Delayed,Traffic,19.0,False,2024-11-01
1971008155,30330,2023-10-23 22:43:41,2023-10-23 22:39:41,-4.0,0.86,On Time,,-4.0,True,2023-10-23
2087093460,27478,2024-07-11 11:42:57,2024-07-11 11:41:57,-1.0,0.77,On Time,,-1.0,True,2024-07-11
2116712588,34078,2023-11-11 20:48:38,2023-11-11 20:51:38,3.0,4.26,On Time,Traffic,3.0,False,2023-11-11
6054358790,52564,2024-01-26 10:31:06,2024-01-26 10:26:06,-5.0,3.96,On Time,,-5.0,True,2024-01-26
532660797,97547,2024-05-20 06:37:18,2024-05-20 06:51:18,14.0,4.9,Slightly Delayed,Traffic,14.0,False,2024-05-20
1491991005,85285,2024-03-04 09:01:03,2024-03-04 09:01:03,0.0,0.89,On Time,,0.0,True,2024-03-04
4136019599,34667,2024-03-23 18:52:14,2024-03-23 18:55:14,3.0,4.58,On Time,Traffic,3.0,False,2024-03-23
2122832513,39396,2024-02-17 19:58:14,2024-02-17 20:18:14,20.0,3.97,Significantly Delayed,Traffic,20.0,False,2024-02-17
3717703595,8041,2023-04-24 21:52:02,2023-04-24 21:51:02,-1.0,2.48,On Time,,-1.0,True,2023-04-24
3194733693,16623,2023-07-05 10:30:13,2023-07-05 10:37:13,7.0,1.74,Slightly Delayed,Traffic,7.0,False,2023-07-05
4471162437,54708,2024-02-06 12:52:50,2024-02-06 12:52:50,0.0,3.78,On Time,,0.0,True,2024-02-06
1609331948,58721,2024-01-04 14:19:21,2024-01-04 14:19:21,0.0,1.56,On Time,,0.0,True,2024-01-04
6920030794,38745,2024-06-24 02:51:36,2024-06-24 02:49:36,-2.0,3.47,On Time,,-2.0,True,2024-06-24
5127172657,80034,2024-06-11 18:30:31,2024-06-11 18:50:31,20.0,4.41,Significantly Delayed,Traffic,20.0,False,2024-06-11
8607115856,85718,2023-10-09 04:52:34,2023-10-09 04:49:34,-3.0,2.33,On Time,,-3.0,True,2023-10-09
7154957395,63099,2023-04-09 10:21:33,2023-04-09 10:21:33,0.0,2.28,On Time,,0.0,True,2023-04-09
2070762702,64950,2023-10-04 10:37:55,2023-10-04 10:52:55,15.0,3.61,Slightly Delayed,Traffic,15.0,False,2023-10-04
3697242439,67408,2024-10-15 12:47:13,2024-10-15 12:46:13,-1.0,4.71,On Time,,-1.0,True,2024-10-15
3063427913,24100,2023-09-21 02:34:46,2023-09-21 02:37:46,3.0,4.76,On Time,Traffic,3.0,False,2023-09-21
2060061337,50748,2023-04-15 23:10:08,2023-04-15 23:22:08,12.0,3.08,Slightly Delayed,Traffic,12.0,False,2023-04-15
4625892678,40337,2023-06-18 19:35:45,2023-06-18 19:39:45,4.0,2.74,On Time,Traffic,4.0,False,2023-06-18
6045698170,16848,2024-01-24 17:14:49,2024-01-24 17:19:49,5.0,3.86,On Time,Traffic,5.0,False,2024-01-24
7876289647,28786,2024-08-07 08:06:29,2024-08-07 08:18:29,12.0,2.54,Slightly Delayed,Traffic,12.0,False,2024-08-07
3434084714,58201,2024-02-02 03:06:20,2024-02-02 03:04:20,-2.0,3.51,On Time,,-2.0,True,2024-02-02
9031695663,43200,2024-01-17 01:35:06,2024-01-17 01:41:06,6.0,3.71,Slightly Delayed,Traffic,6.0,False,2024-01-17
1955989715,8135,2023-12-27 07:06:23,2023-12-27 07:08:23,2.0,4.81,On Time,Traffic,2.0,False,2023-12-27
3459500455,20504,2023-12-18 00:52:55,2023-12-18 00:54:55,2.0,2.66,On Time,Traffic,2.0,False,2023-12-18
5953376503,34929,2024-05-25 04:08:54,2024-05-25 04:24:54,16.0,0.56,Significantly Delayed,Traffic,16.0,False,2024-05-25
121874867,69733,2023-03-28 01:10:55,2023-03-28 01:05:55,-5.0,3.08,On Time,,-5.0,True,2023-03-28
2460545397,50527,2024-10-27 11:38:03,2024-10-27 11:49:03,11.0,2.53,Slightly Delayed,Traffic,11.0,False,2024-10-27
9690050839,76868,2024-01-13 02:44:24,2024-01-13 02:49:24,5.0,3.82,On Time,Traffic,5.0,False,2024-01-13
2574349065,406,2024-04-17 14:43:32,2024-04-17 14:44:32,1.0,1.72,On Time,Traffic,1.0,False,2024-04-17
2461936988,77590,2023-07-20 23:29:57,2023-07-20 23:48:57,19.0,4.4,Significantly Delayed,Traffic,19.0,False,2023-07-20
6447596416,45656,2023-10-08 18:30:29,2023-10-08 18:26:29,-4.0,4.27,On Time,,-4.0,True,2023-10-08
7228452275,96211,2023-05-13 01:25:33,2023-05-13 01:25:33,0.0,4.62,On Time,,0.0,True,2023-05-13
6696750742,89976,2023-04-02 17:54:16,2023-04-02 17:54:16,0.0,4.39,On Time,,0.0,True,2023-04-02
822235931,1773,2023-08-09 07:27:16,2023-08-09 07:42:16,15.0,1.42,Slightly Delayed,Traffic,15.0,False,2023-08-09
7678251499,60822,2023-04-23 13:37:40,2023-04-23 13:42:40,5.0,1.85,On Time,Traffic,5.0,False,2023-04-23
2497341976,42711,2023-09-21 09:19:49,2023-09-21 09:20:49,1.0,1.33,On Time,Traffic,1.0,False,2023-09-21
9107314128,21125,2024-05-20 16:37:17,2024-05-20 16:36:17,-1.0,2.2,On Time,,-1.0,True,2024-05-20
9855726256,59743,2023-05-17 08:05:53,2023-05-17 08:03:53,-2.0,0.96,On Time,,-2.0,True,2023-05-17
9398719862,4852,2024-07-19 09:40:31,2024-07-19 09:44:31,4.0,0.85,On Time,Traffic,4.0,False,2024-07-19
379494532,99227,2024-07-07 13:42:33,2024-07-07 13:44:33,2.0,3.39,On Time,Traffic,2.0,False,2024-07-07
1048784963,35552,2023-09-07 13:35:38,2023-09-07 13:30:38,-5.0,2.18,On Time,,-5.0,True,2023-09-07
4386246924,56384,2024-08-27 10:26:15,2024-08-27 10:52:15,26.0,3.44,Significantly Delayed,Traffic,26.0,False,2024-08-27
2050362692,16076,2024-10-30 11:36:04,2024-10-30 11:39:04,3.0,3.48,On Time,Traffic,3.0,False,2024-10-30
4142963293,74308,2024-11-03 04:04:46,2024-11-03 04:07:46,3.0,1.26,On Time,Traffic,3.0,False,2024-11-03
9753528654,63454,2024-07-26 07:35:16,2024-07-26 07:33:16,-2.0,1.84,On Time,,-2.0,True,2024-07-26
8126970833,83636,2024-09-14 20:41:40,2024-09-14 21:07:40,26.0,1.13,Significantly Delayed,Traffic,26.0,False,2024-09-14
9747814712,33342,2023-12-16 15:52:05,2023-12-16 15:55:05,3.0,1.23,On Time,Traffic,3.0,False,2023-12-16
6281619403,12086,2023-04-09 19:15:42,2023-04-09 19:10:42,-5.0,4.51,On Time,,-5.0,True,2023-04-09
436184281,59936,2023-11-20 12:55:18,2023-11-20 13:22:18,27.0,0.74,Significantly Delayed,Traffic,27.0,False,2023-11-20
9799231260,58378,2024-03-07 09:17:56,2024-03-07 09:21:56,4.0,0.9,On Time,Traffic,4.0,False,2024-03-07
4071811527,27993,2023-07-26 15:51:48,2023-07-26 16:00:48,9.0,2.39,Slightly Delayed,Traffic,9.0,False,2023-07-26
5645359563,45180,2024-08-08 23:45:23,2024-08-08 23:40:23,-5.0,4.78,On Time,,-5.0,True,2024-08-08
9411813703,32773,2023-09-25 23:11:09,2023-09-25 23:16:09,5.0,0.65,On Time,Traffic,5.0,False,2023-09-25
4270217473,4904,2024-02-01 09:02:55,2024-02-01 09:02:55,0.0,1.23,On Time,,0.0,True,2024-02-01
279851011,73623,2023-04-11 09:58:14,2023-04-11 09:57:14,-1.0,4.34,On Time,,-1.0,True,2023-04-11
6260524887,22883,2024-06-01 07:00:44,2024-06-01 06:56:44,-4.0,3.76,On Time,,-4.0,True,2024-06-01
5853998391,23606,2023-09-08 02:58:14,2023-09-08 02:55:14,-3.0,4.67,On Time,,-3.0,True,2023-09-08
9931976872,97297,2024-06-24 05:32:20,2024-06-24 05:28:20,-4.0,3.03,On Time,,-4.0,True,2024-06-24
8432209832,18907,2024-03-20 03:42:23,2024-03-20 03:54:23,12.0,4.17,Slightly Delayed,Traffic,12.0,False,2024-03-20
6023721507,72197,2024-04-07 00:36:29,2024-04-07 00:35:29,-1.0,2.05,On Time,,-1.0,True,2024-04-07
3042338919,70995,2023-05-17 15:05:39,2023-05-17 15:02:39,-3.0,1.33,On Time,,-3.0,True,2023-05-17
233646065,56968,2023-09-19 22:43:29,2023-09-19 22:48:29,5.0,4.89,On Time,Traffic,5.0,False,2023-09-19
9870610018,44706,2024-02-08 05:36:21,2024-02-08 05:35:21,-1.0,0.86,On Time,,-1.0,True,2024-02-08
1398230967,92744,2024-04-22 10:13:26,2024-04-22 10:09:26,-4.0,4.81,On Time,,-4.0,True,2024-04-22
8615488922,1328,2023-11-04 00:21:14,2023-11-04 00:42:14,21.0,3.94,Significantly Delayed,Traffic,21.0,False,2023-11-04
2748841057,11008,2023-12-30 05:19:21,2023-12-30 05:43:21,24.0,0.84,Significantly Delayed,Traffic,24.0,False,2023-12-30
1375867721,21511,2024-07-15 17:08:54,2024-07-15 17:05:54,-3.0,4.45,On Time,,-3.0,True,2024-07-15
8595141097,19332,2024-03-31 10:36:16,2024-03-31 10:39:16,3.0,4.33,On Time,Traffic,3.0,False,2024-03-31
4673382071,97477,2024-01-16 13:40:12,2024-01-16 13:49:12,9.0,4.9,Slightly Delayed,Traffic,9.0,False,2024-01-16
2948696008,89164,2024-04-10 10:22:48,2024-04-10 10:19:48,-3.0,2.28,On Time,,-3.0,True,2024-04-10
6839692624,44627,2023-11-19 02:10:50,2023-11-19 02:35:50,25.0,1.17,Significantly Delayed,Traffic,25.0,False,2023-11-19
5770951298,4946,2023-10-02 18:23:57,2023-10-02 18:21:57,-2.0,0.95,On Time,,-2.0,True,2023-10-02
5084771819,66403,2024-08-29 22:05:24,2024-08-29 22:18:24,13.0,1.37,Slightly Delayed,Traffic,13.0,False,2024-08-29
422403644,23782,2023-05-27 23:46:14,2023-05-27 23:54:14,8.0,0.56,Slightly Delayed,Traffic,8.0,False,2023-05-27
7176758896,75492,2023-07-13 13:00:53,2023-07-13 13:01:53,1.0,2.94,On Time,Traffic,1.0,False,2023-07-13
8252905093,40596,2024-04-21 23:29:31,2024-04-21 23:30:31,1.0,3.25,On Time,Traffic,1.0,False,2024-04-21
1488561572,31495,2024-08-27 08:32:40,2024-08-27 08:31:40,-1.0,2.51,On Time,,-1.0,True,2024-08-27
6212984517,15665,2024-03-16 22:05:29,2024-03-16 22:03:29,-2.0,1.27,On Time,,-2.0,True,2024-03-16
6309784337,23009,2024-05-06 17:53:10,2024-05-06 17:53:10,0.0,4.05,On Time,,0.0,True,2024-05-06
4613890018,82638,2023-10-24 13:00:17,2023-10-24 13:00:17,0.0,3.82,On Time,,0.0,True,2023-10-24
3429728472,77476,2023-03-31 08:48:30,2023-03-31 08:57:30,9.0,1.25,Slightly Delayed,Traffic,9.0,False,2023-03-31
267738904,73022,2023-10-24 23:24:36,2023-10-24 23:38:36,14.0,4.28,Slightly Delayed,Traffic,14.0,False,2023-10-24
3850416839,32659,2024-07-01 02:23:28,2024-07-01 02:36:28,13.0,1.32,Slightly Delayed,Traffic,13.0,False,2024-07-01
3412702479,35140,2023-12-24 07:46:20,2023-12-24 07:51:20,5.0,1.11,On Time,Traffic,5.0,False,2023-12-24
2016183232,38755,2023-07-19 04:35:07,2023-07-19 04:46:07,11.0,1.63,Slightly Delayed,Traffic,11.0,False,2023-07-19
3810280204,70290,2023-10-26 18:06:28,2023-10-26 18:10:28,4.0,0.75,On Time,Traffic,4.0,False,2023-10-26
2416767295,28144,2024-07-05 03:50:54,2024-07-05 03:59:54,9.0,1.13,Slightly Delayed,Traffic,9.0,False,2024-07-05
2283439407,58922,2023-07-14 02:28:09,2023-07-14 02:32:09,4.0,0.57,On Time,Traffic,4.0,False,2023-07-14
4328802292,66985,2023-06-14 19:57:21,2023-06-14 20:15:21,18.0,3.65,Significantly Delayed,Traffic,18.0,False,2023-06-14
7072715691,82046,2023-12-25 19:28:20,2023-12-25 19:29:20,1.0,3.65,On Time,Traffic,1.0,False,2023-12-25
5640741373,20090,2024-05-10 06:57:20,2024-05-10 06:57:20,0.0,4.34,On Time,,0.0,True,2024-05-10
6931094066,66225,2023-11-15 22:18:17,2023-11-15 22:14:17,-4.0,3.82,On Time,,-4.0,True,2023-11-15
3417088709,63738,2024-05-30 17:37:44,2024-05-30 17:58:44,21.0,1.29,Significantly Delayed,Traffic,21.0,False,2024-05-30
4424404315,8506,2023-07-16 07:36:04,2023-07-16 07:40:04,4.0,2.43,On Time,Traffic,4.0,False,2023-07-16
2444087306,75692,2023-07-28 08:35:29,2023-07-28 08:37:29,2.0,4.67,On Time,Traffic,2.0,False,2023-07-28
486085268,90390,2023-12-11 19:51:16,2023-12-11 19:56:16,5.0,0.53,On Time,Traffic,5.0,False,2023-12-11
1731312620,75316,2023-05-08 20:42:00,2023-05-08 20:41:00,-1.0,2.13,On Time,,-1.0,True,2023-05-08
6475582506,52304,2023-09-23 05:01:27,2023-09-23 05:05:27,4.0,2.09,On Time,Traffic,4.0,False,2023-09-23
1868581378,38861,2024-03-29 18:43:14,2024-03-29 18:47:14,4.0,3.94,On Time,Traffic,4.0,False,2024-03-29
8884235937,81977,2024-08-09 12:01:55,2024-08-09 12:09:55,8.0,4.57,Slightly Delayed,Traffic,8.0,False,2024-08-09
4590662628,18200,2024-01-10 12:02:31,2024-01-10 12:17:31,15.0,2.1,Slightly Delayed,Traffic,15.0,False,2024-01-10
992302540,12863,2023-11-26 21:51:11,2023-11-26 21:54:11,3.0,3.48,On Time,Traffic,3.0,False,2023-11-26
7169974633,69861,2024-10-16 16:22:22,2024-10-16 16:21:22,-1.0,2.57,On Time,,-1.0,True,2024-10-16
6703651257,4285,2024-01-17 01:43:31,2024-01-17 01:46:31,3.0,2.43,On Time,Traffic,3.0,False,2024-01-17
7180810221,59848,2023-09-10 16:58:46,2023-09-10 17:07:46,9.0,0.51,Slightly Delayed,Traffic,9.0,False,2023-09-10
7875587578,40025,2024-07-15 08:59:10,2024-07-15 09:09:10,10.0,3.53,Slightly Delayed,Traffic,10.0,False,2024-07-15
2578671497,64618,2024-01-25 00:16:47,2024-01-25 00:21:47,5.0,0.79,On Time,Traffic,5.0,False,2024-01-25
6284350691,9053,2024-06-20 01:13:52,2024-06-20 01:13:52,0.0,4.5,On Time,,0.0,True,2024-06-20
5383261788,94840,2023-10-18 21:34:10,2023-10-18 21:30:10,-4.0,2.11,On Time,,-4.0,True,2023-10-18
6590867973,23582,2023-11-20 08:55:18,2023-11-20 08:54:18,-1.0,0.73,On Time,,-1.0,True,2023-11-20
8787105023,54795,2024-05-07 23:09:29,2024-05-07 23:12:29,3.0,3.68,On Time,Traffic,3.0,False,2024-05-07
1402916311,57649,2024-04-23 13:05:28,2024-04-23 13:09:28,4.0,2.72,On Time,Traffic,4.0,False,2024-04-23
9715205272,21783,2024-10-21 22:09:22,2024-10-21 22:11:22,2.0,4.93,On Time,Traffic,2.0,False,2024-10-21
3946852375,92389,2024-07-04 12:45:55,2024-07-04 12:45:55,0.0,4.04,On Time,,0.0,True,2024-07-04
3367039425,72408,2024-03-10 03:58:29,2024-03-10 04:00:29,2.0,1.38,On Time,Traffic,2.0,False,2024-03-10
687711388,44884,2024-02-02 10:28:42,2024-02-02 10:40:42,12.0,1.67,Slightly Delayed,Traffic,12.0,False,2024-02-02
647012431,94183,2024-06-16 13:27:54,2024-06-16 13:45:54,18.0,0.92,Significantly Delayed,Traffic,18.0,False,2024-06-16
7143278295,89680,2024-02-13 15:39:08,2024-02-13 15:35:08,-4.0,1.65,On Time,,-4.0,True,2024-02-13
9736844695,87624,2024-04-09 20:18:46,2024-04-09 20:13:46,-5.0,1.4,On Time,,-5.0,True,2024-04-09
5933289680,1722,2023-12-07 04:49:24,2023-12-07 05:09:24,20.0,2.24,Significantly Delayed,Traffic,20.0,False,2023-12-07
9494303116,12071,2024-07-21 11:04:40,2024-07-21 11:09:40,5.0,3.87,On Time,Traffic,5.0,False,2024-07-21
9337878102,15234,2023-05-16 04:09:12,2023-05-16 04:05:12,-4.0,0.63,On Time,,-4.0,True,2023-05-16
6872621077,42244,2023-09-14 18:29:29,2023-09-14 18:24:29,-5.0,3.42,On Time,,-5.0,True,2023-09-14
7330237253,18688,2023-12-07 12:38:17,2023-12-07 12:37:17,-1.0,3.63,On Time,,-1.0,True,2023-12-07
7942616242,76694,2023-09-30 08:27:45,2023-09-30 08:52:45,25.0,4.96,Significantly Delayed,Traffic,25.0,False,2023-09-30
238520071,91088,2024-02-20 05:44:38,2024-02-20 05:47:38,3.0,1.92,On Time,Traffic,3.0,False,2024-02-20
5812379362,68969,2023-08-05 11:05:03,2023-08-05 11:01:03,-4.0,4.52,On Time,,-4.0,True,2023-08-05
2616623847,43649,2024-01-19 19:22:25,2024-01-19 19:37:25,15.0,4.33,Slightly Delayed,Traffic,15.0,False,2024-01-19
2040854480,11814,2023-12-10 00:22:16,2023-12-10 00:47:16,25.0,2.48,Significantly Delayed,Traffic,25.0,False,2023-12-10
5456484560,32681,2024-09-26 02:10:49,2024-09-26 02:35:49,25.0,3.76,Significantly Delayed,Traffic,25.0,False,2024-09-26
883309006,23074,2024-04-09 08:22:20,2024-04-09 08:30:20,8.0,3.46,Slightly Delayed,Traffic,8.0,False,2024-04-09
6528341992,50910,2024-01-29 03:43:43,2024-01-29 03:54:43,11.0,2.7,Slightly Delayed,Traffic,11.0,False,2024-01-29
3263203775,38308,2024-09-28 15:37:48,2024-09-28 15:36:48,-1.0,3.36,On Time,,-1.0,True,2024-09-28
3660010934,17404,2024-01-31 15:44:03,2024-01-31 15:49:03,5.0,2.74,On Time,Traffic,5.0,False,2024-01-31
7944885043,16741,2024-05-26 08:31:38,2024-05-26 08:29:38,-2.0,2.23,On Time,,-2.0,True,2024-05-26
2506369831,62473,2023-06-16 13:22:30,2023-06-16 13:35:30,13.0,4.07,Slightly Delayed,Traffic,13.0,False,2023-06-16
697061213,80729,2023-03-25 09:52:55,2023-03-25 09:55:55,3.0,1.48,On Time,Traffic,3.0,False,2023-03-25
7079057004,16501,2023-09-30 09:10:45,2023-09-30 09:32:45,22.0,3.58,Significantly Delayed,Traffic,22.0,False,2023-09-30
1556153632,45137,2024-05-04 08:54:19,2024-05-04 09:03:19,9.0,0.75,Slightly Delayed,Traffic,9.0,False,2024-05-04
2161235338,96206,2024-04-12 15:12:38,2024-04-12 15:21:38,9.0,4.68,Slightly Delayed,Traffic,9.0,False,2024-04-12
1247978468,30662,2024-07-19 02:13:39,2024-07-19 02:12:39,-1.0,1.56,On Time,,-1.0,True,2024-07-19
5437627061,39894,2024-08-22 02:15:33,2024-08-22 02:16:33,1.0,4.76,On Time,Traffic,1.0,False,2024-08-22
9091960039,51540,2024-02-11 10:04:55,2024-02-11 10:04:55,0.0,2.76,On Time,,0.0,True,2024-02-11
619198317,83654,2023-11-20 17:16:35,2023-11-20 17:11:35,-5.0,4.77,On Time,,-5.0,True,2023-11-20
9833179291,97223,2023-05-04 18:52:00,2023-05-04 18:48:00,-4.0,0.59,On Time,,-4.0,True,2023-05-04
4148760273,55805,2024-05-22 01:55:57,2024-05-22 01:58:57,3.0,4.35,On Time,Traffic,3.0,False,2024-05-22
7206041763,1128,2023-05-30 19:35:37,2023-05-30 19:37:37,2.0,2.69,On Time,Traffic,2.0,False,2023-05-30
690097648,92460,2023-12-27 20:30:22,2023-12-27 20:40:22,10.0,1.87,Slightly Delayed,Traffic,10.0,False,2023-12-27
4197061567,48139,2024-02-04 03:31:32,2024-02-04 03:33:32,2.0,0.66,On Time,Traffic,2.0,False,2024-02-04
2009394836,71878,2023-10-24 22:25:10,2023-10-24 22:23:10,-2.0,3.18,On Time,,-2.0,True,2023-10-24
277502363,18055,2023-12-28 14:04:57,2023-12-28 14:09:57,5.0,4.14,On Time,Traffic,5.0,False,2023-12-28
4356959622,94308,2024-01-16 07:56:08,2024-01-16 07:51:08,-5.0,3.45,On Time,,-5.0,True,2024-01-16
174306009,35598,2024-08-09 00:35:44,2024-08-09 01:02:44,27.0,1.41,Significantly Delayed,Traffic,27.0,False,2024-08-09
9582674091,16055,2024-08-16 11:39:21,2024-08-16 12:01:21,22.0,3.55,Significantly Delayed,Traffic,22.0,False,2024-08-16
8675579025,13158,2024-07-06 12:15:17,2024-07-06 12:17:17,2.0,3.41,On Time,Traffic,2.0,False,2024-07-06
5195999941,12987,2024-07-19 19:07:00,2024-07-19 19:21:00,14.0,2.34,Slightly Delayed,Traffic,14.0,False,2024-07-19
5210007923,94672,2024-10-01 05:24:34,2024-10-01 05:25:34,1.0,2.16,On Time,Traffic,1.0,False,2024-10-01
6595771960,72175,2023-04-05 03:36:22,2023-04-05 03:40:22,4.0,1.75,On Time,Traffic,4.0,False,2023-04-05
4247338382,85815,2023-12-05 02:11:24,2023-12-05 02:40:24,29.0,4.26,Significantly Delayed,Traffic,29.0,False,2023-12-05
819143326,73801,2024-01-10 19:34:29,2024-01-10 19:39:29,5.0,4.37,On Time,Traffic,5.0,False,2024-01-10
3830844750,95930,2023-08-06 16:07:31,2023-08-06 16:04:31,-3.0,4.35,On Time,,-3.0,True,2023-08-06
1687314172,86120,2024-03-13 19:00:43,2024-03-13 19:03:43,3.0,3.7,On Time,Traffic,3.0,False,2024-03-13
6756007265,48609,2023-07-27 18:37:10,2023-07-27 18:42:10,5.0,4.05,On Time,Traffic,5.0,False,2023-07-27
489762747,93825,2024-09-27 16:52:39,2024-09-27 17:18:39,26.0,3.26,Significantly Delayed,Traffic,26.0,False,2024-09-27
7509195875,96839,2023-11-26 20:11:46,2023-11-26 20:14:46,3.0,4.89,On Time,Traffic,3.0,False,2023-11-26
2370917070,13883,2023-07-25 06:11:42,2023-07-25 06:16:42,5.0,2.92,On Time,Traffic,5.0,False,2023-07-25
2055388266,80608,2023-06-23 06:41:41,2023-06-23 06:49:41,8.0,1.43,Slightly Delayed,Traffic,8.0,False,2023-06-23
8969304162,67811,2023-10-12 15:03:50,2023-10-12 15:02:50,-1.0,1.66,On Time,,-1.0,True,2023-10-12
5412674107,15617,2024-10-06 22:00:05,2024-10-06 22:02:05,2.0,1.75,On Time,Traffic,2.0,False,2024-10-06
1536516619,44378,2023-11-25 08:10:28,2023-11-25 08:15:28,5.0,2.48,On Time,Traffic,5.0,False,2023-11-25
3858907413,29907,2023-07-27 18:45:30,2023-07-27 18:45:30,0.0,4.53,On Time,,0.0,True,2023-07-27
4976389251,89142,2023-09-05 10:13:35,2023-09-05 10:08:35,-5.0,1.42,On Time,,-5.0,True,2023-09-05
2218319201,957,2024-11-01 03:12:02,2024-11-01 03:11:02,-1.0,3.58,On Time,,-1.0,True,2024-11-01
6729422433,99898,2023-07-19 13:55:45,2023-07-19 14:01:45,6.0,2.81,Slightly Delayed,Traffic,6.0,False,2023-07-19
1354097448,10089,2023-06-21 17:53:21,2023-06-21 17:55:21,2.0,1.71,On Time,Traffic,2.0,False,2023-06-21
8952275304,95373,2024-08-31 08:22:32,2024-08-31 08:22:32,0.0,1.27,On Time,,0.0,True,2024-08-31
436603801,64535,2023-12-28 10:14:53,2023-12-28 10:11:53,-3.0,3.24,On Time,,-3.0,True,2023-12-28
5273875984,60888,2023-05-31 03:45:44,2023-05-31 03:59:44,14.0,0.98,Slightly Delayed,Traffic,14.0,False,2023-05-31
9290203003,44829,2024-04-01 12:31:55,2024-04-01 12:36:55,5.0,1.9,On Time,Traffic,5.0,False,2024-04-01
6240982373,16774,2023-04-26 03:27:48,2023-04-26 03:24:48,-3.0,0.97,On Time,,-3.0,True,2023-04-26
2718348206,66580,2023-11-08 10:37:06,2023-11-08 10:33:06,-4.0,2.16,On Time,,-4.0,True,2023-11-08
4903544026,7486,2024-05-11 04:45:41,2024-05-11 04:50:41,5.0,4.24,On Time,Traffic,5.0,False,2024-05-11
2827266949,24708,2024-09-17 08:10:52,2024-09-17 08:18:52,8.0,0.86,Slightly Delayed,Traffic,8.0,False,2024-09-17
4278423074,23667,2023-12-17 05:02:47,2023-12-17 05:05:47,3.0,1.71,On Time,Traffic,3.0,False,2023-12-17
645916247,98927,2023-10-10 03:03:20,2023-10-10 03:32:20,29.0,3.22,Significantly Delayed,Traffic,29.0,False,2023-10-10
5816647866,84702,2024-09-26 05:23:41,2024-09-26 05:40:41,17.0,1.15,Significantly Delayed,Traffic,17.0,False,2024-09-26
7282397914,26008,2024-07-14 01:35:08,2024-07-14 01:40:08,5.0,2.19,On Time,Traffic,5.0,False,2024-07-14
3260611473,28392,2024-02-06 13:54:26,2024-02-06 14:12:26,18.0,2.73,Significantly Delayed,Traffic,18.0,False,2024-02-06
8638163868,29019,2023-06-07 03:41:59,2023-06-07 03:46:59,5.0,1.66,On Time,Traffic,5.0,False,2023-06-07
177850987,61247,2023-11-07 14:25:48,2023-11-07 14:22:48,-3.0,2.9,On Time,,-3.0,True,2023-11-07
9653859166,72058,2023-03-16 19:36:51,2023-03-16 19:50:51,14.0,0.95,Slightly Delayed,Traffic,14.0,False,2023-03-16
9991338690,50037,2024-07-29 11:45:33,2024-07-29 11:46:33,1.0,2.15,On Time,Traffic,1.0,False,2024-07-29
1714593246,11180,2024-10-20 10:02:38,2024-10-20 10:04:38,2.0,1.89,On Time,Traffic,2.0,False,2024-10-20
9742461226,16877,2024-01-01 00:43:00,2024-01-01 00:40:00,-3.0,1.16,On Time,,-3.0,True,2024-01-01
3314393477,37197,2024-10-26 13:49:56,2024-10-26 13:52:56,3.0,4.51,On Time,Traffic,3.0,False,2024-10-26
4188317986,48031,2023-03-20 01:56:55,2023-03-20 02:06:55,10.0,2.74,Slightly Delayed,Traffic,10.0,False,2023-03-20
1646665366,59753,2024-07-26 19:01:20,2024-07-26 19:13:20,12.0,3.22,Slightly Delayed,Traffic,12.0,False,2024-07-26
9558804585,32740,2024-03-15 12:09:19,2024-03-15 12:15:19,6.0,1.81,Slightly Delayed,Traffic,6.0,False,2024-03-15
9047652469,27774,2024-08-05 03:28:47,2024-08-05 03:23:47,-5.0,3.21,On Time,,-5.0,True,2024-08-05
2893800377,54327,2024-03-22 11:57:50,2024-03-22 11:53:50,-4.0,4.56,On Time,,-4.0,True,2024-03-22
6139157985,23927,2024-02-03 13:51:26,2024-02-03 14:13:26,22.0,1.17,Significantly Delayed,Traffic,22.0,False,2024-02-03
6029394789,28593,2023-04-30 06:23:14,2023-04-30 06:32:14,9.0,2.43,Slightly Delayed,Traffic,9.0,False,2023-04-30
5874940276,22218,2024-04-11 06:45:42,2024-04-11 06:40:42,-5.0,1.62,On Time,,-5.0,True,2024-04-11
5205211911,38835,2024-09-27 18:52:45,2024-09-27 19:06:45,14.0,0.86,Slightly Delayed,Traffic,14.0,False,2024-09-27
5314758068,68342,2024-02-03 00:36:30,2024-02-03 00:46:30,10.0,2.53,Slightly Delayed,Traffic,10.0,False,2024-02-03
484869710,41598,2023-09-09 12:05:42,2023-09-09 12:08:42,3.0,4.8,On Time,Traffic,3.0,False,2023-09-09
9957728938,64839,2024-08-05 21:43:11,2024-08-05 21:59:11,16.0,4.11,Significantly Delayed,Traffic,16.0,False,2024-08-05
3136056666,60976,2024-04-29 03:40:15,2024-04-29 03:52:15,12.0,2.35,Slightly Delayed,Traffic,12.0,False,2024-04-29
4926104391,13060,2023-10-24 08:02:01,2023-10-24 08:16:01,14.0,3.91,Slightly Delayed,Traffic,14.0,False,2023-10-24
1827844756,78517,2023-04-07 11:43:25,2023-04-07 11:46:25,3.0,1.67,On Time,Traffic,3.0,False,2023-04-07
7032037874,59618,2024-06-13 19:17:38,2024-06-13 19:17:38,0.0,2.75,On Time,,0.0,True,2024-06-13
3779230503,52785,2023-07-11 05:30:38,2023-07-11 05:29:38,-1.0,2.32,On Time,,-1.0,True,2023-07-11
3473012553,99684,2024-02-16 21:48:26,2024-02-16 22:14:26,26.0,3.48,Significantly Delayed,Traffic,26.0,False,2024-02-16
7988504487,86506,2024-05-14 11:42:09,2024-05-14 11:41:09,-1.0,1.73,On Time,,-1.0,True,2024-05-14
7193792738,91241,2024-06-05 15:49:59,2024-06-05 15:53:59,4.0,2.36,On Time,Traffic,4.0,False,2024-06-05
1533583386,40902,2023-08-28 20:27:24,2023-08-28 20:24:24,-3.0,4.03,On Time,,-3.0,True,2023-08-28
7750989397,42583,2024-01-07 01:20:22,2024-01-07 01:24:22,4.0,2.23,On Time,Traffic,4.0,False,2024-01-07
4434816229,17469,2023-09-14 07:10:00,2023-09-14 07:05:00,-5.0,4.05,On Time,,-5.0,True,2023-09-14
6896732047,29664,2024-04-18 18:08:30,2024-04-18 18:06:30,-2.0,4.18,On Time,,-2.0,True,2024-04-18
4740837071,70,2023-11-01 15:42:13,2023-11-01 15:47:13,5.0,4.31,On Time,Traffic,5.0,False,2023-11-01
6649631729,9599,2024-09-30 09:39:51,2024-09-30 09:38:51,-1.0,0.86,On Time,,-1.0,True,2024-09-30
5351526726,18337,2023-03-28 19:08:51,2023-03-28 19:04:51,-4.0,2.79,On Time,,-4.0,True,2023-03-28
1506082041,80462,2023-05-04 08:00:45,2023-05-04 07:57:45,-3.0,1.04,On Time,,-3.0,True,2023-05-04
1023260165,93967,2024-02-16 19:23:29,2024-02-16 19:23:29,0.0,3.36,On Time,,0.0,True,2024-02-16
8257032403,71946,2024-09-18 21:34:58,2024-09-18 21:37:58,3.0,2.03,On Time,Traffic,3.0,False,2024-09-18
7216524192,79713,2024-09-01 16:33:34,2024-09-01 16:30:34,-3.0,3.33,On Time,,-3.0,True,2024-09-01
8619795820,68794,2024-09-04 09:30:19,2024-09-04 09:51:19,21.0,4.22,Significantly Delayed,Traffic,21.0,False,2024-09-04
6494708839,36208,2023-06-18 16:18:43,2023-06-18 16:19:43,1.0,4.68,On Time,Traffic,1.0,False,2023-06-18
9859249765,19900,2024-05-13 14:10:42,2024-05-13 14:07:42,-3.0,4.49,On Time,,-3.0,True,2024-05-13
3528020011,32566,2023-11-12 12:01:12,2023-11-12 12:04:12,3.0,2.96,On Time,Traffic,3.0,False,2023-11-12
5937934264,41221,2024-09-11 19:35:19,2024-09-11 19:50:19,15.0,1.83,Slightly Delayed,Traffic,15.0,False,2024-09-11
2976477423,2591,2023-08-17 07:47:10,2023-08-17 07:47:10,0.0,2.26,On Time,,0.0,True,2023-08-17
1002438039,52508,2024-02-17 03:44:02,2024-02-17 03:43:02,-1.0,1.4,On Time,,-1.0,True,2024-02-17
2571163022,59402,2024-02-06 22:20:16,2024-02-06 22:34:16,14.0,4.14,Slightly Delayed,Traffic,14.0,False,2024-02-06
6850221497,43013,2024-07-21 22:52:39,2024-07-21 22:47:39,-5.0,3.02,On Time,,-5.0,True,2024-07-21
4706569127,74560,2023-07-27 18:51:32,2023-07-27 18:56:32,5.0,4.56,On Time,Traffic,5.0,False,2023-07-27
8168261752,18998,2024-04-22 06:30:39,2024-04-22 06:53:39,23.0,2.24,Significantly Delayed,Traffic,23.0,False,2024-04-22
5828325906,34564,2023-12-04 11:59:56,2023-12-04 11:57:56,-2.0,4.29,On Time,,-2.0,True,2023-12-04
5012271549,31783,2024-09-21 10:19:21,2024-09-21 10:47:21,28.0,2.59,Significantly Delayed,Traffic,28.0,False,2024-09-21
8110316958,29001,2024-01-30 19:48:34,2024-01-30 19:45:34,-3.0,1.73,On Time,,-3.0,True,2024-01-30
3190808443,42099,2024-01-10 09:00:54,2024-01-10 08:56:54,-4.0,0.54,On Time,,-4.0,True,2024-01-10
7175472728,95658,2023-09-12 12:01:20,2023-09-12 12:01:20,0.0,4.77,On Time,,0.0,True,2023-09-12
6011117738,8264,2024-01-07 11:01:31,2024-01-07 11:04:31,3.0,1.47,On Time,Traffic,3.0,False,2024-01-07
5592928753,96131,2024-08-23 20:59:57,2024-08-23 21:10:57,11.0,3.13,Slightly Delayed,Traffic,11.0,False,2024-08-23
3952040848,16761,2024-05-09 00:41:37,2024-05-09 00:39:37,-2.0,4.44,On Time,,-2.0,True,2024-05-09
7026479520,82300,2024-07-17 22:17:57,2024-07-17 22:19:57,2.0,3.2,On Time,Traffic,2.0,False,2024-07-17
6572695161,11353,2024-03-18 08:32:53,2024-03-18 08:32:53,0.0,0.88,On Time,,0.0,True,2024-03-18
9090769419,45133,2024-09-02 03:29:47,2024-09-02 03:25:47,-4.0,2.74,On Time,,-4.0,True,2024-09-02
5979489110,8681,2023-09-07 08:03:52,2023-09-07 08:05:52,2.0,1.9,On Time,Traffic,2.0,False,2023-09-07
964698323,88842,2024-09-30 23:34:20,2024-09-30 23:39:20,5.0,2.87,On Time,Traffic,5.0,False,2024-09-30
2304242664,76144,2024-03-21 08:47:02,2024-03-21 08:47:02,0.0,2.7,On Time,,0.0,True,2024-03-21
2483843748,62504,2023-05-24 09:35:37,2023-05-24 09:38:37,3.0,0.78,On Time,Traffic,3.0,False,2023-05-24
2560588609,48964,2024-06-21 01:35:07,2024-06-21 01:36:07,1.0,1.87,On Time,Traffic,1.0,False,2024-06-21
9268920928,26193,2023-07-05 12:44:39,2023-07-05 12:48:39,4.0,1.7,On Time,Traffic,4.0,False,2023-07-05
9554019312,24936,2023-09-08 02:10:46,2023-09-08 02:05:46,-5.0,3.54,On Time,,-5.0,True,2023-09-08
3749174258,32618,2024-02-13 07:59:49,2024-02-13 08:10:49,11.0,2.28,Slightly Delayed,Traffic,11.0,False,2024-02-13
3947164241,82928,2024-11-04 20:43:15,2024-11-04 20:47:15,4.0,3.26,On Time,Traffic,4.0,False,2024-11-04
487327038,84314,2023-10-05 00:41:02,2023-10-05 00:44:02,3.0,1.42,On Time,Traffic,3.0,False,2023-10-05
8830321199,6336,2024-08-10 06:17:16,2024-08-10 06:32:16,15.0,1.29,Slightly Delayed,Traffic,15.0,False,2024-08-10
3811318591,44363,2023-07-07 13:10:03,2023-07-07 13:08:03,-2.0,4.0,On Time,,-2.0,True,2023-07-07
6795601573,52656,2023-12-13 02:49:49,2023-12-13 02:45:49,-4.0,3.02,On Time,,-4.0,True,2023-12-13
2348495717,80421,2023-06-27 01:11:54,2023-06-27 01:11:54,0.0,3.49,On Time,,0.0,True,2023-06-27
9505736584,32176,2024-06-04 05:50:56,2024-06-04 06:08:56,18.0,2.92,Significantly Delayed,Traffic,18.0,False,2024-06-04
1857227304,24481,2024-03-19 08:01:02,2024-03-19 08:05:02,4.0,3.14,On Time,Traffic,4.0,False,2024-03-19
5506485302,21250,2023-05-19 06:53:57,2023-05-19 06:48:57,-5.0,2.4,On Time,,-5.0,True,2023-05-19
6074837981,2837,2024-04-20 13:08:11,2024-04-20 13:06:11,-2.0,3.59,On Time,,-2.0,True,2024-04-20
4150569633,40413,2023-10-29 11:37:51,2023-10-29 12:01:51,24.0,3.71,Significantly Delayed,Traffic,24.0,False,2023-10-29
609838437,34363,2023-12-13 05:18:58,2023-12-13 05:13:58,-5.0,1.66,On Time,,-5.0,True,2023-12-13
5229657139,96161,2023-10-03 12:08:27,2023-10-03 12:21:27,13.0,2.36,Slightly Delayed,Traffic,13.0,False,2023-10-03
2589639350,90443,2023-08-01 11:06:34,2023-08-01 11:03:34,-3.0,3.06,On Time,,-3.0,True,2023-08-01
7656948165,8275,2023-06-07 10:41:28,2023-06-07 10:54:28,13.0,2.72,Slightly Delayed,Traffic,13.0,False,2023-06-07
1806563605,16607,2023-12-24 00:41:24,2023-12-24 00:45:24,4.0,2.11,On Time,Traffic,4.0,False,2023-12-24
359819834,70910,2023-12-27 12:56:23,2023-12-27 13:25:23,29.0,1.31,Significantly Delayed,Traffic,29.0,False,2023-12-27
1908423841,62488,2023-10-28 05:07:00,2023-10-28 05:08:00,1.0,1.43,On Time,Traffic,1.0,False,2023-10-28
299859815,62089,2024-01-16 03:03:51,2024-01-16 03:13:51,10.0,4.11,Slightly Delayed,Traffic,10.0,False,2024-01-16
923659418,24003,2023-04-16 13:32:50,2023-04-16 13:33:50,1.0,2.11,On Time,Traffic,1.0,False,2023-04-16
3560625119,64562,2023-05-13 20:04:58,2023-05-13 20:14:58,10.0,2.61,Slightly Delayed,Traffic,10.0,False,2023-05-13
7111490680,9546,2024-01-24 19:29:43,2024-01-24 19:37:43,8.0,1.85,Slightly Delayed,Traffic,8.0,False,2024-01-24
5766981431,55608,2024-01-14 04:42:49,2024-01-14 04:47:49,5.0,4.34,On Time,Traffic,5.0,False,2024-01-14
8609945311,66475,2024-05-03 10:10:04,2024-05-03 10:07:04,-3.0,3.22,On Time,,-3.0,True,2024-05-03
1691260635,74826,2024-06-17 10:35:39,2024-06-17 10:39:39,4.0,3.43,On Time,Traffic,4.0,False,2024-06-17
8742091504,69967,2023-07-03 23:41:52,2023-07-03 23:54:52,13.0,3.54,Slightly Delayed,Traffic,13.0,False,2023-07-03
1997833025,77103,2023-07-28 23:39:23,2023-07-28 23:37:23,-2.0,2.37,On Time,,-2.0,True,2023-07-28
3588296877,73215,2024-08-13 08:19:17,2024-08-13 08:44:17,25.0,3.92,Significantly Delayed,Traffic,25.0,False,2024-08-13
2404804990,38923,2023-12-24 12:50:31,2023-12-24 12:59:31,9.0,3.6,Slightly Delayed,Traffic,9.0,False,2023-12-24
8091385479,66240,2024-04-09 15:31:24,2024-04-09 15:36:24,5.0,1.44,On Time,Traffic,5.0,False,2024-04-09
7133174424,63462,2023-06-22 03:42:19,2023-06-22 03:43:19,1.0,1.38,On Time,Traffic,1.0,False,2023-06-22
6110446321,60577,2024-10-27 02:11:26,2024-10-27 02:14:26,3.0,4.49,On Time,Traffic,3.0,False,2024-10-27
6964586050,40358,2024-08-04 18:49:03,2024-08-04 18:45:03,-4.0,2.19,On Time,,-4.0,True,2024-08-04
2351986014,34744,2023-04-21 13:04:41,2023-04-21 13:16:41,12.0,1.66,Slightly Delayed,Traffic,12.0,False,2023-04-21
352569720,23236,2023-06-23 00:39:26,2023-06-23 00:34:26,-5.0,4.29,On Time,,-5.0,True,2023-06-23
1235280275,90779,2023-08-09 22:57:03,2023-08-09 22:58:03,1.0,1.62,On Time,Traffic,1.0,False,2023-08-09
9399859705,31133,2023-10-29 01:29:16,2023-10-29 01:24:16,-5.0,1.12,On Time,,-5.0,True,2023-10-29
7530379037,79485,2024-08-02 19:58:04,2024-08-02 20:03:04,5.0,4.3,On Time,Traffic,5.0,False,2024-08-02
5952886441,23150,2024-03-12 11:39:17,2024-03-12 11:37:17,-2.0,3.27,On Time,,-2.0,True,2024-03-12
5815833211,78640,2024-02-08 19:27:31,2024-02-08 19:27:31,0.0,4.11,On Time,,0.0,True,2024-02-08
7307394687,28767,2024-05-01 11:04:18,2024-05-01 10:59:18,-5.0,4.97,On Time,,-5.0,True,2024-05-01
6033014029,31624,2024-10-21 14:09:53,2024-10-21 14:20:53,11.0,2.16,Slightly Delayed,Traffic,11.0,False,2024-10-21
1409944718,92890,2023-08-19 14:25:37,2023-08-19 14:28:37,3.0,4.11,On Time,Traffic,3.0,False,2023-08-19
1811382200,97252,2023-08-25 19:20:17,2023-08-25 19:16:17,-4.0,1.62,On Time,,-4.0,True,2023-08-25
4485391413,91131,2023-12-21 09:15:06,2023-12-21 09:19:06,4.0,3.19,On Time,Traffic,4.0,False,2023-12-21
4076279641,25713,2023-07-12 17:35:25,2023-07-12 17:43:25,8.0,3.35,Slightly Delayed,Traffic,8.0,False,2023-07-12
2965387566,57502,2023-08-16 11:55:40,2023-08-16 12:00:40,5.0,3.9,On Time,Traffic,5.0,False,2023-08-16
9397774189,38813,2023-06-28 08:29:42,2023-06-28 08:26:42,-3.0,3.57,On Time,,-3.0,True,2023-06-28
1437159967,69843,2024-06-07 01:59:08,2024-06-07 01:58:08,-1.0,0.58,On Time,,-1.0,True,2024-06-07
8397785448,99345,2024-09-04 03:11:31,2024-09-04 03:15:31,4.0,1.34,On Time,Traffic,4.0,False,2024-09-04
2778606949,16105,2024-10-13 14:09:43,2024-10-13 14:09:43,0.0,2.56,On Time,,0.0,True,2024-10-13
1774096863,51118,2023-06-13 05:47:19,2023-06-13 05:47:19,0.0,3.85,On Time,,0.0,True,2023-06-13
1497256618,24651,2023-04-26 23:38:32,2023-04-26 23:41:32,3.0,3.64,On Time,Traffic,3.0,False,2023-04-26
734095510,6790,2024-06-03 21:44:06,2024-06-03 21:47:06,3.0,4.78,On Time,Traffic,3.0,False,2024-06-03
5755859055,8522,2024-10-30 14:37:27,2024-10-30 14:54:27,17.0,1.07,Significantly Delayed,Traffic,17.0,False,2024-10-30
5840290569,92356,2023-09-18 04:09:40,2023-09-18 04:08:40,-1.0,4.15,On Time,,-1.0,True,2023-09-18
8200985533,92929,2024-01-08 07:39:54,2024-01-08 07:36:54,-3.0,4.54,On Time,,-3.0,True,2024-01-08
3255590064,88039,2023-04-21 04:51:28,2023-04-21 04:54:28,3.0,0.57,On Time,Traffic,3.0,False,2023-04-21
4258404747,91951,2024-10-11 02:30:11,2024-10-11 02:29:11,-1.0,1.33,On Time,,-1.0,True,2024-10-11
2455161115,23471,2024-01-29 09:17:28,2024-01-29 09:17:28,0.0,0.68,On Time,,0.0,True,2024-01-29
4448004569,49742,2024-01-10 02:13:49,2024-01-10 02:08:49,-5.0,1.77,On Time,,-5.0,True,2024-01-10
5951090793,35150,2024-04-20 19:26:47,2024-04-20 19:29:47,3.0,4.97,On Time,Traffic,3.0,False,2024-04-20
7402491996,15459,2024-07-14 07:02:07,2024-07-14 07:04:07,2.0,1.19,On Time,Traffic,2.0,False,2024-07-14
8532411923,82328,2024-07-16 19:12:51,2024-07-16 19:19:51,7.0,4.22,Slightly Delayed,Traffic,7.0,False,2024-07-16
7130555385,48673,2024-01-16 14:55:27,2024-01-16 15:07:27,12.0,4.26,Slightly Delayed,Traffic,12.0,False,2024-01-16
4338197132,9198,2024-10-11 07:23:49,2024-10-11 07:19:49,-4.0,4.4,On Time,,-4.0,True,2024-10-11
8044366071,31310,2023-04-30 14:14:24,2023-04-30 14:19:24,5.0,3.38,On Time,Traffic,5.0,False,2023-04-30
4135251774,81045,2024-10-09 12:06:45,2024-10-09 12:05:45,-1.0,2.86,On Time,,-1.0,True,2024-10-09
6331483812,45259,2024-09-06 22:57:14,2024-09-06 23:06:14,9.0,0.54,Slightly Delayed,Traffic,9.0,False,2024-09-06
6705171000,64847,2023-09-04 20:42:35,2023-09-04 20:42:35,0.0,4.31,On Time,,0.0,True,2023-09-04
7850128898,29466,2024-06-28 07:48:48,2024-06-28 08:05:48,17.0,3.07,Significantly Delayed,Traffic,17.0,False,2024-06-28
3602554049,77387,2023-07-28 15:16:30,2023-07-28 15:35:30,19.0,1.84,Significantly Delayed,Traffic,19.0,False,2023-07-28
1070259187,61963,2023-06-09 11:18:16,2023-06-09 11:19:16,1.0,1.5,On Time,Traffic,1.0,False,2023-06-09
8412338399,67313,2024-10-28 19:05:06,2024-10-28 19:11:06,6.0,2.1,Slightly Delayed,Traffic,6.0,False,2024-10-28
1478022303,23035,2023-12-31 16:13:50,2023-12-31 16:08:50,-5.0,1.19,On Time,,-5.0,True,2023-12-31
2376108199,27586,2024-05-13 16:23:25,2024-05-13 16:27:25,4.0,4.27,On Time,Traffic,4.0,False,2024-05-13
5243035202,1015,2024-10-20 00:49:24,2024-10-20 00:45:24,-4.0,2.6,On Time,,-4.0,True,2024-10-20
3687581971,63325,2024-10-05 14:15:42,2024-10-05 14:28:42,13.0,4.62,Slightly Delayed,Traffic,13.0,False,2024-10-05
7008586055,67465,2023-05-24 05:23:04,2023-05-24 05:41:04,18.0,3.94,Significantly Delayed,Traffic,18.0,False,2023-05-24
5142069216,60557,2024-02-25 15:21:22,2024-02-25 15:21:22,0.0,4.56,On Time,,0.0,True,2024-02-25
4152441944,46535,2023-04-25 10:33:51,2023-04-25 10:32:51,-1.0,2.98,On Time,,-1.0,True,2023-04-25
5601670348,47213,2024-10-29 00:34:22,2024-10-29 00:45:22,11.0,4.64,Slightly Delayed,Traffic,11.0,False,2024-10-29
605105099,39281,2023-12-30 08:32:15,2023-12-30 08:30:15,-2.0,2.32,On Time,,-2.0,True,2023-12-30
4054936140,5888,2024-04-19 08:19:53,2024-04-19 08:24:53,5.0,4.95,On Time,Traffic,5.0,False,2024-04-19
8741892156,10769,2023-11-15 05:02:43,2023-11-15 05:12:43,10.0,1.27,Slightly Delayed,Traffic,10.0,False,2023-11-15
9143640828,902,2023-07-18 13:25:02,2023-07-18 13:33:02,8.0,0.83,Slightly Delayed,Traffic,8.0,False,2023-07-18
6900876252,80644,2024-02-21 17:10:14,2024-02-21 17:05:14,-5.0,0.55,On Time,,-5.0,True,2024-02-21
9801174908,33767,2024-04-27 11:59:38,2024-04-27 12:07:38,8.0,2.38,Slightly Delayed,Traffic,8.0,False,2024-04-27
551343632,89726,2024-02-20 20:04:10,2024-02-20 20:06:10,2.0,0.79,On Time,Traffic,2.0,False,2024-02-20
7961173808,3302,2023-06-05 00:42:45,2023-06-05 00:37:45,-5.0,0.58,On Time,,-5.0,True,2023-06-05
328909145,32899,2024-09-26 16:53:13,2024-09-26 16:57:13,4.0,1.52,On Time,Traffic,4.0,False,2024-09-26
5551173528,16125,2024-11-03 06:17:51,2024-11-03 06:21:51,4.0,1.24,On Time,Traffic,4.0,False,2024-11-03
4461788759,90986,2024-04-23 20:56:08,2024-04-23 21:01:08,5.0,3.67,On Time,Traffic,5.0,False,2024-04-23
7256212429,87815,2024-03-16 22:15:36,2024-03-16 22:15:36,0.0,1.74,On Time,,0.0,True,2024-03-16
9104077642,20446,2024-10-24 13:36:46,2024-10-24 13:35:46,-1.0,2.5,On Time,,-1.0,True,2024-10-24
2914056235,86053,2024-01-02 13:10:42,2024-01-02 13:10:42,0.0,2.9,On Time,,0.0,True,2024-01-02
9127632807,72143,2023-05-30 13:25:30,2023-05-30 13:30:30,5.0,0.77,On Time,Traffic,5.0,False,2023-05-30
6070154414,72709,2023-06-19 19:24:34,2023-06-19 19:29:34,5.0,1.12,On Time,Traffic,5.0,False,2023-06-19
2318969828,37500,2023-03-26 20:22:49,2023-03-26 20:19:49,-3.0,1.54,On Time,,-3.0,True,2023-03-26
3813047994,90983,2023-12-20 00:11:10,2023-12-20 00:07:10,-4.0,4.11,On Time,,-4.0,True,2023-12-20
1416102774,99752,2024-04-27 16:46:05,2024-04-27 16:59:05,13.0,3.89,Slightly Delayed,Traffic,13.0,False,2024-04-27
8086834412,90596,2024-03-08 19:36:33,2024-03-08 19:34:33,-2.0,2.96,On Time,,-2.0,True,2024-03-08
6193826826,81908,2023-08-05 01:25:47,2023-08-05 01:28:47,3.0,4.12,On Time,Traffic,3.0,False,2023-08-05
8444509148,85993,2024-02-21 22:45:12,2024-02-21 22:46:12,1.0,2.07,On Time,Traffic,1.0,False,2024-02-21
42332130,54725,2024-10-17 17:18:04,2024-10-17 17:15:04,-3.0,4.62,On Time,,-3.0,True,2024-10-17
6009342120,11837,2024-03-02 09:13:40,2024-03-02 09:20:40,7.0,2.55,Slightly Delayed,Traffic,7.0,False,2024-03-02
4818516411,14473,2023-10-09 12:27:11,2023-10-09 12:24:11,-3.0,0.77,On Time,,-3.0,True,2023-10-09
1039229544,89340,2024-08-10 17:14:09,2024-08-10 17:10:09,-4.0,4.0,On Time,,-4.0,True,2024-08-10
1515943657,65345,2023-09-07 18:40:15,2023-09-07 18:44:15,4.0,2.85,On Time,Traffic,4.0,False,2023-09-07
9183547951,76728,2024-01-20 20:10:24,2024-01-20 20:09:24,-1.0,3.84,On Time,,-1.0,True,2024-01-20
8478376092,68285,2023-04-17 02:17:57,2023-04-17 02:18:57,1.0,4.44,On Time,Traffic,1.0,False,2023-04-17
1454073903,31737,2023-09-16 09:09:33,2023-09-16 09:16:33,7.0,1.07,Slightly Delayed,Traffic,7.0,False,2023-09-16
2855402284,28578,2023-07-30 01:02:32,2023-07-30 01:05:32,3.0,1.43,On Time,Traffic,3.0,False,2023-07-30
7245730533,51934,2024-05-26 08:09:37,2024-05-26 08:22:37,13.0,3.72,Slightly Delayed,Traffic,13.0,False,2024-05-26
2272892659,68804,2023-07-26 10:59:54,2023-07-26 11:10:54,11.0,3.17,Slightly Delayed,Traffic,11.0,False,2023-07-26
9087377568,37895,2024-02-21 02:34:52,2024-02-21 02:33:52,-1.0,0.61,On Time,,-1.0,True,2024-02-21
8443685057,52458,2023-07-02 01:57:40,2023-07-02 01:59:40,2.0,4.12,On Time,Traffic,2.0,False,2023-07-02
1590988730,33843,2023-12-21 22:41:21,2023-12-21 22:41:21,0.0,1.82,On Time,,0.0,True,2023-12-21
7357811417,7496,2024-09-29 09:54:08,2024-09-29 09:53:08,-1.0,2.74,On Time,,-1.0,True,2024-09-29
394951937,34174,2024-04-24 18:12:02,2024-04-24 18:17:02,5.0,2.64,On Time,Traffic,5.0,False,2024-04-24
3967445448,61413,2023-11-02 15:08:51,2023-11-02 15:07:51,-1.0,1.0,On Time,,-1.0,True,2023-11-02
6101022928,8083,2024-10-02 18:26:29,2024-10-02 18:31:29,5.0,2.35,On Time,Traffic,5.0,False,2024-10-02
6322372546,8035,2024-02-19 10:16:21,2024-02-19 10:35:21,19.0,3.99,Significantly Delayed,Traffic,19.0,False,2024-02-19
9778782281,10170,2023-04-14 21:54:40,2023-04-14 22:07:40,13.0,1.54,Slightly Delayed,Traffic,13.0,False,2023-04-14
3867563962,7531,2023-12-24 17:39:37,2023-12-24 17:34:37,-5.0,1.13,On Time,,-5.0,True,2023-12-24
9277710098,71248,2023-04-02 16:48:17,2023-04-02 16:58:17,10.0,1.62,Slightly Delayed,Traffic,10.0,False,2023-04-02
7669322773,58926,2023-08-29 13:20:04,2023-08-29 13:22:04,2.0,4.08,On Time,Traffic,2.0,False,2023-08-29
3917427529,26537,2024-10-12 12:18:44,2024-10-12 12:33:44,15.0,3.25,Slightly Delayed,Traffic,15.0,False,2024-10-12
1934158144,30587,2024-04-02 17:23:27,2024-04-02 17:28:27,5.0,2.0,On Time,Traffic,5.0,False,2024-04-02
3157338466,92146,2023-08-24 16:16:23,2023-08-24 16:11:23,-5.0,0.71,On Time,,-5.0,True,2023-08-24
9640662474,20774,2024-04-09 14:27:50,2024-04-09 14:38:50,11.0,3.54,Slightly Delayed,Traffic,11.0,False,2024-04-09
2356272189,68709,2024-04-09 02:20:11,2024-04-09 02:21:11,1.0,1.61,On Time,Traffic,1.0,False,2024-04-09
1380510406,52711,2024-07-27 20:31:20,2024-07-27 20:35:20,4.0,0.78,On Time,Traffic,4.0,False,2024-07-27
8008377895,43415,2023-06-26 13:29:29,2023-06-26 13:58:29,29.0,4.97,Significantly Delayed,Traffic,29.0,False,2023-06-26
3680678403,7068,2023-03-31 00:33:37,2023-03-31 00:34:37,1.0,1.06,On Time,Traffic,1.0,False,2023-03-31
2847236502,97878,2024-07-16 11:07:30,2024-07-16 11:10:30,3.0,4.81,On Time,Traffic,3.0,False,2024-07-16
5212392063,31900,2024-06-17 03:00:31,2024-06-17 02:58:31,-2.0,3.59,On Time,,-2.0,True,2024-06-17
3804024939,17974,2024-01-27 21:31:51,2024-01-27 21:32:51,1.0,3.59,On Time,Traffic,1.0,False,2024-01-27
5395870775,66722,2024-08-01 19:33:33,2024-08-01 19:29:33,-4.0,4.3,On Time,,-4.0,True,2024-08-01
511736499,49116,2024-10-24 21:33:11,2024-10-24 21:38:11,5.0,1.88,On Time,Traffic,5.0,False,2024-10-24
2895886759,67136,2023-09-07 22:39:10,2023-09-07 22:45:10,6.0,2.56,Slightly Delayed,Traffic,6.0,False,2023-09-07
6638513435,33099,2024-08-04 13:21:07,2024-08-04 13:18:07,-3.0,2.01,On Time,,-3.0,True,2024-08-04
4168083780,55172,2024-06-09 04:48:32,2024-06-09 04:49:32,1.0,1.79,On Time,Traffic,1.0,False,2024-06-09
2501516144,56299,2024-10-01 09:25:18,2024-10-01 09:23:18,-2.0,3.25,On Time,,-2.0,True,2024-10-01
7141387557,73154,2023-08-18 21:32:53,2023-08-18 21:30:53,-2.0,1.86,On Time,,-2.0,True,2023-08-18
2747350024,13307,2024-08-16 13:31:40,2024-08-16 13:30:40,-1.0,4.75,On Time,,-1.0,True,2024-08-16
9503407492,40500,2023-08-25 22:56:34,2023-08-25 23:14:34,18.0,4.98,Significantly Delayed,Traffic,18.0,False,2023-08-25
4845607487,84614,2023-03-17 19:02:57,2023-03-17 19:05:57,3.0,3.65,On Time,Traffic,3.0,False,2023-03-17
2051769691,58157,2023-09-06 16:38:21,2023-09-06 16:33:21,-5.0,0.58,On Time,,-5.0,True,2023-09-06
1092990139,53064,2024-10-01 01:33:29,2024-10-01 01:37:29,4.0,4.37,On Time,Traffic,4.0,False,2024-10-01
5527612319,48508,2024-09-12 00:12:55,2024-09-12 00:12:55,0.0,1.13,On Time,,0.0,True,2024-09-12
8852367079,5117,2024-04-07 05:25:02,2024-04-07 05:27:02,2.0,1.95,On Time,Traffic,2.0,False,2024-04-07
1666202264,32884,2023-05-07 10:39:06,2023-05-07 10:45:06,6.0,1.93,Slightly Delayed,Traffic,6.0,False,2023-05-07
8606484804,49631,2024-06-18 15:37:30,2024-06-18 15:43:30,6.0,4.72,Slightly Delayed,Traffic,6.0,False,2024-06-18
8905341102,5762,2024-02-08 04:28:21,2024-02-08 04:27:21,-1.0,4.88,On Time,,-1.0,True,2024-02-08
5418735913,92033,2024-07-11 11:56:20,2024-07-11 11:54:20,-2.0,3.74,On Time,,-2.0,True,2024-07-11
970377475,2460,2024-09-03 22:57:37,2024-09-03 22:56:37,-1.0,3.62,On Time,,-1.0,True,2024-09-03
7320527109,76831,2024-01-18 12:58:56,2024-01-18 12:57:56,-1.0,1.77,On Time,,-1.0,True,2024-01-18
5120698,48582,2023-06-09 12:25:20,2023-06-09 12:40:20,15.0,4.82,Slightly Delayed,Traffic,15.0,False,2023-06-09
3812396179,54016,2023-07-22 08:46:43,2023-07-22 08:41:43,-5.0,4.05,On Time,,-5.0,True,2023-07-22
8178951021,80840,2024-03-24 19:08:35,2024-03-24 19:26:35,18.0,2.67,Significantly Delayed,Traffic,18.0,False,2024-03-24
2479115586,6845,2024-03-14 18:51:17,2024-03-14 18:55:17,4.0,2.28,On Time,Traffic,4.0,False,2024-03-14
6239453389,63625,2023-10-08 01:30:57,2023-10-08 01:26:57,-4.0,4.5,On Time,,-4.0,True,2023-10-08
3136508414,94346,2024-07-22 15:33:23,2024-07-22 15:30:23,-3.0,4.05,On Time,,-3.0,True,2024-07-22
5521273487,98929,2024-05-18 15:16:26,2024-05-18 15:42:26,26.0,1.94,Significantly Delayed,Traffic,26.0,False,2024-05-18
5445047872,66,2023-10-17 05:49:18,2023-10-17 05:54:18,5.0,1.85,On Time,Traffic,5.0,False,2023-10-17
3678525130,82096,2023-03-20 18:33:25,2023-03-20 18:35:25,2.0,4.74,On Time,Traffic,2.0,False,2023-03-20
9328056960,99744,2024-08-14 06:36:10,2024-08-14 06:43:10,7.0,2.58,Slightly Delayed,Traffic,7.0,False,2024-08-14
2109203997,72612,2024-05-04 18:35:04,2024-05-04 18:47:04,12.0,3.92,Slightly Delayed,Traffic,12.0,False,2024-05-04
556665455,18521,2024-02-08 01:22:11,2024-02-08 01:49:11,27.0,2.43,Significantly Delayed,Traffic,27.0,False,2024-02-08
6573705785,13849,2023-11-23 12:49:22,2023-11-23 12:45:22,-4.0,4.68,On Time,,-4.0,True,2023-11-23
2609502403,70771,2024-10-31 18:35:21,2024-10-31 18:37:21,2.0,0.9,On Time,Traffic,2.0,False,2024-10-31
1463293930,55394,2024-06-06 14:41:05,2024-06-06 14:36:05,-5.0,0.57,On Time,,-5.0,True,2024-06-06
8132887999,7931,2024-02-25 16:24:58,2024-02-25 16:35:58,11.0,3.77,Slightly Delayed,Traffic,11.0,False,2024-02-25
7178789018,53062,2023-09-12 09:09:53,2023-09-12 09:06:53,-3.0,3.9,On Time,,-3.0,True,2023-09-12
2295700159,61371,2024-03-11 12:48:17,2024-03-11 12:55:17,7.0,1.35,Slightly Delayed,Traffic,7.0,False,2024-03-11
9277089038,75267,2023-04-15 20:21:46,2023-04-15 20:29:46,8.0,4.2,Slightly Delayed,Traffic,8.0,False,2023-04-15
145057465,2353,2024-11-02 09:09:51,2024-11-02 09:04:51,-5.0,1.62,On Time,,-5.0,True,2024-11-02
9452353274,4535,2024-10-10 19:37:15,2024-10-10 19:38:15,1.0,4.42,On Time,Traffic,1.0,False,2024-10-10
5434328922,57029,2024-02-08 07:46:10,2024-02-08 07:44:10,-2.0,0.77,On Time,,-2.0,True,2024-02-08
3327051807,26018,2023-10-02 17:06:07,2023-10-02 17:09:07,3.0,0.96,On Time,Traffic,3.0,False,2023-10-02
1461604569,49871,2024-04-26 02:18:57,2024-04-26 02:17:57,-1.0,3.85,On Time,,-1.0,True,2024-04-26
606518084,96049,2023-10-28 16:21:12,2023-10-28 16:21:12,0.0,4.31,On Time,,0.0,True,2023-10-28
7637625389,47591,2023-10-15 20:38:10,2023-10-15 20:43:10,5.0,1.57,On Time,Traffic,5.0,False,2023-10-15
7311621328,62428,2024-04-07 02:48:51,2024-04-07 03:18:51,30.0,0.52,Significantly Delayed,Traffic,30.0,False,2024-04-07
8790217194,60118,2024-03-25 01:39:32,2024-03-25 01:52:32,13.0,1.76,Slightly Delayed,Traffic,13.0,False,2024-03-25
1772445313,87117,2023-07-21 00:41:42,2023-07-21 00:44:42,3.0,1.4,On Time,Traffic,3.0,False,2023-07-21
159394992,28600,2024-08-06 06:59:30,2024-08-06 07:00:30,1.0,2.13,On Time,Traffic,1.0,False,2024-08-06
7992910755,85359,2023-07-12 09:26:08,2023-07-12 09:54:08,28.0,1.99,Significantly Delayed,Traffic,28.0,False,2023-07-12
1786931285,76004,2023-06-29 04:59:55,2023-06-29 04:55:55,-4.0,3.08,On Time,,-4.0,True,2023-06-29
2225520858,13646,2023-11-22 13:18:16,2023-11-22 13:16:16,-2.0,3.21,On Time,,-2.0,True,2023-11-22
5635738740,49965,2023-09-28 14:45:27,2023-09-28 14:45:27,0.0,0.82,On Time,,0.0,True,2023-09-28
2230824358,47833,2023-05-24 15:39:07,2023-05-24 15:53:07,14.0,1.33,Slightly Delayed,Traffic,14.0,False,2023-05-24
9217211301,89404,2023-06-15 10:35:23,2023-06-15 10:32:23,-3.0,1.26,On Time,,-3.0,True,2023-06-15
4501870609,42567,2024-07-10 08:28:58,2024-07-10 08:33:58,5.0,2.15,On Time,Traffic,5.0,False,2024-07-10
838401679,83793,2023-07-23 07:40:40,2023-07-23 07:55:40,15.0,3.0,Slightly Delayed,Traffic,15.0,False,2023-07-23
9587315528,92673,2024-08-07 00:21:21,2024-08-07 00:26:21,5.0,1.12,On Time,Traffic,5.0,False,2024-08-07
3122936945,65301,2023-05-06 23:26:29,2023-05-06 23:25:29,-1.0,0.97,On Time,,-1.0,True,2023-05-06
6093390755,60889,2023-11-24 13:36:41,2023-11-24 13:39:41,3.0,1.17,On Time,Traffic,3.0,False,2023-11-24
2032956677,17988,2024-05-02 21:43:42,2024-05-02 21:50:42,7.0,3.45,Slightly Delayed,Traffic,7.0,False,2024-05-02
1488430001,40079,2024-08-04 15:26:28,2024-08-04 15:40:28,14.0,3.83,Slightly Delayed,Traffic,14.0,False,2024-08-04
615391848,2990,2024-09-12 21:57:22,2024-09-12 21:53:22,-4.0,3.51,On Time,,-4.0,True,2024-09-12
8686093533,5503,2024-02-06 06:08:02,2024-02-06 06:04:02,-4.0,4.08,On Time,,-4.0,True,2024-02-06
7038758506,88037,2023-05-08 06:34:49,2023-05-08 06:39:49,5.0,3.71,On Time,Traffic,5.0,False,2023-05-08
2385966456,8862,2023-08-22 08:04:07,2023-08-22 08:11:07,7.0,3.99,Slightly Delayed,Traffic,7.0,False,2023-08-22
259622674,43788,2023-05-05 00:47:33,2023-05-05 00:52:33,5.0,4.25,On Time,Traffic,5.0,False,2023-05-05
2580381935,19165,2024-05-05 10:03:12,2024-05-05 10:03:12,0.0,0.56,On Time,,0.0,True,2024-05-05
5035471587,221,2024-01-05 02:16:57,2024-01-05 02:17:57,1.0,3.86,On Time,Traffic,1.0,False,2024-01-05
9421270813,26657,2024-04-22 06:18:15,2024-04-22 06:23:15,5.0,4.69,On Time,Traffic,5.0,False,2024-04-22
1831516625,25932,2024-03-29 20:21:02,2024-03-29 20:28:02,7.0,4.68,Slightly Delayed,Traffic,7.0,False,2024-03-29
1918841793,10305,2024-06-17 21:18:29,2024-06-17 21:14:29,-4.0,2.34,On Time,,-4.0,True,2024-06-17
1757159071,38383,2024-03-13 10:13:17,2024-03-13 10:21:17,8.0,1.28,Slightly Delayed,Traffic,8.0,False,2024-03-13
7589464630,17706,2024-07-12 13:30:16,2024-07-12 13:39:16,9.0,4.41,Slightly Delayed,Traffic,9.0,False,2024-07-12
1577085460,52709,2023-09-22 10:11:14,2023-09-22 10:08:14,-3.0,2.54,On Time,,-3.0,True,2023-09-22
2279018877,88797,2024-06-10 14:43:22,2024-06-10 14:57:22,14.0,3.4,Slightly Delayed,Traffic,14.0,False,2024-06-10
7431412128,77224,2023-05-29 04:19:50,2023-05-29 04:22:50,3.0,2.93,On Time,Traffic,3.0,False,2023-05-29
8781520615,42606,2024-04-14 08:26:14,2024-04-14 08:27:14,1.0,1.71,On Time,Traffic,1.0,False,2024-04-14
1276192882,15637,2024-01-08 07:45:48,2024-01-08 07:42:48,-3.0,4.08,On Time,,-3.0,True,2024-01-08
4065794921,43280,2024-03-21 11:25:24,2024-03-21 11:50:24,25.0,2.02,Significantly Delayed,Traffic,25.0,False,2024-03-21
1690800946,16850,2023-03-29 14:57:35,2023-03-29 14:59:35,2.0,0.73,On Time,Traffic,2.0,False,2023-03-29
877883470,55423,2023-06-07 13:50:04,2023-06-07 13:58:04,8.0,1.93,Slightly Delayed,Traffic,8.0,False,2023-06-07
7322044533,92064,2023-10-13 23:54:34,2023-10-14 00:06:34,12.0,4.98,Slightly Delayed,Traffic,12.0,False,2023-10-14
5243163885,12230,2023-05-19 13:45:25,2023-05-19 13:48:25,3.0,2.88,On Time,Traffic,3.0,False,2023-05-19
4360255357,68222,2023-05-14 08:13:31,2023-05-14 08:21:31,8.0,3.72,Slightly Delayed,Traffic,8.0,False,2023-05-14
9623306038,56254,2023-11-10 05:43:21,2023-11-10 05:42:21,-1.0,3.54,On Time,,-1.0,True,2023-11-10
6282385286,9399,2023-10-28 07:01:45,2023-10-28 07:05:45,4.0,2.21,On Time,Traffic,4.0,False,2023-10-28
1001900652,85241,2024-09-08 20:19:07,2024-09-08 20:32:07,13.0,0.53,Slightly Delayed,Traffic,13.0,False,2024-09-08
5161988291,53927,2024-07-01 01:10:01,2024-07-01 01:05:01,-5.0,4.28,On Time,,-5.0,True,2024-07-01
3597752998,71654,2024-04-03 13:44:54,2024-04-03 13:44:54,0.0,3.13,On Time,,0.0,True,2024-04-03
9074325310,83788,2024-04-23 16:27:59,2024-04-23 16:32:59,5.0,3.35,On Time,Traffic,5.0,False,2024-04-23
8875965392,6325,2024-01-22 19:19:23,2024-01-22 19:20:23,1.0,2.12,On Time,Traffic,1.0,False,2024-01-22
971081962,62842,2024-08-29 01:55:23,2024-08-29 01:53:23,-2.0,0.56,On Time,,-2.0,True,2024-08-29
1948332638,84415,2024-06-08 17:27:02,2024-06-08 17:32:02,5.0,2.86,On Time,Traffic,5.0,False,2024-06-08
1785558780,85573,2024-06-28 17:10:00,2024-06-28 17:06:00,-4.0,2.32,On Time,,-4.0,True,2024-06-28
7590462053,235,2024-06-26 16:49:40,2024-06-26 16:50:40,1.0,0.69,On Time,Traffic,1.0,False,2024-06-26
2135743860,22083,2024-03-22 08:34:49,2024-03-22 08:39:49,5.0,2.05,On Time,Traffic,5.0,False,2024-03-22
9851365751,83505,2023-10-03 16:23:50,2023-10-03 16:18:50,-5.0,3.35,On Time,,-5.0,True,2023-10-03
9243090480,95377,2023-03-21 20:03:16,2023-03-21 20:32:16,29.0,1.48,Significantly Delayed,Traffic,29.0,False,2023-03-21
7168596454,1608,2023-03-22 02:56:18,2023-03-22 03:04:18,8.0,3.42,Slightly Delayed,Traffic,8.0,False,2023-03-22
2483565595,25691,2023-03-24 06:30:52,2023-03-24 06:33:52,3.0,2.28,On Time,Traffic,3.0,False,2023-03-24
2484470052,54869,2024-01-09 19:48:32,2024-01-09 19:51:32,3.0,3.52,On Time,Traffic,3.0,False,2024-01-09
7702588270,93742,2024-04-26 20:57:36,2024-04-26 20:54:36,-3.0,3.23,On Time,,-3.0,True,2024-04-26
5992338333,91077,2023-04-03 23:47:44,2023-04-03 23:47:44,0.0,1.51,On Time,,0.0,True,2023-04-03
9196796718,37270,2023-07-06 22:00:44,2023-07-06 22:04:44,4.0,1.05,On Time,Traffic,4.0,False,2023-07-06
3291765954,20788,2023-08-30 07:17:43,2023-08-30 07:22:43,5.0,0.79,On Time,Traffic,5.0,False,2023-08-30
652616858,25092,2023-05-22 12:10:45,2023-05-22 12:17:45,7.0,4.0,Slightly Delayed,Traffic,7.0,False,2023-05-22
2613508245,74072,2023-12-28 17:01:38,2023-12-28 16:56:38,-5.0,3.67,On Time,,-5.0,True,2023-12-28
8169361928,2274,2024-01-10 15:31:09,2024-01-10 15:35:09,4.0,2.97,On Time,Traffic,4.0,False,2024-01-10
9395982132,33721,2023-07-05 12:31:11,2023-07-05 12:35:11,4.0,3.3,On Time,Traffic,4.0,False,2023-07-05
1914701538,84345,2023-07-09 14:19:48,2023-07-09 14:22:48,3.0,4.07,On Time,Traffic,3.0,False,2023-07-09
6236279358,24906,2024-05-26 05:36:47,2024-05-26 06:03:47,27.0,3.51,Significantly Delayed,Traffic,27.0,False,2024-05-26
2288561509,92861,2023-12-04 19:39:13,2023-12-04 19:46:13,7.0,2.78,Slightly Delayed,Traffic,7.0,False,2023-12-04
2010415757,80134,2024-06-20 09:00:21,2024-06-20 08:57:21,-3.0,0.75,On Time,,-3.0,True,2024-06-20
7164827734,62683,2023-03-16 08:27:44,2023-03-16 08:24:44,-3.0,2.41,On Time,,-3.0,True,2023-03-16
7971819985,65541,2024-04-15 02:58:52,2024-04-15 02:53:52,-5.0,1.42,On Time,,-5.0,True,2024-04-15
8234021674,28230,2024-01-29 11:13:13,2024-01-29 11:16:13,3.0,2.96,On Time,Traffic,3.0,False,2024-01-29
4274404843,59305,2024-09-30 02:01:49,2024-09-30 02:04:49,3.0,3.88,On Time,Traffic,3.0,False,2024-09-30
7353519273,49934,2023-09-22 13:15:20,2023-09-22 13:18:20,3.0,4.96,On Time,Traffic,3.0,False,2023-09-22
8539612501,14166,2024-09-20 13:41:47,2024-09-20 13:55:47,14.0,1.39,Slightly Delayed,Traffic,14.0,False,2024-09-20
5894327065,29930,2024-03-15 13:47:58,2024-03-15 13:56:58,9.0,3.0,Slightly Delayed,Traffic,9.0,False,2024-03-15
77053363,3429,2023-05-04 19:38:43,2023-05-04 19:38:43,0.0,2.79,On Time,,0.0,True,2023-05-04
4467084478,68868,2024-03-03 12:58:19,2024-03-03 13:12:19,14.0,1.25,Slightly Delayed,Traffic,14.0,False,2024-03-03
3514036230,93410,2023-07-11 03:17:24,2023-07-11 03:22:24,5.0,4.9,On Time,Traffic,5.0,False,2023-07-11
4720421794,35894,2024-01-16 07:09:16,2024-01-16 07:24:16,15.0,3.78,Slightly Delayed,Traffic,15.0,False,2024-01-16
3202903413,52139,2023-08-04 18:51:57,2023-08-04 18:53:57,2.0,3.39,On Time,Traffic,2.0,False,2023-08-04
6938082428,60137,2024-03-08 20:53:16,2024-03-08 20:59:16,6.0,4.41,Slightly Delayed,Traffic,6.0,False,2024-03-08
9202941711,2000,2024-03-24 14:58:54,2024-03-24 15:02:54,4.0,4.85,On Time,Traffic,4.0,False,2024-03-24
8963522960,58520,2023-11-02 03:00:47,2023-11-02 03:03:47,3.0,2.14,On Time,Traffic,3.0,False,2023-11-02
9266835891,69070,2024-06-13 02:31:05,2024-06-13 02:30:05,-1.0,0.85,On Time,,-1.0,True,2024-06-13
5265722064,46962,2023-07-16 02:49:21,2023-07-16 02:48:21,-1.0,1.85,On Time,,-1.0,True,2023-07-16
5514326011,75658,2024-02-04 16:28:37,2024-02-04 16:29:37,1.0,1.6,On Time,Traffic,1.0,False,2024-02-04
9578652103,79729,2024-03-13 05:30:39,2024-03-13 05:27:39,-3.0,2.62,On Time,,-3.0,True,2024-03-13
3559061334,57403,2023-06-09 13:38:53,2023-06-09 13:49:53,11.0,3.12,Slightly Delayed,Traffic,11.0,False,2023-06-09
637944734,35435,2023-04-01 09:35:52,2023-04-01 09:39:52,4.0,2.16,On Time,Traffic,4.0,False,2023-04-01
7454643275,72097,2024-07-14 09:00:33,2024-07-14 08:57:33,-3.0,3.9,On Time,,-3.0,True,2024-07-14
4319342350,11958,2024-08-27 20:34:26,2024-08-27 20:56:26,22.0,4.35,Significantly Delayed,Traffic,22.0,False,2024-08-27
7568450733,63512,2023-04-09 08:33:53,2023-04-09 08:30:53,-3.0,4.36,On Time,,-3.0,True,2023-04-09
734744305,80005,2024-06-08 12:14:34,2024-06-08 12:17:34,3.0,2.06,On Time,Traffic,3.0,False,2024-06-08
5233331050,84617,2023-05-01 16:53:35,2023-05-01 16:56:35,3.0,3.36,On Time,Traffic,3.0,False,2023-05-01
8326867788,56875,2023-09-20 01:25:39,2023-09-20 01:25:39,0.0,2.53,On Time,,0.0,True,2023-09-20
8368819094,11640,2024-08-15 03:08:26,2024-08-15 03:07:26,-1.0,2.67,On Time,,-1.0,True,2024-08-15
8700151605,74364,2023-08-04 09:32:27,2023-08-04 09:57:27,25.0,4.17,Significantly Delayed,Traffic,25.0,False,2023-08-04
6269179048,23727,2023-11-11 16:04:53,2023-11-11 16:02:53,-2.0,1.07,On Time,,-2.0,True,2023-11-11
1265254177,16267,2023-09-24 14:29:04,2023-09-24 14:27:04,-2.0,3.55,On Time,,-2.0,True,2023-09-24
9858963919,50340,2023-07-02 07:02:46,2023-07-02 07:31:46,29.0,3.87,Significantly Delayed,Traffic,29.0,False,2023-07-02
7279564594,45499,2024-01-19 10:03:36,2024-01-19 09:59:36,-4.0,1.86,On Time,,-4.0,True,2024-01-19
6983253839,83688,2024-04-03 20:46:42,2024-04-03 20:47:42,1.0,4.36,On Time,Traffic,1.0,False,2024-04-03
9479808024,72459,2023-10-16 05:54:38,2023-10-16 05:50:38,-4.0,2.46,On Time,,-4.0,True,2023-10-16
3583522679,68563,2023-09-06 12:08:56,2023-09-06 12:09:56,1.0,0.96,On Time,Traffic,1.0,False,2023-09-06
1923226423,76715,2024-07-28 07:54:08,2024-07-28 07:56:08,2.0,3.73,On Time,Traffic,2.0,False,2024-07-28
664198080,4941,2023-08-12 06:42:49,2023-08-12 06:41:49,-1.0,2.9,On Time,,-1.0,True,2023-08-12
4224700084,78588,2024-08-28 23:36:09,2024-08-28 23:36:09,0.0,2.73,On Time,,0.0,True,2024-08-28
969621016,16277,2024-01-23 19:34:23,2024-01-23 19:39:23,5.0,2.17,On Time,Traffic,5.0,False,2024-01-23
8178275820,78985,2024-04-05 10:00:05,2024-04-05 10:12:05,12.0,2.27,Slightly Delayed,Traffic,12.0,False,2024-04-05
4949766982,86551,2024-09-11 00:33:18,2024-09-11 00:37:18,4.0,2.3,On Time,Traffic,4.0,False,2024-09-11
5258344385,16549,2023-10-14 18:08:54,2023-10-14 18:12:54,4.0,1.13,On Time,Traffic,4.0,False,2023-10-14
8101930640,50876,2023-06-12 06:00:25,2023-06-12 06:05:25,5.0,4.71,On Time,Traffic,5.0,False,2023-06-12
6703316563,91135,2024-01-25 18:07:37,2024-01-25 18:22:37,15.0,4.65,Slightly Delayed,Traffic,15.0,False,2024-01-25
7680297690,79007,2024-02-12 07:11:34,2024-02-12 07:13:34,2.0,4.55,On Time,Traffic,2.0,False,2024-02-12
7256340388,87987,2023-10-08 07:35:22,2023-10-08 08:04:22,29.0,3.92,Significantly Delayed,Traffic,29.0,False,2023-10-08
2538269668,36761,2023-06-23 08:27:16,2023-06-23 08:27:16,0.0,2.15,On Time,,0.0,True,2023-06-23
7506762237,17180,2023-06-10 01:56:16,2023-06-10 02:19:16,23.0,4.76,Significantly Delayed,Traffic,23.0,False,2023-06-10
6585436114,97963,2024-03-13 22:01:46,2024-03-13 22:08:46,7.0,2.49,Slightly Delayed,Traffic,7.0,False,2024-03-13
9852996866,4260,2024-06-26 12:54:19,2024-06-26 12:49:19,-5.0,1.69,On Time,,-5.0,True,2024-06-26
1991135167,17609,2023-12-19 20:30:46,2023-12-19 20:31:46,1.0,1.43,On Time,Traffic,1.0,False,2023-12-19
7765110772,66182,2024-06-01 22:10:06,2024-06-01 22:07:06,-3.0,3.16,On Time,,-3.0,True,2024-06-01
3520718052,91411,2023-07-07 23:52:08,2023-07-07 23:52:08,0.0,3.85,On Time,,0.0,True,2023-07-07
5388573375,45401,2024-03-07 13:01:53,2024-03-07 13:01:53,0.0,4.54,On Time,,0.0,True,2024-03-07
8977771682,45258,2023-04-29 18:30:35,2023-04-29 18:27:35,-3.0,3.31,On Time,,-3.0,True,2023-04-29
3596900942,46019,2023-11-03 09:55:26,2023-11-03 10:08:26,13.0,2.24,Slightly Delayed,Traffic,13.0,False,2023-11-03
155295996,5364,2024-06-29 03:16:57,2024-06-29 03:20:57,4.0,2.14,On Time,Traffic,4.0,False,2024-06-29
1945536198,34218,2023-05-03 15:08:29,2023-05-03 15:12:29,4.0,2.21,On Time,Traffic,4.0,False,2023-05-03
2550246555,36017,2023-04-06 14:39:46,2023-04-06 14:47:46,8.0,2.42,Slightly Delayed,Traffic,8.0,False,2023-04-06
4287631655,18788,2023-11-15 04:35:13,2023-11-15 04:56:13,21.0,0.53,Significantly Delayed,Traffic,21.0,False,2023-11-15
2033683703,62688,2024-01-24 17:49:29,2024-01-24 18:05:29,16.0,0.78,Significantly Delayed,Traffic,16.0,False,2024-01-24
9453583714,39114,2023-09-01 04:29:52,2023-09-01 04:26:52,-3.0,2.23,On Time,,-3.0,True,2023-09-01
852886125,85502,2023-07-14 02:18:44,2023-07-14 02:14:44,-4.0,3.55,On Time,,-4.0,True,2023-07-14
5705899665,75481,2024-05-27 19:31:33,2024-05-27 19:30:33,-1.0,4.91,On Time,,-1.0,True,2024-05-27
5706043483,86219,2024-07-17 19:10:41,2024-07-17 19:14:41,4.0,4.04,On Time,Traffic,4.0,False,2024-07-17
5190422833,17583,2023-03-27 11:43:42,2023-03-27 11:42:42,-1.0,4.34,On Time,,-1.0,True,2023-03-27
7178188501,70846,2024-04-18 13:46:11,2024-04-18 13:45:11,-1.0,3.33,On Time,,-1.0,True,2024-04-18
2864819888,42803,2024-04-19 19:49:25,2024-04-19 19:53:25,4.0,3.51,On Time,Traffic,4.0,False,2024-04-19
7107216633,30190,2024-06-27 05:20:48,2024-06-27 05:26:48,6.0,1.41,Slightly Delayed,Traffic,6.0,False,2024-06-27
1685382357,76806,2023-05-04 18:54:27,2023-05-04 19:10:27,16.0,1.64,Significantly Delayed,Traffic,16.0,False,2023-05-04
7562902958,74174,2023-06-08 22:44:55,2023-06-08 22:45:55,1.0,3.27,On Time,Traffic,1.0,False,2023-06-08
2819953077,76823,2023-11-22 08:49:47,2023-11-22 09:01:47,12.0,4.25,Slightly Delayed,Traffic,12.0,False,2023-11-22
8453462258,98449,2024-02-10 11:57:52,2024-02-10 11:53:52,-4.0,0.83,On Time,,-4.0,True,2024-02-10
4605056279,33098,2024-05-04 16:43:12,2024-05-04 16:46:12,3.0,3.2,On Time,Traffic,3.0,False,2024-05-04
5998035939,25912,2024-02-22 01:33:53,2024-02-22 01:31:53,-2.0,3.32,On Time,,-2.0,True,2024-02-22
2311501690,81872,2024-03-26 05:08:36,2024-03-26 05:06:36,-2.0,4.33,On Time,,-2.0,True,2024-03-26
356495722,57795,2024-06-02 00:34:24,2024-06-02 00:34:24,0.0,4.52,On Time,,0.0,True,2024-06-02
2695448838,56011,2023-06-11 00:08:52,2023-06-11 00:15:52,7.0,1.36,Slightly Delayed,Traffic,7.0,False,2023-06-11
6986791144,75461,2023-09-08 14:34:07,2023-09-08 14:46:07,12.0,4.04,Slightly Delayed,Traffic,12.0,False,2023-09-08
8619571588,12944,2024-01-17 05:42:00,2024-01-17 05:39:00,-3.0,2.34,On Time,,-3.0,True,2024-01-17
4088553674,65634,2023-08-25 10:31:30,2023-08-25 10:58:30,27.0,4.81,Significantly Delayed,Traffic,27.0,False,2023-08-25
8177907004,92178,2024-01-08 21:31:32,2024-01-08 21:56:32,25.0,3.11,Significantly Delayed,Traffic,25.0,False,2024-01-08
8533749006,95607,2024-10-30 16:51:32,2024-10-30 16:59:32,8.0,4.51,Slightly Delayed,Traffic,8.0,False,2024-10-30
8694014791,73862,2023-08-06 05:54:59,2023-08-06 06:02:59,8.0,1.27,Slightly Delayed,Traffic,8.0,False,2023-08-06
6311012195,20432,2023-07-27 15:11:16,2023-07-27 15:09:16,-2.0,3.44,On Time,,-2.0,True,2023-07-27
1312767771,97744,2024-09-17 06:17:27,2024-09-17 06:22:27,5.0,1.58,On Time,Traffic,5.0,False,2024-09-17
214919848,66328,2024-01-06 08:00:13,2024-01-06 08:05:13,5.0,2.87,On Time,Traffic,5.0,False,2024-01-06
5521682945,20204,2024-07-24 07:41:55,2024-07-24 07:49:55,8.0,4.67,Slightly Delayed,Traffic,8.0,False,2024-07-24
5305770811,76080,2024-10-31 07:27:51,2024-10-31 07:33:51,6.0,1.74,Slightly Delayed,Traffic,6.0,False,2024-10-31
5842420654,60389,2024-05-06 12:16:12,2024-05-06 12:22:12,6.0,2.08,Slightly Delayed,Traffic,6.0,False,2024-05-06
4566893863,40507,2023-10-28 09:45:39,2023-10-28 09:44:39,-1.0,3.38,On Time,,-1.0,True,2023-10-28
1523729855,84566,2024-09-03 05:03:19,2024-09-03 05:02:19,-1.0,4.46,On Time,,-1.0,True,2024-09-03
2899786983,14386,2023-10-24 12:20:46,2023-10-24 12:21:46,1.0,4.79,On Time,Traffic,1.0,False,2023-10-24
9202528884,33556,2024-05-27 14:06:56,2024-05-27 14:36:56,30.0,4.54,Significantly Delayed,Traffic,30.0,False,2024-05-27
4338327693,98866,2024-05-19 02:36:08,2024-05-19 02:49:08,13.0,4.94,Slightly Delayed,Traffic,13.0,False,2024-05-19
6295686357,81081,2024-01-10 08:05:01,2024-01-10 08:04:01,-1.0,4.41,On Time,,-1.0,True,2024-01-10
6396194687,43588,2024-01-20 20:57:11,2024-01-20 21:01:11,4.0,3.68,On Time,Traffic,4.0,False,2024-01-20
5662786245,39082,2023-04-21 00:37:45,2023-04-21 00:38:45,1.0,3.05,On Time,Traffic,1.0,False,2023-04-21
4868150114,52501,2024-01-08 03:37:32,2024-01-08 03:54:32,17.0,3.86,Significantly Delayed,Traffic,17.0,False,2024-01-08
502764834,88857,2024-08-02 18:13:51,2024-08-02 18:18:51,5.0,3.37,On Time,Traffic,5.0,False,2024-08-02
5056125341,39430,2023-05-23 02:11:56,2023-05-23 02:22:56,11.0,0.77,Slightly Delayed,Traffic,11.0,False,2023-05-23
6388618916,62559,2024-01-26 22:11:18,2024-01-26 22:12:18,1.0,4.19,On Time,Traffic,1.0,False,2024-01-26
3508668494,92900,2024-01-25 01:14:27,2024-01-25 01:14:27,0.0,2.62,On Time,,0.0,True,2024-01-25
5289436093,77152,2024-04-18 13:35:14,2024-04-18 14:01:14,26.0,3.44,Significantly Delayed,Traffic,26.0,False,2024-04-18
7596333614,24475,2023-03-30 05:36:58,2023-03-30 05:39:58,3.0,4.44,On Time,Traffic,3.0,False,2023-03-30
6284076508,39939,2024-07-19 22:50:09,2024-07-19 22:51:09,1.0,3.07,On Time,Traffic,1.0,False,2024-07-19
340050407,68329,2024-10-15 13:32:58,2024-10-15 13:29:58,-3.0,4.06,On Time,,-3.0,True,2024-10-15
5927472701,95432,2024-01-12 17:06:03,2024-01-12 17:04:03,-2.0,2.81,On Time,,-2.0,True,2024-01-12
9216536492,83077,2024-10-04 03:52:44,2024-10-04 03:53:44,1.0,2.87,On Time,Traffic,1.0,False,2024-10-04
3742662928,75517,2023-06-03 07:03:14,2023-06-03 07:00:14,-3.0,2.81,On Time,,-3.0,True,2023-06-03
4797768073,88543,2023-07-06 03:49:08,2023-07-06 04:07:08,18.0,3.18,Significantly Delayed,Traffic,18.0,False,2023-07-06
6767935470,44553,2024-04-17 01:42:52,2024-04-17 01:43:52,1.0,4.68,On Time,Traffic,1.0,False,2024-04-17
1963703928,70919,2024-07-06 00:30:31,2024-07-06 00:27:31,-3.0,1.88,On Time,,-3.0,True,2024-07-06
552470423,27605,2024-02-27 02:45:38,2024-02-27 02:41:38,-4.0,3.92,On Time,,-4.0,True,2024-02-27
739434870,55365,2023-09-05 23:22:17,2023-09-05 23:27:17,5.0,1.83,On Time,Traffic,5.0,False,2023-09-05
7930373606,54606,2023-08-09 22:26:42,2023-08-09 22:31:42,5.0,4.4,On Time,Traffic,5.0,False,2023-08-09
5374978054,63238,2024-07-08 14:13:52,2024-07-08 14:17:52,4.0,3.18,On Time,Traffic,4.0,False,2024-07-08
4361797433,59493,2023-08-05 07:36:21,2023-08-05 07:39:21,3.0,0.64,On Time,Traffic,3.0,False,2023-08-05
2002067527,71608,2023-11-06 23:18:27,2023-11-06 23:20:27,2.0,3.85,On Time,Traffic,2.0,False,2023-11-06
4228110436,24964,2023-07-23 19:32:30,2023-07-23 20:02:30,30.0,3.94,Significantly Delayed,Traffic,30.0,False,2023-07-23
1251118825,17178,2023-05-04 00:23:04,2023-05-04 00:36:04,13.0,1.52,Slightly Delayed,Traffic,13.0,False,2023-05-04
7165265639,71534,2023-08-20 19:14:24,2023-08-20 19:09:24,-5.0,4.19,On Time,,-5.0,True,2023-08-20
1255323701,78929,2024-03-06 12:08:35,2024-03-06 12:06:35,-2.0,3.42,On Time,,-2.0,True,2024-03-06
807934194,59454,2024-01-13 01:58:40,2024-01-13 02:00:40,2.0,4.99,On Time,Traffic,2.0,False,2024-01-13
7968718292,56005,2023-10-30 20:16:38,2023-10-30 20:17:38,1.0,4.24,On Time,Traffic,1.0,False,2023-10-30
2620531979,23093,2024-02-24 12:53:18,2024-02-24 13:02:18,9.0,1.54,Slightly Delayed,Traffic,9.0,False,2024-02-24
6943430459,75360,2024-10-05 17:32:33,2024-10-05 17:34:33,2.0,3.14,On Time,Traffic,2.0,False,2024-10-05
5607355353,2135,2023-06-23 09:45:06,2023-06-23 10:06:06,21.0,3.49,Significantly Delayed,Traffic,21.0,False,2023-06-23
6696352636,98726,2023-06-18 15:23:00,2023-06-18 15:53:00,30.0,2.78,Significantly Delayed,Traffic,30.0,False,2023-06-18
9325920156,98397,2024-10-12 10:46:00,2024-10-12 10:56:00,10.0,3.0,Slightly Delayed,Traffic,10.0,False,2024-10-12
2286477025,85060,2023-06-02 22:16:32,2023-06-02 22:20:32,4.0,3.01,On Time,Traffic,4.0,False,2023-06-02
6704773223,34344,2024-07-22 09:59:46,2024-07-22 10:21:46,22.0,4.68,Significantly Delayed,Traffic,22.0,False,2024-07-22
1435353007,64672,2024-01-19 09:23:09,2024-01-19 09:24:09,1.0,3.36,On Time,Traffic,1.0,False,2024-01-19
8080970647,70168,2023-11-25 17:55:31,2023-11-25 18:00:31,5.0,1.56,On Time,Traffic,5.0,False,2023-11-25
5881633926,40430,2023-04-21 19:00:44,2023-04-21 19:03:44,3.0,3.38,On Time,Traffic,3.0,False,2023-04-21
4435459085,66771,2023-08-19 14:58:57,2023-08-19 14:58:57,0.0,1.72,On Time,,0.0,True,2023-08-19
6172529406,29606,2024-05-21 02:22:06,2024-05-21 02:51:06,29.0,4.24,Significantly Delayed,Traffic,29.0,False,2024-05-21
9127879048,82835,2024-08-27 07:27:45,2024-08-27 07:29:45,2.0,4.96,On Time,Traffic,2.0,False,2024-08-27
3806545110,52602,2024-08-17 12:06:42,2024-08-17 12:07:42,1.0,0.92,On Time,Traffic,1.0,False,2024-08-17
6919395718,23311,2024-02-16 21:46:40,2024-02-16 21:42:40,-4.0,2.54,On Time,,-4.0,True,2024-02-16
5277462976,95207,2024-10-19 15:56:39,2024-10-19 15:57:39,1.0,3.75,On Time,Traffic,1.0,False,2024-10-19
3606274277,83884,2023-08-08 10:57:04,2023-08-08 10:53:04,-4.0,3.95,On Time,,-4.0,True,2023-08-08
2065203676,34566,2024-01-15 09:47:36,2024-01-15 09:52:36,5.0,3.91,On Time,Traffic,5.0,False,2024-01-15
4042066387,33983,2024-01-03 04:15:09,2024-01-03 04:23:09,8.0,4.43,Slightly Delayed,Traffic,8.0,False,2024-01-03
3604982656,87446,2024-09-19 17:23:31,2024-09-19 17:31:31,8.0,3.17,Slightly Delayed,Traffic,8.0,False,2024-09-19
1149676745,84700,2023-10-20 20:29:01,2023-10-20 20:29:01,0.0,1.02,On Time,,0.0,True,2023-10-20
3895011687,81696,2024-03-23 19:56:44,2024-03-23 20:01:44,5.0,4.37,On Time,Traffic,5.0,False,2024-03-23
772505056,3187,2023-07-13 01:20:54,2023-07-13 01:17:54,-3.0,3.9,On Time,,-3.0,True,2023-07-13
5574765914,8665,2024-10-25 23:45:56,2024-10-25 23:42:56,-3.0,0.72,On Time,,-3.0,True,2024-10-25
8812616740,66152,2023-06-26 21:25:15,2023-06-26 21:29:15,4.0,2.53,On Time,Traffic,4.0,False,2023-06-26
1486655525,69381,2024-04-21 13:27:43,2024-04-21 13:29:43,2.0,3.44,On Time,Traffic,2.0,False,2024-04-21
8423025639,63484,2024-06-06 13:25:56,2024-06-06 13:39:56,14.0,2.22,Slightly Delayed,Traffic,14.0,False,2024-06-06
9020705185,92943,2023-12-29 19:30:39,2023-12-29 19:31:39,1.0,4.57,On Time,Traffic,1.0,False,2023-12-29
7719808698,28450,2023-08-18 11:48:57,2023-08-18 11:50:57,2.0,3.05,On Time,Traffic,2.0,False,2023-08-18
3414036630,37389,2024-04-05 03:13:07,2024-04-05 03:09:07,-4.0,3.73,On Time,,-4.0,True,2024-04-05
4157869967,51334,2023-05-05 14:32:39,2023-05-05 14:34:39,2.0,2.57,On Time,Traffic,2.0,False,2023-05-05
4873887251,769,2023-09-20 00:58:50,2023-09-20 01:01:50,3.0,2.77,On Time,Traffic,3.0,False,2023-09-20
8031946454,89696,2023-08-29 21:07:54,2023-08-29 21:06:54,-1.0,2.72,On Time,,-1.0,True,2023-08-29
8168056170,85462,2023-08-28 05:02:58,2023-08-28 05:16:58,14.0,0.57,Slightly Delayed,Traffic,14.0,False,2023-08-28
3108512811,30893,2024-02-10 08:35:16,2024-02-10 08:37:16,2.0,2.16,On Time,Traffic,2.0,False,2024-02-10
1680591951,96631,2024-03-11 21:19:51,2024-03-11 21:16:51,-3.0,4.57,On Time,,-3.0,True,2024-03-11
559245731,20247,2024-09-08 16:06:50,2024-09-08 16:11:50,5.0,2.33,On Time,Traffic,5.0,False,2024-09-08
8655600303,71557,2024-04-27 17:51:20,2024-04-27 17:48:20,-3.0,1.6,On Time,,-3.0,True,2024-04-27
8247327365,11031,2024-09-25 11:28:52,2024-09-25 11:42:52,14.0,3.86,Slightly Delayed,Traffic,14.0,False,2024-09-25
9153347285,3684,2023-06-22 03:11:54,2023-06-22 03:11:54,0.0,2.46,On Time,,0.0,True,2023-06-22
1977533409,4601,2023-12-18 12:21:20,2023-12-18 12:18:20,-3.0,1.34,On Time,,-3.0,True,2023-12-18
2433646621,67633,2024-11-03 11:19:49,2024-11-03 11:28:49,9.0,1.03,Slightly Delayed,Traffic,9.0,False,2024-11-03
22830983,39491,2023-06-04 21:26:12,2023-06-04 21:44:12,18.0,1.59,Significantly Delayed,Traffic,18.0,False,2023-06-04
1143763031,61900,2024-08-09 21:58:00,2024-08-09 21:59:00,1.0,1.67,On Time,Traffic,1.0,False,2024-08-09
8524056436,33639,2023-09-06 13:57:20,2023-09-06 13:54:20,-3.0,3.93,On Time,,-3.0,True,2023-09-06
4262338791,37767,2024-10-17 07:57:55,2024-10-17 07:57:55,0.0,1.32,On Time,,0.0,True,2024-10-17
187728451,36559,2023-11-27 21:16:51,2023-11-27 21:15:51,-1.0,3.79,On Time,,-1.0,True,2023-11-27
6754346312,88168,2023-06-19 12:49:50,2023-06-19 12:48:50,-1.0,2.23,On Time,,-1.0,True,2023-06-19
5790622967,37995,2024-02-27 00:35:45,2024-02-27 00:34:45,-1.0,4.92,On Time,,-1.0,True,2024-02-27
4305348838,11295,2024-03-03 20:45:10,2024-03-03 21:10:10,25.0,1.16,Significantly Delayed,Traffic,25.0,False,2024-03-03
2902411553,73699,2023-11-01 02:39:55,2023-11-01 02:36:55,-3.0,1.16,On Time,,-3.0,True,2023-11-01
3691199770,72299,2024-05-13 05:37:17,2024-05-13 05:40:17,3.0,4.77,On Time,Traffic,3.0,False,2024-05-13
775709102,73558,2023-08-26 03:14:43,2023-08-26 03:13:43,-1.0,1.0,On Time,,-1.0,True,2023-08-26
5262508570,196,2024-07-06 11:25:05,2024-07-06 11:25:05,0.0,3.11,On Time,,0.0,True,2024-07-06
192109127,98838,2024-09-16 08:39:24,2024-09-16 08:49:24,10.0,2.64,Slightly Delayed,Traffic,10.0,False,2024-09-16
1108215973,3643,2023-12-17 09:46:04,2023-12-17 09:52:04,6.0,0.96,Slightly Delayed,Traffic,6.0,False,2023-12-17
1719134546,3235,2024-07-10 13:29:50,2024-07-10 13:31:50,2.0,1.4,On Time,Traffic,2.0,False,2024-07-10
5280263316,81900,2024-06-28 12:47:57,2024-06-28 13:15:57,28.0,1.87,Significantly Delayed,Traffic,28.0,False,2024-06-28
9448306266,70480,2024-04-16 04:59:11,2024-04-16 04:54:11,-5.0,0.55,On Time,,-5.0,True,2024-04-16
8023626961,50594,2023-09-26 01:50:06,2023-09-26 01:59:06,9.0,1.49,Slightly Delayed,Traffic,9.0,False,2023-09-26
1118405605,72673,2023-06-26 11:37:10,2023-06-26 11:46:10,9.0,0.56,Slightly Delayed,Traffic,9.0,False,2023-06-26
8226034341,39659,2023-11-25 02:55:53,2023-11-25 02:58:53,3.0,4.97,On Time,Traffic,3.0,False,2023-11-25
6976835753,67913,2024-02-22 14:06:28,2024-02-22 14:03:28,-3.0,0.59,On Time,,-3.0,True,2024-02-22
9171564499,39820,2023-12-04 00:12:09,2023-12-04 00:20:09,8.0,2.2,Slightly Delayed,Traffic,8.0,False,2023-12-04
5393607402,32010,2023-12-17 20:15:17,2023-12-17 20:11:17,-4.0,3.76,On Time,,-4.0,True,2023-12-17
5670040592,57209,2024-05-25 05:59:22,2024-05-25 06:01:22,2.0,3.5,On Time,Traffic,2.0,False,2024-05-25
6736891890,72028,2024-10-21 09:46:41,2024-10-21 09:58:41,12.0,3.45,Slightly Delayed,Traffic,12.0,False,2024-10-21
1223255075,4873,2023-08-18 00:18:18,2023-08-18 00:19:18,1.0,3.99,On Time,Traffic,1.0,False,2023-08-18
8158413630,56303,2024-08-30 16:59:12,2024-08-30 16:57:12,-2.0,4.08,On Time,,-2.0,True,2024-08-30
7867573412,62986,2023-09-14 02:09:24,2023-09-14 02:29:24,20.0,2.24,Significantly Delayed,Traffic,20.0,False,2023-09-14
1624690598,41423,2024-03-23 04:10:00,2024-03-23 04:06:00,-4.0,1.09,On Time,,-4.0,True,2024-03-23
8968945932,53832,2024-09-07 07:16:44,2024-09-07 07:42:44,26.0,1.18,Significantly Delayed,Traffic,26.0,False,2024-09-07
1645212433,77571,2024-08-07 04:41:32,2024-08-07 05:08:32,27.0,4.25,Significantly Delayed,Traffic,27.0,False,2024-08-07
9187046038,84082,2023-06-13 14:54:57,2023-06-13 14:58:57,4.0,1.42,On Time,Traffic,4.0,False,2023-06-13
9305357757,84853,2023-05-12 22:25:22,2023-05-12 22:22:22,-3.0,1.02,On Time,,-3.0,True,2023-05-12
8312320295,27452,2024-06-29 22:36:03,2024-06-29 22:36:03,0.0,2.96,On Time,,0.0,True,2024-06-29
3256941332,18290,2023-11-22 09:00:51,2023-11-22 08:56:51,-4.0,1.42,On Time,,-4.0,True,2023-11-22
8980502814,67937,2024-10-15 19:47:03,2024-10-15 19:47:03,0.0,4.79,On Time,,0.0,True,2024-10-15
9270396838,46248,2023-07-06 08:58:05,2023-07-06 08:57:05,-1.0,1.87,On Time,,-1.0,True,2023-07-06
2892588628,59145,2024-04-19 18:52:27,2024-04-19 18:59:27,7.0,4.94,Slightly Delayed,Traffic,7.0,False,2024-04-19
8774158800,69717,2023-12-12 08:42:51,2023-12-12 08:56:51,14.0,2.44,Slightly Delayed,Traffic,14.0,False,2023-12-12
2056131802,36835,2023-09-02 05:12:17,2023-09-02 05:32:17,20.0,4.41,Significantly Delayed,Traffic,20.0,False,2023-09-02
3528007192,53884,2023-07-11 10:10:59,2023-07-11 10:12:59,2.0,0.97,On Time,Traffic,2.0,False,2023-07-11
2845333894,52847,2024-04-28 13:32:13,2024-04-28 13:43:13,11.0,2.58,Slightly Delayed,Traffic,11.0,False,2024-04-28
6602340187,94455,2024-03-11 12:23:24,2024-03-11 12:44:24,21.0,4.65,Significantly Delayed,Traffic,21.0,False,2024-03-11
721004875,61840,2023-10-09 05:13:34,2023-10-09 05:09:34,-4.0,2.71,On Time,,-4.0,True,2023-10-09
7435895360,89661,2024-09-04 00:53:32,2024-09-04 00:58:32,5.0,2.26,On Time,Traffic,5.0,False,2024-09-04
4217659083,94726,2024-01-18 19:48:33,2024-01-18 20:01:33,13.0,0.56,Slightly Delayed,Traffic,13.0,False,2024-01-18
9710865146,9882,2023-05-11 05:49:09,2023-05-11 05:54:09,5.0,0.69,On Time,Traffic,5.0,False,2023-05-11
5375295409,21882,2024-10-05 06:17:07,2024-10-05 06:19:07,2.0,0.61,On Time,Traffic,2.0,False,2024-10-05
6286044248,56074,2023-05-05 22:37:54,2023-05-05 22:34:54,-3.0,3.31,On Time,,-3.0,True,2023-05-05
1708282193,34773,2024-01-25 10:19:18,2024-01-25 10:22:18,3.0,3.62,On Time,Traffic,3.0,False,2024-01-25
5746303677,24730,2024-06-08 13:48:21,2024-06-08 13:47:21,-1.0,3.82,On Time,,-1.0,True,2024-06-08
3271726381,5783,2024-03-15 00:52:28,2024-03-15 01:11:28,19.0,1.76,Significantly Delayed,Traffic,19.0,False,2024-03-15
9802569856,93443,2024-04-07 09:25:19,2024-04-07 09:22:19,-3.0,4.31,On Time,,-3.0,True,2024-04-07
662460037,2466,2024-10-11 01:08:10,2024-10-11 01:19:10,11.0,4.74,Slightly Delayed,Traffic,11.0,False,2024-10-11
8664447334,49008,2024-03-08 04:49:20,2024-03-08 05:18:20,29.0,4.11,Significantly Delayed,Traffic,29.0,False,2024-03-08
3886370975,38359,2024-05-08 19:49:11,2024-05-08 19:53:11,4.0,3.43,On Time,Traffic,4.0,False,2024-05-08
3547006553,31328,2024-05-29 22:21:17,2024-05-29 22:40:17,19.0,4.41,Significantly Delayed,Traffic,19.0,False,2024-05-29
2575965518,33262,2024-10-25 23:41:21,2024-10-25 23:36:21,-5.0,1.24,On Time,,-5.0,True,2024-10-25
1529363954,55211,2024-03-27 00:35:11,2024-03-27 00:38:11,3.0,0.78,On Time,Traffic,3.0,False,2024-03-27
8463856241,18824,2023-04-10 21:20:09,2023-04-10 21:27:09,7.0,4.41,Slightly Delayed,Traffic,7.0,False,2023-04-10
2485242479,76138,2023-04-11 06:35:55,2023-04-11 06:34:55,-1.0,3.71,On Time,,-1.0,True,2023-04-11
9850673433,19635,2023-05-06 05:56:40,2023-05-06 06:03:40,7.0,1.39,Slightly Delayed,Traffic,7.0,False,2023-05-06
2558680592,91792,2023-05-31 22:36:27,2023-05-31 22:36:27,0.0,1.77,On Time,,0.0,True,2023-05-31
2859167116,34127,2024-10-15 17:55:27,2024-10-15 18:10:27,15.0,0.66,Slightly Delayed,Traffic,15.0,False,2024-10-15
1222236371,94531,2024-08-15 00:13:13,2024-08-15 00:24:13,11.0,4.79,Slightly Delayed,Traffic,11.0,False,2024-08-15
344177904,86602,2023-08-18 00:49:42,2023-08-18 00:58:42,9.0,2.27,Slightly Delayed,Traffic,9.0,False,2023-08-18
6126334783,33084,2024-07-03 08:44:55,2024-07-03 08:49:55,5.0,2.26,On Time,Traffic,5.0,False,2024-07-03
3742575364,22416,2023-05-08 17:43:01,2023-05-08 17:45:01,2.0,3.47,On Time,Traffic,2.0,False,2023-05-08
9272166174,31701,2023-07-27 06:36:38,2023-07-27 06:38:38,2.0,1.13,On Time,Traffic,2.0,False,2023-07-27
9416522701,14560,2024-01-22 03:22:25,2024-01-22 03:22:25,0.0,2.82,On Time,,0.0,True,2024-01-22
7305871805,57764,2024-09-11 14:39:55,2024-09-11 14:38:55,-1.0,0.87,On Time,,-1.0,True,2024-09-11
80296810,15362,2024-06-05 03:52:45,2024-06-05 03:51:45,-1.0,2.47,On Time,,-1.0,True,2024-06-05
2806868282,5821,2024-09-26 15:30:34,2024-09-26 15:27:34,-3.0,3.65,On Time,,-3.0,True,2024-09-26
707033578,33360,2024-01-30 00:48:25,2024-01-30 00:49:25,1.0,3.54,On Time,Traffic,1.0,False,2024-01-30
9026783092,51457,2023-10-09 16:44:24,2023-10-09 16:59:24,15.0,4.1,Slightly Delayed,Traffic,15.0,False,2023-10-09
6229466619,63864,2023-06-05 07:30:36,2023-06-05 07:38:36,8.0,1.71,Slightly Delayed,Traffic,8.0,False,2023-06-05
408720270,2311,2024-06-26 22:22:35,2024-06-26 22:38:35,16.0,1.09,Significantly Delayed,Traffic,16.0,False,2024-06-26
8870165072,53009,2023-11-03 10:20:42,2023-11-03 10:25:42,5.0,0.8,On Time,Traffic,5.0,False,2023-11-03
1979319490,28727,2024-01-14 01:37:07,2024-01-14 01:41:07,4.0,1.06,On Time,Traffic,4.0,False,2024-01-14
840761323,88697,2024-03-09 06:30:43,2024-03-09 06:34:43,4.0,3.99,On Time,Traffic,4.0,False,2024-03-09
744721438,47635,2024-02-25 13:03:11,2024-02-25 13:15:11,12.0,4.3,Slightly Delayed,Traffic,12.0,False,2024-02-25
7421707488,29051,2023-11-03 23:02:39,2023-11-03 22:58:39,-4.0,1.44,On Time,,-4.0,True,2023-11-03
1212718824,72361,2024-01-01 10:13:45,2024-01-01 10:08:45,-5.0,4.18,On Time,,-5.0,True,2024-01-01
9603256001,5981,2023-05-08 16:06:46,2023-05-08 16:18:46,12.0,2.98,Slightly Delayed,Traffic,12.0,False,2023-05-08
5626888972,53381,2024-04-13 17:26:30,2024-04-13 17:29:30,3.0,2.32,On Time,Traffic,3.0,False,2024-04-13
2300753276,88145,2023-12-07 04:30:20,2023-12-07 04:39:20,9.0,1.49,Slightly Delayed,Traffic,9.0,False,2023-12-07
869629562,80715,2023-05-05 21:38:44,2023-05-05 21:35:44,-3.0,4.42,On Time,,-3.0,True,2023-05-05
3429137520,82673,2024-03-16 19:42:52,2024-03-16 19:39:52,-3.0,1.67,On Time,,-3.0,True,2024-03-16
9957927297,17981,2023-06-07 05:30:44,2023-06-07 05:32:44,2.0,0.97,On Time,Traffic,2.0,False,2023-06-07
202466684,51649,2023-08-08 06:16:23,2023-08-08 06:11:23,-5.0,1.48,On Time,,-5.0,True,2023-08-08
8465721207,56612,2024-06-21 09:15:00,2024-06-21 09:10:00,-5.0,2.05,On Time,,-5.0,True,2024-06-21
6194827199,674,2023-12-20 19:11:47,2023-12-20 19:07:47,-4.0,0.62,On Time,,-4.0,True,2023-12-20
3942174431,9886,2024-02-17 05:12:33,2024-02-17 05:22:33,10.0,3.08,Slightly Delayed,Traffic,10.0,False,2024-02-17
3189863462,54721,2024-06-17 13:44:48,2024-06-17 13:41:48,-3.0,2.7,On Time,,-3.0,True,2024-06-17
5923573134,74712,2024-02-17 20:16:29,2024-02-17 20:21:29,5.0,2.43,On Time,Traffic,5.0,False,2024-02-17
6659747528,93772,2024-09-28 18:45:40,2024-09-28 18:45:40,0.0,2.52,On Time,,0.0,True,2024-09-28
6037541687,39815,2023-12-10 22:43:05,2023-12-10 22:45:05,2.0,2.23,On Time,Traffic,2.0,False,2023-12-10
2585438297,93144,2023-08-20 13:11:45,2023-08-20 13:16:45,5.0,3.99,On Time,Traffic,5.0,False,2023-08-20
8065774615,66569,2023-12-12 11:10:21,2023-12-12 11:35:21,25.0,4.95,Significantly Delayed,Traffic,25.0,False,2023-12-12
1816814476,42751,2024-11-04 14:02:21,2024-11-04 14:05:21,3.0,0.55,On Time,Traffic,3.0,False,2024-11-04
5278014717,87933,2024-04-15 03:59:28,2024-04-15 04:04:28,5.0,4.94,On Time,Traffic,5.0,False,2024-04-15
4265447949,34338,2024-08-16 02:36:34,2024-08-16 03:01:34,25.0,4.0,Significantly Delayed,Traffic,25.0,False,2024-08-16
6752221435,71642,2024-02-10 16:10:18,2024-02-10 16:14:18,4.0,0.55,On Time,Traffic,4.0,False,2024-02-10
8943989258,43725,2023-12-10 11:17:33,2023-12-10 11:20:33,3.0,0.8,On Time,Traffic,3.0,False,2023-12-10
4068367936,95706,2024-09-21 02:09:08,2024-09-21 02:08:08,-1.0,3.56,On Time,,-1.0,True,2024-09-21
5735156904,89407,2023-04-01 16:40:21,2023-04-01 16:53:21,13.0,4.91,Slightly Delayed,Traffic,13.0,False,2023-04-01
2405929115,83049,2024-09-09 09:19:24,2024-09-09 09:42:24,23.0,2.23,Significantly Delayed,Traffic,23.0,False,2024-09-09
7913167260,69504,2023-04-19 01:10:00,2023-04-19 01:39:00,29.0,3.92,Significantly Delayed,Traffic,29.0,False,2023-04-19
1989751369,1261,2023-05-18 23:10:49,2023-05-18 23:22:49,12.0,2.92,Slightly Delayed,Traffic,12.0,False,2023-05-18
7338050095,68204,2024-10-15 03:19:28,2024-10-15 03:17:28,-2.0,2.31,On Time,,-2.0,True,2024-10-15
9950986048,46130,2023-09-09 08:50:21,2023-09-09 08:53:21,3.0,3.9,On Time,Traffic,3.0,False,2023-09-09
5098703807,46866,2024-06-10 02:13:34,2024-06-10 02:11:34,-2.0,4.46,On Time,,-2.0,True,2024-06-10
6937485392,42361,2023-05-23 22:57:56,2023-05-23 23:05:56,8.0,4.79,Slightly Delayed,Traffic,8.0,False,2023-05-23
1266440097,43520,2024-01-01 03:47:25,2024-01-01 03:42:25,-5.0,4.01,On Time,,-5.0,True,2024-01-01
7415490509,48639,2023-07-08 14:15:31,2023-07-08 14:14:31,-1.0,4.12,On Time,,-1.0,True,2023-07-08
7284991749,4135,2023-12-10 09:47:57,2023-12-10 09:46:57,-1.0,2.92,On Time,,-1.0,True,2023-12-10
4645792703,36301,2023-12-04 23:23:48,2023-12-04 23:18:48,-5.0,2.04,On Time,,-5.0,True,2023-12-04
3174938939,50364,2023-03-27 06:25:38,2023-03-27 06:25:38,0.0,3.76,On Time,,0.0,True,2023-03-27
1752712049,67307,2024-08-31 16:13:49,2024-08-31 16:25:49,12.0,4.33,Slightly Delayed,Traffic,12.0,False,2024-08-31
8187201830,55955,2024-04-30 04:43:38,2024-04-30 04:39:38,-4.0,4.44,On Time,,-4.0,True,2024-04-30
6900896329,97185,2024-02-01 02:39:06,2024-02-01 02:41:06,2.0,2.14,On Time,Traffic,2.0,False,2024-02-01
3793977529,52853,2023-09-02 19:22:26,2023-09-02 19:22:26,0.0,4.5,On Time,,0.0,True,2023-09-02
194459698,66295,2023-06-15 15:59:24,2023-06-15 15:58:24,-1.0,1.01,On Time,,-1.0,True,2023-06-15
9330447952,8867,2024-03-30 18:40:14,2024-03-30 18:45:14,5.0,3.13,On Time,Traffic,5.0,False,2024-03-30
2097372277,42338,2024-01-25 05:00:48,2024-01-25 04:56:48,-4.0,0.71,On Time,,-4.0,True,2024-01-25
7060954153,21872,2023-11-01 21:12:47,2023-11-01 21:07:47,-5.0,1.89,On Time,,-5.0,True,2023-11-01
2921310646,45581,2024-07-08 14:42:33,2024-07-08 14:42:33,0.0,4.35,On Time,,0.0,True,2024-07-08
3983082555,75005,2023-06-05 06:14:09,2023-06-05 06:36:09,22.0,2.56,Significantly Delayed,Traffic,22.0,False,2023-06-05
4867298468,88574,2024-04-23 09:51:05,2024-04-23 09:55:05,4.0,1.6,On Time,Traffic,4.0,False,2024-04-23
3402631472,82219,2024-05-03 21:43:40,2024-05-03 21:43:40,0.0,4.47,On Time,,0.0,True,2024-05-03
1648146562,49114,2023-05-14 23:26:30,2023-05-14 23:23:30,-3.0,3.06,On Time,,-3.0,True,2023-05-14
5907766010,85975,2024-10-07 14:22:49,2024-10-07 14:33:49,11.0,4.11,Slightly Delayed,Traffic,11.0,False,2024-10-07
9233577456,29353,2023-12-30 04:14:41,2023-12-30 04:13:41,-1.0,4.29,On Time,,-1.0,True,2023-12-30
4084808075,65980,2024-10-11 17:56:30,2024-10-11 17:54:30,-2.0,0.66,On Time,,-2.0,True,2024-10-11
7217049550,56744,2024-07-11 09:45:17,2024-07-11 10:09:17,24.0,2.87,Significantly Delayed,Traffic,24.0,False,2024-07-11
1831943568,31014,2024-05-23 17:34:24,2024-05-23 17:39:24,5.0,1.86,On Time,Traffic,5.0,False,2024-05-23
8707473624,54941,2023-12-20 08:46:35,2023-12-20 08:43:35,-3.0,4.9,On Time,,-3.0,True,2023-12-20
7075868285,69398,2024-03-01 06:16:05,2024-03-01 06:20:05,4.0,3.48,On Time,Traffic,4.0,False,2024-03-01
5164162918,69542,2023-11-18 15:16:10,2023-11-18 15:15:10,-1.0,3.51,On Time,,-1.0,True,2023-11-18
2175298644,37111,2024-05-11 05:30:19,2024-05-11 05:28:19,-2.0,2.91,On Time,,-2.0,True,2024-05-11
5882568464,93909,2023-04-13 08:39:05,2023-04-13 08:37:05,-2.0,2.42,On Time,,-2.0,True,2023-04-13
7847708619,9898,2023-10-23 01:17:21,2023-10-23 01:18:21,1.0,2.54,On Time,Traffic,1.0,False,2023-10-23
6366048116,82257,2024-08-05 09:08:18,2024-08-05 09:06:18,-2.0,2.19,On Time,,-2.0,True,2024-08-05
4926287333,94821,2023-08-08 02:59:21,2023-08-08 03:00:21,1.0,2.68,On Time,Traffic,1.0,False,2023-08-08
5532838325,57010,2024-07-24 23:40:26,2024-07-24 23:37:26,-3.0,3.85,On Time,,-3.0,True,2024-07-24
2567996236,61790,2023-10-31 08:21:08,2023-10-31 08:20:08,-1.0,1.0,On Time,,-1.0,True,2023-10-31
2655613624,94896,2024-06-26 13:33:57,2024-06-26 14:02:57,29.0,1.78,Significantly Delayed,Traffic,29.0,False,2024-06-26
7706089549,35200,2023-10-08 04:24:20,2023-10-08 04:24:20,0.0,3.96,On Time,,0.0,True,2023-10-08
8257370396,11969,2023-12-24 08:26:46,2023-12-24 08:42:46,16.0,1.33,Significantly Delayed,Traffic,16.0,False,2023-12-24
8623808984,79827,2024-04-13 05:49:58,2024-04-13 05:55:58,6.0,3.27,Slightly Delayed,Traffic,6.0,False,2024-04-13
7579506101,80056,2023-04-06 01:28:48,2023-04-06 01:25:48,-3.0,2.05,On Time,,-3.0,True,2023-04-06
8861024199,53729,2023-11-29 06:03:08,2023-11-29 05:59:08,-4.0,0.54,On Time,,-4.0,True,2023-11-29
7666131311,35447,2023-05-01 15:57:52,2023-05-01 16:02:52,5.0,4.09,On Time,Traffic,5.0,False,2023-05-01
103589925,83678,2024-05-17 23:42:05,2024-05-17 23:52:05,10.0,1.05,Slightly Delayed,Traffic,10.0,False,2024-05-17
7346858138,83804,2023-11-22 16:58:38,2023-11-22 16:55:38,-3.0,1.78,On Time,,-3.0,True,2023-11-22
4963962664,10652,2023-09-28 12:02:23,2023-09-28 11:58:23,-4.0,4.59,On Time,,-4.0,True,2023-09-28
9069936094,80189,2024-06-23 13:08:13,2024-06-23 13:31:13,23.0,3.6,Significantly Delayed,Traffic,23.0,False,2024-06-23
4665363191,15760,2024-10-13 20:05:11,2024-10-13 20:11:11,6.0,1.61,Slightly Delayed,Traffic,6.0,False,2024-10-13
888510905,21909,2024-06-27 18:18:56,2024-06-27 18:30:56,12.0,1.18,Slightly Delayed,Traffic,12.0,False,2024-06-27
6876091286,77863,2024-10-05 00:38:02,2024-10-05 00:36:02,-2.0,1.57,On Time,,-2.0,True,2024-10-05
2592923105,23178,2023-04-23 00:14:24,2023-04-23 00:37:24,23.0,4.84,Significantly Delayed,Traffic,23.0,False,2023-04-23
2468550508,24846,2024-08-21 14:03:50,2024-08-21 14:06:50,3.0,3.31,On Time,Traffic,3.0,False,2024-08-21
5302956276,6274,2024-01-22 22:52:17,2024-01-22 22:52:17,0.0,3.16,On Time,,0.0,True,2024-01-22
9409714182,4084,2023-05-25 05:29:31,2023-05-25 05:41:31,12.0,0.86,Slightly Delayed,Traffic,12.0,False,2023-05-25
1446221570,213,2024-09-26 10:13:18,2024-09-26 10:12:18,-1.0,1.43,On Time,,-1.0,True,2024-09-26
8250036360,65016,2024-06-21 14:20:28,2024-06-21 14:21:28,1.0,4.62,On Time,Traffic,1.0,False,2024-06-21
447464341,85334,2024-03-03 13:06:39,2024-03-03 13:13:39,7.0,4.08,Slightly Delayed,Traffic,7.0,False,2024-03-03
15642223,43306,2023-11-06 21:24:23,2023-11-06 21:27:23,3.0,1.44,On Time,Traffic,3.0,False,2023-11-06
3285378238,8991,2024-08-15 05:41:32,2024-08-15 05:56:32,15.0,1.46,Slightly Delayed,Traffic,15.0,False,2024-08-15
2356483296,38401,2023-07-25 17:24:01,2023-07-25 17:32:01,8.0,3.25,Slightly Delayed,Traffic,8.0,False,2023-07-25
3382911339,84662,2023-12-12 14:53:18,2023-12-12 14:52:18,-1.0,4.92,On Time,,-1.0,True,2023-12-12
3690872026,56377,2023-07-09 08:21:37,2023-07-09 08:26:37,5.0,3.81,On Time,Traffic,5.0,False,2023-07-09
6755367585,56444,2024-09-03 19:00:34,2024-09-03 18:57:34,-3.0,4.56,On Time,,-3.0,True,2024-09-03
6835850079,92568,2023-08-13 23:06:33,2023-08-13 23:09:33,3.0,3.44,On Time,Traffic,3.0,False,2023-08-13
9345418784,24395,2024-02-22 10:23:24,2024-02-22 10:27:24,4.0,4.58,On Time,Traffic,4.0,False,2024-02-22
7185243614,27663,2024-01-10 19:20:39,2024-01-10 19:22:39,2.0,2.47,On Time,Traffic,2.0,False,2024-01-10
2319044818,66486,2024-04-06 20:45:22,2024-04-06 20:41:22,-4.0,1.98,On Time,,-4.0,True,2024-04-06
931834374,48992,2024-09-30 13:11:20,2024-09-30 13:11:20,0.0,1.72,On Time,,0.0,True,2024-09-30
8485398781,70167,2024-04-20 19:17:45,2024-04-20 19:17:45,0.0,0.62,On Time,,0.0,True,2024-04-20
9806464912,89278,2024-08-21 12:19:48,2024-08-21 12:33:48,14.0,4.41,Slightly Delayed,Traffic,14.0,False,2024-08-21
8214365128,68269,2024-07-10 18:18:38,2024-07-10 18:14:38,-4.0,2.87,On Time,,-4.0,True,2024-07-10
137089318,32581,2024-05-23 15:53:38,2024-05-23 15:48:38,-5.0,3.62,On Time,,-5.0,True,2024-05-23
7615602420,91821,2024-05-30 09:32:58,2024-05-30 09:37:58,5.0,2.32,On Time,Traffic,5.0,False,2024-05-30
3995348964,62259,2024-06-03 16:34:56,2024-06-03 16:38:56,4.0,4.1,On Time,Traffic,4.0,False,2024-06-03
3816542830,38895,2023-08-18 15:04:14,2023-08-18 15:00:14,-4.0,1.05,On Time,,-4.0,True,2023-08-18
9665004924,98396,2023-07-29 15:48:25,2023-07-29 15:47:25,-1.0,3.11,On Time,,-1.0,True,2023-07-29
1728547597,80933,2024-06-09 08:04:29,2024-06-09 08:23:29,19.0,2.16,Significantly Delayed,Traffic,19.0,False,2024-06-09
5311190131,30345,2024-03-04 01:01:19,2024-03-04 01:02:19,1.0,2.18,On Time,Traffic,1.0,False,2024-03-04
9581592141,70962,2024-01-22 23:30:37,2024-01-22 23:30:37,0.0,1.44,On Time,,0.0,True,2024-01-22
4848863693,56307,2024-09-12 04:54:20,2024-09-12 04:51:20,-3.0,3.47,On Time,,-3.0,True,2024-09-12
6374883107,32067,2023-08-19 08:20:07,2023-08-19 08:41:07,21.0,4.8,Significantly Delayed,Traffic,21.0,False,2023-08-19
3270131216,44043,2024-02-10 15:14:10,2024-02-10 15:28:10,14.0,4.44,Slightly Delayed,Traffic,14.0,False,2024-02-10
2643382562,74374,2023-07-24 22:48:03,2023-07-24 22:48:03,0.0,1.49,On Time,,0.0,True,2023-07-24
5212524996,13215,2023-12-10 22:25:30,2023-12-10 22:26:30,1.0,4.2,On Time,Traffic,1.0,False,2023-12-10
9594095277,61215,2024-03-10 04:56:08,2024-03-10 04:54:08,-2.0,1.97,On Time,,-2.0,True,2024-03-10
8375863419,89921,2024-08-26 12:29:17,2024-08-26 12:44:17,15.0,1.19,Slightly Delayed,Traffic,15.0,False,2024-08-26
7523880783,23850,2024-10-13 14:06:50,2024-10-13 14:01:50,-5.0,3.8,On Time,,-5.0,True,2024-10-13
9670158103,18477,2024-03-11 13:08:36,2024-03-11 13:10:36,2.0,1.07,On Time,Traffic,2.0,False,2024-03-11
4344108631,39923,2023-03-29 11:27:06,2023-03-29 11:37:06,10.0,3.98,Slightly Delayed,Traffic,10.0,False,2023-03-29
2237858,97945,2023-04-02 04:00:11,2023-04-02 04:03:11,3.0,3.86,On Time,Traffic,3.0,False,2023-04-02
3217791988,30480,2023-08-10 14:06:13,2023-08-10 14:04:13,-2.0,2.99,On Time,,-2.0,True,2023-08-10
3355718103,84679,2023-09-10 22:54:21,2023-09-10 22:51:21,-3.0,1.81,On Time,,-3.0,True,2023-09-10
9590518103,39579,2024-03-01 19:32:57,2024-03-01 19:33:57,1.0,3.73,On Time,Traffic,1.0,False,2024-03-01
6610120274,83714,2024-07-19 01:30:09,2024-07-19 01:31:09,1.0,0.9,On Time,Traffic,1.0,False,2024-07-19
1180899898,24863,2023-04-17 03:12:44,2023-04-17 03:15:44,3.0,2.5,On Time,Traffic,3.0,False,2023-04-17
8758992688,722,2024-06-22 17:12:41,2024-06-22 17:37:41,25.0,1.35,Significantly Delayed,Traffic,25.0,False,2024-06-22
6965716176,48850,2023-04-13 02:32:14,2023-04-13 02:34:14,2.0,4.53,On Time,Traffic,2.0,False,2023-04-13
5527742274,98520,2023-12-16 05:32:27,2023-12-16 05:27:27,-5.0,2.61,On Time,,-5.0,True,2023-12-16
826610039,72915,2023-08-17 14:04:16,2023-08-17 14:03:16,-1.0,3.04,On Time,,-1.0,True,2023-08-17
3303891913,49372,2024-01-15 21:43:58,2024-01-15 21:48:58,5.0,2.77,On Time,Traffic,5.0,False,2024-01-15
2489292878,88759,2023-10-01 09:02:12,2023-10-01 08:57:12,-5.0,4.76,On Time,,-5.0,True,2023-10-01
8589851630,4917,2024-05-28 14:22:08,2024-05-28 14:24:08,2.0,1.23,On Time,Traffic,2.0,False,2024-05-28
4598897781,7752,2023-07-12 20:54:25,2023-07-12 21:04:25,10.0,3.07,Slightly Delayed,Traffic,10.0,False,2023-07-12
6932356214,27028,2023-04-04 05:52:45,2023-04-04 06:06:45,14.0,1.35,Slightly Delayed,Traffic,14.0,False,2023-04-04
3499004322,21541,2023-05-04 18:23:47,2023-05-04 18:22:47,-1.0,2.4,On Time,,-1.0,True,2023-05-04
7517620171,48840,2023-04-16 18:26:53,2023-04-16 18:21:53,-5.0,0.54,On Time,,-5.0,True,2023-04-16
172987148,66833,2024-11-03 16:56:53,2024-11-03 17:21:53,25.0,2.52,Significantly Delayed,Traffic,25.0,False,2024-11-03
8347207794,88105,2024-08-17 22:18:06,2024-08-17 22:21:06,3.0,1.12,On Time,Traffic,3.0,False,2024-08-17
9472355181,69066,2024-01-23 06:52:09,2024-01-23 06:55:09,3.0,2.8,On Time,Traffic,3.0,False,2024-01-23
1315064289,62602,2024-07-27 03:16:12,2024-07-27 03:39:12,23.0,2.35,Significantly Delayed,Traffic,23.0,False,2024-07-27
9371869941,6805,2023-10-12 00:13:41,2023-10-12 00:13:41,0.0,4.35,On Time,,0.0,True,2023-10-12
5184568404,17462,2024-03-27 13:05:24,2024-03-27 13:01:24,-4.0,0.93,On Time,,-4.0,True,2024-03-27
5891002534,79352,2023-09-29 16:16:08,2023-09-29 16:26:08,10.0,3.92,Slightly Delayed,Traffic,10.0,False,2023-09-29
1479730711,36251,2024-09-02 10:08:44,2024-09-02 10:29:44,21.0,4.51,Significantly Delayed,Traffic,21.0,False,2024-09-02
7651037338,62537,2023-11-21 18:52:51,2023-11-21 18:52:51,0.0,2.86,On Time,,0.0,True,2023-11-21
8763754537,16963,2024-10-07 05:47:23,2024-10-07 05:44:23,-3.0,0.83,On Time,,-3.0,True,2024-10-07
7683813608,86476,2023-06-06 21:44:26,2023-06-06 21:47:26,3.0,3.63,On Time,Traffic,3.0,False,2023-06-06
6722955128,18697,2023-03-19 22:05:23,2023-03-19 22:01:23,-4.0,3.37,On Time,,-4.0,True,2023-03-19
8259274680,17260,2023-04-11 06:45:28,2023-04-11 06:43:28,-2.0,3.76,On Time,,-2.0,True,2023-04-11
4620484274,25174,2024-09-10 16:05:36,2024-09-10 16:18:36,13.0,4.36,Slightly Delayed,Traffic,13.0,False,2024-09-10
8260569466,74085,2023-12-15 04:16:23,2023-12-15 04:12:23,-4.0,4.84,On Time,,-4.0,True,2023-12-15
8498916204,89588,2024-03-22 19:44:28,2024-03-22 19:44:28,0.0,4.77,On Time,,0.0,True,2024-03-22
3209538967,78212,2024-05-07 09:35:34,2024-05-07 09:39:34,4.0,3.13,On Time,Traffic,4.0,False,2024-05-07
2570640420,99899,2023-04-28 10:44:24,2023-04-28 10:48:24,4.0,2.92,On Time,Traffic,4.0,False,2023-04-28
2066843639,37046,2024-05-25 00:32:13,2024-05-25 00:27:13,-5.0,3.92,On Time,,-5.0,True,2024-05-25
7402125753,26429,2023-11-01 18:26:28,2023-11-01 18:36:28,10.0,4.99,Slightly Delayed,Traffic,10.0,False,2023-11-01
9171089443,27400,2024-09-10 20:21:14,2024-09-10 20:21:14,0.0,2.95,On Time,,0.0,True,2024-09-10
3272079644,98992,2023-06-06 14:43:34,2023-06-06 14:46:34,3.0,2.67,On Time,Traffic,3.0,False,2023-06-06
438111050,24502,2024-05-03 23:56:13,2024-05-03 23:54:13,-2.0,1.32,On Time,,-2.0,True,2024-05-03
7416160835,11914,2023-04-30 11:20:04,2023-04-30 11:17:04,-3.0,1.33,On Time,,-3.0,True,2023-04-30
4075074492,29293,2023-12-13 11:18:33,2023-12-13 11:41:33,23.0,2.96,Significantly Delayed,Traffic,23.0,False,2023-12-13
5536024334,20631,2023-04-30 16:44:38,2023-04-30 16:40:38,-4.0,0.83,On Time,,-4.0,True,2023-04-30
2013140214,10693,2024-05-14 16:30:19,2024-05-14 16:35:19,5.0,0.51,On Time,Traffic,5.0,False,2024-05-14
1113582397,38869,2023-12-17 14:40:17,2023-12-17 14:42:17,2.0,3.55,On Time,Traffic,2.0,False,2023-12-17
1083928258,78940,2023-12-21 19:54:22,2023-12-21 19:58:22,4.0,0.64,On Time,Traffic,4.0,False,2023-12-21
4906957374,2235,2023-09-16 20:06:47,2023-09-16 20:03:47,-3.0,0.79,On Time,,-3.0,True,2023-09-16
1876614122,4985,2023-08-23 23:38:54,2023-08-23 23:35:54,-3.0,4.12,On Time,,-3.0,True,2023-08-23
6556180328,83805,2024-06-03 20:57:59,2024-06-03 20:56:59,-1.0,4.26,On Time,,-1.0,True,2024-06-03
7960553477,75158,2024-02-24 05:40:38,2024-02-24 05:35:38,-5.0,4.56,On Time,,-5.0,True,2024-02-24
6335972517,51928,2023-07-08 20:14:51,2023-07-08 20:26:51,12.0,1.39,Slightly Delayed,Traffic,12.0,False,2023-07-08
6254948159,72597,2023-10-16 07:34:34,2023-10-16 07:34:34,0.0,4.42,On Time,,0.0,True,2023-10-16
7527936057,67699,2023-12-10 14:18:53,2023-12-10 14:20:53,2.0,2.96,On Time,Traffic,2.0,False,2023-12-10
6257851675,91732,2024-04-23 22:26:04,2024-04-23 22:48:04,22.0,4.45,Significantly Delayed,Traffic,22.0,False,2024-04-23
6832610950,37323,2023-09-01 09:33:43,2023-09-01 09:57:43,24.0,1.51,Significantly Delayed,Traffic,24.0,False,2023-09-01
5085005195,92179,2024-03-05 20:13:27,2024-03-05 20:17:27,4.0,4.3,On Time,Traffic,4.0,False,2024-03-05
2177207547,63474,2024-02-09 05:01:35,2024-02-09 04:59:35,-2.0,1.62,On Time,,-2.0,True,2024-02-09
3043364543,64723,2023-07-25 10:58:58,2023-07-25 11:00:58,2.0,0.6,On Time,Traffic,2.0,False,2023-07-25
2823404098,52689,2024-03-03 03:33:55,2024-03-03 03:31:55,-2.0,4.66,On Time,,-2.0,True,2024-03-03
646676955,90187,2023-11-09 00:55:42,2023-11-09 00:51:42,-4.0,3.76,On Time,,-4.0,True,2023-11-09
5756607486,19872,2023-10-22 05:53:13,2023-10-22 05:51:13,-2.0,0.99,On Time,,-2.0,True,2023-10-22
9373691795,89555,2024-03-23 21:31:54,2024-03-23 21:35:54,4.0,1.26,On Time,Traffic,4.0,False,2024-03-23
2611601543,21230,2023-07-23 00:49:11,2023-07-23 00:59:11,10.0,3.19,Slightly Delayed,Traffic,10.0,False,2023-07-23
1491360686,45751,2023-03-21 16:00:01,2023-03-21 16:11:01,11.0,2.67,Slightly Delayed,Traffic,11.0,False,2023-03-21
1824533423,37442,2023-05-21 13:13:19,2023-05-21 13:16:19,3.0,2.97,On Time,Traffic,3.0,False,2023-05-21
2913841018,45079,2023-11-26 04:08:27,2023-11-26 04:08:27,0.0,4.32,On Time,,0.0,True,2023-11-26
3141803761,54528,2023-10-09 15:35:40,2023-10-09 15:54:40,19.0,0.73,Significantly Delayed,Traffic,19.0,False,2023-10-09
6184484468,97219,2024-10-14 03:45:47,2024-10-14 03:46:47,1.0,4.75,On Time,Traffic,1.0,False,2024-10-14
4599327740,43635,2023-08-25 15:52:17,2023-08-25 15:52:17,0.0,0.55,On Time,,0.0,True,2023-08-25
7479207574,23426,2024-04-03 02:03:33,2024-04-03 02:32:33,29.0,3.74,Significantly Delayed,Traffic,29.0,False,2024-04-03
2996133401,8541,2024-04-14 22:16:03,2024-04-14 22:14:03,-2.0,1.35,On Time,,-2.0,True,2024-04-14
5972410040,62822,2024-08-11 07:38:14,2024-08-11 07:41:14,3.0,2.11,On Time,Traffic,3.0,False,2024-08-11
4007593324,36657,2024-06-21 10:23:44,2024-06-21 10:27:44,4.0,3.37,On Time,Traffic,4.0,False,2024-06-21
3428454405,81368,2023-08-13 22:57:01,2023-08-13 22:56:01,-1.0,1.63,On Time,,-1.0,True,2023-08-13
1160646195,53869,2023-04-24 17:17:19,2023-04-24 17:38:19,21.0,1.48,Significantly Delayed,Traffic,21.0,False,2023-04-24
4376524554,75544,2023-03-16 09:25:00,2023-03-16 09:30:00,5.0,1.55,On Time,Traffic,5.0,False,2023-03-16
1519072771,40607,2024-08-01 04:22:15,2024-08-01 04:24:15,2.0,1.52,On Time,Traffic,2.0,False,2024-08-01
8203685394,92523,2024-02-23 07:17:38,2024-02-23 07:18:38,1.0,4.11,On Time,Traffic,1.0,False,2024-02-23
7906789850,16598,2024-10-08 20:35:00,2024-10-08 20:41:00,6.0,1.17,Slightly Delayed,Traffic,6.0,False,2024-10-08
8073770046,37431,2024-05-14 03:12:34,2024-05-14 03:25:34,13.0,3.42,Slightly Delayed,Traffic,13.0,False,2024-05-14
5190202949,98623,2023-09-09 12:49:28,2023-09-09 13:01:28,12.0,1.62,Slightly Delayed,Traffic,12.0,False,2023-09-09
8542325207,38846,2024-07-17 17:47:24,2024-07-17 17:50:24,3.0,4.04,On Time,Traffic,3.0,False,2024-07-17
7566730050,47294,2023-05-14 13:12:57,2023-05-14 13:13:57,1.0,2.52,On Time,Traffic,1.0,False,2023-05-14
176509722,60612,2023-10-16 22:46:31,2023-10-16 22:44:31,-2.0,1.92,On Time,,-2.0,True,2023-10-16
1894603222,90546,2023-10-16 07:27:33,2023-10-16 07:30:33,3.0,3.9,On Time,Traffic,3.0,False,2023-10-16
2694800415,70355,2024-04-04 07:44:06,2024-04-04 07:39:06,-5.0,3.85,On Time,,-5.0,True,2024-04-04
5879390688,87608,2023-09-07 19:48:09,2023-09-07 19:54:09,6.0,2.02,Slightly Delayed,Traffic,6.0,False,2023-09-07
1197715978,76039,2023-11-12 07:40:23,2023-11-12 07:43:23,3.0,3.68,On Time,Traffic,3.0,False,2023-11-12
7790696031,60613,2023-05-12 17:13:08,2023-05-12 17:08:08,-5.0,4.31,On Time,,-5.0,True,2023-05-12
2189360099,48011,2023-08-19 06:16:43,2023-08-19 06:13:43,-3.0,4.48,On Time,,-3.0,True,2023-08-19
3542041943,91300,2024-09-06 01:23:42,2024-09-06 01:25:42,2.0,3.35,On Time,Traffic,2.0,False,2024-09-06
9202469009,39748,2023-11-13 01:31:40,2023-11-13 01:28:40,-3.0,3.89,On Time,,-3.0,True,2023-11-13
3985829990,39267,2024-07-19 01:14:05,2024-07-19 01:28:05,14.0,1.63,Slightly Delayed,Traffic,14.0,False,2024-07-19
4341872315,20388,2023-11-03 13:19:48,2023-11-03 13:20:48,1.0,1.37,On Time,Traffic,1.0,False,2023-11-03
4748123248,93163,2023-08-01 10:15:42,2023-08-01 10:14:42,-1.0,2.43,On Time,,-1.0,True,2023-08-01
99905061,1750,2023-11-16 20:26:23,2023-11-16 20:34:23,8.0,3.18,Slightly Delayed,Traffic,8.0,False,2023-11-16
9118004489,57515,2024-02-02 14:45:12,2024-02-02 14:41:12,-4.0,2.34,On Time,,-4.0,True,2024-02-02
1696936610,10006,2023-09-13 23:46:44,2023-09-13 23:50:44,4.0,3.08,On Time,Traffic,4.0,False,2023-09-13
155669553,73940,2023-04-06 14:38:38,2023-04-06 14:36:38,-2.0,0.77,On Time,,-2.0,True,2023-04-06
2885541999,97766,2023-09-13 22:27:12,2023-09-13 22:24:12,-3.0,0.83,On Time,,-3.0,True,2023-09-13
2846340681,1441,2023-06-08 06:29:52,2023-06-08 06:32:52,3.0,2.36,On Time,Traffic,3.0,False,2023-06-08
963715332,74026,2024-07-18 22:39:26,2024-07-18 22:54:26,15.0,0.55,Slightly Delayed,Traffic,15.0,False,2024-07-18
2807634451,10898,2024-03-15 00:36:18,2024-03-15 00:41:18,5.0,4.64,On Time,Traffic,5.0,False,2024-03-15
3046341241,42558,2023-10-03 17:30:24,2023-10-03 17:26:24,-4.0,1.4,On Time,,-4.0,True,2023-10-03
485687952,41920,2023-03-26 19:53:56,2023-03-26 20:05:56,12.0,1.05,Slightly Delayed,Traffic,12.0,False,2023-03-26
7660904370,82481,2024-05-09 14:29:30,2024-05-09 14:41:30,12.0,4.8,Slightly Delayed,Traffic,12.0,False,2024-05-09
9753033954,66167,2023-07-02 01:47:28,2023-07-02 01:46:28,-1.0,3.49,On Time,,-1.0,True,2023-07-02
9509887699,83668,2024-01-13 11:19:16,2024-01-13 11:18:16,-1.0,1.44,On Time,,-1.0,True,2024-01-13
1054122071,29382,2023-11-22 08:56:23,2023-11-22 08:58:23,2.0,2.96,On Time,Traffic,2.0,False,2023-11-22
9135272808,58954,2024-03-01 23:24:19,2024-03-01 23:22:19,-2.0,3.77,On Time,,-2.0,True,2024-03-01
597447215,56770,2024-09-04 22:25:51,2024-09-04 22:20:51,-5.0,3.05,On Time,,-5.0,True,2024-09-04
5562099656,78737,2024-06-12 02:53:04,2024-06-12 02:58:04,5.0,4.23,On Time,Traffic,5.0,False,2024-06-12
4122736828,47529,2024-07-02 13:15:31,2024-07-02 13:12:31,-3.0,2.49,On Time,,-3.0,True,2024-07-02
7238138072,70201,2024-08-26 06:00:35,2024-08-26 05:55:35,-5.0,2.2,On Time,,-5.0,True,2024-08-26
6244736404,74025,2024-08-19 09:30:35,2024-08-19 09:40:35,10.0,0.66,Slightly Delayed,Traffic,10.0,False,2024-08-19
1297341963,78118,2024-07-28 21:58:40,2024-07-28 21:56:40,-2.0,1.23,On Time,,-2.0,True,2024-07-28
3842442278,34292,2024-10-27 03:01:39,2024-10-27 02:57:39,-4.0,3.4,On Time,,-4.0,True,2024-10-27
9576684860,49015,2023-04-28 20:17:38,2023-04-28 20:25:38,8.0,3.99,Slightly Delayed,Traffic,8.0,False,2023-04-28
1592757566,26609,2024-07-17 15:24:40,2024-07-17 15:44:40,20.0,2.61,Significantly Delayed,Traffic,20.0,False,2024-07-17
5060677329,2549,2024-03-29 08:32:16,2024-03-29 08:47:16,15.0,3.19,Slightly Delayed,Traffic,15.0,False,2024-03-29
2241930006,48832,2023-11-05 03:20:55,2023-11-05 03:48:55,28.0,4.78,Significantly Delayed,Traffic,28.0,False,2023-11-05
3246505078,70745,2024-08-15 20:57:26,2024-08-15 21:17:26,20.0,4.47,Significantly Delayed,Traffic,20.0,False,2024-08-15
5870152806,41777,2024-03-23 04:07:26,2024-03-23 04:02:26,-5.0,0.51,On Time,,-5.0,True,2024-03-23
8919999754,49856,2023-12-07 13:44:38,2023-12-07 13:44:38,0.0,4.16,On Time,,0.0,True,2023-12-07
1080338783,11061,2023-07-21 22:04:46,2023-07-21 22:03:46,-1.0,2.6,On Time,,-1.0,True,2023-07-21
4641905606,94171,2024-09-18 04:24:11,2024-09-18 04:21:11,-3.0,3.24,On Time,,-3.0,True,2024-09-18
9456413999,38461,2023-08-26 23:48:36,2023-08-26 23:50:36,2.0,2.21,On Time,Traffic,2.0,False,2023-08-26
4764056827,25547,2024-07-19 20:19:14,2024-07-19 20:30:14,11.0,1.87,Slightly Delayed,Traffic,11.0,False,2024-07-19
5168057633,64173,2024-07-11 01:53:53,2024-07-11 01:50:53,-3.0,3.82,On Time,,-3.0,True,2024-07-11
1442559656,4000,2023-05-10 08:12:52,2023-05-10 08:33:52,21.0,1.3,Significantly Delayed,Traffic,21.0,False,2023-05-10
6590257283,85700,2023-10-02 09:41:52,2023-10-02 09:43:52,2.0,3.29,On Time,Traffic,2.0,False,2023-10-02
3429671763,8472,2024-03-26 20:26:54,2024-03-26 20:45:54,19.0,3.56,Significantly Delayed,Traffic,19.0,False,2024-03-26
4750086089,57809,2023-08-16 20:15:15,2023-08-16 20:23:15,8.0,1.14,Slightly Delayed,Traffic,8.0,False,2023-08-16
3204128006,62365,2023-11-22 13:39:45,2023-11-22 13:52:45,13.0,0.62,Slightly Delayed,Traffic,13.0,False,2023-11-22
3171917027,41122,2024-03-31 08:34:11,2024-03-31 08:34:11,0.0,0.87,On Time,,0.0,True,2024-03-31
8814047085,68901,2023-04-10 10:50:09,2023-04-10 10:45:09,-5.0,2.67,On Time,,-5.0,True,2023-04-10
1889723479,87163,2024-06-24 08:11:26,2024-06-24 08:15:26,4.0,0.52,On Time,Traffic,4.0,False,2024-06-24
942025494,56953,2024-03-02 23:04:09,2024-03-02 23:18:09,14.0,3.0,Slightly Delayed,Traffic,14.0,False,2024-03-02
4104444500,92907,2024-10-13 02:48:41,2024-10-13 02:46:41,-2.0,4.02,On Time,,-2.0,True,2024-10-13
7562260313,38550,2024-03-23 02:32:57,2024-03-23 02:34:57,2.0,4.56,On Time,Traffic,2.0,False,2024-03-23
7140244766,76465,2023-08-06 14:38:46,2023-08-06 14:35:46,-3.0,1.81,On Time,,-3.0,True,2023-08-06
7967974077,1899,2024-07-06 06:12:25,2024-07-06 06:21:25,9.0,1.08,Slightly Delayed,Traffic,9.0,False,2024-07-06
7456822422,24881,2023-12-08 17:06:23,2023-12-08 17:14:23,8.0,1.45,Slightly Delayed,Traffic,8.0,False,2023-12-08
4813468096,13299,2024-02-10 04:10:20,2024-02-10 04:12:20,2.0,2.52,On Time,Traffic,2.0,False,2024-02-10
8618576020,64047,2024-01-18 15:01:23,2024-01-18 15:02:23,1.0,4.62,On Time,Traffic,1.0,False,2024-01-18
3727646442,98620,2023-07-21 16:18:58,2023-07-21 16:17:58,-1.0,1.11,On Time,,-1.0,True,2023-07-21
9208156337,83940,2024-09-23 10:27:54,2024-09-23 10:27:54,0.0,1.92,On Time,,0.0,True,2024-09-23
8328118787,13593,2023-05-14 22:16:21,2023-05-14 22:21:21,5.0,1.32,On Time,Traffic,5.0,False,2023-05-14
580528836,72799,2023-10-20 10:34:06,2023-10-20 11:03:06,29.0,0.53,Significantly Delayed,Traffic,29.0,False,2023-10-20
3350662630,8459,2023-07-03 22:24:47,2023-07-03 22:20:47,-4.0,2.73,On Time,,-4.0,True,2023-07-03
6716381725,96043,2023-05-05 11:18:58,2023-05-05 11:32:58,14.0,3.48,Slightly Delayed,Traffic,14.0,False,2023-05-05
2249567137,63769,2024-04-06 10:23:47,2024-04-06 10:24:47,1.0,1.4,On Time,Traffic,1.0,False,2024-04-06
7484465509,58978,2024-09-27 19:34:45,2024-09-27 19:30:45,-4.0,2.84,On Time,,-4.0,True,2024-09-27
2577208156,61389,2024-10-08 07:28:12,2024-10-08 07:35:12,7.0,0.86,Slightly Delayed,Traffic,7.0,False,2024-10-08
3321905621,26660,2024-10-19 20:13:37,2024-10-19 20:18:37,5.0,4.53,On Time,Traffic,5.0,False,2024-10-19
6686839282,53508,2023-07-24 09:41:56,2023-07-24 09:50:56,9.0,3.16,Slightly Delayed,Traffic,9.0,False,2023-07-24
5095558661,65564,2023-05-06 13:27:43,2023-05-06 13:30:43,3.0,3.7,On Time,Traffic,3.0,False,2023-05-06
112658009,32553,2023-07-11 17:55:34,2023-07-11 17:52:34,-3.0,4.54,On Time,,-3.0,True,2023-07-11
1343610513,14791,2023-07-17 13:55:50,2023-07-17 14:03:50,8.0,1.57,Slightly Delayed,Traffic,8.0,False,2023-07-17
7190610535,99603,2024-03-22 07:30:34,2024-03-22 07:26:34,-4.0,3.79,On Time,,-4.0,True,2024-03-22
5069426001,23515,2024-01-13 01:57:41,2024-01-13 01:58:41,1.0,4.78,On Time,Traffic,1.0,False,2024-01-13
5655369002,50372,2023-08-25 10:28:03,2023-08-25 10:28:03,0.0,1.89,On Time,,0.0,True,2023-08-25
5761530160,47945,2024-02-23 18:42:21,2024-02-23 18:57:21,15.0,2.31,Slightly Delayed,Traffic,15.0,False,2024-02-23
4772519706,27293,2023-03-28 09:03:18,2023-03-28 09:02:18,-1.0,2.96,On Time,,-1.0,True,2023-03-28
8209051735,66797,2024-02-13 22:45:18,2024-02-13 22:45:18,0.0,3.48,On Time,,0.0,True,2024-02-13
4870391666,82421,2024-03-23 20:42:02,2024-03-23 20:44:02,2.0,4.36,On Time,Traffic,2.0,False,2024-03-23
7777975083,89484,2024-06-24 18:05:10,2024-06-24 18:34:10,29.0,2.56,Significantly Delayed,Traffic,29.0,False,2024-06-24
8713948756,84056,2023-11-16 00:16:39,2023-11-16 00:35:39,19.0,3.45,Significantly Delayed,Traffic,19.0,False,2023-11-16
6191050157,71004,2023-05-11 20:53:55,2023-05-11 20:58:55,5.0,2.74,On Time,Traffic,5.0,False,2023-05-11
4060449266,83557,2024-03-09 00:43:33,2024-03-09 00:47:33,4.0,4.42,On Time,Traffic,4.0,False,2024-03-09
5657605506,54862,2024-05-30 20:28:11,2024-05-30 20:27:11,-1.0,3.88,On Time,,-1.0,True,2024-05-30
8851743592,70212,2024-02-13 12:15:52,2024-02-13 12:11:52,-4.0,2.89,On Time,,-4.0,True,2024-02-13
4689717606,20091,2023-07-05 07:42:52,2023-07-05 07:42:52,0.0,2.84,On Time,,0.0,True,2023-07-05
2860246948,42770,2024-09-25 22:29:59,2024-09-25 22:58:59,29.0,1.18,Significantly Delayed,Traffic,29.0,False,2024-09-25
2875550803,82986,2024-02-28 14:12:15,2024-02-28 14:11:15,-1.0,2.92,On Time,,-1.0,True,2024-02-28
5340575011,3517,2023-09-28 19:12:26,2023-09-28 19:15:26,3.0,0.68,On Time,Traffic,3.0,False,2023-09-28
7717156533,89557,2023-04-04 05:14:24,2023-04-04 05:18:24,4.0,4.13,On Time,Traffic,4.0,False,2023-04-04
8297255359,99111,2023-06-26 16:47:06,2023-06-26 16:50:06,3.0,1.36,On Time,Traffic,3.0,False,2023-06-26
7873234939,71249,2024-09-10 22:53:39,2024-09-10 22:59:39,6.0,4.38,Slightly Delayed,Traffic,6.0,False,2024-09-10
3668515922,9368,2023-08-23 14:31:44,2023-08-23 14:45:44,14.0,1.86,Slightly Delayed,Traffic,14.0,False,2023-08-23
8356690330,70661,2023-07-15 18:20:56,2023-07-15 18:16:56,-4.0,0.86,On Time,,-4.0,True,2023-07-15
3508620293,79725,2023-08-03 20:57:13,2023-08-03 20:57:13,0.0,1.6,On Time,,0.0,True,2023-08-03
9998297778,15629,2023-09-22 17:26:28,2023-09-22 17:27:28,1.0,4.71,On Time,Traffic,1.0,False,2023-09-22
3898421710,27328,2023-08-31 07:12:03,2023-08-31 07:18:03,6.0,4.58,Slightly Delayed,Traffic,6.0,False,2023-08-31
3960980694,61707,2024-06-21 23:01:59,2024-06-21 23:12:59,11.0,1.33,Slightly Delayed,Traffic,11.0,False,2024-06-21
5008395294,72163,2023-12-22 09:22:45,2023-12-22 09:41:45,19.0,2.33,Significantly Delayed,Traffic,19.0,False,2023-12-22
3722869004,80036,2023-07-20 05:53:36,2023-07-20 05:55:36,2.0,4.82,On Time,Traffic,2.0,False,2023-07-20
8391555591,29388,2023-08-25 07:14:51,2023-08-25 07:30:51,16.0,4.15,Significantly Delayed,Traffic,16.0,False,2023-08-25
8063730776,37119,2024-09-21 20:15:23,2024-09-21 20:13:23,-2.0,2.05,On Time,,-2.0,True,2024-09-21
9052752169,27976,2024-01-11 01:56:07,2024-01-11 02:01:07,5.0,0.58,On Time,Traffic,5.0,False,2024-01-11
7471416647,72270,2023-03-29 15:59:40,2023-03-29 16:06:40,7.0,3.97,Slightly Delayed,Traffic,7.0,False,2023-03-29
848332407,41823,2024-04-22 09:11:55,2024-04-22 09:09:55,-2.0,2.38,On Time,,-2.0,True,2024-04-22
4062701987,76840,2023-12-18 04:29:37,2023-12-18 04:24:37,-5.0,4.44,On Time,,-5.0,True,2023-12-18
8723912832,80138,2024-01-19 10:00:56,2024-01-19 10:03:56,3.0,4.96,On Time,Traffic,3.0,False,2024-01-19
9099298435,21269,2024-02-22 10:36:09,2024-02-22 10:35:09,-1.0,3.41,On Time,,-1.0,True,2024-02-22
5645691241,8455,2023-12-10 07:40:34,2023-12-10 07:49:34,9.0,4.73,Slightly Delayed,Traffic,9.0,False,2023-12-10
8258019846,96896,2024-01-24 17:58:28,2024-01-24 18:02:28,4.0,3.26,On Time,Traffic,4.0,False,2024-01-24
2732162016,82903,2023-05-27 10:16:51,2023-05-27 10:19:51,3.0,4.58,On Time,Traffic,3.0,False,2023-05-27
1561902412,71022,2023-06-08 20:02:33,2023-06-08 20:03:33,1.0,4.92,On Time,Traffic,1.0,False,2023-06-08
8979476889,43855,2023-06-06 22:45:51,2023-06-06 22:46:51,1.0,0.91,On Time,Traffic,1.0,False,2023-06-06
8373953053,37461,2024-10-25 22:11:38,2024-10-25 22:26:38,15.0,3.09,Slightly Delayed,Traffic,15.0,False,2024-10-25
7021309133,86023,2024-08-06 13:57:46,2024-08-06 14:05:46,8.0,1.59,Slightly Delayed,Traffic,8.0,False,2024-08-06
3447085029,97687,2023-04-25 04:43:16,2023-04-25 04:46:16,3.0,1.19,On Time,Traffic,3.0,False,2023-04-25
9284767341,38009,2024-03-04 14:39:23,2024-03-04 14:38:23,-1.0,1.41,On Time,,-1.0,True,2024-03-04
9770431940,70163,2024-06-06 23:20:27,2024-06-06 23:15:27,-5.0,3.72,On Time,,-5.0,True,2024-06-06
9650124390,58008,2024-04-24 15:41:40,2024-04-24 15:37:40,-4.0,0.56,On Time,,-4.0,True,2024-04-24
9826894858,52555,2024-06-21 13:12:40,2024-06-21 13:16:40,4.0,4.28,On Time,Traffic,4.0,False,2024-06-21
4466839873,15751,2023-12-09 07:17:48,2023-12-09 07:20:48,3.0,2.21,On Time,Traffic,3.0,False,2023-12-09
4331471900,95419,2024-07-20 09:03:16,2024-07-20 09:13:16,10.0,3.97,Slightly Delayed,Traffic,10.0,False,2024-07-20
5777824005,9630,2023-03-22 23:19:39,2023-03-22 23:14:39,-5.0,2.8,On Time,,-5.0,True,2023-03-22
8795242622,20027,2023-03-26 04:33:28,2023-03-26 04:29:28,-4.0,3.8,On Time,,-4.0,True,2023-03-26
8561878376,59539,2024-01-29 07:41:42,2024-01-29 07:44:42,3.0,0.99,On Time,Traffic,3.0,False,2024-01-29
2113243643,46402,2023-12-17 11:13:50,2023-12-17 11:13:50,0.0,2.8,On Time,,0.0,True,2023-12-17
8497820340,12255,2023-11-16 18:26:42,2023-11-16 18:28:42,2.0,1.08,On Time,Traffic,2.0,False,2023-11-16
3167184563,86629,2023-09-07 17:28:42,2023-09-07 17:32:42,4.0,1.15,On Time,Traffic,4.0,False,2023-09-07
9997121955,27103,2024-04-21 00:19:15,2024-04-21 00:16:15,-3.0,2.37,On Time,,-3.0,True,2024-04-21
2954397481,20739,2024-01-31 11:13:45,2024-01-31 11:15:45,2.0,2.94,On Time,Traffic,2.0,False,2024-01-31
8125884987,31296,2024-05-03 01:10:23,2024-05-03 01:13:23,3.0,2.74,On Time,Traffic,3.0,False,2024-05-03
3765873352,8612,2024-10-16 16:09:16,2024-10-16 16:13:16,4.0,2.25,On Time,Traffic,4.0,False,2024-10-16
7733310993,31410,2023-03-31 09:57:22,2023-03-31 10:09:22,12.0,4.55,Slightly Delayed,Traffic,12.0,False,2023-03-31
738093341,92844,2024-03-17 06:57:48,2024-03-17 07:27:48,30.0,4.73,Significantly Delayed,Traffic,30.0,False,2024-03-17
1837574319,63956,2024-06-19 06:34:01,2024-06-19 06:52:01,18.0,1.22,Significantly Delayed,Traffic,18.0,False,2024-06-19
2468420564,10759,2023-06-30 16:18:02,2023-06-30 16:46:02,28.0,2.91,Significantly Delayed,Traffic,28.0,False,2023-06-30
5368005763,37844,2024-07-30 05:56:00,2024-07-30 05:51:00,-5.0,4.25,On Time,,-5.0,True,2024-07-30
3823949592,28356,2023-04-13 23:21:51,2023-04-13 23:16:51,-5.0,1.48,On Time,,-5.0,True,2023-04-13
6298008063,6083,2023-07-19 06:15:20,2023-07-19 06:22:20,7.0,3.69,Slightly Delayed,Traffic,7.0,False,2023-07-19
2499190829,38976,2023-10-31 10:56:49,2023-10-31 10:58:49,2.0,1.74,On Time,Traffic,2.0,False,2023-10-31
491116137,46516,2024-01-19 08:24:03,2024-01-19 08:31:03,7.0,3.48,Slightly Delayed,Traffic,7.0,False,2024-01-19
2206269404,3395,2024-05-16 23:41:53,2024-05-16 23:38:53,-3.0,0.63,On Time,,-3.0,True,2024-05-16
1330806043,67773,2024-04-03 10:32:32,2024-04-03 10:39:32,7.0,0.7,Slightly Delayed,Traffic,7.0,False,2024-04-03
6770858376,40291,2024-01-11 05:17:34,2024-01-11 05:37:34,20.0,1.3,Significantly Delayed,Traffic,20.0,False,2024-01-11
4466716432,5951,2023-06-09 18:06:04,2023-06-09 18:07:04,1.0,3.47,On Time,Traffic,1.0,False,2023-06-09
8292554686,678,2024-03-27 15:35:04,2024-03-27 15:41:04,6.0,1.94,Slightly Delayed,Traffic,6.0,False,2024-03-27
4204069161,28632,2023-08-16 17:50:31,2023-08-16 17:48:31,-2.0,1.36,On Time,,-2.0,True,2023-08-16
2163079658,81489,2023-12-28 16:51:25,2023-12-28 16:53:25,2.0,1.77,On Time,Traffic,2.0,False,2023-12-28
6971561757,23787,2023-12-15 19:19:03,2023-12-15 19:42:03,23.0,0.61,Significantly Delayed,Traffic,23.0,False,2023-12-15
7965253060,3496,2024-02-13 10:22:42,2024-02-13 10:31:42,9.0,3.58,Slightly Delayed,Traffic,9.0,False,2024-02-13
8939040193,46879,2024-09-17 13:16:27,2024-09-17 13:28:27,12.0,3.57,Slightly Delayed,Traffic,12.0,False,2024-09-17
8322028211,20488,2023-11-04 17:14:43,2023-11-04 17:15:43,1.0,3.61,On Time,Traffic,1.0,False,2023-11-04
6865922682,98320,2024-06-16 13:54:39,2024-06-16 13:50:39,-4.0,1.34,On Time,,-4.0,True,2024-06-16
5912729079,56995,2024-08-10 01:34:51,2024-08-10 01:49:51,15.0,1.04,Slightly Delayed,Traffic,15.0,False,2024-08-10
8764776130,25706,2023-12-14 13:33:27,2023-12-14 13:36:27,3.0,4.54,On Time,Traffic,3.0,False,2023-12-14
7769965629,89124,2023-04-21 17:02:32,2023-04-21 17:07:32,5.0,1.18,On Time,Traffic,5.0,False,2023-04-21
2166463032,57294,2023-10-30 21:38:11,2023-10-30 21:40:11,2.0,4.57,On Time,Traffic,2.0,False,2023-10-30
7035343259,71409,2024-07-11 08:46:04,2024-07-11 08:45:04,-1.0,3.24,On Time,,-1.0,True,2024-07-11
8914775994,30298,2024-02-13 23:47:11,2024-02-13 23:45:11,-2.0,2.16,On Time,,-2.0,True,2024-02-13
7565647347,1739,2024-10-24 01:31:49,2024-10-24 01:26:49,-5.0,0.84,On Time,,-5.0,True,2024-10-24
6172215120,283,2024-06-03 07:42:45,2024-06-03 07:44:45,2.0,1.34,On Time,Traffic,2.0,False,2024-06-03
4043585691,8666,2024-02-21 22:54:16,2024-02-21 23:00:16,6.0,3.27,Slightly Delayed,Traffic,6.0,False,2024-02-21
3735186180,55800,2024-03-16 15:46:54,2024-03-16 15:48:54,2.0,4.49,On Time,Traffic,2.0,False,2024-03-16
5281459433,56847,2024-10-10 06:58:31,2024-10-10 07:10:31,12.0,4.07,Slightly Delayed,Traffic,12.0,False,2024-10-10
424087401,59842,2024-04-19 10:53:15,2024-04-19 10:50:15,-3.0,4.06,On Time,,-3.0,True,2024-04-19
884327245,68768,2023-09-25 00:29:47,2023-09-25 00:35:47,6.0,3.13,Slightly Delayed,Traffic,6.0,False,2023-09-25
6318008970,1399,2024-05-11 19:20:20,2024-05-11 19:23:20,3.0,3.66,On Time,Traffic,3.0,False,2024-05-11
3792751421,8803,2024-08-11 20:27:30,2024-08-11 20:22:30,-5.0,1.97,On Time,,-5.0,True,2024-08-11
5471255539,90665,2023-05-31 10:24:04,2023-05-31 10:19:04,-5.0,4.24,On Time,,-5.0,True,2023-05-31
9917290378,39311,2024-01-05 13:14:28,2024-01-05 13:34:28,20.0,1.27,Significantly Delayed,Traffic,20.0,False,2024-01-05
208989475,2365,2023-03-16 11:50:32,2023-03-16 11:48:32,-2.0,0.99,On Time,,-2.0,True,2023-03-16
7672827556,25541,2023-07-01 02:03:54,2023-07-01 02:02:54,-1.0,4.5,On Time,,-1.0,True,2023-07-01
3792912325,82865,2024-06-03 20:07:50,2024-06-03 20:04:50,-3.0,4.69,On Time,,-3.0,True,2024-06-03
2478533601,79023,2024-11-01 14:39:12,2024-11-01 14:46:12,7.0,2.11,Slightly Delayed,Traffic,7.0,False,2024-11-01
2255745327,96569,2023-05-01 03:29:08,2023-05-01 03:25:08,-4.0,0.6,On Time,,-4.0,True,2023-05-01
8612261848,33962,2024-06-18 20:12:36,2024-06-18 20:08:36,-4.0,1.18,On Time,,-4.0,True,2024-06-18
6949810049,68356,2023-09-25 13:36:55,2023-09-25 13:35:55,-1.0,4.59,On Time,,-1.0,True,2023-09-25
2399456941,95044,2024-10-16 07:04:41,2024-10-16 07:11:41,7.0,1.88,Slightly Delayed,Traffic,7.0,False,2024-10-16
6292969164,60860,2024-07-09 07:21:40,2024-07-09 07:34:40,13.0,4.22,Slightly Delayed,Traffic,13.0,False,2024-07-09
2929485756,98387,2024-10-13 00:57:39,2024-10-13 01:24:39,27.0,2.46,Significantly Delayed,Traffic,27.0,False,2024-10-13
8757869416,89940,2024-05-03 04:05:06,2024-05-03 04:05:06,0.0,0.84,On Time,,0.0,True,2024-05-03
2653966619,20322,2024-07-12 17:19:26,2024-07-12 17:15:26,-4.0,3.9,On Time,,-4.0,True,2024-07-12
336103625,53527,2024-05-16 19:22:33,2024-05-16 19:23:33,1.0,4.58,On Time,Traffic,1.0,False,2024-05-16
3727289407,96404,2024-06-17 12:31:04,2024-06-17 12:28:04,-3.0,2.24,On Time,,-3.0,True,2024-06-17
701250513,12426,2024-09-03 19:10:33,2024-09-03 19:11:33,1.0,4.12,On Time,Traffic,1.0,False,2024-09-03
101816977,74586,2024-02-20 06:37:43,2024-02-20 06:41:43,4.0,1.45,On Time,Traffic,4.0,False,2024-02-20
7838223552,32488,2023-12-07 13:46:45,2023-12-07 13:45:45,-1.0,4.95,On Time,,-1.0,True,2023-12-07
4123140013,7581,2024-11-03 01:48:11,2024-11-03 01:44:11,-4.0,2.59,On Time,,-4.0,True,2024-11-03
9821008306,9712,2023-04-05 15:52:16,2023-04-05 15:48:16,-4.0,0.74,On Time,,-4.0,True,2023-04-05
5414882934,39970,2023-12-28 21:19:27,2023-12-28 21:18:27,-1.0,2.98,On Time,,-1.0,True,2023-12-28
9257313140,71919,2024-06-16 14:29:42,2024-06-16 14:46:42,17.0,1.34,Significantly Delayed,Traffic,17.0,False,2024-06-16
3857021231,8994,2023-09-28 20:06:57,2023-09-28 20:08:57,2.0,3.89,On Time,Traffic,2.0,False,2023-09-28
1606381345,84799,2023-03-22 12:56:37,2023-03-22 12:51:37,-5.0,1.32,On Time,,-5.0,True,2023-03-22
239830094,64707,2023-08-17 09:17:54,2023-08-17 09:15:54,-2.0,4.5,On Time,,-2.0,True,2023-08-17
580582858,23439,2023-09-11 17:58:04,2023-09-11 17:57:04,-1.0,4.39,On Time,,-1.0,True,2023-09-11
4191340899,84191,2023-05-26 01:44:29,2023-05-26 01:44:29,0.0,2.05,On Time,,0.0,True,2023-05-26
1013630716,36890,2024-05-19 06:39:26,2024-05-19 06:57:26,18.0,2.58,Significantly Delayed,Traffic,18.0,False,2024-05-19
8220017366,69432,2023-05-28 08:46:25,2023-05-28 09:04:25,18.0,2.59,Significantly Delayed,Traffic,18.0,False,2023-05-28
4353485612,67044,2024-08-31 13:25:53,2024-08-31 13:34:53,9.0,1.22,Slightly Delayed,Traffic,9.0,False,2024-08-31
8682172393,60531,2024-10-15 02:37:39,2024-10-15 02:42:39,5.0,0.99,On Time,Traffic,5.0,False,2024-10-15
4085089017,73060,2024-06-11 22:42:40,2024-06-11 22:49:40,7.0,0.95,Slightly Delayed,Traffic,7.0,False,2024-06-11
1287686307,72260,2024-01-18 18:09:19,2024-01-18 18:31:19,22.0,3.84,Significantly Delayed,Traffic,22.0,False,2024-01-18
4425450216,11470,2023-06-11 17:53:51,2023-06-11 17:49:51,-4.0,2.32,On Time,,-4.0,True,2023-06-11
7799346570,6267,2023-10-04 00:07:26,2023-10-04 00:02:26,-5.0,4.86,On Time,,-5.0,True,2023-10-04
5917975686,95635,2024-06-04 21:25:32,2024-06-04 21:26:32,1.0,2.29,On Time,Traffic,1.0,False,2024-06-04
9588500388,25906,2024-07-05 10:16:17,2024-07-05 10:30:17,14.0,2.55,Slightly Delayed,Traffic,14.0,False,2024-07-05
3963207709,75698,2024-01-04 20:37:27,2024-01-04 21:01:27,24.0,3.13,Significantly Delayed,Traffic,24.0,False,2024-01-04
2217466286,55729,2023-04-08 13:27:35,2023-04-08 13:50:35,23.0,2.22,Significantly Delayed,Traffic,23.0,False,2023-04-08
7130088913,27018,2023-06-29 14:35:03,2023-06-29 14:38:03,3.0,3.43,On Time,Traffic,3.0,False,2023-06-29
9064682961,74646,2024-07-04 13:31:05,2024-07-04 13:30:05,-1.0,3.91,On Time,,-1.0,True,2024-07-04
6060156146,43137,2023-05-25 19:10:12,2023-05-25 19:25:12,15.0,3.34,Slightly Delayed,Traffic,15.0,False,2023-05-25
3106610673,39962,2024-06-10 18:08:21,2024-06-10 18:16:21,8.0,4.04,Slightly Delayed,Traffic,8.0,False,2024-06-10
442408751,31883,2023-10-19 17:42:57,2023-10-19 17:43:57,1.0,3.45,On Time,Traffic,1.0,False,2023-10-19
353571238,49421,2024-01-01 16:06:24,2024-01-01 16:10:24,4.0,1.94,On Time,Traffic,4.0,False,2024-01-01
4670530333,73412,2024-05-30 18:09:58,2024-05-30 18:06:58,-3.0,2.26,On Time,,-3.0,True,2024-05-30
4961370923,95563,2024-02-04 16:20:26,2024-02-04 16:25:26,5.0,1.03,On Time,Traffic,5.0,False,2024-02-04
8946821991,7047,2024-04-29 12:12:27,2024-04-29 12:12:27,0.0,2.84,On Time,,0.0,True,2024-04-29
5720622852,41385,2023-04-16 15:01:16,2023-04-16 14:59:16,-2.0,4.29,On Time,,-2.0,True,2023-04-16
7305353953,79920,2024-01-04 08:13:14,2024-01-04 08:41:14,28.0,1.58,Significantly Delayed,Traffic,28.0,False,2024-01-04
1402723627,29946,2024-05-16 04:55:13,2024-05-16 05:09:13,14.0,4.23,Slightly Delayed,Traffic,14.0,False,2024-05-16
9820620357,19268,2023-12-05 10:27:47,2023-12-05 10:32:47,5.0,1.35,On Time,Traffic,5.0,False,2023-12-05
1930286155,22959,2024-09-02 20:26:02,2024-09-02 20:32:02,6.0,2.1,Slightly Delayed,Traffic,6.0,False,2024-09-02
6759029950,27838,2023-12-03 13:02:14,2023-12-03 13:06:14,4.0,2.4,On Time,Traffic,4.0,False,2023-12-03
9032188284,45176,2023-08-24 19:45:01,2023-08-24 19:56:01,11.0,2.56,Slightly Delayed,Traffic,11.0,False,2023-08-24
9490161602,35300,2023-04-26 12:22:47,2023-04-26 12:17:47,-5.0,0.81,On Time,,-5.0,True,2023-04-26
8565257085,74770,2023-09-24 21:04:44,2023-09-24 21:00:44,-4.0,1.9,On Time,,-4.0,True,2023-09-24
4884845960,39010,2023-09-05 13:11:44,2023-09-05 13:07:44,-4.0,3.47,On Time,,-4.0,True,2023-09-05
6181604084,63800,2023-10-22 04:25:32,2023-10-22 04:22:32,-3.0,0.69,On Time,,-3.0,True,2023-10-22
2718508408,47220,2023-08-04 04:07:55,2023-08-04 04:22:55,15.0,4.85,Slightly Delayed,Traffic,15.0,False,2023-08-04
8354866000,19057,2024-02-15 18:41:22,2024-02-15 18:49:22,8.0,5.0,Slightly Delayed,Traffic,8.0,False,2024-02-15
8025728977,66000,2024-08-15 16:10:16,2024-08-15 16:07:16,-3.0,2.84,On Time,,-3.0,True,2024-08-15
6531356394,92872,2023-05-09 14:46:55,2023-05-09 14:46:55,0.0,0.83,On Time,,0.0,True,2023-05-09
5489184758,69415,2024-03-15 15:36:26,2024-03-15 15:35:26,-1.0,3.02,On Time,,-1.0,True,2024-03-15
1377599881,17690,2024-08-17 10:15:54,2024-08-17 10:12:54,-3.0,0.53,On Time,,-3.0,True,2024-08-17
227162938,43553,2024-04-18 07:25:08,2024-04-18 07:23:08,-2.0,2.54,On Time,,-2.0,True,2024-04-18
3449083612,65165,2023-11-10 12:49:44,2023-11-10 13:02:44,13.0,3.64,Slightly Delayed,Traffic,13.0,False,2023-11-10
5662514948,58053,2023-05-20 03:08:48,2023-05-20 03:03:48,-5.0,3.27,On Time,,-5.0,True,2023-05-20
2034571482,86556,2024-02-20 20:28:09,2024-02-20 20:43:09,15.0,2.48,Slightly Delayed,Traffic,15.0,False,2024-02-20
348782569,88218,2023-09-23 08:45:21,2023-09-23 08:56:21,11.0,2.5,Slightly Delayed,Traffic,11.0,False,2023-09-23
8697396531,59371,2023-10-23 18:54:21,2023-10-23 18:52:21,-2.0,1.71,On Time,,-2.0,True,2023-10-23
3538455450,63154,2024-09-05 21:29:40,2024-09-05 21:28:40,-1.0,2.89,On Time,,-1.0,True,2024-09-05
7513290139,96784,2023-05-21 18:52:42,2023-05-21 18:51:42,-1.0,3.71,On Time,,-1.0,True,2023-05-21
8320461939,63519,2024-04-17 04:38:13,2024-04-17 04:34:13,-4.0,4.38,On Time,,-4.0,True,2024-04-17
8217899522,15587,2024-10-08 11:51:14,2024-10-08 11:51:14,0.0,4.1,On Time,,0.0,True,2024-10-08
4217056877,94995,2024-03-26 19:54:46,2024-03-26 20:02:46,8.0,3.74,Slightly Delayed,Traffic,8.0,False,2024-03-26
3684167813,82021,2024-09-13 08:33:52,2024-09-13 08:31:52,-2.0,0.85,On Time,,-2.0,True,2024-09-13
5351904164,98439,2024-08-06 16:26:48,2024-08-06 16:31:48,5.0,1.17,On Time,Traffic,5.0,False,2024-08-06
2731829604,85333,2024-02-12 20:28:18,2024-02-12 20:25:18,-3.0,0.89,On Time,,-3.0,True,2024-02-12
7162485958,64568,2023-12-06 18:42:13,2023-12-06 18:42:13,0.0,2.87,On Time,,0.0,True,2023-12-06
4830502113,8022,2024-01-26 15:02:09,2024-01-26 15:01:09,-1.0,2.76,On Time,,-1.0,True,2024-01-26
9797013595,35734,2024-05-16 00:14:43,2024-05-16 00:23:43,9.0,3.93,Slightly Delayed,Traffic,9.0,False,2024-05-16
9487843345,82632,2024-06-11 06:35:15,2024-06-11 06:39:15,4.0,2.95,On Time,Traffic,4.0,False,2024-06-11
2148242015,13676,2023-05-01 00:04:24,2023-05-01 00:33:24,29.0,4.21,Significantly Delayed,Traffic,29.0,False,2023-05-01
7465258008,63335,2023-10-25 21:34:48,2023-10-25 21:48:48,14.0,2.88,Slightly Delayed,Traffic,14.0,False,2023-10-25
8875274470,54978,2024-04-20 16:38:48,2024-04-20 17:03:48,25.0,1.03,Significantly Delayed,Traffic,25.0,False,2024-04-20
7049717910,10931,2024-05-11 05:58:42,2024-05-11 05:56:42,-2.0,0.83,On Time,,-2.0,True,2024-05-11
4829897426,93475,2023-06-05 01:10:37,2023-06-05 01:07:37,-3.0,3.29,On Time,,-3.0,True,2023-06-05
3532186218,34900,2023-08-08 14:15:04,2023-08-08 14:16:04,1.0,4.85,On Time,Traffic,1.0,False,2023-08-08
6897674900,5998,2024-05-13 13:08:01,2024-05-13 13:05:01,-3.0,2.32,On Time,,-3.0,True,2024-05-13
163895717,45284,2023-11-02 05:01:21,2023-11-02 04:58:21,-3.0,2.3,On Time,,-3.0,True,2023-11-02
9857592403,36569,2023-10-24 11:51:41,2023-10-24 11:55:41,4.0,4.17,On Time,Traffic,4.0,False,2023-10-24
2521197661,49637,2024-02-20 00:48:46,2024-02-20 01:05:46,17.0,0.86,Significantly Delayed,Traffic,17.0,False,2024-02-20
488314125,60702,2023-04-05 18:28:51,2023-04-05 18:41:51,13.0,3.13,Slightly Delayed,Traffic,13.0,False,2023-04-05
5073549838,20915,2024-04-28 08:15:04,2024-04-28 08:19:04,4.0,1.01,On Time,Traffic,4.0,False,2024-04-28
6399568661,45002,2023-12-17 21:19:56,2023-12-17 21:18:56,-1.0,3.42,On Time,,-1.0,True,2023-12-17
3672658084,66143,2024-05-10 14:07:48,2024-05-10 14:07:48,0.0,3.4,On Time,,0.0,True,2024-05-10
8273236145,8874,2024-09-02 16:06:41,2024-09-02 16:08:41,2.0,3.75,On Time,Traffic,2.0,False,2024-09-02
3411233779,33913,2024-04-13 23:22:45,2024-04-13 23:18:45,-4.0,1.67,On Time,,-4.0,True,2024-04-13
8024667539,26395,2024-07-22 06:12:11,2024-07-22 06:24:11,12.0,1.85,Slightly Delayed,Traffic,12.0,False,2024-07-22
6112199794,75415,2024-09-21 21:00:43,2024-09-21 21:06:43,6.0,4.43,Slightly Delayed,Traffic,6.0,False,2024-09-21
9484473160,38707,2023-04-25 21:44:46,2023-04-25 21:53:46,9.0,2.47,Slightly Delayed,Traffic,9.0,False,2023-04-25
9729709418,43891,2023-03-30 05:38:05,2023-03-30 05:33:05,-5.0,4.73,On Time,,-5.0,True,2023-03-30
7900224799,45482,2024-07-03 05:12:31,2024-07-03 05:25:31,13.0,1.48,Slightly Delayed,Traffic,13.0,False,2024-07-03
1821414490,55493,2024-10-21 07:45:08,2024-10-21 07:44:08,-1.0,0.92,On Time,,-1.0,True,2024-10-21
5813507399,13303,2024-04-15 09:21:04,2024-04-15 09:16:04,-5.0,2.37,On Time,,-5.0,True,2024-04-15
3928003125,40065,2023-12-07 13:43:43,2023-12-07 13:58:43,15.0,1.46,Slightly Delayed,Traffic,15.0,False,2023-12-07
5271866987,15044,2024-08-27 01:45:03,2024-08-27 01:43:03,-2.0,2.84,On Time,,-2.0,True,2024-08-27
9794537731,23014,2023-05-27 13:10:31,2023-05-27 13:13:31,3.0,3.02,On Time,Traffic,3.0,False,2023-05-27
4852718488,71839,2024-04-29 20:57:44,2024-04-29 20:56:44,-1.0,3.31,On Time,,-1.0,True,2024-04-29
8300546273,80645,2023-09-05 10:27:24,2023-09-05 10:29:24,2.0,1.58,On Time,Traffic,2.0,False,2023-09-05
976104194,65001,2024-05-07 22:16:34,2024-05-07 22:46:34,30.0,0.78,Significantly Delayed,Traffic,30.0,False,2024-05-07
5373961125,72609,2024-11-01 04:01:48,2024-11-01 04:06:48,5.0,2.88,On Time,Traffic,5.0,False,2024-11-01
6056126973,84012,2024-07-02 22:45:53,2024-07-02 22:45:53,0.0,3.31,On Time,,0.0,True,2024-07-02
6352881332,21808,2024-01-22 23:20:41,2024-01-22 23:24:41,4.0,3.03,On Time,Traffic,4.0,False,2024-01-22
1643234106,63857,2024-09-12 04:06:26,2024-09-12 04:21:26,15.0,4.22,Slightly Delayed,Traffic,15.0,False,2024-09-12
8697966993,45795,2024-03-02 06:00:49,2024-03-02 06:22:49,22.0,2.95,Significantly Delayed,Traffic,22.0,False,2024-03-02
2276061263,25181,2024-10-06 17:12:05,2024-10-06 17:12:05,0.0,1.18,On Time,,0.0,True,2024-10-06
4045613782,29650,2023-08-09 08:36:43,2023-08-09 08:41:43,5.0,2.23,On Time,Traffic,5.0,False,2023-08-09
2959828441,80243,2024-03-15 18:13:14,2024-03-15 18:17:14,4.0,1.62,On Time,Traffic,4.0,False,2024-03-15
3514589876,24168,2023-10-17 21:20:10,2023-10-17 21:20:10,0.0,4.1,On Time,,0.0,True,2023-10-17
9444081952,88637,2023-11-27 01:16:59,2023-11-27 01:19:59,3.0,1.4,On Time,Traffic,3.0,False,2023-11-27
8183959589,80408,2023-12-16 14:41:59,2023-12-16 14:45:59,4.0,1.58,On Time,Traffic,4.0,False,2023-12-16
1712832927,60377,2024-03-16 02:36:19,2024-03-16 02:50:19,14.0,0.78,Slightly Delayed,Traffic,14.0,False,2024-03-16
8162867215,53830,2024-08-24 15:45:13,2024-08-24 15:50:13,5.0,2.71,On Time,Traffic,5.0,False,2024-08-24
4160230443,41222,2024-04-15 04:13:39,2024-04-15 04:18:39,5.0,2.46,On Time,Traffic,5.0,False,2024-04-15
9787535949,20817,2023-04-02 14:17:48,2023-04-02 14:27:48,10.0,1.96,Slightly Delayed,Traffic,10.0,False,2023-04-02
3423995261,50959,2023-05-06 21:50:32,2023-05-06 21:54:32,4.0,3.39,On Time,Traffic,4.0,False,2023-05-06
1523343168,41110,2024-07-21 19:08:11,2024-07-21 19:12:11,4.0,4.56,On Time,Traffic,4.0,False,2024-07-21
1948066291,33207,2024-10-02 22:12:43,2024-10-02 22:15:43,3.0,3.15,On Time,Traffic,3.0,False,2024-10-02
2021361582,88680,2024-05-20 13:48:16,2024-05-20 14:04:16,16.0,0.61,Significantly Delayed,Traffic,16.0,False,2024-05-20
7491420331,81340,2024-05-22 03:30:45,2024-05-22 03:38:45,8.0,3.25,Slightly Delayed,Traffic,8.0,False,2024-05-22
994840771,22900,2023-10-15 23:11:35,2023-10-15 23:25:35,14.0,3.72,Slightly Delayed,Traffic,14.0,False,2023-10-15
6277344634,98138,2024-07-23 19:33:11,2024-07-23 19:55:11,22.0,2.48,Significantly Delayed,Traffic,22.0,False,2024-07-23
4092653338,30910,2024-04-24 14:26:22,2024-04-24 14:21:22,-5.0,4.63,On Time,,-5.0,True,2024-04-24
7213712604,25295,2023-11-17 07:16:37,2023-11-17 07:12:37,-4.0,2.8,On Time,,-4.0,True,2023-11-17
7326709115,46549,2023-11-26 00:54:32,2023-11-26 01:01:32,7.0,3.53,Slightly Delayed,Traffic,7.0,False,2023-11-26
9419789569,54029,2024-07-17 10:53:23,2024-07-17 10:53:23,0.0,2.48,On Time,,0.0,True,2024-07-17
5388191488,38734,2024-03-31 04:07:25,2024-03-31 04:19:25,12.0,0.6,Slightly Delayed,Traffic,12.0,False,2024-03-31
9065873433,61365,2023-10-23 19:27:27,2023-10-23 19:37:27,10.0,2.06,Slightly Delayed,Traffic,10.0,False,2023-10-23
4627342297,47725,2023-08-28 11:01:50,2023-08-28 11:06:50,5.0,2.44,On Time,Traffic,5.0,False,2023-08-28
4286971111,7124,2024-05-27 03:36:40,2024-05-27 03:31:40,-5.0,1.8,On Time,,-5.0,True,2024-05-27
645282074,19843,2023-05-25 23:55:35,2023-05-25 23:54:35,-1.0,0.88,On Time,,-1.0,True,2023-05-25
7260939789,13059,2023-10-28 13:55:51,2023-10-28 14:00:51,5.0,1.1,On Time,Traffic,5.0,False,2023-10-28
1716322448,66774,2023-09-06 16:23:18,2023-09-06 16:26:18,3.0,4.92,On Time,Traffic,3.0,False,2023-09-06
4293959647,72576,2023-10-03 21:34:36,2023-10-03 21:33:36,-1.0,2.09,On Time,,-1.0,True,2023-10-03
3331935300,14328,2023-06-15 21:54:22,2023-06-15 21:56:22,2.0,1.12,On Time,Traffic,2.0,False,2023-06-15
1775389576,59128,2024-03-10 06:53:09,2024-03-10 06:52:09,-1.0,0.67,On Time,,-1.0,True,2024-03-10
8194774262,19069,2024-10-06 06:52:32,2024-10-06 07:02:32,10.0,3.25,Slightly Delayed,Traffic,10.0,False,2024-10-06
3615279775,33091,2023-11-01 18:41:36,2023-11-01 18:40:36,-1.0,2.4,On Time,,-1.0,True,2023-11-01
11467999,1908,2023-04-23 18:57:26,2023-04-23 19:11:26,14.0,0.68,Slightly Delayed,Traffic,14.0,False,2023-04-23
3971267196,59116,2024-01-14 02:54:53,2024-01-14 02:58:53,4.0,2.74,On Time,Traffic,4.0,False,2024-01-14
1584863963,70947,2024-07-21 18:31:06,2024-07-21 18:48:06,17.0,3.64,Significantly Delayed,Traffic,17.0,False,2024-07-21
1557893814,60172,2024-04-02 13:01:33,2024-04-02 13:05:33,4.0,1.85,On Time,Traffic,4.0,False,2024-04-02
8172695964,52140,2024-07-07 09:36:06,2024-07-07 09:38:06,2.0,2.43,On Time,Traffic,2.0,False,2024-07-07
7462800868,39973,2023-10-19 17:44:14,2023-10-19 18:12:14,28.0,1.77,Significantly Delayed,Traffic,28.0,False,2023-10-19
5438961669,67068,2024-09-10 05:38:18,2024-09-10 05:55:18,17.0,2.1,Significantly Delayed,Traffic,17.0,False,2024-09-10
4904849001,8244,2023-11-30 06:00:13,2023-11-30 06:05:13,5.0,4.42,On Time,Traffic,5.0,False,2023-11-30
4816980820,28954,2023-03-27 20:41:31,2023-03-27 20:59:31,18.0,2.31,Significantly Delayed,Traffic,18.0,False,2023-03-27
9004078716,60691,2023-08-21 08:57:05,2023-08-21 08:57:05,0.0,4.57,On Time,,0.0,True,2023-08-21
8350353728,73339,2024-01-25 08:18:43,2024-01-25 08:23:43,5.0,1.62,On Time,Traffic,5.0,False,2024-01-25
1204084245,55802,2023-09-26 01:48:11,2023-09-26 02:04:11,16.0,4.5,Significantly Delayed,Traffic,16.0,False,2023-09-26
4142209897,6857,2023-09-07 20:15:27,2023-09-07 20:15:27,0.0,3.27,On Time,,0.0,True,2023-09-07
125551624,16319,2024-08-12 21:44:30,2024-08-12 21:44:30,0.0,1.09,On Time,,0.0,True,2024-08-12
9970545044,81093,2023-08-08 22:38:41,2023-08-08 22:43:41,5.0,1.76,On Time,Traffic,5.0,False,2023-08-08
7976032064,39126,2024-05-03 16:16:32,2024-05-03 16:18:32,2.0,4.57,On Time,Traffic,2.0,False,2024-05-03
8691567542,87207,2024-06-27 09:05:11,2024-06-27 09:10:11,5.0,1.06,On Time,Traffic,5.0,False,2024-06-27
3592747590,92032,2024-04-24 12:29:13,2024-04-24 12:58:13,29.0,3.76,Significantly Delayed,Traffic,29.0,False,2024-04-24
7495753437,20625,2023-06-02 00:45:35,2023-06-02 00:45:35,0.0,1.06,On Time,,0.0,True,2023-06-02
3965847120,60885,2023-05-05 15:09:43,2023-05-05 15:11:43,2.0,4.21,On Time,Traffic,2.0,False,2023-05-05
9365984533,40460,2024-06-25 20:02:13,2024-06-25 19:59:13,-3.0,4.34,On Time,,-3.0,True,2024-06-25
2948242102,55456,2023-10-12 15:14:53,2023-10-12 15:12:53,-2.0,4.57,On Time,,-2.0,True,2023-10-12
6161193691,22997,2023-05-30 13:55:08,2023-05-30 13:50:08,-5.0,2.46,On Time,,-5.0,True,2023-05-30
5964122835,98433,2024-03-29 18:29:05,2024-03-29 18:26:05,-3.0,4.54,On Time,,-3.0,True,2024-03-29
8879377902,61662,2024-03-09 06:26:43,2024-03-09 06:21:43,-5.0,3.82,On Time,,-5.0,True,2024-03-09
8158068874,93613,2024-07-25 20:41:13,2024-07-25 20:55:13,14.0,4.01,Slightly Delayed,Traffic,14.0,False,2024-07-25
7039570964,40041,2024-04-13 03:30:23,2024-04-13 03:42:23,12.0,0.52,Slightly Delayed,Traffic,12.0,False,2024-04-13
5482913265,84976,2024-08-08 15:30:48,2024-08-08 15:41:48,11.0,0.61,Slightly Delayed,Traffic,11.0,False,2024-08-08
1018255782,35907,2024-09-08 06:25:07,2024-09-08 06:45:07,20.0,2.48,Significantly Delayed,Traffic,20.0,False,2024-09-08
8441505853,58002,2023-11-10 08:31:55,2023-11-10 08:33:55,2.0,3.69,On Time,Traffic,2.0,False,2023-11-10
3850018395,42851,2023-06-09 20:45:07,2023-06-09 21:00:07,15.0,1.25,Slightly Delayed,Traffic,15.0,False,2023-06-09
4884197611,4714,2023-04-19 19:23:09,2023-04-19 19:48:09,25.0,4.29,Significantly Delayed,Traffic,25.0,False,2023-04-19
5321849748,43163,2024-03-01 00:33:24,2024-03-01 00:28:24,-5.0,2.69,On Time,,-5.0,True,2024-03-01
9808738347,81334,2024-03-28 23:53:11,2024-03-28 23:50:11,-3.0,2.79,On Time,,-3.0,True,2024-03-28
8727249149,16796,2023-06-27 00:38:22,2023-06-27 00:35:22,-3.0,2.27,On Time,,-3.0,True,2023-06-27
2772154780,74237,2024-07-18 14:52:59,2024-07-18 14:51:59,-1.0,0.69,On Time,,-1.0,True,2024-07-18
9128056381,95005,2024-06-10 07:32:02,2024-06-10 07:32:02,0.0,0.84,On Time,,0.0,True,2024-06-10
4461463308,43141,2023-06-16 08:11:25,2023-06-16 08:11:25,0.0,1.16,On Time,,0.0,True,2023-06-16
5636483988,73517,2024-01-29 17:52:04,2024-01-29 17:51:04,-1.0,4.35,On Time,,-1.0,True,2024-01-29
1532065529,1354,2023-12-07 06:43:36,2023-12-07 06:45:36,2.0,1.94,On Time,Traffic,2.0,False,2023-12-07
9933994647,46871,2024-02-27 06:50:56,2024-02-27 06:51:56,1.0,2.0,On Time,Traffic,1.0,False,2024-02-27
4823026749,97537,2024-08-08 16:02:46,2024-08-08 15:58:46,-4.0,3.57,On Time,,-4.0,True,2024-08-08
7453442245,69200,2024-09-08 06:47:25,2024-09-08 06:50:25,3.0,2.49,On Time,Traffic,3.0,False,2024-09-08
6519941559,88898,2024-05-10 19:57:01,2024-05-10 19:57:01,0.0,2.37,On Time,,0.0,True,2024-05-10
3798769654,96996,2024-09-28 12:42:14,2024-09-28 12:38:14,-4.0,3.45,On Time,,-4.0,True,2024-09-28
5034289521,98165,2024-05-15 13:19:17,2024-05-15 13:17:17,-2.0,2.26,On Time,,-2.0,True,2024-05-15
6971088688,33387,2023-07-18 11:05:19,2023-07-18 11:14:19,9.0,3.13,Slightly Delayed,Traffic,9.0,False,2023-07-18
5650184107,60066,2023-06-21 08:32:44,2023-06-21 08:32:44,0.0,1.16,On Time,,0.0,True,2023-06-21
5770410311,96121,2023-12-31 10:33:35,2023-12-31 10:31:35,-2.0,0.96,On Time,,-2.0,True,2023-12-31
274530126,35596,2023-04-08 22:12:31,2023-04-08 22:34:31,22.0,4.22,Significantly Delayed,Traffic,22.0,False,2023-04-08
4819831152,97045,2024-09-22 19:55:16,2024-09-22 19:59:16,4.0,2.73,On Time,Traffic,4.0,False,2024-09-22
6977688323,77691,2023-06-07 22:22:08,2023-06-07 22:27:08,5.0,2.86,On Time,Traffic,5.0,False,2023-06-07
2035952734,1616,2023-04-17 19:38:33,2023-04-17 19:37:33,-1.0,0.84,On Time,,-1.0,True,2023-04-17
3665334102,6292,2024-11-04 01:28:31,2024-11-04 01:34:31,6.0,1.11,Slightly Delayed,Traffic,6.0,False,2024-11-04
1862413314,3855,2024-05-31 16:26:45,2024-05-31 16:29:45,3.0,3.96,On Time,Traffic,3.0,False,2024-05-31
4466643926,37936,2024-04-08 20:48:57,2024-04-08 20:49:57,1.0,4.72,On Time,Traffic,1.0,False,2024-04-08
4470717835,80246,2023-07-08 00:36:18,2023-07-08 00:39:18,3.0,1.91,On Time,Traffic,3.0,False,2023-07-08
3018086191,86332,2024-02-07 16:11:05,2024-02-07 16:13:05,2.0,2.04,On Time,Traffic,2.0,False,2024-02-07
2447983559,68149,2024-10-03 20:58:07,2024-10-03 21:25:07,27.0,1.82,Significantly Delayed,Traffic,27.0,False,2024-10-03
5116322704,24469,2024-06-20 04:38:38,2024-06-20 04:42:38,4.0,2.51,On Time,Traffic,4.0,False,2024-06-20
8941550852,18037,2024-04-20 22:19:04,2024-04-20 22:22:04,3.0,4.18,On Time,Traffic,3.0,False,2024-04-20
8026773850,22178,2023-10-23 19:34:23,2023-10-23 19:37:23,3.0,3.97,On Time,Traffic,3.0,False,2023-10-23
2102402075,81176,2024-07-14 05:46:01,2024-07-14 05:41:01,-5.0,5.0,On Time,,-5.0,True,2024-07-14
989844439,77083,2023-07-23 12:08:05,2023-07-23 12:06:05,-2.0,2.39,On Time,,-2.0,True,2023-07-23
8426805628,88737,2023-04-17 22:54:34,2023-04-17 22:52:34,-2.0,1.87,On Time,,-2.0,True,2023-04-17
7662188403,80894,2023-05-09 07:47:06,2023-05-09 07:55:06,8.0,3.91,Slightly Delayed,Traffic,8.0,False,2023-05-09
9141654140,38063,2023-07-14 14:11:04,2023-07-14 14:12:04,1.0,1.33,On Time,Traffic,1.0,False,2023-07-14
5696947751,58100,2023-11-06 03:48:25,2023-11-06 03:49:25,1.0,3.95,On Time,Traffic,1.0,False,2023-11-06
8953871540,62193,2023-11-14 16:31:02,2023-11-14 16:36:02,5.0,1.91,On Time,Traffic,5.0,False,2023-11-14
1767778760,57806,2023-04-14 03:41:44,2023-04-14 03:41:44,0.0,2.32,On Time,,0.0,True,2023-04-14
5516201271,32490,2024-07-10 14:41:12,2024-07-10 14:39:12,-2.0,1.52,On Time,,-2.0,True,2024-07-10
9358248664,52315,2023-12-20 00:18:54,2023-12-20 00:15:54,-3.0,0.77,On Time,,-3.0,True,2023-12-20
1530424665,53811,2023-04-21 23:49:46,2023-04-21 23:51:46,2.0,3.67,On Time,Traffic,2.0,False,2023-04-21
7816293360,81753,2023-07-27 18:14:35,2023-07-27 18:16:35,2.0,3.35,On Time,Traffic,2.0,False,2023-07-27
1602396548,64637,2024-09-09 23:59:19,2024-09-10 00:01:19,2.0,1.2,On Time,Traffic,2.0,False,2024-09-10
7938126128,50175,2023-06-16 08:42:00,2023-06-16 08:41:00,-1.0,2.11,On Time,,-1.0,True,2023-06-16
271744331,30354,2023-08-21 04:12:18,2023-08-21 04:10:18,-2.0,3.23,On Time,,-2.0,True,2023-08-21
387311360,7081,2023-08-07 03:11:16,2023-08-07 03:10:16,-1.0,4.42,On Time,,-1.0,True,2023-08-07
1286123100,19279,2023-12-31 00:10:40,2023-12-31 00:13:40,3.0,4.03,On Time,Traffic,3.0,False,2023-12-31
4832392771,33654,2023-11-02 14:55:52,2023-11-02 14:58:52,3.0,1.61,On Time,Traffic,3.0,False,2023-11-02
4800106448,38774,2023-12-10 05:31:22,2023-12-10 05:27:22,-4.0,3.27,On Time,,-4.0,True,2023-12-10
5500008514,48166,2024-05-03 18:25:17,2024-05-03 18:24:17,-1.0,3.12,On Time,,-1.0,True,2024-05-03
7879575037,85162,2024-01-07 12:32:33,2024-01-07 12:37:33,5.0,2.29,On Time,Traffic,5.0,False,2024-01-07
50845914,95031,2023-04-09 04:37:56,2023-04-09 04:34:56,-3.0,3.41,On Time,,-3.0,True,2023-04-09
9766990467,18483,2023-06-30 08:33:31,2023-06-30 08:41:31,8.0,1.69,Slightly Delayed,Traffic,8.0,False,2023-06-30
4215602937,38381,2023-10-04 05:44:08,2023-10-04 05:45:08,1.0,3.25,On Time,Traffic,1.0,False,2023-10-04
238484255,87590,2024-04-11 04:18:43,2024-04-11 04:20:43,2.0,0.92,On Time,Traffic,2.0,False,2024-04-11
3293988248,19751,2024-09-29 07:57:45,2024-09-29 08:26:45,29.0,2.58,Significantly Delayed,Traffic,29.0,False,2024-09-29
5296157775,68713,2024-07-27 10:34:02,2024-07-27 10:37:02,3.0,1.35,On Time,Traffic,3.0,False,2024-07-27
1143489067,68548,2023-09-14 17:21:41,2023-09-14 17:18:41,-3.0,4.28,On Time,,-3.0,True,2023-09-14
8524452029,65655,2023-11-07 01:15:32,2023-11-07 01:22:32,7.0,0.54,Slightly Delayed,Traffic,7.0,False,2023-11-07
4256779885,71100,2023-06-01 17:39:29,2023-06-01 17:37:29,-2.0,2.71,On Time,,-2.0,True,2023-06-01
7744686996,4886,2023-09-27 21:55:59,2023-09-27 22:17:59,22.0,1.95,Significantly Delayed,Traffic,22.0,False,2023-09-27
5427462399,87698,2024-06-21 14:15:00,2024-06-21 14:19:00,4.0,3.89,On Time,Traffic,4.0,False,2024-06-21
8596751747,95854,2024-03-09 06:44:08,2024-03-09 06:43:08,-1.0,4.11,On Time,,-1.0,True,2024-03-09
4746468643,5235,2023-08-17 19:51:04,2023-08-17 19:52:04,1.0,4.62,On Time,Traffic,1.0,False,2023-08-17
3010047327,65599,2023-12-15 20:24:52,2023-12-15 20:29:52,5.0,2.44,On Time,Traffic,5.0,False,2023-12-15
1236959246,76379,2024-10-06 20:37:02,2024-10-06 20:41:02,4.0,1.59,On Time,Traffic,4.0,False,2024-10-06
6600422315,46137,2023-09-19 00:38:15,2023-09-19 00:41:15,3.0,0.94,On Time,Traffic,3.0,False,2023-09-19
3227252410,66386,2024-02-16 08:11:12,2024-02-16 08:09:12,-2.0,0.92,On Time,,-2.0,True,2024-02-16
6972292408,46413,2023-11-16 05:55:14,2023-11-16 06:12:14,17.0,2.13,Significantly Delayed,Traffic,17.0,False,2023-11-16
7562754470,46136,2024-02-15 23:47:04,2024-02-15 23:48:04,1.0,1.58,On Time,Traffic,1.0,False,2024-02-15
7361971676,18979,2023-08-23 01:02:18,2023-08-23 01:06:18,4.0,4.06,On Time,Traffic,4.0,False,2023-08-23
8875605037,16915,2023-09-27 10:16:27,2023-09-27 10:20:27,4.0,1.78,On Time,Traffic,4.0,False,2023-09-27
8508253527,11048,2024-09-05 21:11:09,2024-09-05 21:23:09,12.0,2.64,Slightly Delayed,Traffic,12.0,False,2024-09-05
6798775600,81032,2023-10-09 22:54:35,2023-10-09 23:08:35,14.0,3.02,Slightly Delayed,Traffic,14.0,False,2023-10-09
3624810422,83193,2024-08-10 01:25:44,2024-08-10 01:29:44,4.0,1.05,On Time,Traffic,4.0,False,2024-08-10
4740213452,85085,2024-02-22 12:49:12,2024-02-22 13:01:12,12.0,2.62,Slightly Delayed,Traffic,12.0,False,2024-02-22
3825468344,35824,2023-04-09 08:19:44,2023-04-09 08:21:44,2.0,4.66,On Time,Traffic,2.0,False,2023-04-09
902245665,25868,2024-08-08 08:28:01,2024-08-08 08:26:01,-2.0,1.57,On Time,,-2.0,True,2024-08-08
6874299189,38460,2023-08-14 11:45:32,2023-08-14 11:48:32,3.0,4.85,On Time,Traffic,3.0,False,2023-08-14
1127125313,81996,2023-12-15 19:36:22,2023-12-15 19:45:22,9.0,3.32,Slightly Delayed,Traffic,9.0,False,2023-12-15
3606548818,90473,2023-05-12 05:08:09,2023-05-12 05:10:09,2.0,4.0,On Time,Traffic,2.0,False,2023-05-12
5750044154,71543,2024-09-16 22:50:01,2024-09-16 23:01:01,11.0,2.04,Slightly Delayed,Traffic,11.0,False,2024-09-16
3872847781,45099,2023-09-16 20:55:34,2023-09-16 20:53:34,-2.0,3.03,On Time,,-2.0,True,2023-09-16
5939554684,71726,2023-06-11 16:47:08,2023-06-11 16:51:08,4.0,1.97,On Time,Traffic,4.0,False,2023-06-11
676412814,88453,2024-07-26 03:45:27,2024-07-26 03:45:27,0.0,3.44,On Time,,0.0,True,2024-07-26
4248390724,49698,2023-08-22 20:35:51,2023-08-22 20:44:51,9.0,2.98,Slightly Delayed,Traffic,9.0,False,2023-08-22
8938687150,99357,2023-04-25 06:35:28,2023-04-25 06:30:28,-5.0,2.03,On Time,,-5.0,True,2023-04-25
7898867047,51564,2023-05-03 15:31:52,2023-05-03 15:38:52,7.0,3.91,Slightly Delayed,Traffic,7.0,False,2023-05-03
2142065357,1749,2024-01-27 08:04:34,2024-01-27 08:04:34,0.0,2.63,On Time,,0.0,True,2024-01-27
9024719693,96400,2024-06-06 19:40:30,2024-06-06 19:41:30,1.0,2.56,On Time,Traffic,1.0,False,2024-06-06
8976616698,46211,2023-08-23 03:36:08,2023-08-23 03:38:08,2.0,2.97,On Time,Traffic,2.0,False,2023-08-23
8792586840,44722,2023-06-14 15:26:28,2023-06-14 15:29:28,3.0,4.87,On Time,Traffic,3.0,False,2023-06-14
5375387413,53977,2023-04-04 23:42:41,2023-04-04 23:44:41,2.0,1.63,On Time,Traffic,2.0,False,2023-04-04
4252164097,11104,2023-09-28 07:16:17,2023-09-28 07:24:17,8.0,4.88,Slightly Delayed,Traffic,8.0,False,2023-09-28
8423273411,81864,2023-05-23 23:24:33,2023-05-23 23:24:33,0.0,1.77,On Time,,0.0,True,2023-05-23
2551179741,50120,2024-04-10 02:29:31,2024-04-10 02:43:31,14.0,2.62,Slightly Delayed,Traffic,14.0,False,2024-04-10
227511348,90637,2024-08-01 16:01:56,2024-08-01 16:02:56,1.0,0.84,On Time,Traffic,1.0,False,2024-08-01
4434464045,84509,2023-09-22 00:21:24,2023-09-22 00:21:24,0.0,1.19,On Time,,0.0,True,2023-09-22
7041011843,79645,2024-02-06 01:03:34,2024-02-06 01:03:34,0.0,3.37,On Time,,0.0,True,2024-02-06
6510283268,59772,2024-06-12 01:57:22,2024-06-12 01:55:22,-2.0,4.4,On Time,,-2.0,True,2024-06-12
6853654698,57378,2023-08-06 11:36:58,2023-08-06 11:41:58,5.0,1.16,On Time,Traffic,5.0,False,2023-08-06
9338996795,85003,2024-01-09 18:40:36,2024-01-09 18:38:36,-2.0,4.45,On Time,,-2.0,True,2024-01-09
7346145952,32434,2024-03-12 19:37:44,2024-03-12 19:33:44,-4.0,0.76,On Time,,-4.0,True,2024-03-12
6497069610,80825,2024-04-10 17:32:57,2024-04-10 17:34:57,2.0,1.13,On Time,Traffic,2.0,False,2024-04-10
1741402363,29182,2024-06-12 11:29:45,2024-06-12 11:31:45,2.0,1.4,On Time,Traffic,2.0,False,2024-06-12
4825878367,96209,2024-10-07 14:23:11,2024-10-07 14:23:11,0.0,4.4,On Time,,0.0,True,2024-10-07
7019011442,15863,2023-06-30 19:54:42,2023-06-30 19:50:42,-4.0,2.49,On Time,,-4.0,True,2023-06-30
1674463798,17663,2024-09-21 13:43:34,2024-09-21 13:49:34,6.0,0.99,Slightly Delayed,Traffic,6.0,False,2024-09-21
305684588,70029,2024-08-25 19:56:28,2024-08-25 20:12:28,16.0,4.53,Significantly Delayed,Traffic,16.0,False,2024-08-25
5967495442,7004,2024-07-18 15:36:29,2024-07-18 15:47:29,11.0,1.54,Slightly Delayed,Traffic,11.0,False,2024-07-18
2571047526,45704,2023-06-19 00:30:51,2023-06-19 00:25:51,-5.0,2.29,On Time,,-5.0,True,2023-06-19
7784811086,83254,2024-09-07 06:26:07,2024-09-07 06:50:07,24.0,1.07,Significantly Delayed,Traffic,24.0,False,2024-09-07
7942005230,44185,2023-03-25 08:31:32,2023-03-25 08:41:32,10.0,2.99,Slightly Delayed,Traffic,10.0,False,2023-03-25
6653543195,68173,2023-09-15 15:09:44,2023-09-15 15:20:44,11.0,2.42,Slightly Delayed,Traffic,11.0,False,2023-09-15
397928918,80520,2024-09-14 04:13:21,2024-09-14 04:28:21,15.0,4.32,Slightly Delayed,Traffic,15.0,False,2024-09-14
776120140,28491,2023-11-12 04:03:53,2023-11-12 04:19:53,16.0,2.58,Significantly Delayed,Traffic,16.0,False,2023-11-12
8293188779,71056,2024-10-16 10:08:02,2024-10-16 10:06:02,-2.0,2.18,On Time,,-2.0,True,2024-10-16
178737268,66743,2023-06-18 20:05:44,2023-06-18 20:04:44,-1.0,3.03,On Time,,-1.0,True,2023-06-18
5246598523,67554,2023-11-22 17:04:33,2023-11-22 17:30:33,26.0,2.03,Significantly Delayed,Traffic,26.0,False,2023-11-22
1172544737,27338,2023-11-24 07:46:36,2023-11-24 07:56:36,10.0,4.9,Slightly Delayed,Traffic,10.0,False,2023-11-24
6419533291,32799,2023-07-28 05:15:16,2023-07-28 05:17:16,2.0,1.37,On Time,Traffic,2.0,False,2023-07-28
882083749,42317,2023-06-18 13:09:28,2023-06-18 13:13:28,4.0,3.82,On Time,Traffic,4.0,False,2023-06-18
3185510401,60744,2024-10-14 00:36:10,2024-10-14 00:40:10,4.0,2.04,On Time,Traffic,4.0,False,2024-10-14
7760767006,88497,2023-08-19 12:19:44,2023-08-19 12:14:44,-5.0,2.21,On Time,,-5.0,True,2023-08-19
3833878150,27906,2024-06-23 19:07:35,2024-06-23 19:33:35,26.0,3.31,Significantly Delayed,Traffic,26.0,False,2024-06-23
369899578,85235,2023-08-19 14:31:49,2023-08-19 14:32:49,1.0,2.12,On Time,Traffic,1.0,False,2023-08-19
1944466212,77615,2024-09-09 14:21:49,2024-09-09 14:20:49,-1.0,4.02,On Time,,-1.0,True,2024-09-09
4064447117,36940,2024-02-25 22:34:59,2024-02-25 22:53:59,19.0,4.11,Significantly Delayed,Traffic,19.0,False,2024-02-25
1553685597,246,2024-10-28 00:43:04,2024-10-28 01:13:04,30.0,2.21,Significantly Delayed,Traffic,30.0,False,2024-10-28
3682284811,10177,2024-07-18 21:13:10,2024-07-18 21:10:10,-3.0,1.6,On Time,,-3.0,True,2024-07-18
291439357,8626,2023-04-11 02:30:39,2023-04-11 02:33:39,3.0,4.33,On Time,Traffic,3.0,False,2023-04-11
8285784194,72635,2024-09-30 15:57:01,2024-09-30 15:59:01,2.0,1.17,On Time,Traffic,2.0,False,2024-09-30
5058742647,25730,2024-09-17 23:51:30,2024-09-17 23:55:30,4.0,0.93,On Time,Traffic,4.0,False,2024-09-17
6917020296,41276,2024-07-10 22:00:57,2024-07-10 22:03:57,3.0,4.71,On Time,Traffic,3.0,False,2024-07-10
6671181961,46269,2023-10-13 05:49:23,2023-10-13 05:51:23,2.0,4.07,On Time,Traffic,2.0,False,2023-10-13
5123439997,55720,2024-02-15 19:13:33,2024-02-15 19:15:33,2.0,0.93,On Time,Traffic,2.0,False,2024-02-15
8510183245,94891,2024-10-01 21:07:57,2024-10-01 21:02:57,-5.0,4.02,On Time,,-5.0,True,2024-10-01
6081384585,96881,2024-03-04 04:19:00,2024-03-04 04:20:00,1.0,0.74,On Time,Traffic,1.0,False,2024-03-04
4423613746,1185,2023-08-27 18:11:35,2023-08-27 18:20:35,9.0,1.54,Slightly Delayed,Traffic,9.0,False,2023-08-27
1530472691,7489,2024-08-09 14:35:38,2024-08-09 14:46:38,11.0,3.45,Slightly Delayed,Traffic,11.0,False,2024-08-09
7009303199,72585,2024-02-25 10:51:03,2024-02-25 10:59:03,8.0,0.72,Slightly Delayed,Traffic,8.0,False,2024-02-25
5386652055,4038,2024-04-16 15:40:06,2024-04-16 15:47:06,7.0,3.92,Slightly Delayed,Traffic,7.0,False,2024-04-16
4413239746,21923,2023-04-10 07:41:44,2023-04-10 07:54:44,13.0,4.76,Slightly Delayed,Traffic,13.0,False,2023-04-10
4988875078,3617,2023-07-23 16:02:57,2023-07-23 16:16:57,14.0,2.9,Slightly Delayed,Traffic,14.0,False,2023-07-23
1617565217,5577,2024-06-01 13:03:43,2024-06-01 13:02:43,-1.0,1.3,On Time,,-1.0,True,2024-06-01
392038758,62825,2024-07-23 18:50:20,2024-07-23 18:58:20,8.0,1.35,Slightly Delayed,Traffic,8.0,False,2024-07-23
1828727552,92001,2024-03-26 14:51:53,2024-03-26 14:54:53,3.0,2.35,On Time,Traffic,3.0,False,2024-03-26
7119397338,39725,2024-10-28 23:10:36,2024-10-28 23:13:36,3.0,0.5,On Time,Traffic,3.0,False,2024-10-28
2611271708,54792,2024-04-26 05:44:58,2024-04-26 05:47:58,3.0,1.02,On Time,Traffic,3.0,False,2024-04-26
7162509481,20373,2024-10-17 01:11:37,2024-10-17 01:06:37,-5.0,2.82,On Time,,-5.0,True,2024-10-17
131913576,27197,2023-10-17 03:10:39,2023-10-17 03:12:39,2.0,0.76,On Time,Traffic,2.0,False,2023-10-17
6627201490,31046,2023-12-10 15:06:32,2023-12-10 15:17:32,11.0,3.58,Slightly Delayed,Traffic,11.0,False,2023-12-10
4644950813,2614,2023-08-21 09:22:19,2023-08-21 09:27:19,5.0,1.44,On Time,Traffic,5.0,False,2023-08-21
9434934993,95990,2024-08-09 07:26:04,2024-08-09 07:39:04,13.0,3.81,Slightly Delayed,Traffic,13.0,False,2024-08-09
2556317798,76160,2023-09-14 04:05:55,2023-09-14 04:03:55,-2.0,4.01,On Time,,-2.0,True,2023-09-14
2826150539,19554,2023-11-05 10:42:11,2023-11-05 10:47:11,5.0,3.16,On Time,Traffic,5.0,False,2023-11-05
4283803308,29754,2023-12-08 04:28:17,2023-12-08 04:32:17,4.0,2.2,On Time,Traffic,4.0,False,2023-12-08
6873424093,61533,2024-02-10 23:28:46,2024-02-10 23:29:46,1.0,2.72,On Time,Traffic,1.0,False,2024-02-10
4741294126,84476,2024-09-05 08:37:06,2024-09-05 08:38:06,1.0,1.18,On Time,Traffic,1.0,False,2024-09-05
4967241271,73253,2023-05-03 22:55:20,2023-05-03 22:56:20,1.0,4.29,On Time,Traffic,1.0,False,2023-05-03
9554079946,90188,2023-12-23 10:10:12,2023-12-23 10:10:12,0.0,1.05,On Time,,0.0,True,2023-12-23
4601205399,36629,2023-07-14 20:34:51,2023-07-14 20:39:51,5.0,1.75,On Time,Traffic,5.0,False,2023-07-14
5633967304,93942,2024-01-30 19:33:01,2024-01-30 19:48:01,15.0,3.63,Slightly Delayed,Traffic,15.0,False,2024-01-30
4168163237,32090,2023-07-06 00:44:47,2023-07-06 00:56:47,12.0,2.18,Slightly Delayed,Traffic,12.0,False,2023-07-06
5924297360,50579,2024-09-09 22:12:31,2024-09-09 22:27:31,15.0,3.57,Slightly Delayed,Traffic,15.0,False,2024-09-09
2120299901,35726,2024-06-12 09:45:04,2024-06-12 09:41:04,-4.0,2.67,On Time,,-4.0,True,2024-06-12
1070876534,14388,2024-02-21 19:12:21,2024-02-21 19:08:21,-4.0,0.64,On Time,,-4.0,True,2024-02-21
7032280048,41473,2023-09-15 22:32:31,2023-09-15 22:35:31,3.0,0.5,On Time,Traffic,3.0,False,2023-09-15
156346853,16610,2023-03-30 09:13:22,2023-03-30 09:28:22,15.0,1.43,Slightly Delayed,Traffic,15.0,False,2023-03-30
6873267326,63685,2024-02-10 08:03:23,2024-02-10 08:11:23,8.0,3.17,Slightly Delayed,Traffic,8.0,False,2024-02-10
1370661468,83004,2023-09-27 02:20:46,2023-09-27 02:24:46,4.0,3.11,On Time,Traffic,4.0,False,2023-09-27
3612128358,63526,2024-04-24 23:29:39,2024-04-24 23:28:39,-1.0,2.81,On Time,,-1.0,True,2024-04-24
1736953222,46700,2024-02-18 14:11:30,2024-02-18 14:21:30,10.0,4.92,Slightly Delayed,Traffic,10.0,False,2024-02-18
9107923488,22157,2023-11-20 05:07:01,2023-11-20 05:11:01,4.0,4.98,On Time,Traffic,4.0,False,2023-11-20
4378877600,31527,2023-11-27 11:29:25,2023-11-27 11:43:25,14.0,0.94,Slightly Delayed,Traffic,14.0,False,2023-11-27
3232762361,89153,2023-07-24 15:47:05,2023-07-24 15:45:05,-2.0,3.74,On Time,,-2.0,True,2023-07-24
1831641377,48691,2024-03-19 04:29:41,2024-03-19 04:39:41,10.0,4.35,Slightly Delayed,Traffic,10.0,False,2024-03-19
562428866,47688,2023-04-17 19:46:17,2023-04-17 20:00:17,14.0,3.8,Slightly Delayed,Traffic,14.0,False,2023-04-17
4607715908,22498,2024-08-24 23:03:27,2024-08-24 23:10:27,7.0,2.31,Slightly Delayed,Traffic,7.0,False,2024-08-24
4804575203,32008,2023-05-23 21:56:41,2023-05-23 22:19:41,23.0,2.47,Significantly Delayed,Traffic,23.0,False,2023-05-23
8287234948,4824,2024-10-07 08:01:35,2024-10-07 08:04:35,3.0,1.92,On Time,Traffic,3.0,False,2024-10-07
6074452586,11946,2023-09-01 08:46:26,2023-09-01 08:50:26,4.0,2.12,On Time,Traffic,4.0,False,2023-09-01
6821790656,64612,2024-08-03 13:22:35,2024-08-03 13:23:35,1.0,3.92,On Time,Traffic,1.0,False,2024-08-03
7821942520,11136,2024-02-13 00:12:16,2024-02-13 00:13:16,1.0,2.62,On Time,Traffic,1.0,False,2024-02-13
3012496270,96443,2023-04-06 04:04:57,2023-04-06 04:04:57,0.0,4.62,On Time,,0.0,True,2023-04-06
8980370750,29273,2023-09-15 15:04:03,2023-09-15 15:05:03,1.0,2.34,On Time,Traffic,1.0,False,2023-09-15
6535672015,91217,2023-05-05 08:55:49,2023-05-05 09:00:49,5.0,3.94,On Time,Traffic,5.0,False,2023-05-05
6999060704,29169,2023-04-28 16:11:23,2023-04-28 16:18:23,7.0,4.34,Slightly Delayed,Traffic,7.0,False,2023-04-28
9403732731,97526,2024-05-26 16:03:08,2024-05-26 16:07:08,4.0,4.7,On Time,Traffic,4.0,False,2024-05-26
5649255352,42987,2024-10-30 23:50:54,2024-10-30 23:52:54,2.0,1.79,On Time,Traffic,2.0,False,2024-10-30
5034409841,71481,2023-08-15 03:32:51,2023-08-15 03:50:51,18.0,1.76,Significantly Delayed,Traffic,18.0,False,2023-08-15
9072111617,7933,2024-09-15 22:30:56,2024-09-15 22:27:56,-3.0,0.69,On Time,,-3.0,True,2024-09-15
9556880451,26471,2023-10-08 11:39:54,2023-10-08 11:34:54,-5.0,0.88,On Time,,-5.0,True,2023-10-08
4602796463,15486,2024-09-12 05:39:17,2024-09-12 05:44:17,5.0,4.75,On Time,Traffic,5.0,False,2024-09-12
6061353924,5451,2024-03-03 22:26:37,2024-03-03 22:23:37,-3.0,2.47,On Time,,-3.0,True,2024-03-03
4366519080,71938,2023-05-29 18:10:41,2023-05-29 18:06:41,-4.0,4.15,On Time,,-4.0,True,2023-05-29
1324817141,88990,2023-08-17 22:14:37,2023-08-17 22:12:37,-2.0,3.53,On Time,,-2.0,True,2023-08-17
5419080144,87381,2024-11-01 16:59:12,2024-11-01 16:54:12,-5.0,3.05,On Time,,-5.0,True,2024-11-01
8813470284,39091,2024-01-04 05:35:34,2024-01-04 05:30:34,-5.0,3.15,On Time,,-5.0,True,2024-01-04
3182992799,26718,2023-10-18 14:12:00,2023-10-18 14:25:00,13.0,4.56,Slightly Delayed,Traffic,13.0,False,2023-10-18
7792996715,57039,2024-01-03 15:14:47,2024-01-03 15:09:47,-5.0,4.66,On Time,,-5.0,True,2024-01-03
6962624734,32296,2023-04-27 09:12:43,2023-04-27 09:17:43,5.0,1.69,On Time,Traffic,5.0,False,2023-04-27
5948662456,39614,2023-06-29 18:45:14,2023-06-29 18:47:14,2.0,0.64,On Time,Traffic,2.0,False,2023-06-29
3395675979,8303,2023-06-10 16:10:50,2023-06-10 16:07:50,-3.0,2.55,On Time,,-3.0,True,2023-06-10
7550368787,25992,2023-12-30 18:05:47,2023-12-30 18:17:47,12.0,4.12,Slightly Delayed,Traffic,12.0,False,2023-12-30
8357671697,16324,2024-04-14 00:56:08,2024-04-14 00:55:08,-1.0,1.14,On Time,,-1.0,True,2024-04-14
9600704922,40938,2023-11-13 12:51:56,2023-11-13 12:50:56,-1.0,4.99,On Time,,-1.0,True,2023-11-13
9915229426,7428,2024-02-03 02:57:57,2024-02-03 02:57:57,0.0,1.69,On Time,,0.0,True,2024-02-03
9927474026,85439,2023-03-28 04:20:24,2023-03-28 04:33:24,13.0,0.9,Slightly Delayed,Traffic,13.0,False,2023-03-28
6310535397,8620,2023-05-26 18:03:19,2023-05-26 18:03:19,0.0,3.54,On Time,,0.0,True,2023-05-26
8045941430,43620,2023-05-24 15:22:03,2023-05-24 15:22:03,0.0,0.64,On Time,,0.0,True,2023-05-24
4390394582,97518,2024-11-02 11:38:29,2024-11-02 11:38:29,0.0,4.85,On Time,,0.0,True,2024-11-02
5062545226,54305,2023-11-28 04:36:44,2023-11-28 04:33:44,-3.0,1.59,On Time,,-3.0,True,2023-11-28
2836701831,84057,2024-06-13 14:27:45,2024-06-13 14:31:45,4.0,1.63,On Time,Traffic,4.0,False,2024-06-13
4115492281,99505,2024-01-07 01:51:47,2024-01-07 01:52:47,1.0,2.16,On Time,Traffic,1.0,False,2024-01-07
3554645781,64263,2024-04-25 15:15:42,2024-04-25 15:24:42,9.0,3.43,Slightly Delayed,Traffic,9.0,False,2024-04-25
3983605701,58335,2024-01-27 12:43:20,2024-01-27 12:52:20,9.0,2.75,Slightly Delayed,Traffic,9.0,False,2024-01-27
8581516385,29947,2023-12-14 19:49:41,2023-12-14 19:49:41,0.0,2.41,On Time,,0.0,True,2023-12-14
8290229112,29611,2024-03-09 05:19:27,2024-03-09 05:16:27,-3.0,2.06,On Time,,-3.0,True,2024-03-09
1195560119,6698,2023-04-03 17:33:14,2023-04-03 17:36:14,3.0,1.79,On Time,Traffic,3.0,False,2023-04-03
5077327994,93285,2023-08-01 20:26:55,2023-08-01 20:23:55,-3.0,4.36,On Time,,-3.0,True,2023-08-01
2945185661,6710,2023-07-09 12:20:20,2023-07-09 12:18:20,-2.0,2.76,On Time,,-2.0,True,2023-07-09
3951005873,73170,2024-10-03 15:14:55,2024-10-03 15:09:55,-5.0,4.02,On Time,,-5.0,True,2024-10-03
3490816523,16914,2024-01-27 20:28:17,2024-01-27 20:43:17,15.0,4.88,Slightly Delayed,Traffic,15.0,False,2024-01-27
6739114301,10714,2023-03-26 18:26:22,2023-03-26 18:28:22,2.0,1.42,On Time,Traffic,2.0,False,2023-03-26
5728818155,40143,2023-11-03 01:10:05,2023-11-03 01:18:05,8.0,1.82,Slightly Delayed,Traffic,8.0,False,2023-11-03
7713651693,17257,2023-08-07 02:11:01,2023-08-07 02:16:01,5.0,4.26,On Time,Traffic,5.0,False,2023-08-07
5452048621,51769,2024-10-22 15:28:22,2024-10-22 15:43:22,15.0,1.74,Slightly Delayed,Traffic,15.0,False,2024-10-22
2297027645,67885,2024-04-17 21:16:49,2024-04-17 21:11:49,-5.0,2.68,On Time,,-5.0,True,2024-04-17
2438302298,96633,2023-04-24 00:18:48,2023-04-24 00:33:48,15.0,2.07,Slightly Delayed,Traffic,15.0,False,2023-04-24
578811216,5169,2024-06-18 10:37:42,2024-06-18 10:55:42,18.0,0.57,Significantly Delayed,Traffic,18.0,False,2024-06-18
8684710720,45070,2023-09-12 02:37:31,2023-09-12 02:36:31,-1.0,3.27,On Time,,-1.0,True,2023-09-12
1249797614,18282,2024-06-27 18:43:11,2024-06-27 18:44:11,1.0,4.91,On Time,Traffic,1.0,False,2024-06-27
8013026217,53586,2023-03-21 12:41:23,2023-03-21 12:41:23,0.0,2.31,On Time,,0.0,True,2023-03-21
5421697986,87496,2023-05-26 02:45:40,2023-05-26 02:49:40,4.0,4.2,On Time,Traffic,4.0,False,2023-05-26
8922741261,48378,2024-08-11 00:53:08,2024-08-11 00:54:08,1.0,2.01,On Time,Traffic,1.0,False,2024-08-11
3441102335,47299,2023-11-04 00:39:33,2023-11-04 00:39:33,0.0,1.66,On Time,,0.0,True,2023-11-04
6065607924,13007,2024-05-08 08:33:44,2024-05-08 08:32:44,-1.0,2.71,On Time,,-1.0,True,2024-05-08
5153395650,19704,2023-03-23 15:34:35,2023-03-23 15:38:35,4.0,4.12,On Time,Traffic,4.0,False,2023-03-23
2215235447,26672,2024-09-16 17:25:09,2024-09-16 17:21:09,-4.0,3.74,On Time,,-4.0,True,2024-09-16
5678676134,90181,2024-09-21 15:50:00,2024-09-21 15:46:00,-4.0,4.35,On Time,,-4.0,True,2024-09-21
5045588926,32917,2023-07-04 16:23:56,2023-07-04 16:24:56,1.0,2.76,On Time,Traffic,1.0,False,2023-07-04
1677502866,1304,2024-01-18 08:46:32,2024-01-18 08:43:32,-3.0,2.08,On Time,,-3.0,True,2024-01-18
4777610024,34722,2024-05-25 03:47:47,2024-05-25 03:57:47,10.0,1.04,Slightly Delayed,Traffic,10.0,False,2024-05-25
477350788,87,2023-10-12 05:18:47,2023-10-12 05:13:47,-5.0,1.37,On Time,,-5.0,True,2023-10-12
4616699342,34959,2023-04-16 07:39:57,2023-04-16 07:35:57,-4.0,2.98,On Time,,-4.0,True,2023-04-16
8849914077,91680,2024-01-30 00:18:27,2024-01-30 00:17:27,-1.0,4.75,On Time,,-1.0,True,2024-01-30
9183435457,11473,2024-10-22 00:07:41,2024-10-22 00:03:41,-4.0,0.97,On Time,,-4.0,True,2024-10-22
6922646336,26070,2023-06-24 00:02:44,2023-06-24 00:05:44,3.0,3.81,On Time,Traffic,3.0,False,2023-06-24
3228806806,4696,2023-06-29 08:31:20,2023-06-29 08:54:20,23.0,3.64,Significantly Delayed,Traffic,23.0,False,2023-06-29
4893095476,71356,2024-10-04 21:24:49,2024-10-04 21:36:49,12.0,0.74,Slightly Delayed,Traffic,12.0,False,2024-10-04
7773468233,3584,2023-10-05 08:28:49,2023-10-05 08:30:49,2.0,1.17,On Time,Traffic,2.0,False,2023-10-05
5928657526,91083,2023-10-14 12:48:49,2023-10-14 12:49:49,1.0,4.07,On Time,Traffic,1.0,False,2023-10-14
4435936422,84583,2023-12-01 19:59:39,2023-12-01 19:58:39,-1.0,4.98,On Time,,-1.0,True,2023-12-01
6031122324,85429,2024-06-25 15:38:20,2024-06-25 15:39:20,1.0,2.0,On Time,Traffic,1.0,False,2024-06-25
7286969496,22044,2023-06-21 16:03:03,2023-06-21 16:00:03,-3.0,1.03,On Time,,-3.0,True,2023-06-21
4665508413,31212,2023-11-02 01:48:14,2023-11-02 01:48:14,0.0,4.23,On Time,,0.0,True,2023-11-02
9224598372,432,2024-03-31 13:32:14,2024-03-31 13:27:14,-5.0,3.72,On Time,,-5.0,True,2024-03-31
842020543,13649,2024-08-14 11:17:48,2024-08-14 11:21:48,4.0,0.67,On Time,Traffic,4.0,False,2024-08-14
7237143327,40577,2023-06-09 21:07:07,2023-06-09 21:07:07,0.0,2.12,On Time,,0.0,True,2023-06-09
5095141954,66856,2023-08-05 08:37:54,2023-08-05 08:32:54,-5.0,2.62,On Time,,-5.0,True,2023-08-05
6229535077,58180,2024-04-01 06:07:44,2024-04-01 06:04:44,-3.0,0.57,On Time,,-3.0,True,2024-04-01
2984879441,87895,2024-04-22 07:57:06,2024-04-22 08:01:06,4.0,4.76,On Time,Traffic,4.0,False,2024-04-22
785895477,94534,2023-03-19 19:10:34,2023-03-19 19:38:34,28.0,3.1,Significantly Delayed,Traffic,28.0,False,2023-03-19
6220343481,80069,2023-06-02 23:13:29,2023-06-02 23:17:29,4.0,3.67,On Time,Traffic,4.0,False,2023-06-02
5897343054,2375,2023-03-21 04:28:27,2023-03-21 04:50:27,22.0,3.75,Significantly Delayed,Traffic,22.0,False,2023-03-21
60465,58998,2024-10-23 05:34:29,2024-10-23 05:39:29,5.0,3.97,On Time,Traffic,5.0,False,2024-10-23
2245476104,18768,2023-06-01 09:30:59,2023-06-01 09:33:59,3.0,4.97,On Time,Traffic,3.0,False,2023-06-01
6347292505,14479,2024-06-24 19:56:14,2024-06-24 20:02:14,6.0,1.12,Slightly Delayed,Traffic,6.0,False,2024-06-24
8321900643,83965,2023-10-31 21:49:55,2023-10-31 21:51:55,2.0,3.41,On Time,Traffic,2.0,False,2023-10-31
9639033064,69379,2024-08-15 21:22:38,2024-08-15 21:18:38,-4.0,2.6,On Time,,-4.0,True,2024-08-15
2748368258,83680,2023-08-04 00:07:52,2023-08-04 00:02:52,-5.0,4.85,On Time,,-5.0,True,2023-08-04
1444371693,20972,2023-05-06 08:37:49,2023-05-06 08:41:49,4.0,4.19,On Time,Traffic,4.0,False,2023-05-06
7111342746,24182,2024-10-19 15:48:16,2024-10-19 15:50:16,2.0,2.46,On Time,Traffic,2.0,False,2024-10-19
9457576236,62085,2023-11-29 18:28:10,2023-11-29 18:34:10,6.0,1.2,Slightly Delayed,Traffic,6.0,False,2023-11-29
4167252733,29916,2023-11-27 17:02:53,2023-11-27 17:01:53,-1.0,4.92,On Time,,-1.0,True,2023-11-27
4304875010,31244,2024-01-27 05:35:05,2024-01-27 05:30:05,-5.0,3.42,On Time,,-5.0,True,2024-01-27
4870910859,55357,2023-07-04 05:05:00,2023-07-04 05:00:00,-5.0,2.21,On Time,,-5.0,True,2023-07-04
3674118222,34829,2024-07-25 07:48:25,2024-07-25 07:54:25,6.0,3.11,Slightly Delayed,Traffic,6.0,False,2024-07-25
38408517,84919,2023-11-26 08:58:03,2023-11-26 09:20:03,22.0,4.98,Significantly Delayed,Traffic,22.0,False,2023-11-26
3081609596,77266,2023-04-09 04:34:53,2023-04-09 04:34:53,0.0,4.39,On Time,,0.0,True,2023-04-09
1390229631,93232,2023-08-07 07:56:06,2023-08-07 08:06:06,10.0,0.65,Slightly Delayed,Traffic,10.0,False,2023-08-07
7498092418,54791,2023-10-12 12:10:11,2023-10-12 12:17:11,7.0,0.6,Slightly Delayed,Traffic,7.0,False,2023-10-12
3334055527,63631,2023-04-18 12:32:04,2023-04-18 12:36:04,4.0,0.72,On Time,Traffic,4.0,False,2023-04-18
8729426842,75375,2023-06-07 03:21:57,2023-06-07 03:16:57,-5.0,2.81,On Time,,-5.0,True,2023-06-07
1722808791,24901,2023-05-16 12:35:04,2023-05-16 12:31:04,-4.0,1.42,On Time,,-4.0,True,2023-05-16
9775070757,13251,2024-03-15 07:08:36,2024-03-15 07:15:36,7.0,4.66,Slightly Delayed,Traffic,7.0,False,2024-03-15
4737779056,18157,2024-08-09 00:06:43,2024-08-09 00:01:43,-5.0,1.64,On Time,,-5.0,True,2024-08-09
2047483376,55201,2023-10-15 15:57:58,2023-10-15 15:59:58,2.0,0.53,On Time,Traffic,2.0,False,2023-10-15
4758632331,87979,2023-09-06 03:20:59,2023-09-06 03:47:59,27.0,4.89,Significantly Delayed,Traffic,27.0,False,2023-09-06
4741574337,8790,2024-02-09 02:04:09,2024-02-09 02:08:09,4.0,4.22,On Time,Traffic,4.0,False,2024-02-09
5805120939,42843,2024-07-10 13:06:15,2024-07-10 13:18:15,12.0,2.52,Slightly Delayed,Traffic,12.0,False,2024-07-10
7550508,38073,2023-10-20 11:07:27,2023-10-20 11:06:27,-1.0,2.21,On Time,,-1.0,True,2023-10-20
1966056265,1498,2024-08-11 05:12:11,2024-08-11 05:17:11,5.0,3.87,On Time,Traffic,5.0,False,2024-08-11
6363072906,44781,2024-07-08 15:43:40,2024-07-08 15:40:40,-3.0,3.02,On Time,,-3.0,True,2024-07-08
7389054351,81899,2023-12-22 07:01:03,2023-12-22 07:00:03,-1.0,1.6,On Time,,-1.0,True,2023-12-22
7146572423,63798,2023-06-01 18:47:03,2023-06-01 18:50:03,3.0,3.16,On Time,Traffic,3.0,False,2023-06-01
4590810848,58417,2023-05-24 12:22:07,2023-05-24 12:20:07,-2.0,1.32,On Time,,-2.0,True,2023-05-24
9226364404,69366,2023-11-22 23:56:13,2023-11-23 00:26:13,30.0,1.45,Significantly Delayed,Traffic,30.0,False,2023-11-23
6687792641,85941,2024-05-20 07:10:38,2024-05-20 07:11:38,1.0,1.91,On Time,Traffic,1.0,False,2024-05-20
5183577434,48713,2024-01-03 20:12:56,2024-01-03 20:17:56,5.0,3.31,On Time,Traffic,5.0,False,2024-01-03
7440785414,14917,2023-11-01 08:43:02,2023-11-01 08:40:02,-3.0,2.09,On Time,,-3.0,True,2023-11-01
7932057095,5226,2023-09-20 03:22:19,2023-09-20 03:18:19,-4.0,2.07,On Time,,-4.0,True,2023-09-20
6126906924,2241,2023-12-01 22:36:22,2023-12-01 22:37:22,1.0,3.73,On Time,Traffic,1.0,False,2023-12-01
8997788831,69051,2023-03-23 23:42:53,2023-03-23 23:38:53,-4.0,0.77,On Time,,-4.0,True,2023-03-23
3480516243,7250,2024-08-06 00:07:45,2024-08-06 00:12:45,5.0,3.77,On Time,Traffic,5.0,False,2024-08-06
1234692850,33571,2024-03-19 06:09:32,2024-03-19 06:05:32,-4.0,1.94,On Time,,-4.0,True,2024-03-19
4954911880,79410,2023-04-09 04:14:19,2023-04-09 04:19:19,5.0,1.8,On Time,Traffic,5.0,False,2023-04-09
504060154,95455,2023-07-18 20:59:32,2023-07-18 21:15:32,16.0,4.8,Significantly Delayed,Traffic,16.0,False,2023-07-18
8723752267,61593,2024-07-09 03:22:36,2024-07-09 03:24:36,2.0,2.82,On Time,Traffic,2.0,False,2024-07-09
5724116944,93687,2024-06-20 20:40:08,2024-06-20 20:50:08,10.0,1.74,Slightly Delayed,Traffic,10.0,False,2024-06-20
8161349145,34205,2024-03-12 11:15:36,2024-03-12 11:22:36,7.0,1.37,Slightly Delayed,Traffic,7.0,False,2024-03-12
2985254380,9722,2023-11-04 05:27:43,2023-11-04 05:27:43,0.0,3.82,On Time,,0.0,True,2023-11-04
9837170359,62865,2023-04-12 08:54:24,2023-04-12 08:55:24,1.0,0.59,On Time,Traffic,1.0,False,2023-04-12
3915323515,4185,2024-09-11 00:52:04,2024-09-11 00:50:04,-2.0,4.27,On Time,,-2.0,True,2024-09-11
8829163586,39532,2024-01-16 06:59:05,2024-01-16 06:58:05,-1.0,3.08,On Time,,-1.0,True,2024-01-16
961526405,5497,2024-10-10 13:46:00,2024-10-10 13:51:00,5.0,1.56,On Time,Traffic,5.0,False,2024-10-10
5792721465,59382,2024-10-18 04:47:16,2024-10-18 04:49:16,2.0,0.75,On Time,Traffic,2.0,False,2024-10-18
8094117960,7809,2023-04-04 10:19:06,2023-04-04 10:31:06,12.0,0.57,Slightly Delayed,Traffic,12.0,False,2023-04-04
9318325652,78258,2024-04-12 11:28:31,2024-04-12 11:29:31,1.0,4.54,On Time,Traffic,1.0,False,2024-04-12
852676412,76980,2024-08-11 14:22:16,2024-08-11 14:29:16,7.0,3.17,Slightly Delayed,Traffic,7.0,False,2024-08-11
6487883093,54257,2024-10-19 01:42:09,2024-10-19 01:44:09,2.0,0.6,On Time,Traffic,2.0,False,2024-10-19
5398965602,42648,2024-06-09 05:31:42,2024-06-09 05:44:42,13.0,1.47,Slightly Delayed,Traffic,13.0,False,2024-06-09
6149664144,53283,2024-10-21 02:25:42,2024-10-21 02:43:42,18.0,0.63,Significantly Delayed,Traffic,18.0,False,2024-10-21
6231586256,10306,2023-05-03 23:28:50,2023-05-03 23:27:50,-1.0,2.71,On Time,,-1.0,True,2023-05-03
4598622116,61134,2024-03-19 06:28:28,2024-03-19 06:48:28,20.0,4.18,Significantly Delayed,Traffic,20.0,False,2024-03-19
8971796779,9562,2024-07-03 07:37:02,2024-07-03 07:37:02,0.0,4.52,On Time,,0.0,True,2024-07-03
2148246883,64363,2023-09-21 08:22:46,2023-09-21 08:23:46,1.0,3.85,On Time,Traffic,1.0,False,2023-09-21
4357632507,7296,2024-09-13 02:49:41,2024-09-13 02:47:41,-2.0,4.26,On Time,,-2.0,True,2024-09-13
3323576462,62311,2023-12-10 23:34:46,2023-12-10 23:31:46,-3.0,1.1,On Time,,-3.0,True,2023-12-10
4220834107,39345,2023-09-29 22:17:34,2023-09-29 22:19:34,2.0,2.0,On Time,Traffic,2.0,False,2023-09-29
4409513224,42130,2024-10-26 17:24:24,2024-10-26 17:39:24,15.0,4.43,Slightly Delayed,Traffic,15.0,False,2024-10-26
5610159677,19987,2023-08-31 12:41:40,2023-08-31 12:39:40,-2.0,2.26,On Time,,-2.0,True,2023-08-31
6259219127,17129,2023-05-12 21:47:44,2023-05-12 21:52:44,5.0,1.25,On Time,Traffic,5.0,False,2023-05-12
5628497118,87309,2024-10-24 08:19:56,2024-10-24 08:34:56,15.0,1.16,Slightly Delayed,Traffic,15.0,False,2024-10-24
1508576390,46857,2023-07-27 08:49:51,2023-07-27 09:13:51,24.0,3.05,Significantly Delayed,Traffic,24.0,False,2023-07-27
5922953060,71666,2024-09-13 18:23:03,2024-09-13 18:25:03,2.0,3.98,On Time,Traffic,2.0,False,2024-09-13
5130838561,26109,2023-07-26 20:06:28,2023-07-26 20:08:28,2.0,2.25,On Time,Traffic,2.0,False,2023-07-26
3217749279,21471,2023-09-29 04:36:36,2023-09-29 04:31:36,-5.0,1.71,On Time,,-5.0,True,2023-09-29
9279422297,29442,2023-04-07 10:55:15,2023-04-07 10:54:15,-1.0,0.89,On Time,,-1.0,True,2023-04-07
222955546,69541,2023-09-27 19:02:23,2023-09-27 19:24:23,22.0,1.31,Significantly Delayed,Traffic,22.0,False,2023-09-27
8290493339,23578,2024-01-29 17:50:49,2024-01-29 17:49:49,-1.0,3.59,On Time,,-1.0,True,2024-01-29
6418952352,27372,2023-08-31 16:04:34,2023-08-31 16:02:34,-2.0,2.95,On Time,,-2.0,True,2023-08-31
8978231928,5320,2024-10-30 16:31:20,2024-10-30 16:39:20,8.0,0.51,Slightly Delayed,Traffic,8.0,False,2024-10-30
3746306403,24591,2023-07-03 01:59:54,2023-07-03 02:02:54,3.0,4.05,On Time,Traffic,3.0,False,2023-07-03
3157198428,42198,2024-10-30 05:15:11,2024-10-30 05:11:11,-4.0,0.51,On Time,,-4.0,True,2024-10-30
981939883,60237,2023-05-03 16:58:24,2023-05-03 17:08:24,10.0,3.17,Slightly Delayed,Traffic,10.0,False,2023-05-03
6569836274,18594,2024-06-24 17:30:34,2024-06-24 17:41:34,11.0,0.84,Slightly Delayed,Traffic,11.0,False,2024-06-24
5695124358,12767,2024-05-16 05:22:56,2024-05-16 05:18:56,-4.0,2.51,On Time,,-4.0,True,2024-05-16
773335066,91032,2023-07-24 22:14:43,2023-07-24 22:13:43,-1.0,4.68,On Time,,-1.0,True,2023-07-24
3618712852,68636,2023-10-14 05:33:24,2023-10-14 05:34:24,1.0,3.09,On Time,Traffic,1.0,False,2023-10-14
6009732867,91790,2024-08-02 07:39:36,2024-08-02 07:34:36,-5.0,3.52,On Time,,-5.0,True,2024-08-02
7269785858,6677,2024-08-04 04:17:54,2024-08-04 04:17:54,0.0,1.52,On Time,,0.0,True,2024-08-04
5798831066,15811,2024-04-16 21:58:06,2024-04-16 21:54:06,-4.0,4.27,On Time,,-4.0,True,2024-04-16
5330654120,21693,2024-11-03 04:06:18,2024-11-03 04:01:18,-5.0,1.59,On Time,,-5.0,True,2024-11-03
462189338,90802,2023-09-04 03:51:49,2023-09-04 03:46:49,-5.0,1.26,On Time,,-5.0,True,2023-09-04
7536187765,37981,2024-04-15 19:50:23,2024-04-15 19:47:23,-3.0,4.69,On Time,,-3.0,True,2024-04-15
9938820107,22973,2023-11-07 11:02:13,2023-11-07 11:00:13,-2.0,2.65,On Time,,-2.0,True,2023-11-07
9410751894,38915,2024-07-25 06:30:25,2024-07-25 06:28:25,-2.0,0.89,On Time,,-2.0,True,2024-07-25
9172888683,86299,2024-06-18 01:21:02,2024-06-18 01:23:02,2.0,3.76,On Time,Traffic,2.0,False,2024-06-18
8018695018,75374,2023-05-04 00:29:26,2023-05-04 00:39:26,10.0,0.65,Slightly Delayed,Traffic,10.0,False,2023-05-04
7456610316,78607,2024-07-03 06:06:52,2024-07-03 06:09:52,3.0,0.92,On Time,Traffic,3.0,False,2024-07-03
5627902734,78934,2023-03-16 19:25:26,2023-03-16 19:26:26,1.0,1.98,On Time,Traffic,1.0,False,2023-03-16
5189768940,38893,2023-10-05 08:33:29,2023-10-05 08:34:29,1.0,2.66,On Time,Traffic,1.0,False,2023-10-05
173709007,80576,2023-10-09 03:27:24,2023-10-09 03:48:24,21.0,1.02,Significantly Delayed,Traffic,21.0,False,2023-10-09
1485229334,24486,2023-07-19 05:36:43,2023-07-19 05:32:43,-4.0,1.95,On Time,,-4.0,True,2023-07-19
9334479603,10385,2023-04-16 20:27:21,2023-04-16 20:27:21,0.0,4.73,On Time,,0.0,True,2023-04-16
8674211510,59298,2023-09-01 11:16:12,2023-09-01 11:18:12,2.0,3.58,On Time,Traffic,2.0,False,2023-09-01
390257855,10059,2023-04-22 18:34:18,2023-04-22 18:38:18,4.0,2.42,On Time,Traffic,4.0,False,2023-04-22
6642374542,33880,2024-08-30 20:44:58,2024-08-30 20:44:58,0.0,4.0,On Time,,0.0,True,2024-08-30
6585999443,41264,2023-06-10 06:39:25,2023-06-10 06:39:25,0.0,4.01,On Time,,0.0,True,2023-06-10
622705569,50356,2024-07-07 09:33:21,2024-07-07 09:31:21,-2.0,4.91,On Time,,-2.0,True,2024-07-07
1635083835,52328,2023-09-27 09:01:18,2023-09-27 09:16:18,15.0,2.2,Slightly Delayed,Traffic,15.0,False,2023-09-27
7359512417,99158,2024-08-30 06:49:00,2024-08-30 07:03:00,14.0,1.12,Slightly Delayed,Traffic,14.0,False,2024-08-30
9237698013,97783,2024-08-15 20:55:56,2024-08-15 20:54:56,-1.0,1.08,On Time,,-1.0,True,2024-08-15
3492935177,92168,2024-03-24 01:11:20,2024-03-24 01:13:20,2.0,2.14,On Time,Traffic,2.0,False,2024-03-24
4324086468,98362,2024-02-25 04:43:09,2024-02-25 04:47:09,4.0,3.56,On Time,Traffic,4.0,False,2024-02-25
9171218505,20611,2024-05-31 15:19:35,2024-05-31 15:42:35,23.0,1.29,Significantly Delayed,Traffic,23.0,False,2024-05-31
5068157547,88481,2023-10-10 13:23:06,2023-10-10 13:20:06,-3.0,4.74,On Time,,-3.0,True,2023-10-10
8558710948,77005,2024-06-21 18:57:51,2024-06-21 19:01:51,4.0,4.25,On Time,Traffic,4.0,False,2024-06-21
3184669775,19867,2024-05-13 02:58:12,2024-05-13 03:26:12,28.0,1.65,Significantly Delayed,Traffic,28.0,False,2024-05-13
7079324691,462,2023-04-04 09:25:35,2023-04-04 09:23:35,-2.0,4.08,On Time,,-2.0,True,2023-04-04
4210311922,10778,2023-05-17 21:10:34,2023-05-17 21:12:34,2.0,2.81,On Time,Traffic,2.0,False,2023-05-17
7660037070,70814,2024-02-16 21:08:57,2024-02-16 21:04:57,-4.0,1.94,On Time,,-4.0,True,2024-02-16
9410025634,88594,2024-01-28 03:23:47,2024-01-28 03:26:47,3.0,4.12,On Time,Traffic,3.0,False,2024-01-28
6798589010,91875,2023-09-27 15:29:51,2023-09-27 15:38:51,9.0,3.82,Slightly Delayed,Traffic,9.0,False,2023-09-27
5401466202,7713,2024-09-26 20:01:44,2024-09-26 20:14:44,13.0,1.09,Slightly Delayed,Traffic,13.0,False,2024-09-26
9102648124,87083,2024-01-06 15:39:13,2024-01-06 15:49:13,10.0,3.97,Slightly Delayed,Traffic,10.0,False,2024-01-06
1969956670,72157,2024-10-24 01:46:23,2024-10-24 01:54:23,8.0,2.05,Slightly Delayed,Traffic,8.0,False,2024-10-24
1194228460,35853,2024-03-11 16:26:01,2024-03-11 16:25:01,-1.0,2.61,On Time,,-1.0,True,2024-03-11
9628463148,5444,2024-08-25 17:14:55,2024-08-25 17:19:55,5.0,1.55,On Time,Traffic,5.0,False,2024-08-25
7745364283,23255,2023-06-18 19:08:01,2023-06-18 19:11:01,3.0,2.67,On Time,Traffic,3.0,False,2023-06-18
9892343037,19236,2024-07-31 02:54:27,2024-07-31 03:13:27,19.0,1.0,Significantly Delayed,Traffic,19.0,False,2024-07-31
1588828749,54662,2023-11-17 13:53:42,2023-11-17 13:56:42,3.0,4.49,On Time,Traffic,3.0,False,2023-11-17
4037647778,651,2023-03-17 05:49:10,2023-03-17 05:48:10,-1.0,1.84,On Time,,-1.0,True,2023-03-17
6664301655,67132,2023-07-31 01:50:44,2023-07-31 01:48:44,-2.0,2.45,On Time,,-2.0,True,2023-07-31
7096225581,33119,2024-06-27 14:05:51,2024-06-27 14:10:51,5.0,2.23,On Time,Traffic,5.0,False,2024-06-27
79029185,72146,2024-06-06 14:05:34,2024-06-06 14:20:34,15.0,4.12,Slightly Delayed,Traffic,15.0,False,2024-06-06
7831967187,34714,2023-06-06 01:01:41,2023-06-06 01:01:41,0.0,1.18,On Time,,0.0,True,2023-06-06
482214790,49560,2023-04-10 05:48:48,2023-04-10 05:52:48,4.0,4.85,On Time,Traffic,4.0,False,2023-04-10
5931307224,44956,2023-11-27 08:58:41,2023-11-27 09:22:41,24.0,2.44,Significantly Delayed,Traffic,24.0,False,2023-11-27
6410432854,44093,2023-11-23 13:53:14,2023-11-23 13:59:14,6.0,3.43,Slightly Delayed,Traffic,6.0,False,2023-11-23
6124624375,53745,2024-09-12 04:26:44,2024-09-12 04:32:44,6.0,4.25,Slightly Delayed,Traffic,6.0,False,2024-09-12
8992870838,81482,2023-09-17 06:36:15,2023-09-17 06:31:15,-5.0,4.64,On Time,,-5.0,True,2023-09-17
8377146126,5897,2024-02-27 17:51:31,2024-02-27 17:47:31,-4.0,1.35,On Time,,-4.0,True,2024-02-27
7852428533,50641,2023-06-05 06:31:09,2023-06-05 06:37:09,6.0,1.34,Slightly Delayed,Traffic,6.0,False,2023-06-05
9258876870,20123,2024-03-14 16:16:39,2024-03-14 16:13:39,-3.0,4.13,On Time,,-3.0,True,2024-03-14
6810940082,15147,2023-11-02 14:52:54,2023-11-02 14:55:54,3.0,3.66,On Time,Traffic,3.0,False,2023-11-02
3330538479,52024,2024-01-23 16:31:51,2024-01-23 16:30:51,-1.0,4.86,On Time,,-1.0,True,2024-01-23
7270469981,60463,2023-07-28 03:50:24,2023-07-28 03:47:24,-3.0,2.0,On Time,,-3.0,True,2023-07-28
5636241570,98065,2024-06-21 20:24:31,2024-06-21 20:28:31,4.0,3.06,On Time,Traffic,4.0,False,2024-06-21
4467471002,81664,2023-11-27 13:28:59,2023-11-27 13:44:59,16.0,2.01,Significantly Delayed,Traffic,16.0,False,2023-11-27
6201821502,57553,2024-05-03 13:23:47,2024-05-03 13:30:47,7.0,4.2,Slightly Delayed,Traffic,7.0,False,2024-05-03
6144140039,6277,2024-03-22 19:18:48,2024-03-22 19:13:48,-5.0,4.66,On Time,,-5.0,True,2024-03-22
3310749597,34920,2023-07-05 04:30:43,2023-07-05 04:40:43,10.0,1.33,Slightly Delayed,Traffic,10.0,False,2023-07-05
5085488484,30364,2023-12-09 11:56:45,2023-12-09 11:53:45,-3.0,2.76,On Time,,-3.0,True,2023-12-09
587498345,93712,2024-06-28 04:04:22,2024-06-28 04:18:22,14.0,2.64,Slightly Delayed,Traffic,14.0,False,2024-06-28
5136205193,35041,2023-08-22 07:18:34,2023-08-22 07:17:34,-1.0,1.22,On Time,,-1.0,True,2023-08-22
9321319130,57794,2023-12-31 12:01:11,2023-12-31 12:00:11,-1.0,3.69,On Time,,-1.0,True,2023-12-31
9113393578,37638,2023-12-09 00:15:07,2023-12-09 00:16:07,1.0,2.46,On Time,Traffic,1.0,False,2023-12-09
3860678807,82696,2023-04-19 14:27:34,2023-04-19 14:37:34,10.0,4.14,Slightly Delayed,Traffic,10.0,False,2023-04-19
3603683788,64456,2023-08-18 09:57:35,2023-08-18 09:52:35,-5.0,4.22,On Time,,-5.0,True,2023-08-18
4472082279,33852,2023-10-15 04:42:26,2023-10-15 04:41:26,-1.0,1.4,On Time,,-1.0,True,2023-10-15
4104732514,95165,2024-06-13 20:04:54,2024-06-13 20:04:54,0.0,0.98,On Time,,0.0,True,2024-06-13
9050314096,63220,2023-05-26 07:34:43,2023-05-26 07:31:43,-3.0,3.43,On Time,,-3.0,True,2023-05-26
9296105870,24307,2024-02-21 17:20:42,2024-02-21 17:22:42,2.0,1.28,On Time,Traffic,2.0,False,2024-02-21
4678456188,70252,2023-12-12 12:58:19,2023-12-12 13:26:19,28.0,3.44,Significantly Delayed,Traffic,28.0,False,2023-12-12
812386333,10021,2024-09-18 10:33:36,2024-09-18 10:29:36,-4.0,3.01,On Time,,-4.0,True,2024-09-18
8100314462,60492,2024-02-10 14:55:00,2024-02-10 15:20:00,25.0,1.25,Significantly Delayed,Traffic,25.0,False,2024-02-10
781509952,41511,2023-04-02 19:14:48,2023-04-02 19:12:48,-2.0,3.64,On Time,,-2.0,True,2023-04-02
1918416669,33170,2023-05-08 23:14:16,2023-05-08 23:19:16,5.0,1.92,On Time,Traffic,5.0,False,2023-05-08
1152165724,53106,2024-01-04 10:35:15,2024-01-04 11:00:15,25.0,3.92,Significantly Delayed,Traffic,25.0,False,2024-01-04
9664390656,16129,2023-08-09 09:37:19,2023-08-09 09:39:19,2.0,4.67,On Time,Traffic,2.0,False,2023-08-09
2686950796,7632,2023-05-15 08:30:32,2023-05-15 08:49:32,19.0,4.05,Significantly Delayed,Traffic,19.0,False,2023-05-15
7332801173,81859,2023-06-12 15:01:29,2023-06-12 15:02:29,1.0,1.01,On Time,Traffic,1.0,False,2023-06-12
3503438244,17071,2024-02-14 01:15:54,2024-02-14 01:13:54,-2.0,3.61,On Time,,-2.0,True,2024-02-14
4044591373,22077,2024-04-19 14:33:19,2024-04-19 14:38:19,5.0,2.21,On Time,Traffic,5.0,False,2024-04-19
7817195618,69802,2023-05-17 00:09:22,2023-05-17 00:11:22,2.0,2.89,On Time,Traffic,2.0,False,2023-05-17
8974710941,23334,2024-09-03 04:58:02,2024-09-03 05:13:02,15.0,1.07,Slightly Delayed,Traffic,15.0,False,2024-09-03
2811268404,8913,2023-07-21 16:57:28,2023-07-21 17:27:28,30.0,4.68,Significantly Delayed,Traffic,30.0,False,2023-07-21
7251548462,29113,2024-07-07 17:43:52,2024-07-07 17:46:52,3.0,1.49,On Time,Traffic,3.0,False,2024-07-07
352037003,37403,2024-01-28 04:04:56,2024-01-28 04:00:56,-4.0,3.64,On Time,,-4.0,True,2024-01-28
8510312737,38863,2024-03-06 15:13:39,2024-03-06 15:09:39,-4.0,2.81,On Time,,-4.0,True,2024-03-06
3242700095,53498,2024-10-14 01:26:18,2024-10-14 01:21:18,-5.0,4.34,On Time,,-5.0,True,2024-10-14
5833898647,15139,2023-10-09 08:59:04,2023-10-09 09:04:04,5.0,2.45,On Time,Traffic,5.0,False,2023-10-09
7212771842,7028,2023-04-29 22:13:29,2023-04-29 22:09:29,-4.0,1.5,On Time,,-4.0,True,2023-04-29
7799757050,15948,2024-05-31 20:33:20,2024-05-31 20:33:20,0.0,1.63,On Time,,0.0,True,2024-05-31
9593303695,98145,2023-07-05 11:26:43,2023-07-05 11:34:43,8.0,1.54,Slightly Delayed,Traffic,8.0,False,2023-07-05
7709693536,187,2023-09-05 19:56:37,2023-09-05 20:04:37,8.0,3.89,Slightly Delayed,Traffic,8.0,False,2023-09-05
5092922964,87013,2023-11-22 14:26:24,2023-11-22 14:21:24,-5.0,2.13,On Time,,-5.0,True,2023-11-22
8318806722,65916,2024-07-25 12:41:19,2024-07-25 13:08:19,27.0,2.01,Significantly Delayed,Traffic,27.0,False,2024-07-25
4352870279,13768,2024-07-23 14:18:34,2024-07-23 14:47:34,29.0,3.18,Significantly Delayed,Traffic,29.0,False,2024-07-23
6722040962,60055,2023-11-14 02:40:33,2023-11-14 02:38:33,-2.0,1.47,On Time,,-2.0,True,2023-11-14
1690831615,12676,2023-05-25 18:04:52,2023-05-25 17:59:52,-5.0,1.77,On Time,,-5.0,True,2023-05-25
6475689021,46744,2023-05-20 21:10:25,2023-05-20 21:13:25,3.0,3.76,On Time,Traffic,3.0,False,2023-05-20
8361280131,25910,2024-09-21 00:21:16,2024-09-21 00:32:16,11.0,4.57,Slightly Delayed,Traffic,11.0,False,2024-09-21
2664549359,6230,2024-06-17 09:19:43,2024-06-17 09:25:43,6.0,2.72,Slightly Delayed,Traffic,6.0,False,2024-06-17
9510912773,79994,2023-05-07 10:15:14,2023-05-07 10:15:14,0.0,2.71,On Time,,0.0,True,2023-05-07
3654462337,60908,2023-09-23 03:27:41,2023-09-23 03:36:41,9.0,1.46,Slightly Delayed,Traffic,9.0,False,2023-09-23
2308652017,90365,2023-08-08 15:21:32,2023-08-08 15:24:32,3.0,2.4,On Time,Traffic,3.0,False,2023-08-08
8300200841,19811,2024-03-15 15:50:39,2024-03-15 15:46:39,-4.0,2.37,On Time,,-4.0,True,2024-03-15
5027243163,72202,2024-03-19 13:11:48,2024-03-19 13:16:48,5.0,3.13,On Time,Traffic,5.0,False,2024-03-19
713290065,69957,2023-11-05 11:24:41,2023-11-05 11:28:41,4.0,2.53,On Time,Traffic,4.0,False,2023-11-05
2006434350,5355,2023-06-24 15:53:32,2023-06-24 15:58:32,5.0,1.71,On Time,Traffic,5.0,False,2023-06-24
6587221270,8043,2023-12-23 01:18:59,2023-12-23 01:21:59,3.0,3.78,On Time,Traffic,3.0,False,2023-12-23
969705468,86249,2024-01-06 20:31:18,2024-01-06 20:34:18,3.0,2.3,On Time,Traffic,3.0,False,2024-01-06
4492000627,51632,2023-05-30 11:03:32,2023-05-30 10:59:32,-4.0,1.48,On Time,,-4.0,True,2023-05-30
977290328,80011,2023-12-14 10:41:15,2023-12-14 11:06:15,25.0,1.93,Significantly Delayed,Traffic,25.0,False,2023-12-14
8735245723,81631,2023-07-04 16:05:03,2023-07-04 16:00:03,-5.0,2.09,On Time,,-5.0,True,2023-07-04
6299539090,11906,2024-08-30 01:13:24,2024-08-30 01:14:24,1.0,3.6,On Time,Traffic,1.0,False,2024-08-30
2177211652,51339,2023-06-29 22:44:02,2023-06-29 23:08:02,24.0,2.31,Significantly Delayed,Traffic,24.0,False,2023-06-29
8972569491,43612,2023-11-26 12:53:15,2023-11-26 13:23:15,30.0,1.91,Significantly Delayed,Traffic,30.0,False,2023-11-26
7658414712,65853,2023-09-14 18:08:43,2023-09-14 18:05:43,-3.0,0.69,On Time,,-3.0,True,2023-09-14
2069355540,46546,2024-07-27 16:38:39,2024-07-27 16:40:39,2.0,2.68,On Time,Traffic,2.0,False,2024-07-27
4084790776,74479,2024-09-09 14:25:37,2024-09-09 14:30:37,5.0,4.27,On Time,Traffic,5.0,False,2024-09-09
8716008121,94222,2023-12-21 14:14:26,2023-12-21 14:09:26,-5.0,1.07,On Time,,-5.0,True,2023-12-21
9781965606,41676,2023-07-12 16:56:41,2023-07-12 16:54:41,-2.0,4.27,On Time,,-2.0,True,2023-07-12
8380133046,83971,2024-02-05 17:45:35,2024-02-05 17:47:35,2.0,4.5,On Time,Traffic,2.0,False,2024-02-05
691827543,32846,2023-04-15 13:33:53,2023-04-15 13:31:53,-2.0,2.76,On Time,,-2.0,True,2023-04-15
5750245858,11457,2023-04-07 01:01:00,2023-04-07 01:11:00,10.0,2.98,Slightly Delayed,Traffic,10.0,False,2023-04-07
1578150657,95773,2024-10-16 06:25:47,2024-10-16 06:41:47,16.0,0.97,Significantly Delayed,Traffic,16.0,False,2024-10-16
9069556587,45086,2024-02-29 12:16:29,2024-02-29 12:31:29,15.0,1.42,Slightly Delayed,Traffic,15.0,False,2024-02-29
8396347551,84471,2023-09-30 19:26:44,2023-09-30 19:23:44,-3.0,1.44,On Time,,-3.0,True,2023-09-30
6083487488,71075,2024-03-11 03:39:00,2024-03-11 03:46:00,7.0,2.4,Slightly Delayed,Traffic,7.0,False,2024-03-11
3191281184,6400,2023-07-01 16:27:53,2023-07-01 16:26:53,-1.0,3.0,On Time,,-1.0,True,2023-07-01
6397409024,47831,2024-01-03 08:35:04,2024-01-03 08:48:04,13.0,3.59,Slightly Delayed,Traffic,13.0,False,2024-01-03
9021529086,70207,2024-03-16 19:10:55,2024-03-16 19:09:55,-1.0,1.85,On Time,,-1.0,True,2024-03-16
8214544415,93269,2023-12-28 17:48:42,2023-12-28 17:48:42,0.0,3.52,On Time,,0.0,True,2023-12-28
8569302709,53705,2023-10-07 19:42:11,2023-10-07 19:41:11,-1.0,2.25,On Time,,-1.0,True,2023-10-07
2219192870,46891,2024-01-18 01:50:44,2024-01-18 02:04:44,14.0,4.83,Slightly Delayed,Traffic,14.0,False,2024-01-18
8537081061,17933,2023-08-16 01:19:14,2023-08-16 01:28:14,9.0,1.22,Slightly Delayed,Traffic,9.0,False,2023-08-16
9284683425,40427,2024-05-16 06:50:24,2024-05-16 06:53:24,3.0,2.84,On Time,Traffic,3.0,False,2024-05-16
9774193601,23828,2023-05-30 11:17:10,2023-05-30 11:43:10,26.0,3.18,Significantly Delayed,Traffic,26.0,False,2023-05-30
7496826261,70218,2023-11-17 05:40:38,2023-11-17 05:44:38,4.0,2.98,On Time,Traffic,4.0,False,2023-11-17
1058749075,94872,2023-08-26 23:24:46,2023-08-26 23:25:46,1.0,4.26,On Time,Traffic,1.0,False,2023-08-26
7128038799,23163,2024-03-10 18:42:41,2024-03-10 18:47:41,5.0,4.31,On Time,Traffic,5.0,False,2024-03-10
3596318350,79071,2024-10-13 09:52:43,2024-10-13 09:55:43,3.0,1.85,On Time,Traffic,3.0,False,2024-10-13
3187042843,56554,2024-01-01 21:09:16,2024-01-01 21:19:16,10.0,4.12,Slightly Delayed,Traffic,10.0,False,2024-01-01
4673500573,31637,2023-10-15 15:02:31,2023-10-15 14:59:31,-3.0,4.03,On Time,,-3.0,True,2023-10-15
881900445,31909,2024-08-06 02:26:11,2024-08-06 02:28:11,2.0,0.96,On Time,Traffic,2.0,False,2024-08-06
9874112459,1360,2024-09-26 23:38:36,2024-09-26 23:39:36,1.0,2.04,On Time,Traffic,1.0,False,2024-09-26
4531430634,18850,2023-05-17 06:25:20,2023-05-17 06:23:20,-2.0,1.75,On Time,,-2.0,True,2023-05-17
6715699166,10552,2023-08-01 19:20:52,2023-08-01 19:15:52,-5.0,0.84,On Time,,-5.0,True,2023-08-01
4171748538,38252,2023-07-06 23:05:24,2023-07-06 23:05:24,0.0,2.39,On Time,,0.0,True,2023-07-06
4093115982,47309,2023-05-24 17:21:41,2023-05-24 17:16:41,-5.0,1.77,On Time,,-5.0,True,2023-05-24
2515279840,69394,2023-12-24 01:51:21,2023-12-24 01:53:21,2.0,4.6,On Time,Traffic,2.0,False,2023-12-24
4981424948,25002,2024-10-13 22:42:34,2024-10-13 22:41:34,-1.0,2.71,On Time,,-1.0,True,2024-10-13
1911064507,19465,2024-02-27 18:16:11,2024-02-27 18:17:11,1.0,2.83,On Time,Traffic,1.0,False,2024-02-27
6438392384,66077,2024-09-14 20:18:42,2024-09-14 20:21:42,3.0,3.53,On Time,Traffic,3.0,False,2024-09-14
5859840400,47423,2023-10-21 23:59:32,2023-10-21 23:59:32,0.0,4.78,On Time,,0.0,True,2023-10-21
7640576778,28726,2024-02-13 17:53:08,2024-02-13 18:00:08,7.0,3.4,Slightly Delayed,Traffic,7.0,False,2024-02-13
5453475937,96220,2023-09-18 12:24:26,2023-09-18 12:23:26,-1.0,4.01,On Time,,-1.0,True,2023-09-18
653610300,31516,2023-04-24 03:50:24,2023-04-24 03:53:24,3.0,1.98,On Time,Traffic,3.0,False,2023-04-24
730299055,66096,2024-10-21 18:26:22,2024-10-21 18:21:22,-5.0,0.6,On Time,,-5.0,True,2024-10-21
8396250231,13826,2024-02-26 03:27:04,2024-02-26 03:51:04,24.0,1.47,Significantly Delayed,Traffic,24.0,False,2024-02-26
8556969682,17465,2023-05-21 06:18:01,2023-05-21 06:16:01,-2.0,4.62,On Time,,-2.0,True,2023-05-21
7159670875,18099,2024-06-22 09:34:03,2024-06-22 09:59:03,25.0,2.68,Significantly Delayed,Traffic,25.0,False,2024-06-22
4922278509,29558,2023-05-31 07:15:00,2023-05-31 07:19:00,4.0,0.58,On Time,Traffic,4.0,False,2023-05-31
8151274002,38275,2024-06-15 16:09:32,2024-06-15 16:13:32,4.0,1.58,On Time,Traffic,4.0,False,2024-06-15
5373978100,79638,2024-01-16 16:52:24,2024-01-16 16:56:24,4.0,3.66,On Time,Traffic,4.0,False,2024-01-16
6210207010,90871,2023-06-27 08:37:16,2023-06-27 08:36:16,-1.0,3.89,On Time,,-1.0,True,2023-06-27
1837403174,10176,2023-05-03 21:48:45,2023-05-03 21:51:45,3.0,3.73,On Time,Traffic,3.0,False,2023-05-03
1148265823,31213,2024-10-29 08:42:53,2024-10-29 08:47:53,5.0,4.48,On Time,Traffic,5.0,False,2024-10-29
8472487149,43294,2024-02-12 05:49:12,2024-02-12 06:10:12,21.0,3.43,Significantly Delayed,Traffic,21.0,False,2024-02-12
9111535172,19224,2024-05-08 17:57:04,2024-05-08 17:57:04,0.0,4.93,On Time,,0.0,True,2024-05-08
6558001978,39255,2024-02-19 15:17:47,2024-02-19 15:18:47,1.0,3.47,On Time,Traffic,1.0,False,2024-02-19
2762095386,69303,2024-08-11 16:46:49,2024-08-11 16:49:49,3.0,4.68,On Time,Traffic,3.0,False,2024-08-11
2406325099,27946,2023-11-13 22:55:53,2023-11-13 23:21:53,26.0,1.81,Significantly Delayed,Traffic,26.0,False,2023-11-13
4274182127,56552,2024-09-26 17:03:47,2024-09-26 17:07:47,4.0,3.32,On Time,Traffic,4.0,False,2024-09-26
7271609994,21302,2023-04-25 21:08:47,2023-04-25 21:03:47,-5.0,0.95,On Time,,-5.0,True,2023-04-25
9182539734,19556,2023-07-06 15:52:53,2023-07-06 15:54:53,2.0,1.95,On Time,Traffic,2.0,False,2023-07-06
7891517071,47196,2024-01-31 17:30:17,2024-01-31 17:55:17,25.0,2.08,Significantly Delayed,Traffic,25.0,False,2024-01-31
3666182849,43230,2024-11-03 11:51:13,2024-11-03 11:55:13,4.0,2.03,On Time,Traffic,4.0,False,2024-11-03
8724590445,47010,2023-06-02 16:10:43,2023-06-02 16:14:43,4.0,1.18,On Time,Traffic,4.0,False,2023-06-02
7919863938,68044,2024-08-29 23:53:57,2024-08-29 23:51:57,-2.0,3.38,On Time,,-2.0,True,2024-08-29
3545539999,56431,2024-01-08 16:10:54,2024-01-08 16:25:54,15.0,1.83,Slightly Delayed,Traffic,15.0,False,2024-01-08
7463392603,18713,2024-02-11 09:39:45,2024-02-11 10:02:45,23.0,2.37,Significantly Delayed,Traffic,23.0,False,2024-02-11
7296733293,66098,2024-02-09 04:02:39,2024-02-09 04:19:39,17.0,4.5,Significantly Delayed,Traffic,17.0,False,2024-02-09
7118924734,23488,2023-10-10 05:41:44,2023-10-10 05:42:44,1.0,3.94,On Time,Traffic,1.0,False,2023-10-10
2529809156,71519,2024-05-21 14:56:44,2024-05-21 15:18:44,22.0,1.81,Significantly Delayed,Traffic,22.0,False,2024-05-21
2216699744,75428,2024-06-14 02:52:43,2024-06-14 02:56:43,4.0,0.54,On Time,Traffic,4.0,False,2024-06-14
8257221712,19186,2023-10-07 04:23:52,2023-10-07 04:52:52,29.0,2.3,Significantly Delayed,Traffic,29.0,False,2023-10-07
1357352531,35782,2023-06-07 13:59:08,2023-06-07 13:58:08,-1.0,2.03,On Time,,-1.0,True,2023-06-07
2108138590,67215,2023-11-08 13:09:26,2023-11-08 13:39:26,30.0,2.89,Significantly Delayed,Traffic,30.0,False,2023-11-08
5648212121,90177,2023-12-28 00:19:12,2023-12-28 00:17:12,-2.0,3.15,On Time,,-2.0,True,2023-12-28
3951878528,28174,2023-12-23 01:12:42,2023-12-23 01:33:42,21.0,1.68,Significantly Delayed,Traffic,21.0,False,2023-12-23
8310385249,6118,2023-07-29 19:20:41,2023-07-29 19:21:41,1.0,1.68,On Time,Traffic,1.0,False,2023-07-29
7513562596,10923,2024-07-05 09:23:19,2024-07-05 09:22:19,-1.0,1.73,On Time,,-1.0,True,2024-07-05
6304586678,36388,2023-09-25 15:25:53,2023-09-25 15:24:53,-1.0,4.28,On Time,,-1.0,True,2023-09-25
5222812863,17086,2024-04-11 02:34:28,2024-04-11 02:33:28,-1.0,4.12,On Time,,-1.0,True,2024-04-11
5393039591,31204,2024-10-04 08:00:16,2024-10-04 08:00:16,0.0,3.92,On Time,,0.0,True,2024-10-04
6708586922,86114,2024-05-23 17:11:07,2024-05-23 17:33:07,22.0,1.99,Significantly Delayed,Traffic,22.0,False,2024-05-23
3177552965,8594,2024-05-17 13:38:20,2024-05-17 13:39:20,1.0,3.46,On Time,Traffic,1.0,False,2024-05-17
607125614,55507,2024-05-06 11:18:24,2024-05-06 11:31:24,13.0,1.86,Slightly Delayed,Traffic,13.0,False,2024-05-06
139417019,22566,2023-07-09 20:18:51,2023-07-09 20:23:51,5.0,2.1,On Time,Traffic,5.0,False,2023-07-09
1893231742,69619,2024-10-19 04:34:53,2024-10-19 04:39:53,5.0,3.67,On Time,Traffic,5.0,False,2024-10-19
3580010065,80806,2023-05-09 03:07:46,2023-05-09 03:12:46,5.0,2.51,On Time,Traffic,5.0,False,2023-05-09
962319394,94025,2023-08-22 00:20:05,2023-08-22 00:34:05,14.0,3.77,Slightly Delayed,Traffic,14.0,False,2023-08-22
8321726382,199,2023-04-15 13:42:44,2023-04-15 13:37:44,-5.0,3.57,On Time,,-5.0,True,2023-04-15
1485682761,94732,2023-10-03 19:26:52,2023-10-03 19:29:52,3.0,4.92,On Time,Traffic,3.0,False,2023-10-03
5008756947,86785,2023-08-26 16:25:41,2023-08-26 16:23:41,-2.0,0.73,On Time,,-2.0,True,2023-08-26
1334996274,35323,2023-07-10 16:19:06,2023-07-10 16:18:06,-1.0,2.16,On Time,,-1.0,True,2023-07-10
2914506024,94705,2024-02-27 16:23:19,2024-02-27 16:20:19,-3.0,4.82,On Time,,-3.0,True,2024-02-27
8811831663,64662,2023-04-11 01:33:20,2023-04-11 01:36:20,3.0,2.57,On Time,Traffic,3.0,False,2023-04-11
875427533,81548,2024-03-27 12:09:09,2024-03-27 12:24:09,15.0,4.89,Slightly Delayed,Traffic,15.0,False,2024-03-27
5865390748,71450,2024-10-01 03:41:09,2024-10-01 03:45:09,4.0,1.86,On Time,Traffic,4.0,False,2024-10-01
4054828941,43029,2023-12-15 22:09:57,2023-12-15 22:28:57,19.0,1.48,Significantly Delayed,Traffic,19.0,False,2023-12-15
1257568604,44274,2023-09-28 17:35:52,2023-09-28 17:36:52,1.0,2.41,On Time,Traffic,1.0,False,2023-09-28
2738862626,46667,2024-01-21 04:41:08,2024-01-21 04:51:08,10.0,1.83,Slightly Delayed,Traffic,10.0,False,2024-01-21
7352532839,58851,2024-02-28 19:17:46,2024-02-28 19:14:46,-3.0,2.79,On Time,,-3.0,True,2024-02-28
520221662,85866,2023-07-20 19:35:42,2023-07-20 19:34:42,-1.0,2.16,On Time,,-1.0,True,2023-07-20
7818925535,27625,2023-11-02 10:11:32,2023-11-02 10:14:32,3.0,2.24,On Time,Traffic,3.0,False,2023-11-02
3476023750,37075,2023-06-02 21:03:59,2023-06-02 21:01:59,-2.0,4.5,On Time,,-2.0,True,2023-06-02
8945838922,82508,2023-05-22 09:54:39,2023-05-22 09:52:39,-2.0,2.96,On Time,,-2.0,True,2023-05-22
2233053313,67838,2023-10-14 20:40:47,2023-10-14 20:43:47,3.0,2.81,On Time,Traffic,3.0,False,2023-10-14
1844073851,76415,2024-02-06 09:02:48,2024-02-06 08:58:48,-4.0,3.04,On Time,,-4.0,True,2024-02-06
8348125769,33620,2023-12-08 18:27:56,2023-12-08 18:37:56,10.0,4.4,Slightly Delayed,Traffic,10.0,False,2023-12-08
8475818223,37091,2023-11-16 04:21:04,2023-11-16 04:41:04,20.0,1.72,Significantly Delayed,Traffic,20.0,False,2023-11-16
4270941188,4506,2024-01-13 09:37:19,2024-01-13 09:39:19,2.0,1.38,On Time,Traffic,2.0,False,2024-01-13
2611200126,56652,2024-05-12 03:11:07,2024-05-12 03:16:07,5.0,1.86,On Time,Traffic,5.0,False,2024-05-12
8573833987,92757,2024-02-11 13:47:15,2024-02-11 13:42:15,-5.0,1.44,On Time,,-5.0,True,2024-02-11
2979246068,81847,2024-02-23 02:57:53,2024-02-23 03:22:53,25.0,0.69,Significantly Delayed,Traffic,25.0,False,2024-02-23
6779895105,39690,2024-09-10 13:02:15,2024-09-10 13:05:15,3.0,1.69,On Time,Traffic,3.0,False,2024-09-10
1731478314,3611,2024-07-30 05:33:35,2024-07-30 05:41:35,8.0,4.16,Slightly Delayed,Traffic,8.0,False,2024-07-30
3692405872,36429,2023-07-31 12:27:00,2023-07-31 12:28:00,1.0,4.61,On Time,Traffic,1.0,False,2023-07-31
8853713324,72198,2023-08-07 02:11:04,2023-08-07 02:06:04,-5.0,4.76,On Time,,-5.0,True,2023-08-07
979766779,55258,2024-04-23 22:17:29,2024-04-23 22:18:29,1.0,1.15,On Time,Traffic,1.0,False,2024-04-23
5709672475,12442,2023-08-14 02:48:24,2023-08-14 02:43:24,-5.0,1.7,On Time,,-5.0,True,2023-08-14
3855709201,78393,2024-04-23 22:36:51,2024-04-23 22:51:51,15.0,4.71,Slightly Delayed,Traffic,15.0,False,2024-04-23
6861065282,70502,2023-08-18 18:54:22,2023-08-18 19:08:22,14.0,4.02,Slightly Delayed,Traffic,14.0,False,2023-08-18
7919724613,4767,2023-03-21 15:44:10,2023-03-21 15:54:10,10.0,0.94,Slightly Delayed,Traffic,10.0,False,2023-03-21
7882742057,60422,2024-07-26 15:51:14,2024-07-26 15:46:14,-5.0,2.57,On Time,,-5.0,True,2024-07-26
1929002406,6504,2023-12-25 21:49:52,2023-12-25 21:46:52,-3.0,1.1,On Time,,-3.0,True,2023-12-25
2458349464,92293,2023-04-06 12:50:21,2023-04-06 12:50:21,0.0,2.94,On Time,,0.0,True,2023-04-06
6608328221,43351,2023-07-04 15:47:23,2023-07-04 15:50:23,3.0,1.44,On Time,Traffic,3.0,False,2023-07-04
7736615348,67076,2023-12-06 21:15:03,2023-12-06 21:13:03,-2.0,3.03,On Time,,-2.0,True,2023-12-06
2591738507,76434,2024-10-31 07:50:44,2024-10-31 07:48:44,-2.0,2.65,On Time,,-2.0,True,2024-10-31
6751537971,33447,2024-07-19 06:23:25,2024-07-19 06:24:25,1.0,3.35,On Time,Traffic,1.0,False,2024-07-19
9768154003,14323,2024-01-23 04:10:24,2024-01-23 04:38:24,28.0,1.43,Significantly Delayed,Traffic,28.0,False,2024-01-23
5887288860,90694,2024-03-01 21:35:19,2024-03-01 21:32:19,-3.0,4.07,On Time,,-3.0,True,2024-03-01
3559865135,90401,2024-01-07 15:21:40,2024-01-07 15:31:40,10.0,0.8,Slightly Delayed,Traffic,10.0,False,2024-01-07
209044447,79837,2024-10-05 00:22:57,2024-10-05 00:24:57,2.0,1.28,On Time,Traffic,2.0,False,2024-10-05
9643668734,79734,2024-05-18 13:17:12,2024-05-18 13:38:12,21.0,4.91,Significantly Delayed,Traffic,21.0,False,2024-05-18
6115465612,57658,2023-09-28 12:57:47,2023-09-28 12:55:47,-2.0,0.93,On Time,,-2.0,True,2023-09-28
8493723088,98580,2023-12-30 06:36:00,2023-12-30 06:35:00,-1.0,4.04,On Time,,-1.0,True,2023-12-30
6392024503,10391,2023-09-05 03:05:56,2023-09-05 03:05:56,0.0,3.61,On Time,,0.0,True,2023-09-05
9863468109,44564,2024-01-28 04:29:04,2024-01-28 04:33:04,4.0,1.29,On Time,Traffic,4.0,False,2024-01-28
5448628635,36280,2023-05-07 13:31:59,2023-05-07 13:35:59,4.0,2.27,On Time,Traffic,4.0,False,2023-05-07
3329455953,8271,2024-03-01 05:59:55,2024-03-01 06:02:55,3.0,3.85,On Time,Traffic,3.0,False,2024-03-01
3584190892,44526,2023-10-17 04:41:37,2023-10-17 04:46:37,5.0,4.28,On Time,Traffic,5.0,False,2023-10-17
9097056321,26978,2024-04-08 08:07:28,2024-04-08 08:05:28,-2.0,3.53,On Time,,-2.0,True,2024-04-08
525741957,28414,2023-05-03 06:28:45,2023-05-03 06:28:45,0.0,3.07,On Time,,0.0,True,2023-05-03
5387395051,63460,2024-09-18 08:05:17,2024-09-18 08:18:17,13.0,3.76,Slightly Delayed,Traffic,13.0,False,2024-09-18
6799246060,84316,2023-11-06 06:25:47,2023-11-06 06:21:47,-4.0,2.09,On Time,,-4.0,True,2023-11-06
8986314607,72548,2024-08-30 07:05:42,2024-08-30 07:07:42,2.0,2.89,On Time,Traffic,2.0,False,2024-08-30
1085912198,45229,2023-03-21 23:05:08,2023-03-21 23:00:08,-5.0,3.36,On Time,,-5.0,True,2023-03-21
3423328091,87845,2023-09-24 21:54:59,2023-09-24 21:52:59,-2.0,3.65,On Time,,-2.0,True,2023-09-24
9848366909,73787,2023-11-06 02:58:42,2023-11-06 03:07:42,9.0,1.33,Slightly Delayed,Traffic,9.0,False,2023-11-06
936021770,2107,2024-02-02 05:12:39,2024-02-02 05:15:39,3.0,0.98,On Time,Traffic,3.0,False,2024-02-02
8916215165,3089,2023-08-08 02:45:27,2023-08-08 02:44:27,-1.0,0.56,On Time,,-1.0,True,2023-08-08
389558867,23492,2023-09-12 00:23:47,2023-09-12 00:24:47,1.0,2.8,On Time,Traffic,1.0,False,2023-09-12
7616883530,75823,2023-09-05 02:03:10,2023-09-05 02:03:10,0.0,1.61,On Time,,0.0,True,2023-09-05
3851744248,82050,2023-04-30 08:37:50,2023-04-30 08:42:50,5.0,1.07,On Time,Traffic,5.0,False,2023-04-30
4953665655,95729,2024-01-16 22:36:13,2024-01-16 23:01:13,25.0,1.54,Significantly Delayed,Traffic,25.0,False,2024-01-16
962864152,58963,2024-07-19 06:55:56,2024-07-19 06:50:56,-5.0,3.81,On Time,,-5.0,True,2024-07-19
923668833,48623,2023-05-12 22:26:40,2023-05-12 22:25:40,-1.0,3.21,On Time,,-1.0,True,2023-05-12
4022122330,76472,2023-12-04 19:42:48,2023-12-04 19:57:48,15.0,3.26,Slightly Delayed,Traffic,15.0,False,2023-12-04
4564846800,41373,2023-08-10 01:12:51,2023-08-10 01:26:51,14.0,3.51,Slightly Delayed,Traffic,14.0,False,2023-08-10
690652905,24116,2024-04-24 17:24:57,2024-04-24 17:25:57,1.0,1.86,On Time,Traffic,1.0,False,2024-04-24
716741661,24941,2024-10-15 06:44:15,2024-10-15 06:46:15,2.0,1.69,On Time,Traffic,2.0,False,2024-10-15
6575532281,43140,2024-03-25 01:15:48,2024-03-25 01:39:48,24.0,2.84,Significantly Delayed,Traffic,24.0,False,2024-03-25
7486807731,58099,2023-12-13 13:40:08,2023-12-13 13:58:08,18.0,3.87,Significantly Delayed,Traffic,18.0,False,2023-12-13
9721870982,12717,2023-11-12 10:24:16,2023-11-12 10:20:16,-4.0,3.31,On Time,,-4.0,True,2023-11-12
8105823343,10154,2023-10-15 09:10:25,2023-10-15 09:28:25,18.0,4.74,Significantly Delayed,Traffic,18.0,False,2023-10-15
7113554979,60033,2023-11-27 04:21:09,2023-11-27 04:22:09,1.0,2.81,On Time,Traffic,1.0,False,2023-11-27
507373134,79937,2024-10-23 15:07:34,2024-10-23 15:21:34,14.0,1.25,Slightly Delayed,Traffic,14.0,False,2024-10-23
4674132573,44189,2024-10-21 20:27:16,2024-10-21 20:51:16,24.0,4.18,Significantly Delayed,Traffic,24.0,False,2024-10-21
487395969,10746,2023-12-13 17:45:31,2023-12-13 17:43:31,-2.0,1.18,On Time,,-2.0,True,2023-12-13
3962007460,87494,2024-07-31 07:47:21,2024-07-31 08:06:21,19.0,4.39,Significantly Delayed,Traffic,19.0,False,2024-07-31
2272882287,92563,2024-07-12 23:21:58,2024-07-12 23:30:58,9.0,2.72,Slightly Delayed,Traffic,9.0,False,2024-07-12
4426246696,97040,2023-11-22 22:51:31,2023-11-22 22:56:31,5.0,3.28,On Time,Traffic,5.0,False,2023-11-22
1714709914,39465,2024-09-10 12:54:01,2024-09-10 12:54:01,0.0,3.16,On Time,,0.0,True,2024-09-10
3159133564,3774,2023-08-05 08:56:09,2023-08-05 09:01:09,5.0,2.57,On Time,Traffic,5.0,False,2023-08-05
4531739740,2730,2024-06-24 04:28:18,2024-06-24 04:27:18,-1.0,0.75,On Time,,-1.0,True,2024-06-24
3158981349,64734,2023-10-25 09:02:16,2023-10-25 08:58:16,-4.0,0.81,On Time,,-4.0,True,2023-10-25
1789010378,62408,2023-07-28 05:27:23,2023-07-28 05:23:23,-4.0,4.45,On Time,,-4.0,True,2023-07-28
705203916,51498,2024-08-04 21:07:03,2024-08-04 21:17:03,10.0,3.18,Slightly Delayed,Traffic,10.0,False,2024-08-04
7255510932,75343,2024-08-06 11:40:44,2024-08-06 11:43:44,3.0,1.88,On Time,Traffic,3.0,False,2024-08-06
1991167685,97004,2024-03-02 13:42:21,2024-03-02 13:42:21,0.0,3.0,On Time,,0.0,True,2024-03-02
5103721089,48344,2023-08-21 00:44:07,2023-08-21 00:51:07,7.0,3.14,Slightly Delayed,Traffic,7.0,False,2023-08-21
9674006557,74578,2023-05-02 13:24:57,2023-05-02 13:20:57,-4.0,0.79,On Time,,-4.0,True,2023-05-02
1073466441,46168,2023-05-30 09:23:42,2023-05-30 09:34:42,11.0,4.0,Slightly Delayed,Traffic,11.0,False,2023-05-30
5407006470,72572,2024-05-24 15:08:37,2024-05-24 15:12:37,4.0,2.14,On Time,Traffic,4.0,False,2024-05-24
747347782,88192,2023-04-25 06:56:32,2023-04-25 06:58:32,2.0,1.68,On Time,Traffic,2.0,False,2023-04-25
8554063149,61925,2024-06-09 04:37:22,2024-06-09 04:53:22,16.0,1.63,Significantly Delayed,Traffic,16.0,False,2024-06-09
4855215470,41692,2024-03-31 08:03:38,2024-03-31 08:02:38,-1.0,2.99,On Time,,-1.0,True,2024-03-31
5008998072,68214,2024-01-05 09:30:09,2024-01-05 09:26:09,-4.0,4.78,On Time,,-4.0,True,2024-01-05
9696466906,22128,2024-05-01 21:46:23,2024-05-01 21:51:23,5.0,2.71,On Time,Traffic,5.0,False,2024-05-01
7189534591,89782,2023-08-18 15:27:56,2023-08-18 15:23:56,-4.0,4.46,On Time,,-4.0,True,2023-08-18
9965941354,10750,2023-11-13 20:13:32,2023-11-13 20:29:32,16.0,4.93,Significantly Delayed,Traffic,16.0,False,2023-11-13
1275232752,80057,2023-08-24 07:46:20,2023-08-24 07:50:20,4.0,0.93,On Time,Traffic,4.0,False,2023-08-24
343479370,63936,2024-05-03 12:55:40,2024-05-03 12:59:40,4.0,4.96,On Time,Traffic,4.0,False,2024-05-03
2485933387,91595,2024-07-10 17:45:21,2024-07-10 17:46:21,1.0,4.21,On Time,Traffic,1.0,False,2024-07-10
6735843326,42373,2024-10-24 05:53:04,2024-10-24 06:00:04,7.0,3.25,Slightly Delayed,Traffic,7.0,False,2024-10-24
6384313098,33058,2023-12-07 02:43:53,2023-12-07 02:51:53,8.0,3.43,Slightly Delayed,Traffic,8.0,False,2023-12-07
1022032613,20565,2023-12-10 08:35:59,2023-12-10 08:34:59,-1.0,3.86,On Time,,-1.0,True,2023-12-10
8026892264,34461,2023-09-24 14:25:07,2023-09-24 14:29:07,4.0,2.11,On Time,Traffic,4.0,False,2023-09-24
7158825499,32726,2024-04-14 21:47:07,2024-04-14 21:47:07,0.0,2.49,On Time,,0.0,True,2024-04-14
5327013494,99300,2024-04-18 08:29:55,2024-04-18 08:37:55,8.0,2.61,Slightly Delayed,Traffic,8.0,False,2024-04-18
1002526452,56579,2023-07-31 23:29:05,2023-07-31 23:33:05,4.0,0.68,On Time,Traffic,4.0,False,2023-07-31
4650525854,17326,2024-01-17 11:12:53,2024-01-17 11:39:53,27.0,3.32,Significantly Delayed,Traffic,27.0,False,2024-01-17
6260291784,11624,2024-07-08 19:40:57,2024-07-08 19:44:57,4.0,4.54,On Time,Traffic,4.0,False,2024-07-08
1884314278,32462,2023-09-15 23:57:07,2023-09-16 00:01:07,4.0,1.27,On Time,Traffic,4.0,False,2023-09-16
7074219396,80741,2024-05-04 13:28:12,2024-05-04 13:39:12,11.0,3.56,Slightly Delayed,Traffic,11.0,False,2024-05-04
807183459,23145,2023-09-05 12:12:41,2023-09-05 12:18:41,6.0,1.27,Slightly Delayed,Traffic,6.0,False,2023-09-05
598539940,71176,2023-07-28 17:45:14,2023-07-28 17:41:14,-4.0,3.24,On Time,,-4.0,True,2023-07-28
427702490,82652,2024-01-20 21:44:03,2024-01-20 21:43:03,-1.0,1.08,On Time,,-1.0,True,2024-01-20
955844536,35124,2023-03-29 12:19:35,2023-03-29 12:22:35,3.0,2.61,On Time,Traffic,3.0,False,2023-03-29
5397640599,61581,2024-05-24 20:13:10,2024-05-24 20:16:10,3.0,1.21,On Time,Traffic,3.0,False,2024-05-24
3451246886,17814,2024-05-22 09:42:46,2024-05-22 09:38:46,-4.0,0.75,On Time,,-4.0,True,2024-05-22
8487733248,39978,2023-04-26 12:50:26,2023-04-26 13:19:26,29.0,1.34,Significantly Delayed,Traffic,29.0,False,2023-04-26
2921621434,58563,2023-08-17 21:10:25,2023-08-17 21:15:25,5.0,1.47,On Time,Traffic,5.0,False,2023-08-17
4757133884,38740,2024-08-03 14:11:39,2024-08-03 14:15:39,4.0,2.19,On Time,Traffic,4.0,False,2024-08-03
1793847102,63715,2024-09-09 02:12:04,2024-09-09 02:10:04,-2.0,2.63,On Time,,-2.0,True,2024-09-09
6197760573,34868,2023-03-27 08:06:31,2023-03-27 08:04:31,-2.0,3.59,On Time,,-2.0,True,2023-03-27
6818660907,81901,2024-07-10 08:15:05,2024-07-10 08:11:05,-4.0,0.98,On Time,,-4.0,True,2024-07-10
7807587130,4160,2023-12-11 13:34:26,2023-12-11 13:32:26,-2.0,2.3,On Time,,-2.0,True,2023-12-11
4540563647,17669,2023-05-14 22:19:58,2023-05-14 22:22:58,3.0,0.88,On Time,Traffic,3.0,False,2023-05-14
2480913332,86820,2023-10-16 13:30:53,2023-10-16 14:00:53,30.0,4.13,Significantly Delayed,Traffic,30.0,False,2023-10-16
5735481292,75148,2024-06-18 00:00:28,2024-06-18 00:17:28,17.0,2.09,Significantly Delayed,Traffic,17.0,False,2024-06-18
7112326373,63548,2023-05-13 11:34:17,2023-05-13 11:30:17,-4.0,3.01,On Time,,-4.0,True,2023-05-13
614274161,22704,2023-09-27 09:22:29,2023-09-27 09:25:29,3.0,2.57,On Time,Traffic,3.0,False,2023-09-27
5512258335,10688,2024-03-23 00:30:43,2024-03-23 00:30:43,0.0,3.82,On Time,,0.0,True,2024-03-23
1214757247,57089,2023-09-06 18:01:49,2023-09-06 17:58:49,-3.0,4.08,On Time,,-3.0,True,2023-09-06
4211686231,18758,2023-06-09 05:10:26,2023-06-09 05:08:26,-2.0,1.43,On Time,,-2.0,True,2023-06-09
5288088590,37879,2023-12-22 08:16:54,2023-12-22 08:17:54,1.0,2.73,On Time,Traffic,1.0,False,2023-12-22
1193525681,91249,2024-09-17 00:28:49,2024-09-17 00:29:49,1.0,1.02,On Time,Traffic,1.0,False,2024-09-17
5132095929,96312,2024-06-29 21:21:38,2024-06-29 21:30:38,9.0,4.42,Slightly Delayed,Traffic,9.0,False,2024-06-29
7703144556,67233,2023-12-21 06:07:15,2023-12-21 06:28:15,21.0,3.12,Significantly Delayed,Traffic,21.0,False,2023-12-21
6786199145,82010,2024-09-04 08:17:43,2024-09-04 08:13:43,-4.0,1.32,On Time,,-4.0,True,2024-09-04
2463627380,20216,2024-08-03 01:15:53,2024-08-03 01:15:53,0.0,2.08,On Time,,0.0,True,2024-08-03
6331115638,69994,2023-07-15 22:18:21,2023-07-15 22:13:21,-5.0,2.75,On Time,,-5.0,True,2023-07-15
9212312136,33363,2023-12-06 02:44:00,2023-12-06 02:56:00,12.0,2.94,Slightly Delayed,Traffic,12.0,False,2023-12-06
6788500162,97174,2024-07-10 01:42:46,2024-07-10 01:55:46,13.0,3.47,Slightly Delayed,Traffic,13.0,False,2024-07-10
2166421384,52405,2024-05-18 15:55:45,2024-05-18 16:03:45,8.0,4.4,Slightly Delayed,Traffic,8.0,False,2024-05-18
2744509800,21797,2023-08-31 10:21:20,2023-08-31 10:22:20,1.0,0.78,On Time,Traffic,1.0,False,2023-08-31
8806260669,37678,2023-10-17 13:19:52,2023-10-17 13:46:52,27.0,1.2,Significantly Delayed,Traffic,27.0,False,2023-10-17
7773287963,19710,2023-03-22 02:29:29,2023-03-22 02:34:29,5.0,2.86,On Time,Traffic,5.0,False,2023-03-22
8153845667,62899,2024-08-09 08:58:33,2024-08-09 08:55:33,-3.0,1.03,On Time,,-3.0,True,2024-08-09
8345887091,52252,2024-10-13 15:40:55,2024-10-13 15:44:55,4.0,2.54,On Time,Traffic,4.0,False,2024-10-13
6638429050,61637,2024-09-18 07:48:35,2024-09-18 07:52:35,4.0,2.71,On Time,Traffic,4.0,False,2024-09-18
4132900691,91813,2024-09-11 01:04:34,2024-09-11 01:11:34,7.0,1.32,Slightly Delayed,Traffic,7.0,False,2024-09-11
2119346062,62669,2023-07-03 12:58:21,2023-07-03 12:54:21,-4.0,4.14,On Time,,-4.0,True,2023-07-03
689310626,42464,2024-10-01 13:23:45,2024-10-01 13:37:45,14.0,2.08,Slightly Delayed,Traffic,14.0,False,2024-10-01
9246993674,40297,2023-11-10 03:53:03,2023-11-10 04:06:03,13.0,2.21,Slightly Delayed,Traffic,13.0,False,2023-11-10
2282234185,5912,2024-07-14 05:55:34,2024-07-14 05:52:34,-3.0,3.74,On Time,,-3.0,True,2024-07-14
9697170386,88029,2024-10-07 10:42:41,2024-10-07 10:37:41,-5.0,1.72,On Time,,-5.0,True,2024-10-07
6376147802,83140,2024-07-16 21:37:19,2024-07-16 21:51:19,14.0,4.03,Slightly Delayed,Traffic,14.0,False,2024-07-16
7415158732,7676,2024-01-05 20:15:50,2024-01-05 20:32:50,17.0,1.24,Significantly Delayed,Traffic,17.0,False,2024-01-05
343300311,90807,2024-08-04 01:37:23,2024-08-04 01:43:23,6.0,1.36,Slightly Delayed,Traffic,6.0,False,2024-08-04
3922539531,92783,2024-09-24 15:54:04,2024-09-24 15:54:04,0.0,4.28,On Time,,0.0,True,2024-09-24
7634516705,57257,2023-10-15 14:56:27,2023-10-15 15:01:27,5.0,2.98,On Time,Traffic,5.0,False,2023-10-15
8731122718,86271,2023-04-23 05:56:37,2023-04-23 06:09:37,13.0,2.48,Slightly Delayed,Traffic,13.0,False,2023-04-23
9471236505,81145,2024-10-05 11:12:10,2024-10-05 11:35:10,23.0,2.33,Significantly Delayed,Traffic,23.0,False,2024-10-05
9497014025,52244,2024-11-03 05:01:42,2024-11-03 05:14:42,13.0,3.85,Slightly Delayed,Traffic,13.0,False,2024-11-03
592358946,90258,2024-08-22 02:14:12,2024-08-22 02:17:12,3.0,1.19,On Time,Traffic,3.0,False,2024-08-22
9680783354,42017,2023-04-09 02:11:19,2023-04-09 02:11:19,0.0,4.59,On Time,,0.0,True,2023-04-09
6109792602,97828,2023-09-13 02:16:51,2023-09-13 02:19:51,3.0,4.67,On Time,Traffic,3.0,False,2023-09-13
2734817654,46050,2023-04-12 09:51:01,2023-04-12 09:48:01,-3.0,4.64,On Time,,-3.0,True,2023-04-12
6380542008,77591,2023-06-08 17:49:20,2023-06-08 17:48:20,-1.0,0.77,On Time,,-1.0,True,2023-06-08
4784760589,86412,2024-03-21 04:17:41,2024-03-21 04:14:41,-3.0,1.71,On Time,,-3.0,True,2024-03-21
1577703194,52523,2024-04-28 02:48:49,2024-04-28 02:46:49,-2.0,1.23,On Time,,-2.0,True,2024-04-28
6758737749,51417,2023-10-26 02:05:58,2023-10-26 02:08:58,3.0,1.95,On Time,Traffic,3.0,False,2023-10-26
4081640450,87928,2024-03-16 17:16:58,2024-03-16 17:20:58,4.0,1.33,On Time,Traffic,4.0,False,2024-03-16
9258266990,96885,2024-03-31 08:05:47,2024-03-31 08:05:47,0.0,1.45,On Time,,0.0,True,2024-03-31
2109410707,13085,2024-08-07 20:27:41,2024-08-07 20:27:41,0.0,2.08,On Time,,0.0,True,2024-08-07
576022547,66178,2024-04-07 06:09:50,2024-04-07 06:05:50,-4.0,1.09,On Time,,-4.0,True,2024-04-07
2106943908,33162,2024-01-28 17:03:04,2024-01-28 17:00:04,-3.0,0.78,On Time,,-3.0,True,2024-01-28
6541281594,45396,2023-11-18 10:43:04,2023-11-18 10:53:04,10.0,1.75,Slightly Delayed,Traffic,10.0,False,2023-11-18
2664220988,78144,2023-05-05 20:38:41,2023-05-05 20:39:41,1.0,3.01,On Time,Traffic,1.0,False,2023-05-05
493514666,5754,2023-11-20 23:17:29,2023-11-20 23:23:29,6.0,2.94,Slightly Delayed,Traffic,6.0,False,2023-11-20
9658669384,38162,2023-09-06 21:41:00,2023-09-06 21:37:00,-4.0,2.18,On Time,,-4.0,True,2023-09-06
8765283513,3995,2024-02-23 20:18:21,2024-02-23 20:42:21,24.0,1.96,Significantly Delayed,Traffic,24.0,False,2024-02-23
6421427812,72973,2023-10-05 01:33:20,2023-10-05 01:36:20,3.0,2.27,On Time,Traffic,3.0,False,2023-10-05
4467093205,61809,2023-10-24 12:49:26,2023-10-24 12:50:26,1.0,3.55,On Time,Traffic,1.0,False,2023-10-24
7560862152,91464,2023-04-15 09:05:53,2023-04-15 09:07:53,2.0,4.12,On Time,Traffic,2.0,False,2023-04-15
8218080678,47082,2024-05-04 19:10:03,2024-05-04 19:40:03,30.0,3.39,Significantly Delayed,Traffic,30.0,False,2024-05-04
8196173573,50964,2024-07-17 18:36:30,2024-07-17 18:53:30,17.0,4.9,Significantly Delayed,Traffic,17.0,False,2024-07-17
1174856327,32165,2024-06-16 21:39:53,2024-06-16 21:49:53,10.0,2.72,Slightly Delayed,Traffic,10.0,False,2024-06-16
9754365788,65577,2023-12-02 21:45:02,2023-12-02 21:49:02,4.0,2.02,On Time,Traffic,4.0,False,2023-12-02
8398774908,61857,2024-02-26 19:54:25,2024-02-26 19:58:25,4.0,2.08,On Time,Traffic,4.0,False,2024-02-26
626433439,35365,2024-02-17 23:47:34,2024-02-17 23:45:34,-2.0,2.41,On Time,,-2.0,True,2024-02-17
3097299525,3839,2023-10-12 15:41:57,2023-10-12 15:42:57,1.0,2.93,On Time,Traffic,1.0,False,2023-10-12
5367488413,40803,2023-12-12 05:08:42,2023-12-12 05:09:42,1.0,2.75,On Time,Traffic,1.0,False,2023-12-12
3700795655,72145,2023-06-10 18:47:56,2023-06-10 18:46:56,-1.0,4.27,On Time,,-1.0,True,2023-06-10
3161904185,8553,2024-01-13 14:36:11,2024-01-13 14:37:11,1.0,3.18,On Time,Traffic,1.0,False,2024-01-13
8149944548,18686,2024-07-24 23:24:04,2024-07-24 23:29:04,5.0,0.86,On Time,Traffic,5.0,False,2024-07-24
4961830447,18510,2024-09-06 01:50:17,2024-09-06 01:55:17,5.0,4.91,On Time,Traffic,5.0,False,2024-09-06
613578154,76149,2024-08-03 05:02:31,2024-08-03 05:15:31,13.0,1.45,Slightly Delayed,Traffic,13.0,False,2024-08-03
2582466700,73868,2024-09-10 16:25:12,2024-09-10 16:32:12,7.0,1.43,Slightly Delayed,Traffic,7.0,False,2024-09-10
3840910839,90827,2023-09-10 20:11:37,2023-09-10 20:24:37,13.0,0.84,Slightly Delayed,Traffic,13.0,False,2023-09-10
399559401,54586,2023-11-01 19:35:58,2023-11-01 20:02:58,27.0,1.28,Significantly Delayed,Traffic,27.0,False,2023-11-01
4037817241,21197,2023-12-19 14:00:46,2023-12-19 14:09:46,9.0,0.67,Slightly Delayed,Traffic,9.0,False,2023-12-19
582598096,7481,2023-10-27 23:25:55,2023-10-27 23:26:55,1.0,1.81,On Time,Traffic,1.0,False,2023-10-27
9218060399,64460,2024-10-25 08:46:30,2024-10-25 08:45:30,-1.0,2.45,On Time,,-1.0,True,2024-10-25
6650174202,54603,2023-07-10 03:41:39,2023-07-10 03:38:39,-3.0,3.13,On Time,,-3.0,True,2023-07-10
2715902884,79144,2024-08-27 03:46:14,2024-08-27 03:41:14,-5.0,4.67,On Time,,-5.0,True,2024-08-27
7957986242,27358,2023-12-10 10:58:31,2023-12-10 10:59:31,1.0,1.85,On Time,Traffic,1.0,False,2023-12-10
7148568995,72059,2023-04-06 07:55:41,2023-04-06 08:15:41,20.0,2.26,Significantly Delayed,Traffic,20.0,False,2023-04-06
670358911,46172,2023-12-21 10:20:05,2023-12-21 10:16:05,-4.0,4.97,On Time,,-4.0,True,2023-12-21
6098277214,79553,2023-03-22 13:53:16,2023-03-22 13:51:16,-2.0,2.7,On Time,,-2.0,True,2023-03-22
4621664126,26442,2024-07-17 12:25:28,2024-07-17 12:37:28,12.0,1.77,Slightly Delayed,Traffic,12.0,False,2024-07-17
6336460663,67600,2023-08-28 07:00:04,2023-08-28 07:10:04,10.0,1.81,Slightly Delayed,Traffic,10.0,False,2023-08-28
909027635,26723,2023-06-24 20:53:32,2023-06-24 21:12:32,19.0,1.0,Significantly Delayed,Traffic,19.0,False,2023-06-24
2854202683,32711,2023-10-18 18:19:41,2023-10-18 18:27:41,8.0,1.33,Slightly Delayed,Traffic,8.0,False,2023-10-18
7936387697,66425,2023-03-29 00:44:50,2023-03-29 00:46:50,2.0,4.8,On Time,Traffic,2.0,False,2023-03-29
8337736091,43777,2024-04-04 00:52:20,2024-04-04 00:56:20,4.0,1.67,On Time,Traffic,4.0,False,2024-04-04
4404350734,84786,2024-01-16 17:03:01,2024-01-16 17:27:01,24.0,2.04,Significantly Delayed,Traffic,24.0,False,2024-01-16
6565246127,95850,2024-05-18 16:17:10,2024-05-18 16:14:10,-3.0,3.42,On Time,,-3.0,True,2024-05-18
3494650073,39392,2024-03-03 22:21:45,2024-03-03 22:20:45,-1.0,3.6,On Time,,-1.0,True,2024-03-03
1920923798,52231,2024-05-01 07:58:34,2024-05-01 07:53:34,-5.0,1.59,On Time,,-5.0,True,2024-05-01
5069524975,36149,2024-07-24 01:31:16,2024-07-24 01:36:16,5.0,3.11,On Time,Traffic,5.0,False,2024-07-24
3873368520,38324,2023-10-04 08:34:42,2023-10-04 08:32:42,-2.0,3.89,On Time,,-2.0,True,2023-10-04
3111414152,60058,2024-08-01 07:29:37,2024-08-01 07:27:37,-2.0,1.11,On Time,,-2.0,True,2024-08-01
7104489974,69094,2023-06-28 22:12:05,2023-06-28 22:10:05,-2.0,2.74,On Time,,-2.0,True,2023-06-28
3211566084,63791,2024-02-24 14:21:37,2024-02-24 14:18:37,-3.0,4.68,On Time,,-3.0,True,2024-02-24
2416717644,50707,2023-09-12 18:41:43,2023-09-12 18:47:43,6.0,0.62,Slightly Delayed,Traffic,6.0,False,2023-09-12
4535670244,93707,2024-05-17 08:20:08,2024-05-17 08:15:08,-5.0,3.4,On Time,,-5.0,True,2024-05-17
7309958460,96501,2024-01-20 03:08:17,2024-01-20 03:22:17,14.0,2.26,Slightly Delayed,Traffic,14.0,False,2024-01-20
9996182478,48495,2023-04-18 13:30:06,2023-04-18 13:30:06,0.0,2.97,On Time,,0.0,True,2023-04-18
2231942521,62672,2023-12-24 02:43:15,2023-12-24 03:09:15,26.0,3.8,Significantly Delayed,Traffic,26.0,False,2023-12-24
554028972,2944,2023-09-26 08:00:32,2023-09-26 08:04:32,4.0,1.92,On Time,Traffic,4.0,False,2023-09-26
8756001290,69588,2023-05-06 17:54:11,2023-05-06 17:49:11,-5.0,2.89,On Time,,-5.0,True,2023-05-06
8047899303,48899,2023-09-28 02:00:21,2023-09-28 02:00:21,0.0,0.93,On Time,,0.0,True,2023-09-28
9720683332,95640,2024-06-23 20:36:46,2024-06-23 20:33:46,-3.0,3.3,On Time,,-3.0,True,2024-06-23
218670241,92976,2023-06-07 03:38:10,2023-06-07 03:54:10,16.0,2.41,Significantly Delayed,Traffic,16.0,False,2023-06-07
1382880255,88383,2024-08-11 13:43:47,2024-08-11 13:48:47,5.0,1.55,On Time,Traffic,5.0,False,2024-08-11
332975964,69991,2023-09-21 01:52:40,2023-09-21 02:11:40,19.0,1.97,Significantly Delayed,Traffic,19.0,False,2023-09-21
2638683222,3648,2024-10-30 05:38:47,2024-10-30 05:43:47,5.0,2.25,On Time,Traffic,5.0,False,2024-10-30
9150146711,30271,2024-04-29 18:35:35,2024-04-29 18:40:35,5.0,3.51,On Time,Traffic,5.0,False,2024-04-29
1553626879,72392,2024-10-26 14:49:25,2024-10-26 14:54:25,5.0,3.17,On Time,Traffic,5.0,False,2024-10-26
9271384187,70464,2023-11-28 03:42:12,2023-11-28 03:47:12,5.0,0.94,On Time,Traffic,5.0,False,2023-11-28
1409544327,69320,2024-07-13 16:34:13,2024-07-13 16:39:13,5.0,1.17,On Time,Traffic,5.0,False,2024-07-13
637100019,76292,2023-10-23 18:34:24,2023-10-23 18:36:24,2.0,3.09,On Time,Traffic,2.0,False,2023-10-23
186083059,1807,2024-07-01 20:32:07,2024-07-01 20:36:07,4.0,0.69,On Time,Traffic,4.0,False,2024-07-01
1804073530,59672,2024-06-19 17:43:06,2024-06-19 17:41:06,-2.0,1.8,On Time,,-2.0,True,2024-06-19
5291430311,95600,2023-10-19 19:14:56,2023-10-19 19:41:56,27.0,4.04,Significantly Delayed,Traffic,27.0,False,2023-10-19
6947225582,86451,2024-04-03 08:58:01,2024-04-03 08:55:01,-3.0,3.75,On Time,,-3.0,True,2024-04-03
5710643134,8691,2023-04-16 17:16:10,2023-04-16 17:44:10,28.0,1.71,Significantly Delayed,Traffic,28.0,False,2023-04-16
8329733630,11186,2024-03-04 04:04:58,2024-03-04 04:11:58,7.0,1.17,Slightly Delayed,Traffic,7.0,False,2024-03-04
6772651293,56773,2023-12-15 18:50:13,2023-12-15 18:51:13,1.0,0.79,On Time,Traffic,1.0,False,2023-12-15
581212790,48586,2024-06-29 09:03:32,2024-06-29 09:11:32,8.0,1.5,Slightly Delayed,Traffic,8.0,False,2024-06-29
4766571706,97889,2023-05-05 18:00:23,2023-05-05 18:11:23,11.0,4.87,Slightly Delayed,Traffic,11.0,False,2023-05-05
9961298199,21653,2023-11-27 06:33:52,2023-11-27 06:29:52,-4.0,3.91,On Time,,-4.0,True,2023-11-27
8102675591,88871,2024-02-03 23:00:53,2024-02-03 23:13:53,13.0,2.96,Slightly Delayed,Traffic,13.0,False,2024-02-03
604050223,19260,2024-04-18 08:23:01,2024-04-18 08:22:01,-1.0,3.69,On Time,,-1.0,True,2024-04-18
782327552,96347,2023-07-07 20:10:54,2023-07-07 20:12:54,2.0,4.95,On Time,Traffic,2.0,False,2023-07-07
6156638188,69037,2023-03-17 05:15:05,2023-03-17 05:22:05,7.0,1.47,Slightly Delayed,Traffic,7.0,False,2023-03-17
6475299855,18820,2023-10-13 22:19:45,2023-10-13 22:24:45,5.0,3.43,On Time,Traffic,5.0,False,2023-10-13
689110145,22197,2023-05-03 06:56:48,2023-05-03 07:17:48,21.0,1.81,Significantly Delayed,Traffic,21.0,False,2023-05-03
2785467351,17432,2024-05-12 13:36:57,2024-05-12 13:51:57,15.0,1.46,Slightly Delayed,Traffic,15.0,False,2024-05-12
7188270379,55032,2024-04-15 06:30:27,2024-04-15 06:36:27,6.0,1.56,Slightly Delayed,Traffic,6.0,False,2024-04-15
9209192342,23219,2024-03-05 07:06:05,2024-03-05 07:16:05,10.0,3.05,Slightly Delayed,Traffic,10.0,False,2024-03-05
3193016310,11489,2023-12-02 05:29:03,2023-12-02 05:50:03,21.0,1.65,Significantly Delayed,Traffic,21.0,False,2023-12-02
9743228131,82266,2024-07-09 08:58:54,2024-07-09 08:59:54,1.0,1.98,On Time,Traffic,1.0,False,2024-07-09
4417542973,38726,2024-08-23 12:11:24,2024-08-23 12:11:24,0.0,2.35,On Time,,0.0,True,2024-08-23
3065857200,21536,2024-06-26 02:54:03,2024-06-26 02:57:03,3.0,3.64,On Time,Traffic,3.0,False,2024-06-26
6994732191,25109,2023-07-24 11:37:55,2023-07-24 11:47:55,10.0,3.02,Slightly Delayed,Traffic,10.0,False,2023-07-24
7663189769,50493,2023-08-01 12:55:29,2023-08-01 13:18:29,23.0,1.4,Significantly Delayed,Traffic,23.0,False,2023-08-01
5012619147,9915,2023-05-03 10:21:16,2023-05-03 10:50:16,29.0,1.55,Significantly Delayed,Traffic,29.0,False,2023-05-03
7456088789,72015,2023-04-09 00:16:59,2023-04-09 00:21:59,5.0,2.87,On Time,Traffic,5.0,False,2023-04-09
3270559373,81866,2023-03-19 13:45:27,2023-03-19 13:51:27,6.0,1.43,Slightly Delayed,Traffic,6.0,False,2023-03-19
4703798183,75874,2023-12-23 07:05:16,2023-12-23 07:15:16,10.0,0.96,Slightly Delayed,Traffic,10.0,False,2023-12-23
3968840556,31983,2024-09-09 22:22:16,2024-09-09 22:27:16,5.0,4.67,On Time,Traffic,5.0,False,2024-09-09
2331647373,34574,2023-08-11 06:41:20,2023-08-11 06:46:20,5.0,1.58,On Time,Traffic,5.0,False,2023-08-11
6683347454,86987,2023-05-25 15:38:36,2023-05-25 15:48:36,10.0,4.09,Slightly Delayed,Traffic,10.0,False,2023-05-25
5710259220,87697,2023-04-15 15:46:40,2023-04-15 15:50:40,4.0,1.2,On Time,Traffic,4.0,False,2023-04-15
9871546057,951,2024-05-12 03:54:53,2024-05-12 03:50:53,-4.0,4.12,On Time,,-4.0,True,2024-05-12
5459704311,54075,2023-12-01 10:50:33,2023-12-01 10:53:33,3.0,1.83,On Time,Traffic,3.0,False,2023-12-01
3426702134,4336,2024-08-23 09:12:45,2024-08-23 09:22:45,10.0,3.18,Slightly Delayed,Traffic,10.0,False,2024-08-23
7671357353,73213,2024-02-18 16:52:29,2024-02-18 16:49:29,-3.0,2.85,On Time,,-3.0,True,2024-02-18
9656230693,63639,2023-04-16 08:35:43,2023-04-16 08:47:43,12.0,1.51,Slightly Delayed,Traffic,12.0,False,2023-04-16
3315369956,34924,2023-04-21 08:02:03,2023-04-21 08:09:03,7.0,4.85,Slightly Delayed,Traffic,7.0,False,2023-04-21
1762287720,15003,2024-08-30 07:27:06,2024-08-30 07:28:06,1.0,3.28,On Time,Traffic,1.0,False,2024-08-30
4816206081,12801,2023-05-12 14:27:49,2023-05-12 14:32:49,5.0,3.41,On Time,Traffic,5.0,False,2023-05-12
2808133351,70241,2023-12-03 11:27:33,2023-12-03 11:27:33,0.0,4.26,On Time,,0.0,True,2023-12-03
3444569396,74223,2024-09-25 19:31:11,2024-09-25 19:27:11,-4.0,1.28,On Time,,-4.0,True,2024-09-25
9704671447,83778,2023-12-05 22:56:34,2023-12-05 22:57:34,1.0,1.25,On Time,Traffic,1.0,False,2023-12-05
6454001692,28635,2023-09-09 17:30:08,2023-09-09 17:42:08,12.0,1.8,Slightly Delayed,Traffic,12.0,False,2023-09-09
2624508626,32652,2024-02-28 00:27:59,2024-02-28 00:24:59,-3.0,3.0,On Time,,-3.0,True,2024-02-28
932273820,48216,2024-05-06 02:16:58,2024-05-06 02:21:58,5.0,4.92,On Time,Traffic,5.0,False,2024-05-06
7908614088,80984,2023-05-14 16:02:09,2023-05-14 16:16:09,14.0,2.89,Slightly Delayed,Traffic,14.0,False,2023-05-14
9730765358,93026,2023-08-20 21:58:23,2023-08-20 21:57:23,-1.0,0.52,On Time,,-1.0,True,2023-08-20
4748284156,77950,2023-09-18 20:27:02,2023-09-18 20:25:02,-2.0,2.88,On Time,,-2.0,True,2023-09-18
1829286278,39836,2023-09-27 17:32:16,2023-09-27 17:34:16,2.0,1.89,On Time,Traffic,2.0,False,2023-09-27
3180415318,34284,2024-07-07 05:16:55,2024-07-07 05:43:55,27.0,4.65,Significantly Delayed,Traffic,27.0,False,2024-07-07
1008158736,26508,2024-06-10 15:14:16,2024-06-10 15:23:16,9.0,3.48,Slightly Delayed,Traffic,9.0,False,2024-06-10
5092816701,43823,2024-06-03 19:22:02,2024-06-03 19:52:02,30.0,3.66,Significantly Delayed,Traffic,30.0,False,2024-06-03
4339850858,53728,2023-10-25 22:34:54,2023-10-25 22:50:54,16.0,2.16,Significantly Delayed,Traffic,16.0,False,2023-10-25
1564040362,80698,2023-08-01 12:08:52,2023-08-01 12:05:52,-3.0,1.46,On Time,,-3.0,True,2023-08-01
4856827800,4610,2024-08-20 03:33:58,2024-08-20 03:30:58,-3.0,4.24,On Time,,-3.0,True,2024-08-20
2465711187,94564,2023-03-30 11:08:02,2023-03-30 11:03:02,-5.0,3.36,On Time,,-5.0,True,2023-03-30
7741314063,35348,2024-09-13 19:34:00,2024-09-13 19:36:00,2.0,1.53,On Time,Traffic,2.0,False,2024-09-13
6973696848,32179,2023-04-23 16:07:37,2023-04-23 16:16:37,9.0,4.18,Slightly Delayed,Traffic,9.0,False,2023-04-23
443178123,38965,2024-08-29 01:09:24,2024-08-29 01:15:24,6.0,2.37,Slightly Delayed,Traffic,6.0,False,2024-08-29
2155491764,72093,2024-08-29 01:31:55,2024-08-29 01:26:55,-5.0,0.85,On Time,,-5.0,True,2024-08-29
282887897,79472,2023-09-19 23:36:12,2023-09-19 23:32:12,-4.0,4.01,On Time,,-4.0,True,2023-09-19
1014190951,80162,2023-04-25 16:19:01,2023-04-25 16:14:01,-5.0,1.47,On Time,,-5.0,True,2023-04-25
4632027192,6632,2024-07-09 02:59:22,2024-07-09 02:58:22,-1.0,1.36,On Time,,-1.0,True,2024-07-09
9196809062,2987,2024-05-19 03:16:20,2024-05-19 03:31:20,15.0,3.59,Slightly Delayed,Traffic,15.0,False,2024-05-19
3802671506,38523,2023-07-30 08:04:28,2023-07-30 08:04:28,0.0,4.5,On Time,,0.0,True,2023-07-30
931138604,69770,2023-08-24 16:28:57,2023-08-24 16:24:57,-4.0,2.66,On Time,,-4.0,True,2023-08-24
6507222211,20296,2024-01-15 07:14:51,2024-01-15 07:25:51,11.0,2.42,Slightly Delayed,Traffic,11.0,False,2024-01-15
9091185978,28584,2023-07-22 09:08:30,2023-07-22 09:08:30,0.0,2.2,On Time,,0.0,True,2023-07-22
6314310505,98855,2024-02-16 04:46:10,2024-02-16 04:47:10,1.0,1.39,On Time,Traffic,1.0,False,2024-02-16
2711467206,63249,2023-04-07 01:03:13,2023-04-07 00:58:13,-5.0,1.81,On Time,,-5.0,True,2023-04-07
1359318731,34201,2024-08-27 22:52:25,2024-08-27 22:47:25,-5.0,3.4,On Time,,-5.0,True,2024-08-27
4521042050,40126,2024-04-25 08:14:21,2024-04-25 08:17:21,3.0,0.6,On Time,Traffic,3.0,False,2024-04-25
1317016672,11412,2024-09-21 00:03:52,2024-09-21 00:07:52,4.0,1.51,On Time,Traffic,4.0,False,2024-09-21
7624598493,36089,2024-04-18 07:02:36,2024-04-18 07:09:36,7.0,0.6,Slightly Delayed,Traffic,7.0,False,2024-04-18
1753431230,42674,2024-03-24 13:56:38,2024-03-24 13:51:38,-5.0,1.3,On Time,,-5.0,True,2024-03-24
8650539199,73657,2023-12-04 05:25:17,2023-12-04 05:37:17,12.0,3.16,Slightly Delayed,Traffic,12.0,False,2023-12-04
3276478503,41400,2024-04-03 14:39:23,2024-04-03 14:36:23,-3.0,2.75,On Time,,-3.0,True,2024-04-03
5080943123,27168,2023-09-21 14:01:13,2023-09-21 14:22:13,21.0,0.6,Significantly Delayed,Traffic,21.0,False,2023-09-21
6158083683,76731,2024-03-08 17:37:17,2024-03-08 17:42:17,5.0,0.51,On Time,Traffic,5.0,False,2024-03-08
9228072842,20581,2023-07-25 06:21:17,2023-07-25 06:26:17,5.0,4.76,On Time,Traffic,5.0,False,2023-07-25
4028432722,66007,2024-05-21 18:01:24,2024-05-21 18:06:24,5.0,1.91,On Time,Traffic,5.0,False,2024-05-21
3679730192,55300,2023-07-05 14:40:32,2023-07-05 14:35:32,-5.0,1.93,On Time,,-5.0,True,2023-07-05
71793937,63892,2024-04-21 00:02:39,2024-04-21 00:00:39,-2.0,4.33,On Time,,-2.0,True,2024-04-21
47467466,60202,2023-09-05 17:04:11,2023-09-05 17:02:11,-2.0,3.41,On Time,,-2.0,True,2023-09-05
4538136436,80929,2023-05-23 03:40:54,2023-05-23 03:45:54,5.0,2.61,On Time,Traffic,5.0,False,2023-05-23
8750169461,88001,2024-09-07 06:54:34,2024-09-07 06:55:34,1.0,2.69,On Time,Traffic,1.0,False,2024-09-07
9371021811,82734,2024-10-24 11:57:31,2024-10-24 11:55:31,-2.0,4.52,On Time,,-2.0,True,2024-10-24
679274212,12916,2024-10-19 19:26:22,2024-10-19 19:21:22,-5.0,0.52,On Time,,-5.0,True,2024-10-19
6601671674,5103,2023-07-09 06:35:00,2023-07-09 06:48:00,13.0,4.33,Slightly Delayed,Traffic,13.0,False,2023-07-09
2708441500,11379,2024-01-12 21:21:00,2024-01-12 21:17:00,-4.0,3.47,On Time,,-4.0,True,2024-01-12
9548480220,11612,2023-09-08 12:30:28,2023-09-08 12:33:28,3.0,4.19,On Time,Traffic,3.0,False,2023-09-08
5440864021,56201,2023-09-15 07:52:04,2023-09-15 07:51:04,-1.0,3.98,On Time,,-1.0,True,2023-09-15
5705224767,50670,2023-06-02 17:52:56,2023-06-02 17:48:56,-4.0,4.49,On Time,,-4.0,True,2023-06-02
9945458771,10844,2024-08-27 15:16:31,2024-08-27 15:26:31,10.0,4.17,Slightly Delayed,Traffic,10.0,False,2024-08-27
336832815,23603,2023-12-09 04:27:59,2023-12-09 04:38:59,11.0,0.86,Slightly Delayed,Traffic,11.0,False,2023-12-09
9543126726,42216,2024-05-01 12:22:22,2024-05-01 12:34:22,12.0,2.35,Slightly Delayed,Traffic,12.0,False,2024-05-01
5134666123,72594,2024-05-02 13:48:58,2024-05-02 13:49:58,1.0,3.83,On Time,Traffic,1.0,False,2024-05-02
5663657880,79020,2024-05-06 11:35:40,2024-05-06 11:59:40,24.0,0.55,Significantly Delayed,Traffic,24.0,False,2024-05-06
5352647396,6854,2023-10-11 21:02:36,2023-10-11 21:00:36,-2.0,2.2,On Time,,-2.0,True,2023-10-11
7995172779,62870,2023-06-15 14:02:44,2023-06-15 14:15:44,13.0,3.36,Slightly Delayed,Traffic,13.0,False,2023-06-15
605779703,68537,2024-03-07 23:19:42,2024-03-07 23:16:42,-3.0,4.55,On Time,,-3.0,True,2024-03-07
685688121,32044,2023-10-27 01:17:25,2023-10-27 01:34:25,17.0,3.89,Significantly Delayed,Traffic,17.0,False,2023-10-27
5966726971,51902,2023-09-06 18:16:18,2023-09-06 18:21:18,5.0,0.96,On Time,Traffic,5.0,False,2023-09-06
6763510083,95417,2023-06-07 10:41:39,2023-06-07 10:36:39,-5.0,2.49,On Time,,-5.0,True,2023-06-07
6735813139,58945,2023-04-04 01:25:06,2023-04-04 01:21:06,-4.0,3.18,On Time,,-4.0,True,2023-04-04
8361205778,55780,2023-06-20 08:52:50,2023-06-20 08:50:50,-2.0,2.81,On Time,,-2.0,True,2023-06-20
3640952655,15926,2023-06-01 16:48:24,2023-06-01 17:02:24,14.0,1.05,Slightly Delayed,Traffic,14.0,False,2023-06-01
6395279829,18102,2023-10-26 05:09:56,2023-10-26 05:08:56,-1.0,2.65,On Time,,-1.0,True,2023-10-26
339410846,93237,2023-05-06 15:50:15,2023-05-06 15:45:15,-5.0,3.55,On Time,,-5.0,True,2023-05-06
8924056486,20522,2024-04-08 00:59:25,2024-04-08 01:24:25,25.0,1.23,Significantly Delayed,Traffic,25.0,False,2024-04-08
6616322616,53617,2023-12-03 11:05:35,2023-12-03 11:09:35,4.0,3.33,On Time,Traffic,4.0,False,2023-12-03
4178578583,76083,2024-09-29 05:39:08,2024-09-29 05:39:08,0.0,1.37,On Time,,0.0,True,2024-09-29
7558107764,2704,2024-03-13 22:16:27,2024-03-13 22:14:27,-2.0,3.73,On Time,,-2.0,True,2024-03-13
7894708851,97823,2024-04-12 01:49:57,2024-04-12 01:47:57,-2.0,1.18,On Time,,-2.0,True,2024-04-12
1916638346,35010,2023-06-28 17:40:05,2023-06-28 17:52:05,12.0,1.96,Slightly Delayed,Traffic,12.0,False,2023-06-28
4973943462,40489,2024-10-29 18:36:37,2024-10-29 18:56:37,20.0,1.7,Significantly Delayed,Traffic,20.0,False,2024-10-29
6567129123,43806,2023-09-09 12:54:26,2023-09-09 12:59:26,5.0,4.66,On Time,Traffic,5.0,False,2023-09-09
8702642032,48604,2023-08-22 20:31:04,2023-08-22 20:34:04,3.0,4.57,On Time,Traffic,3.0,False,2023-08-22
7857954356,79173,2024-01-20 19:08:03,2024-01-20 19:04:03,-4.0,1.51,On Time,,-4.0,True,2024-01-20
5376218500,38067,2023-11-16 16:00:17,2023-11-16 16:09:17,9.0,3.84,Slightly Delayed,Traffic,9.0,False,2023-11-16
3452449295,48310,2023-10-09 06:54:23,2023-10-09 06:55:23,1.0,3.74,On Time,Traffic,1.0,False,2023-10-09
1694826296,15133,2023-05-09 19:49:29,2023-05-09 19:47:29,-2.0,1.67,On Time,,-2.0,True,2023-05-09
9449954611,64018,2023-08-12 07:34:03,2023-08-12 07:41:03,7.0,3.51,Slightly Delayed,Traffic,7.0,False,2023-08-12
7722059222,59534,2023-11-16 23:21:52,2023-11-16 23:36:52,15.0,3.4,Slightly Delayed,Traffic,15.0,False,2023-11-16
2871448124,59357,2024-05-28 06:00:27,2024-05-28 06:04:27,4.0,1.16,On Time,Traffic,4.0,False,2024-05-28
4158839033,26464,2024-09-22 12:29:30,2024-09-22 12:30:30,1.0,2.28,On Time,Traffic,1.0,False,2024-09-22
9936118648,91322,2024-03-04 18:58:25,2024-03-04 19:07:25,9.0,1.69,Slightly Delayed,Traffic,9.0,False,2024-03-04
6804747901,71158,2024-01-31 03:01:25,2024-01-31 03:04:25,3.0,1.43,On Time,Traffic,3.0,False,2024-01-31
7579444448,96702,2024-06-06 16:20:20,2024-06-06 16:22:20,2.0,1.09,On Time,Traffic,2.0,False,2024-06-06
4379043082,29561,2023-05-12 04:45:08,2023-05-12 04:45:08,0.0,4.05,On Time,,0.0,True,2023-05-12
4212894712,52325,2024-06-09 15:04:20,2024-06-09 15:06:20,2.0,2.25,On Time,Traffic,2.0,False,2024-06-09
7962511808,33403,2024-02-11 10:32:16,2024-02-11 10:35:16,3.0,2.74,On Time,Traffic,3.0,False,2024-02-11
6478815087,73936,2024-07-18 08:13:45,2024-07-18 08:10:45,-3.0,4.68,On Time,,-3.0,True,2024-07-18
6239166986,89070,2024-05-23 06:41:35,2024-05-23 06:49:35,8.0,4.44,Slightly Delayed,Traffic,8.0,False,2024-05-23
9894863460,10817,2023-03-25 08:51:29,2023-03-25 08:48:29,-3.0,1.31,On Time,,-3.0,True,2023-03-25
2982638677,30985,2024-01-13 17:36:15,2024-01-13 17:34:15,-2.0,2.75,On Time,,-2.0,True,2024-01-13
3284797515,76320,2024-09-10 04:07:34,2024-09-10 04:20:34,13.0,1.32,Slightly Delayed,Traffic,13.0,False,2024-09-10
8895501673,50064,2023-07-11 17:19:37,2023-07-11 17:20:37,1.0,0.95,On Time,Traffic,1.0,False,2023-07-11
914992221,77449,2023-07-27 04:37:11,2023-07-27 04:41:11,4.0,2.53,On Time,Traffic,4.0,False,2023-07-27
2067729457,15319,2023-09-23 01:48:46,2023-09-23 01:47:46,-1.0,4.67,On Time,,-1.0,True,2023-09-23
5389250154,78231,2024-09-15 02:55:25,2024-09-15 02:51:25,-4.0,4.04,On Time,,-4.0,True,2024-09-15
4352973016,33825,2024-10-07 09:07:35,2024-10-07 09:36:35,29.0,4.36,Significantly Delayed,Traffic,29.0,False,2024-10-07
7667555396,33288,2024-02-03 11:54:39,2024-02-03 12:09:39,15.0,4.42,Slightly Delayed,Traffic,15.0,False,2024-02-03
168804744,16671,2023-10-28 07:34:34,2023-10-28 07:34:34,0.0,1.5,On Time,,0.0,True,2023-10-28
854218304,13622,2023-11-04 06:40:07,2023-11-04 06:37:07,-3.0,0.86,On Time,,-3.0,True,2023-11-04
2616618240,89491,2024-03-14 00:56:30,2024-03-14 00:57:30,1.0,1.43,On Time,Traffic,1.0,False,2024-03-14
8891144024,45152,2023-04-06 20:53:40,2023-04-06 20:57:40,4.0,4.79,On Time,Traffic,4.0,False,2023-04-06
4606856320,35528,2024-08-03 07:33:35,2024-08-03 07:35:35,2.0,0.74,On Time,Traffic,2.0,False,2024-08-03
1876194333,56344,2024-03-27 08:49:09,2024-03-27 08:51:09,2.0,1.2,On Time,Traffic,2.0,False,2024-03-27
1471186096,80106,2023-11-21 02:24:26,2023-11-21 02:39:26,15.0,3.78,Slightly Delayed,Traffic,15.0,False,2023-11-21
4763556417,49554,2023-04-01 00:54:27,2023-04-01 00:52:27,-2.0,3.35,On Time,,-2.0,True,2023-04-01
5961097387,73762,2023-08-27 04:53:57,2023-08-27 04:53:57,0.0,2.67,On Time,,0.0,True,2023-08-27
1509646137,67798,2024-04-12 17:21:00,2024-04-12 17:30:00,9.0,1.71,Slightly Delayed,Traffic,9.0,False,2024-04-12
7533431274,93471,2023-08-11 15:52:28,2023-08-11 15:52:28,0.0,1.85,On Time,,0.0,True,2023-08-11
3598818329,28683,2023-07-29 03:33:44,2023-07-29 03:34:44,1.0,2.85,On Time,Traffic,1.0,False,2023-07-29
2561337790,43692,2024-10-09 07:13:06,2024-10-09 07:09:06,-4.0,1.0,On Time,,-4.0,True,2024-10-09
2359692348,74057,2024-08-31 00:47:00,2024-08-31 00:51:00,4.0,0.66,On Time,Traffic,4.0,False,2024-08-31
3146098826,29471,2024-06-20 23:21:38,2024-06-20 23:24:38,3.0,3.16,On Time,Traffic,3.0,False,2024-06-20
8638050442,50161,2023-11-16 23:46:41,2023-11-16 23:50:41,4.0,1.43,On Time,Traffic,4.0,False,2023-11-16
1833854180,25656,2023-03-23 07:31:41,2023-03-23 07:56:41,25.0,1.13,Significantly Delayed,Traffic,25.0,False,2023-03-23
5687148136,50176,2023-06-24 00:56:15,2023-06-24 00:57:15,1.0,3.98,On Time,Traffic,1.0,False,2023-06-24
7133253616,76051,2024-08-14 08:26:21,2024-08-14 08:37:21,11.0,2.39,Slightly Delayed,Traffic,11.0,False,2024-08-14
7899569162,31475,2023-08-15 09:06:13,2023-08-15 09:13:13,7.0,1.06,Slightly Delayed,Traffic,7.0,False,2023-08-15
6119637917,65328,2024-06-28 20:59:43,2024-06-28 21:04:43,5.0,3.86,On Time,Traffic,5.0,False,2024-06-28
4924477011,43813,2024-01-13 19:32:13,2024-01-13 19:33:13,1.0,2.57,On Time,Traffic,1.0,False,2024-01-13
577458306,52312,2023-10-03 07:23:04,2023-10-03 07:18:04,-5.0,3.65,On Time,,-5.0,True,2023-10-03
1605287230,24637,2023-08-08 06:52:33,2023-08-08 06:52:33,0.0,1.98,On Time,,0.0,True,2023-08-08
5743074720,88405,2024-02-08 03:26:10,2024-02-08 03:22:10,-4.0,1.24,On Time,,-4.0,True,2024-02-08
1645477578,22284,2023-07-20 08:10:09,2023-07-20 08:05:09,-5.0,0.71,On Time,,-5.0,True,2023-07-20
6231311270,73322,2023-12-07 18:51:58,2023-12-07 19:06:58,15.0,2.36,Slightly Delayed,Traffic,15.0,False,2023-12-07
4629648516,49643,2023-08-21 22:41:49,2023-08-21 22:42:49,1.0,3.88,On Time,Traffic,1.0,False,2023-08-21
2706229594,67428,2024-10-04 08:04:22,2024-10-04 08:01:22,-3.0,2.68,On Time,,-3.0,True,2024-10-04
6814009039,37668,2023-11-03 13:17:48,2023-11-03 13:13:48,-4.0,2.81,On Time,,-4.0,True,2023-11-03
5604135912,99733,2024-08-19 16:31:47,2024-08-19 16:33:47,2.0,4.07,On Time,Traffic,2.0,False,2024-08-19
766789724,52639,2024-08-20 23:47:16,2024-08-20 23:49:16,2.0,4.78,On Time,Traffic,2.0,False,2024-08-20
2727595593,26761,2023-11-17 01:21:45,2023-11-17 01:18:45,-3.0,2.12,On Time,,-3.0,True,2023-11-17
9887978407,37910,2023-07-16 13:15:35,2023-07-16 13:17:35,2.0,3.41,On Time,Traffic,2.0,False,2023-07-16
6825742544,41291,2024-02-04 18:52:53,2024-02-04 18:54:53,2.0,2.29,On Time,Traffic,2.0,False,2024-02-04
7081192087,78479,2023-07-29 10:12:46,2023-07-29 10:20:46,8.0,3.33,Slightly Delayed,Traffic,8.0,False,2023-07-29
3185620074,72222,2023-08-14 15:47:46,2023-08-14 16:02:46,15.0,0.78,Slightly Delayed,Traffic,15.0,False,2023-08-14
7162086351,37358,2023-11-15 01:13:52,2023-11-15 01:09:52,-4.0,4.8,On Time,,-4.0,True,2023-11-15
5504768409,1897,2023-08-07 22:50:10,2023-08-07 23:03:10,13.0,2.52,Slightly Delayed,Traffic,13.0,False,2023-08-07
6721093047,3594,2024-03-10 14:38:58,2024-03-10 14:38:58,0.0,3.41,On Time,,0.0,True,2024-03-10
1134990529,85089,2024-07-24 19:18:49,2024-07-24 19:23:49,5.0,1.03,On Time,Traffic,5.0,False,2024-07-24
4632975114,91950,2023-05-15 17:27:03,2023-05-15 17:32:03,5.0,2.98,On Time,Traffic,5.0,False,2023-05-15
1471897083,98410,2023-12-06 22:08:53,2023-12-06 22:04:53,-4.0,1.87,On Time,,-4.0,True,2023-12-06
6081974624,91286,2024-03-19 20:41:47,2024-03-19 20:39:47,-2.0,3.24,On Time,,-2.0,True,2024-03-19
806680874,50897,2023-11-15 17:16:28,2023-11-15 17:17:28,1.0,4.24,On Time,Traffic,1.0,False,2023-11-15
8213018419,97345,2023-04-10 20:49:03,2023-04-10 21:10:03,21.0,3.04,Significantly Delayed,Traffic,21.0,False,2023-04-10
4610876894,59869,2023-08-14 21:58:48,2023-08-14 21:58:48,0.0,3.28,On Time,,0.0,True,2023-08-14
9116180240,31849,2023-05-23 18:34:19,2023-05-23 18:36:19,2.0,0.76,On Time,Traffic,2.0,False,2023-05-23
8916648395,76482,2023-07-15 16:56:10,2023-07-15 16:55:10,-1.0,0.83,On Time,,-1.0,True,2023-07-15
3626990751,41338,2023-05-10 19:28:23,2023-05-10 19:43:23,15.0,4.28,Slightly Delayed,Traffic,15.0,False,2023-05-10
2544173358,24026,2024-11-03 16:51:57,2024-11-03 16:51:57,0.0,2.73,On Time,,0.0,True,2024-11-03
3654075570,5013,2023-06-25 00:42:19,2023-06-25 00:40:19,-2.0,0.87,On Time,,-2.0,True,2023-06-25
9846277624,5141,2024-09-17 13:21:52,2024-09-17 13:21:52,0.0,1.77,On Time,,0.0,True,2024-09-17
8600159148,24508,2023-08-15 05:47:55,2023-08-15 06:00:55,13.0,4.14,Slightly Delayed,Traffic,13.0,False,2023-08-15
9184012674,88446,2024-07-20 23:32:27,2024-07-20 23:31:27,-1.0,4.54,On Time,,-1.0,True,2024-07-20
5842678913,49657,2024-06-02 11:16:26,2024-06-02 11:15:26,-1.0,0.96,On Time,,-1.0,True,2024-06-02
6284066457,72455,2023-03-19 04:42:51,2023-03-19 04:43:51,1.0,3.83,On Time,Traffic,1.0,False,2023-03-19
957188879,55306,2024-01-12 22:01:51,2024-01-12 21:58:51,-3.0,3.09,On Time,,-3.0,True,2024-01-12
2027766693,39827,2023-07-17 21:38:20,2023-07-17 21:35:20,-3.0,3.14,On Time,,-3.0,True,2023-07-17
5201172375,15287,2024-01-07 13:46:44,2024-01-07 14:16:44,30.0,4.14,Significantly Delayed,Traffic,30.0,False,2024-01-07
5211206337,52881,2024-03-04 19:35:55,2024-03-04 19:38:55,3.0,0.57,On Time,Traffic,3.0,False,2024-03-04
519985157,97130,2023-06-07 03:34:41,2023-06-07 03:31:41,-3.0,1.66,On Time,,-3.0,True,2023-06-07
2599819074,78812,2023-05-08 06:02:42,2023-05-08 05:59:42,-3.0,1.73,On Time,,-3.0,True,2023-05-08
6564176767,37269,2024-04-11 11:18:11,2024-04-11 11:42:11,24.0,2.44,Significantly Delayed,Traffic,24.0,False,2024-04-11
5969684091,47179,2023-12-02 15:56:34,2023-12-02 15:53:34,-3.0,2.85,On Time,,-3.0,True,2023-12-02
8152246475,36583,2023-04-07 22:47:36,2023-04-07 22:45:36,-2.0,3.93,On Time,,-2.0,True,2023-04-07
1954493018,17378,2024-08-25 16:25:20,2024-08-25 16:27:20,2.0,3.59,On Time,Traffic,2.0,False,2024-08-25
3695589383,6351,2024-01-13 01:33:18,2024-01-13 01:28:18,-5.0,3.03,On Time,,-5.0,True,2024-01-13
6340807810,60222,2024-07-12 00:51:44,2024-07-12 00:47:44,-4.0,3.6,On Time,,-4.0,True,2024-07-12
8029845822,87260,2023-07-06 00:13:30,2023-07-06 00:18:30,5.0,1.39,On Time,Traffic,5.0,False,2023-07-06
8208755570,56067,2023-12-12 21:38:05,2023-12-12 21:35:05,-3.0,1.96,On Time,,-3.0,True,2023-12-12
9622488249,8679,2024-06-26 09:38:51,2024-06-26 09:42:51,4.0,2.03,On Time,Traffic,4.0,False,2024-06-26
5410788959,43525,2024-06-12 10:40:56,2024-06-12 10:45:56,5.0,4.98,On Time,Traffic,5.0,False,2024-06-12
7087374685,80305,2024-09-21 17:54:45,2024-09-21 17:59:45,5.0,1.4,On Time,Traffic,5.0,False,2024-09-21
1469556300,47985,2023-09-26 23:55:47,2023-09-26 23:52:47,-3.0,3.95,On Time,,-3.0,True,2023-09-26
864290652,28456,2023-10-30 02:19:01,2023-10-30 02:15:01,-4.0,3.72,On Time,,-4.0,True,2023-10-30
3052167498,38263,2023-07-24 17:25:37,2023-07-24 17:23:37,-2.0,2.7,On Time,,-2.0,True,2023-07-24
8370088792,18197,2023-05-16 19:40:48,2023-05-16 19:39:48,-1.0,3.75,On Time,,-1.0,True,2023-05-16
8955500595,25552,2023-05-07 18:23:53,2023-05-07 18:33:53,10.0,1.61,Slightly Delayed,Traffic,10.0,False,2023-05-07
6946637946,5892,2024-02-18 04:17:21,2024-02-18 04:29:21,12.0,3.18,Slightly Delayed,Traffic,12.0,False,2024-02-18
5461546808,27664,2023-12-21 13:56:24,2023-12-21 14:20:24,24.0,3.96,Significantly Delayed,Traffic,24.0,False,2023-12-21
9921425481,85617,2023-05-17 05:24:03,2023-05-17 05:53:03,29.0,1.61,Significantly Delayed,Traffic,29.0,False,2023-05-17
3583323379,94205,2024-04-03 07:45:25,2024-04-03 07:45:25,0.0,3.22,On Time,,0.0,True,2024-04-03
3427534518,75483,2024-10-12 13:36:22,2024-10-12 13:57:22,21.0,2.85,Significantly Delayed,Traffic,21.0,False,2024-10-12
9997994965,28092,2023-12-27 14:20:18,2023-12-27 14:17:18,-3.0,0.99,On Time,,-3.0,True,2023-12-27
5015358514,65069,2024-08-12 20:59:12,2024-08-12 21:00:12,1.0,2.09,On Time,Traffic,1.0,False,2024-08-12
5769065545,46466,2024-01-28 21:01:13,2024-01-28 21:04:13,3.0,1.96,On Time,Traffic,3.0,False,2024-01-28
4062815570,54881,2024-02-24 05:06:16,2024-02-24 05:08:16,2.0,0.65,On Time,Traffic,2.0,False,2024-02-24
39405769,6878,2023-04-07 12:56:40,2023-04-07 13:11:40,15.0,1.11,Slightly Delayed,Traffic,15.0,False,2023-04-07
9553518696,82335,2023-07-11 11:21:50,2023-07-11 11:20:50,-1.0,2.27,On Time,,-1.0,True,2023-07-11
8023712979,37477,2023-05-12 17:44:24,2023-05-12 17:42:24,-2.0,4.56,On Time,,-2.0,True,2023-05-12
1111747100,11420,2023-07-19 06:40:04,2023-07-19 06:43:04,3.0,3.55,On Time,Traffic,3.0,False,2023-07-19
3598180305,8123,2023-08-31 08:58:45,2023-08-31 08:56:45,-2.0,2.58,On Time,,-2.0,True,2023-08-31
8171660349,78974,2024-05-09 18:48:38,2024-05-09 18:43:38,-5.0,4.39,On Time,,-5.0,True,2024-05-09
3644704128,83363,2024-06-01 10:11:45,2024-06-01 10:07:45,-4.0,3.11,On Time,,-4.0,True,2024-06-01
1254907139,44092,2023-07-13 05:01:45,2023-07-13 05:05:45,4.0,2.51,On Time,Traffic,4.0,False,2023-07-13
9810593187,15180,2023-05-19 00:13:09,2023-05-19 00:23:09,10.0,3.03,Slightly Delayed,Traffic,10.0,False,2023-05-19
3205629870,79493,2024-05-27 18:50:01,2024-05-27 18:46:01,-4.0,4.07,On Time,,-4.0,True,2024-05-27
8608459871,62412,2023-09-21 17:56:05,2023-09-21 17:58:05,2.0,1.29,On Time,Traffic,2.0,False,2023-09-21
2730458449,9689,2024-02-10 06:48:24,2024-02-10 06:58:24,10.0,3.83,Slightly Delayed,Traffic,10.0,False,2024-02-10
2807397566,2121,2024-05-19 10:12:31,2024-05-19 10:16:31,4.0,1.89,On Time,Traffic,4.0,False,2024-05-19
7217535512,61549,2023-11-11 22:39:06,2023-11-11 22:35:06,-4.0,3.07,On Time,,-4.0,True,2023-11-11
3321951407,79598,2023-09-13 12:32:36,2023-09-13 12:29:36,-3.0,1.88,On Time,,-3.0,True,2023-09-13
7189146676,60018,2024-05-20 18:49:01,2024-05-20 18:52:01,3.0,3.05,On Time,Traffic,3.0,False,2024-05-20
5601251774,14314,2024-10-10 08:31:56,2024-10-10 08:52:56,21.0,2.84,Significantly Delayed,Traffic,21.0,False,2024-10-10
8884350133,249,2024-09-22 20:16:15,2024-09-22 20:18:15,2.0,1.92,On Time,Traffic,2.0,False,2024-09-22
8168306307,51445,2023-12-17 21:18:27,2023-12-17 21:19:27,1.0,1.74,On Time,Traffic,1.0,False,2023-12-17
7689275881,65098,2024-02-03 05:49:09,2024-02-03 05:48:09,-1.0,3.23,On Time,,-1.0,True,2024-02-03
6593510732,32589,2023-09-10 14:05:38,2023-09-10 14:16:38,11.0,2.46,Slightly Delayed,Traffic,11.0,False,2023-09-10
3066405445,11326,2023-06-14 09:06:51,2023-06-14 09:10:51,4.0,0.84,On Time,Traffic,4.0,False,2023-06-14
5319633841,41929,2024-05-05 14:44:11,2024-05-05 14:47:11,3.0,4.16,On Time,Traffic,3.0,False,2024-05-05
1113665104,96538,2024-06-11 23:13:08,2024-06-11 23:09:08,-4.0,4.89,On Time,,-4.0,True,2024-06-11
8436983782,97548,2024-10-22 02:15:03,2024-10-22 02:11:03,-4.0,3.44,On Time,,-4.0,True,2024-10-22
1958942711,64613,2024-05-12 09:03:28,2024-05-12 09:03:28,0.0,1.78,On Time,,0.0,True,2024-05-12
6485627928,36234,2024-09-13 05:49:48,2024-09-13 05:48:48,-1.0,3.92,On Time,,-1.0,True,2024-09-13
8147959428,66010,2024-07-23 13:53:34,2024-07-23 13:56:34,3.0,3.8,On Time,Traffic,3.0,False,2024-07-23
3697060283,73189,2024-08-25 01:21:57,2024-08-25 01:26:57,5.0,4.58,On Time,Traffic,5.0,False,2024-08-25
2039437258,74030,2023-12-12 06:14:54,2023-12-12 06:16:54,2.0,0.88,On Time,Traffic,2.0,False,2023-12-12
7655293952,14565,2024-02-16 08:03:03,2024-02-16 08:07:03,4.0,3.51,On Time,Traffic,4.0,False,2024-02-16
39791095,41559,2024-04-06 11:17:05,2024-04-06 11:22:05,5.0,2.49,On Time,Traffic,5.0,False,2024-04-06
8071046067,48240,2024-09-28 16:48:38,2024-09-28 16:47:38,-1.0,1.4,On Time,,-1.0,True,2024-09-28
2656326203,76228,2023-11-16 18:47:26,2023-11-16 18:52:26,5.0,0.79,On Time,Traffic,5.0,False,2023-11-16
2366866840,87681,2023-04-22 03:27:20,2023-04-22 03:27:20,0.0,4.8,On Time,,0.0,True,2023-04-22
8227348656,44555,2023-12-01 17:59:08,2023-12-01 17:56:08,-3.0,3.75,On Time,,-3.0,True,2023-12-01
3917024194,47124,2024-09-30 21:05:24,2024-09-30 21:07:24,2.0,1.01,On Time,Traffic,2.0,False,2024-09-30
3101265,20246,2024-05-23 03:37:47,2024-05-23 03:40:47,3.0,2.45,On Time,Traffic,3.0,False,2024-05-23
9907835880,66363,2024-10-15 16:09:00,2024-10-15 16:07:00,-2.0,4.11,On Time,,-2.0,True,2024-10-15
3396210655,46263,2023-10-24 02:28:18,2023-10-24 02:25:18,-3.0,1.68,On Time,,-3.0,True,2023-10-24
3000018472,63482,2024-08-18 05:48:01,2024-08-18 05:49:01,1.0,1.01,On Time,Traffic,1.0,False,2024-08-18
7166339556,79368,2024-06-22 08:08:15,2024-06-22 08:06:15,-2.0,2.77,On Time,,-2.0,True,2024-06-22
2194351161,55557,2023-05-09 11:53:54,2023-05-09 11:51:54,-2.0,1.37,On Time,,-2.0,True,2023-05-09
3224986973,24389,2024-02-16 07:57:13,2024-02-16 07:58:13,1.0,4.65,On Time,Traffic,1.0,False,2024-02-16
6882280967,56116,2023-09-15 16:09:38,2023-09-15 16:11:38,2.0,1.14,On Time,Traffic,2.0,False,2023-09-15
8556188247,41435,2023-10-05 18:23:58,2023-10-05 18:21:58,-2.0,1.67,On Time,,-2.0,True,2023-10-05
5236345617,34945,2023-09-28 01:57:50,2023-09-28 01:57:50,0.0,2.36,On Time,,0.0,True,2023-09-28
5153146875,65057,2023-06-06 08:48:54,2023-06-06 08:57:54,9.0,1.68,Slightly Delayed,Traffic,9.0,False,2023-06-06
2011151353,53602,2024-05-15 03:54:23,2024-05-15 03:51:23,-3.0,0.68,On Time,,-3.0,True,2024-05-15
9880145668,94777,2024-02-28 17:08:31,2024-02-28 17:21:31,13.0,1.06,Slightly Delayed,Traffic,13.0,False,2024-02-28
2724264210,6735,2024-10-24 16:35:22,2024-10-24 16:48:22,13.0,0.99,Slightly Delayed,Traffic,13.0,False,2024-10-24
871734663,57171,2024-06-03 02:10:59,2024-06-03 02:22:59,12.0,2.48,Slightly Delayed,Traffic,12.0,False,2024-06-03
3883638432,42306,2023-07-26 03:54:48,2023-07-26 04:20:48,26.0,4.79,Significantly Delayed,Traffic,26.0,False,2023-07-26
1282422181,1443,2024-02-19 14:52:22,2024-02-19 14:59:22,7.0,5.0,Slightly Delayed,Traffic,7.0,False,2024-02-19
4500802008,74327,2024-06-17 06:03:01,2024-06-17 06:06:01,3.0,3.62,On Time,Traffic,3.0,False,2024-06-17
8209715885,94880,2023-05-25 15:40:42,2023-05-25 15:41:42,1.0,0.92,On Time,Traffic,1.0,False,2023-05-25
9391482926,36274,2023-09-12 03:18:03,2023-09-12 03:27:03,9.0,3.18,Slightly Delayed,Traffic,9.0,False,2023-09-12
7217765772,12036,2024-07-05 14:22:12,2024-07-05 14:25:12,3.0,2.28,On Time,Traffic,3.0,False,2024-07-05
7848556658,34490,2024-04-27 11:41:23,2024-04-27 11:38:23,-3.0,1.08,On Time,,-3.0,True,2024-04-27
9000851345,86432,2024-03-10 17:11:45,2024-03-10 17:16:45,5.0,0.99,On Time,Traffic,5.0,False,2024-03-10
3019634875,76065,2024-10-29 19:54:02,2024-10-29 19:53:02,-1.0,2.89,On Time,,-1.0,True,2024-10-29
7013612817,74574,2023-09-09 08:28:47,2023-09-09 08:54:47,26.0,1.84,Significantly Delayed,Traffic,26.0,False,2023-09-09
59461109,48662,2023-05-06 13:55:41,2023-05-06 13:55:41,0.0,2.72,On Time,,0.0,True,2023-05-06
740245864,17264,2023-05-18 11:12:35,2023-05-18 11:11:35,-1.0,4.55,On Time,,-1.0,True,2023-05-18
8432648823,91242,2023-05-19 07:42:48,2023-05-19 07:45:48,3.0,2.06,On Time,Traffic,3.0,False,2023-05-19
5863164527,26359,2023-11-13 18:08:55,2023-11-13 18:16:55,8.0,2.68,Slightly Delayed,Traffic,8.0,False,2023-11-13
8615999186,77204,2024-09-08 20:34:37,2024-09-08 20:35:37,1.0,3.65,On Time,Traffic,1.0,False,2024-09-08
1743268828,78986,2024-05-02 18:24:34,2024-05-02 18:29:34,5.0,2.31,On Time,Traffic,5.0,False,2024-05-02
5475369740,16243,2024-05-12 06:03:07,2024-05-12 06:04:07,1.0,1.31,On Time,Traffic,1.0,False,2024-05-12
6520584496,79790,2023-10-24 05:46:59,2023-10-24 06:03:59,17.0,1.73,Significantly Delayed,Traffic,17.0,False,2023-10-24
3854394048,83316,2023-10-15 20:44:09,2023-10-15 20:40:09,-4.0,3.36,On Time,,-4.0,True,2023-10-15
4105779656,41188,2024-04-02 17:24:26,2024-04-02 17:28:26,4.0,2.08,On Time,Traffic,4.0,False,2024-04-02
5960266785,88310,2023-11-21 06:18:29,2023-11-21 06:15:29,-3.0,1.36,On Time,,-3.0,True,2023-11-21
7380998329,14278,2023-07-29 21:16:03,2023-07-29 21:16:03,0.0,0.83,On Time,,0.0,True,2023-07-29
460625201,34818,2024-05-17 02:46:25,2024-05-17 02:44:25,-2.0,1.35,On Time,,-2.0,True,2024-05-17
5442705208,53708,2024-08-27 03:32:33,2024-08-27 03:27:33,-5.0,1.6,On Time,,-5.0,True,2024-08-27
643302284,92172,2024-05-30 23:14:11,2024-05-30 23:25:11,11.0,3.99,Slightly Delayed,Traffic,11.0,False,2024-05-30
6141016209,66040,2024-04-13 18:25:18,2024-04-13 18:25:18,0.0,2.59,On Time,,0.0,True,2024-04-13
4058658914,15833,2024-02-09 09:48:42,2024-02-09 09:48:42,0.0,3.1,On Time,,0.0,True,2024-02-09
4731454539,57976,2024-01-05 07:09:10,2024-01-05 07:09:10,0.0,3.91,On Time,,0.0,True,2024-01-05
148408710,15102,2024-01-01 02:13:47,2024-01-01 02:17:47,4.0,0.87,On Time,Traffic,4.0,False,2024-01-01
3263142674,63585,2024-01-30 08:30:13,2024-01-30 08:31:13,1.0,4.24,On Time,Traffic,1.0,False,2024-01-30
9591201821,87917,2023-11-12 20:39:56,2023-11-12 20:52:56,13.0,3.17,Slightly Delayed,Traffic,13.0,False,2023-11-12
2227944524,30179,2023-06-07 09:02:45,2023-06-07 09:06:45,4.0,3.4,On Time,Traffic,4.0,False,2023-06-07
2307375554,73572,2024-01-31 15:49:00,2024-01-31 16:01:00,12.0,4.24,Slightly Delayed,Traffic,12.0,False,2024-01-31
8521887524,77426,2024-04-13 14:21:15,2024-04-13 14:34:15,13.0,2.3,Slightly Delayed,Traffic,13.0,False,2024-04-13
3298709387,86131,2023-07-01 06:19:58,2023-07-01 06:24:58,5.0,0.63,On Time,Traffic,5.0,False,2023-07-01
8608686211,95050,2023-07-27 05:21:13,2023-07-27 05:32:13,11.0,2.83,Slightly Delayed,Traffic,11.0,False,2023-07-27
5125482761,85795,2023-05-28 07:30:31,2023-05-28 07:40:31,10.0,3.58,Slightly Delayed,Traffic,10.0,False,2023-05-28
7388146343,94498,2023-09-24 11:58:47,2023-09-24 12:11:47,13.0,4.5,Slightly Delayed,Traffic,13.0,False,2023-09-24
7064723322,94412,2023-10-15 12:03:30,2023-10-15 12:20:30,17.0,3.82,Significantly Delayed,Traffic,17.0,False,2023-10-15
1766291529,27514,2024-07-12 19:12:29,2024-07-12 19:27:29,15.0,1.2,Slightly Delayed,Traffic,15.0,False,2024-07-12
8183491568,48175,2023-09-15 14:05:46,2023-09-15 14:17:46,12.0,3.15,Slightly Delayed,Traffic,12.0,False,2023-09-15
6419111681,66008,2024-01-24 11:08:37,2024-01-24 11:08:37,0.0,1.04,On Time,,0.0,True,2024-01-24
9193945481,44100,2024-08-22 20:00:10,2024-08-22 20:06:10,6.0,3.22,Slightly Delayed,Traffic,6.0,False,2024-08-22
3937750618,76499,2023-08-26 10:30:23,2023-08-26 10:30:23,0.0,3.91,On Time,,0.0,True,2023-08-26
2056682923,32053,2024-05-27 19:59:13,2024-05-27 20:11:13,12.0,0.58,Slightly Delayed,Traffic,12.0,False,2024-05-27
7229998672,32978,2023-09-10 21:17:23,2023-09-10 21:31:23,14.0,2.12,Slightly Delayed,Traffic,14.0,False,2023-09-10
7028582657,88805,2024-11-01 14:03:41,2024-11-01 14:13:41,10.0,4.92,Slightly Delayed,Traffic,10.0,False,2024-11-01
1732091066,91109,2024-05-12 10:17:49,2024-05-12 10:14:49,-3.0,1.34,On Time,,-3.0,True,2024-05-12
9389363975,56285,2024-01-08 05:51:17,2024-01-08 06:14:17,23.0,2.13,Significantly Delayed,Traffic,23.0,False,2024-01-08
9477050930,29995,2023-09-01 00:18:51,2023-09-01 00:21:51,3.0,3.92,On Time,Traffic,3.0,False,2023-09-01
6808771388,8970,2024-04-29 18:07:09,2024-04-29 18:08:09,1.0,1.22,On Time,Traffic,1.0,False,2024-04-29
7616458551,92475,2023-05-05 09:31:14,2023-05-05 09:44:14,13.0,2.18,Slightly Delayed,Traffic,13.0,False,2023-05-05
2784959025,86825,2023-04-07 02:46:48,2023-04-07 02:49:48,3.0,4.77,On Time,Traffic,3.0,False,2023-04-07
2716611235,66366,2024-02-19 06:29:33,2024-02-19 06:30:33,1.0,4.56,On Time,Traffic,1.0,False,2024-02-19
3797871396,59554,2023-12-19 02:26:29,2023-12-19 02:31:29,5.0,1.81,On Time,Traffic,5.0,False,2023-12-19
5895445193,40476,2023-09-18 20:29:21,2023-09-18 20:36:21,7.0,4.33,Slightly Delayed,Traffic,7.0,False,2023-09-18
5281640953,76660,2024-05-19 19:19:42,2024-05-19 19:20:42,1.0,1.51,On Time,Traffic,1.0,False,2024-05-19
9006387145,32558,2023-07-16 10:10:48,2023-07-16 10:19:48,9.0,1.29,Slightly Delayed,Traffic,9.0,False,2023-07-16
2015702046,63937,2023-05-17 07:11:38,2023-05-17 07:25:38,14.0,4.66,Slightly Delayed,Traffic,14.0,False,2023-05-17
9260334793,38060,2024-07-10 06:56:25,2024-07-10 06:59:25,3.0,3.82,On Time,Traffic,3.0,False,2024-07-10
5912752928,26396,2023-12-20 18:31:00,2023-12-20 18:30:00,-1.0,2.49,On Time,,-1.0,True,2023-12-20
7691723645,28979,2024-08-04 13:42:48,2024-08-04 13:45:48,3.0,3.0,On Time,Traffic,3.0,False,2024-08-04
9166904790,37462,2024-01-19 19:15:10,2024-01-19 19:13:10,-2.0,1.4,On Time,,-2.0,True,2024-01-19
1668797251,14539,2023-05-18 00:44:10,2023-05-18 00:49:10,5.0,0.7,On Time,Traffic,5.0,False,2023-05-18
3350348511,64424,2023-10-05 05:23:12,2023-10-05 05:18:12,-5.0,4.47,On Time,,-5.0,True,2023-10-05
2475154947,5307,2024-01-14 11:12:14,2024-01-14 11:19:14,7.0,1.6,Slightly Delayed,Traffic,7.0,False,2024-01-14
1348544692,36408,2024-04-15 17:14:06,2024-04-15 17:20:06,6.0,1.33,Slightly Delayed,Traffic,6.0,False,2024-04-15
6770208707,86742,2024-05-01 22:21:36,2024-05-01 22:19:36,-2.0,1.38,On Time,,-2.0,True,2024-05-01
9500356395,1348,2024-10-29 01:35:06,2024-10-29 01:36:06,1.0,4.79,On Time,Traffic,1.0,False,2024-10-29
6280233997,52738,2023-08-23 20:43:30,2023-08-23 20:38:30,-5.0,4.5,On Time,,-5.0,True,2023-08-23
935645101,22930,2023-09-27 02:44:38,2023-09-27 03:14:38,30.0,0.92,Significantly Delayed,Traffic,30.0,False,2023-09-27
3492077995,11413,2023-06-24 00:05:59,2023-06-24 00:01:59,-4.0,3.16,On Time,,-4.0,True,2023-06-24
6971044672,4558,2024-03-21 16:18:32,2024-03-21 16:30:32,12.0,4.35,Slightly Delayed,Traffic,12.0,False,2024-03-21
9417710958,8300,2023-09-20 16:05:11,2023-09-20 16:01:11,-4.0,4.22,On Time,,-4.0,True,2023-09-20
114851727,8766,2024-10-04 03:26:47,2024-10-04 03:25:47,-1.0,0.87,On Time,,-1.0,True,2024-10-04
7521503340,38651,2024-05-30 07:18:58,2024-05-30 07:15:58,-3.0,2.73,On Time,,-3.0,True,2024-05-30
7709878408,24294,2023-08-09 18:05:59,2023-08-09 18:07:59,2.0,4.39,On Time,Traffic,2.0,False,2023-08-09
7941755463,821,2024-09-30 09:51:04,2024-09-30 09:54:04,3.0,2.94,On Time,Traffic,3.0,False,2024-09-30
4540271027,7176,2024-05-14 04:10:16,2024-05-14 04:12:16,2.0,1.86,On Time,Traffic,2.0,False,2024-05-14
8022168472,42469,2024-02-20 22:52:43,2024-02-20 23:00:43,8.0,2.58,Slightly Delayed,Traffic,8.0,False,2024-02-20
3808358945,14986,2023-08-26 03:17:53,2023-08-26 03:26:53,9.0,2.67,Slightly Delayed,Traffic,9.0,False,2023-08-26
5112444865,2692,2024-06-06 21:24:35,2024-06-06 21:19:35,-5.0,2.02,On Time,,-5.0,True,2024-06-06
9965551056,98962,2023-06-24 02:19:08,2023-06-24 02:25:08,6.0,2.4,Slightly Delayed,Traffic,6.0,False,2023-06-24
7695708103,87812,2024-05-16 15:53:47,2024-05-16 15:54:47,1.0,4.44,On Time,Traffic,1.0,False,2024-05-16
7022728237,81122,2023-06-03 04:29:03,2023-06-03 04:29:03,0.0,3.91,On Time,,0.0,True,2023-06-03
2062715135,43272,2024-08-20 15:51:50,2024-08-20 15:51:50,0.0,1.17,On Time,,0.0,True,2024-08-20
3287815959,42829,2024-08-09 19:54:10,2024-08-09 20:15:10,21.0,2.8,Significantly Delayed,Traffic,21.0,False,2024-08-09
9015471552,72941,2024-04-13 19:46:29,2024-04-13 19:46:29,0.0,1.88,On Time,,0.0,True,2024-04-13
1595123446,25599,2024-02-27 00:53:54,2024-02-27 00:55:54,2.0,2.34,On Time,Traffic,2.0,False,2024-02-27
4888577440,1050,2024-05-19 01:02:46,2024-05-19 00:57:46,-5.0,1.06,On Time,,-5.0,True,2024-05-19
9039053330,93032,2023-08-16 10:26:50,2023-08-16 10:25:50,-1.0,3.5,On Time,,-1.0,True,2023-08-16
3091360904,32085,2024-06-16 04:42:49,2024-06-16 04:42:49,0.0,4.04,On Time,,0.0,True,2024-06-16
6821938492,78087,2023-09-06 17:03:35,2023-09-06 17:04:35,1.0,0.96,On Time,Traffic,1.0,False,2023-09-06
4553785640,48308,2024-08-13 16:49:43,2024-08-13 16:50:43,1.0,4.56,On Time,Traffic,1.0,False,2024-08-13
4005611015,10416,2024-03-30 00:03:07,2024-03-30 00:17:07,14.0,2.77,Slightly Delayed,Traffic,14.0,False,2024-03-30
8480910658,38062,2023-08-28 20:34:24,2023-08-28 20:39:24,5.0,2.11,On Time,Traffic,5.0,False,2023-08-28
1922667245,44104,2023-09-24 16:43:09,2023-09-24 16:44:09,1.0,4.19,On Time,Traffic,1.0,False,2023-09-24
379758677,53840,2023-12-26 22:55:09,2023-12-26 23:08:09,13.0,3.84,Slightly Delayed,Traffic,13.0,False,2023-12-26
4903380842,76089,2024-06-03 05:47:05,2024-06-03 05:53:05,6.0,0.86,Slightly Delayed,Traffic,6.0,False,2024-06-03
9244122658,24492,2024-03-12 16:52:38,2024-03-12 17:15:38,23.0,1.9,Significantly Delayed,Traffic,23.0,False,2024-03-12
5054410467,48965,2023-07-01 12:27:23,2023-07-01 12:24:23,-3.0,1.76,On Time,,-3.0,True,2023-07-01
9877212995,52198,2024-05-04 01:34:51,2024-05-04 01:29:51,-5.0,3.48,On Time,,-5.0,True,2024-05-04
8375236356,8079,2023-09-22 19:02:02,2023-09-22 19:06:02,4.0,4.38,On Time,Traffic,4.0,False,2023-09-22
2652063230,55939,2023-11-22 02:31:55,2023-11-22 02:32:55,1.0,0.7,On Time,Traffic,1.0,False,2023-11-22
7258243894,15896,2024-07-14 23:19:25,2024-07-14 23:18:25,-1.0,4.18,On Time,,-1.0,True,2024-07-14
5980648426,76780,2023-12-15 03:43:00,2023-12-15 03:59:00,16.0,4.67,Significantly Delayed,Traffic,16.0,False,2023-12-15
365104159,42058,2023-11-27 05:08:51,2023-11-27 05:27:51,19.0,1.41,Significantly Delayed,Traffic,19.0,False,2023-11-27
7038005775,77255,2023-07-02 02:19:47,2023-07-02 02:15:47,-4.0,2.96,On Time,,-4.0,True,2023-07-02
1456792223,9753,2024-08-13 21:29:36,2024-08-13 21:24:36,-5.0,3.65,On Time,,-5.0,True,2024-08-13
6673964264,33183,2024-10-18 05:57:01,2024-10-18 05:58:01,1.0,2.02,On Time,Traffic,1.0,False,2024-10-18
5780280518,82210,2024-08-23 22:48:52,2024-08-23 22:51:52,3.0,3.34,On Time,Traffic,3.0,False,2024-08-23
6220137166,307,2023-12-09 22:20:35,2023-12-09 22:35:35,15.0,4.63,Slightly Delayed,Traffic,15.0,False,2023-12-09
2615887425,32500,2023-10-28 20:05:41,2023-10-28 20:15:41,10.0,2.09,Slightly Delayed,Traffic,10.0,False,2023-10-28
5610987488,51046,2023-08-14 12:18:35,2023-08-14 12:14:35,-4.0,0.85,On Time,,-4.0,True,2023-08-14
6038240765,66705,2023-05-27 00:30:57,2023-05-27 00:30:57,0.0,3.29,On Time,,0.0,True,2023-05-27
5004974422,85319,2023-07-03 18:32:28,2023-07-03 18:31:28,-1.0,1.63,On Time,,-1.0,True,2023-07-03
2349863203,76889,2023-12-20 21:18:38,2023-12-20 21:22:38,4.0,4.83,On Time,Traffic,4.0,False,2023-12-20
9487956261,23324,2023-07-25 07:44:56,2023-07-25 07:54:56,10.0,3.23,Slightly Delayed,Traffic,10.0,False,2023-07-25
7169945062,62218,2023-06-14 02:37:15,2023-06-14 02:40:15,3.0,4.36,On Time,Traffic,3.0,False,2023-06-14
5393866026,23975,2023-04-10 00:56:20,2023-04-10 00:51:20,-5.0,2.3,On Time,,-5.0,True,2023-04-10
7266772806,19227,2024-09-06 23:24:12,2024-09-06 23:28:12,4.0,1.4,On Time,Traffic,4.0,False,2024-09-06
2411227007,63131,2024-06-09 14:54:18,2024-06-09 14:57:18,3.0,2.53,On Time,Traffic,3.0,False,2024-06-09
960728650,42554,2023-04-16 08:09:44,2023-04-16 08:16:44,7.0,3.51,Slightly Delayed,Traffic,7.0,False,2023-04-16
2326500581,53100,2024-07-21 05:49:04,2024-07-21 05:54:04,5.0,3.58,On Time,Traffic,5.0,False,2024-07-21
9489310879,13348,2024-10-15 05:36:12,2024-10-15 05:33:12,-3.0,1.32,On Time,,-3.0,True,2024-10-15
2341242955,6285,2024-01-12 18:41:15,2024-01-12 19:00:15,19.0,3.34,Significantly Delayed,Traffic,19.0,False,2024-01-12
1023485121,74337,2024-02-11 17:36:30,2024-02-11 17:38:30,2.0,1.34,On Time,Traffic,2.0,False,2024-02-11
9742218709,4129,2024-09-25 13:28:53,2024-09-25 13:27:53,-1.0,4.99,On Time,,-1.0,True,2024-09-25
9039933820,11046,2023-12-09 15:18:56,2023-12-09 15:17:56,-1.0,4.88,On Time,,-1.0,True,2023-12-09
1391881327,48329,2024-07-01 21:34:49,2024-07-01 21:38:49,4.0,3.69,On Time,Traffic,4.0,False,2024-07-01
3360648053,10234,2023-05-15 08:38:15,2023-05-15 08:43:15,5.0,2.52,On Time,Traffic,5.0,False,2023-05-15
9758418980,77182,2023-07-05 11:58:10,2023-07-05 11:54:10,-4.0,3.4,On Time,,-4.0,True,2023-07-05
9859459525,319,2023-07-13 02:44:28,2023-07-13 02:44:28,0.0,3.56,On Time,,0.0,True,2023-07-13
6924226309,6964,2024-09-27 04:02:48,2024-09-27 04:13:48,11.0,3.61,Slightly Delayed,Traffic,11.0,False,2024-09-27
7672052920,30194,2023-12-07 01:11:00,2023-12-07 01:07:00,-4.0,3.15,On Time,,-4.0,True,2023-12-07
4597359399,5286,2024-09-20 03:14:14,2024-09-20 03:12:14,-2.0,2.78,On Time,,-2.0,True,2024-09-20
665402174,77757,2024-04-16 02:20:25,2024-04-16 02:17:25,-3.0,1.18,On Time,,-3.0,True,2024-04-16
3986082657,55010,2024-02-17 12:56:53,2024-02-17 12:55:53,-1.0,1.35,On Time,,-1.0,True,2024-02-17
4275746826,59737,2024-03-05 10:57:46,2024-03-05 10:54:46,-3.0,4.92,On Time,,-3.0,True,2024-03-05
525864604,60733,2024-03-24 21:22:29,2024-03-24 21:24:29,2.0,1.2,On Time,Traffic,2.0,False,2024-03-24
4473658819,14104,2023-12-05 00:39:25,2023-12-05 00:35:25,-4.0,1.81,On Time,,-4.0,True,2023-12-05
8824559505,56907,2024-08-14 14:06:11,2024-08-14 14:03:11,-3.0,4.12,On Time,,-3.0,True,2024-08-14
1824646473,88937,2023-04-02 07:02:43,2023-04-02 06:57:43,-5.0,1.7,On Time,,-5.0,True,2023-04-02
776389097,75111,2024-02-10 07:50:39,2024-02-10 08:05:39,15.0,1.62,Slightly Delayed,Traffic,15.0,False,2024-02-10
4908634706,13171,2023-10-15 22:36:25,2023-10-15 22:37:25,1.0,0.69,On Time,Traffic,1.0,False,2023-10-15
3516204561,1455,2023-09-09 05:48:58,2023-09-09 05:48:58,0.0,1.81,On Time,,0.0,True,2023-09-09
9510792757,28724,2023-11-04 05:12:14,2023-11-04 05:12:14,0.0,4.93,On Time,,0.0,True,2023-11-04
3504903228,90336,2023-06-30 00:26:00,2023-06-30 00:34:00,8.0,1.84,Slightly Delayed,Traffic,8.0,False,2023-06-30
3438202422,94413,2023-10-08 16:06:10,2023-10-08 16:33:10,27.0,4.09,Significantly Delayed,Traffic,27.0,False,2023-10-08
3007616042,42230,2024-07-14 07:36:08,2024-07-14 07:58:08,22.0,3.57,Significantly Delayed,Traffic,22.0,False,2024-07-14
4656199468,68579,2023-10-29 19:46:19,2023-10-29 20:16:19,30.0,4.72,Significantly Delayed,Traffic,30.0,False,2023-10-29
6994560237,76628,2024-07-03 11:29:07,2024-07-03 11:27:07,-2.0,2.4,On Time,,-2.0,True,2024-07-03
8442552565,27187,2023-11-05 16:31:52,2023-11-05 16:58:52,27.0,2.62,Significantly Delayed,Traffic,27.0,False,2023-11-05
414299117,13455,2023-07-28 06:50:14,2023-07-28 06:50:14,0.0,4.8,On Time,,0.0,True,2023-07-28
8146956033,56350,2024-08-10 01:07:00,2024-08-10 01:03:00,-4.0,4.86,On Time,,-4.0,True,2024-08-10
7919748594,23133,2024-09-20 00:47:20,2024-09-20 00:49:20,2.0,0.52,On Time,Traffic,2.0,False,2024-09-20
7834171020,97901,2024-01-04 12:36:25,2024-01-04 12:39:25,3.0,2.87,On Time,Traffic,3.0,False,2024-01-04
3735968672,57850,2023-12-22 22:43:36,2023-12-22 22:41:36,-2.0,0.62,On Time,,-2.0,True,2023-12-22
3864051985,95883,2024-04-06 03:13:19,2024-04-06 03:41:19,28.0,2.43,Significantly Delayed,Traffic,28.0,False,2024-04-06
8299074079,16269,2024-06-08 10:25:10,2024-06-08 10:26:10,1.0,1.16,On Time,Traffic,1.0,False,2024-06-08
891333736,92557,2023-09-24 20:28:03,2023-09-24 20:57:03,29.0,3.22,Significantly Delayed,Traffic,29.0,False,2023-09-24
2874220576,57749,2023-10-04 07:13:43,2023-10-04 07:10:43,-3.0,1.12,On Time,,-3.0,True,2023-10-04
6375536946,94134,2024-01-10 12:51:54,2024-01-10 12:52:54,1.0,2.02,On Time,Traffic,1.0,False,2024-01-10
1966054573,87453,2023-05-09 12:12:58,2023-05-09 12:38:58,26.0,1.59,Significantly Delayed,Traffic,26.0,False,2023-05-09
1565942558,92722,2024-08-04 14:34:41,2024-08-04 14:34:41,0.0,0.64,On Time,,0.0,True,2024-08-04
4624281313,30435,2024-10-22 11:27:07,2024-10-22 11:30:07,3.0,4.96,On Time,Traffic,3.0,False,2024-10-22
6884010758,63064,2024-04-27 22:36:57,2024-04-27 22:38:57,2.0,4.26,On Time,Traffic,2.0,False,2024-04-27
4351744653,45994,2023-04-03 14:26:21,2023-04-03 14:45:21,19.0,2.14,Significantly Delayed,Traffic,19.0,False,2023-04-03
8698000932,22719,2024-05-28 20:33:44,2024-05-28 20:57:44,24.0,4.43,Significantly Delayed,Traffic,24.0,False,2024-05-28
3844380421,52805,2023-10-19 13:05:22,2023-10-19 13:01:22,-4.0,3.3,On Time,,-4.0,True,2023-10-19
7105842598,1898,2023-08-24 15:06:37,2023-08-24 15:01:37,-5.0,1.96,On Time,,-5.0,True,2023-08-24
8993722297,53094,2023-07-04 16:14:33,2023-07-04 16:17:33,3.0,3.27,On Time,Traffic,3.0,False,2023-07-04
2929439019,75818,2023-10-28 17:37:14,2023-10-28 17:35:14,-2.0,3.2,On Time,,-2.0,True,2023-10-28
1661854320,19933,2024-09-28 10:11:29,2024-09-28 10:16:29,5.0,3.68,On Time,Traffic,5.0,False,2024-09-28
3082165628,30186,2023-05-02 21:48:37,2023-05-02 21:44:37,-4.0,1.08,On Time,,-4.0,True,2023-05-02
1745045814,4796,2023-11-30 09:04:34,2023-11-30 09:01:34,-3.0,2.81,On Time,,-3.0,True,2023-11-30
813387880,92699,2023-07-08 11:43:53,2023-07-08 11:42:53,-1.0,2.58,On Time,,-1.0,True,2023-07-08
8189879400,89826,2023-11-16 04:33:20,2023-11-16 04:29:20,-4.0,1.83,On Time,,-4.0,True,2023-11-16
8465045467,34692,2024-05-01 05:48:15,2024-05-01 05:46:15,-2.0,1.16,On Time,,-2.0,True,2024-05-01
9232350528,22738,2023-10-03 08:29:06,2023-10-03 08:28:06,-1.0,1.07,On Time,,-1.0,True,2023-10-03
1728666371,77801,2024-05-12 12:47:32,2024-05-12 13:10:32,23.0,1.6,Significantly Delayed,Traffic,23.0,False,2024-05-12
6131815766,34359,2023-03-18 00:05:57,2023-03-18 00:05:57,0.0,1.64,On Time,,0.0,True,2023-03-18
6438773635,188,2024-07-19 04:07:24,2024-07-19 04:02:24,-5.0,1.85,On Time,,-5.0,True,2024-07-19
6912676966,15416,2023-06-10 14:06:41,2023-06-10 14:06:41,0.0,1.08,On Time,,0.0,True,2023-06-10
2840314717,56917,2023-06-27 23:52:21,2023-06-27 23:51:21,-1.0,1.91,On Time,,-1.0,True,2023-06-27
9508359721,85036,2024-08-24 15:57:55,2024-08-24 16:06:55,9.0,1.58,Slightly Delayed,Traffic,9.0,False,2024-08-24
2244679313,2273,2024-08-05 07:09:07,2024-08-05 07:13:07,4.0,3.56,On Time,Traffic,4.0,False,2024-08-05
9407544177,59002,2024-11-03 08:03:59,2024-11-03 08:07:59,4.0,4.1,On Time,Traffic,4.0,False,2024-11-03
2528398796,58075,2023-04-07 00:02:43,2023-04-07 00:13:43,11.0,2.63,Slightly Delayed,Traffic,11.0,False,2023-04-07
9464988762,64401,2023-10-02 17:29:55,2023-10-02 17:25:55,-4.0,3.68,On Time,,-4.0,True,2023-10-02
6373867899,71865,2023-11-08 08:52:48,2023-11-08 08:57:48,5.0,2.39,On Time,Traffic,5.0,False,2023-11-08
4028185110,30697,2023-04-25 15:36:14,2023-04-25 15:43:14,7.0,1.16,Slightly Delayed,Traffic,7.0,False,2023-04-25
9717018638,78169,2024-07-13 02:50:06,2024-07-13 02:58:06,8.0,4.44,Slightly Delayed,Traffic,8.0,False,2024-07-13
4898477588,11074,2024-02-15 20:20:56,2024-02-15 20:15:56,-5.0,2.11,On Time,,-5.0,True,2024-02-15
4723165081,60832,2024-02-02 09:09:11,2024-02-02 09:05:11,-4.0,3.61,On Time,,-4.0,True,2024-02-02
2845954128,64804,2024-07-04 16:58:53,2024-07-04 16:56:53,-2.0,1.05,On Time,,-2.0,True,2024-07-04
23158044,66644,2023-05-19 19:41:28,2023-05-19 19:41:28,0.0,2.64,On Time,,0.0,True,2023-05-19
1486548042,74963,2023-10-12 11:35:23,2023-10-12 11:44:23,9.0,2.73,Slightly Delayed,Traffic,9.0,False,2023-10-12
708351411,21614,2023-10-16 05:43:05,2023-10-16 05:51:05,8.0,1.91,Slightly Delayed,Traffic,8.0,False,2023-10-16
5512110908,31823,2023-11-22 02:20:53,2023-11-22 02:46:53,26.0,1.88,Significantly Delayed,Traffic,26.0,False,2023-11-22
2295441899,21929,2024-02-18 08:06:22,2024-02-18 08:14:22,8.0,3.92,Slightly Delayed,Traffic,8.0,False,2024-02-18
4867173151,40357,2023-10-24 22:14:36,2023-10-24 22:16:36,2.0,2.7,On Time,Traffic,2.0,False,2023-10-24
4635037652,80201,2024-01-23 20:55:54,2024-01-23 20:50:54,-5.0,0.93,On Time,,-5.0,True,2024-01-23
2209259378,91054,2023-12-23 12:52:15,2023-12-23 12:47:15,-5.0,1.92,On Time,,-5.0,True,2023-12-23
4079286483,29223,2023-05-19 13:22:58,2023-05-19 13:24:58,2.0,4.18,On Time,Traffic,2.0,False,2023-05-19
9506078962,82546,2024-07-05 22:13:58,2024-07-05 22:27:58,14.0,0.51,Slightly Delayed,Traffic,14.0,False,2024-07-05
6894691072,13462,2024-03-22 12:13:52,2024-03-22 12:17:52,4.0,2.36,On Time,Traffic,4.0,False,2024-03-22
4481256065,34584,2024-04-04 14:07:44,2024-04-04 14:29:44,22.0,0.53,Significantly Delayed,Traffic,22.0,False,2024-04-04
5050919809,7758,2024-05-13 07:24:41,2024-05-13 07:27:41,3.0,4.41,On Time,Traffic,3.0,False,2024-05-13
1328085383,73436,2023-05-11 11:50:52,2023-05-11 11:47:52,-3.0,3.29,On Time,,-3.0,True,2023-05-11
5382246981,18853,2023-08-30 22:08:30,2023-08-30 22:12:30,4.0,2.17,On Time,Traffic,4.0,False,2023-08-30
5647827263,69561,2024-05-07 08:10:24,2024-05-07 08:09:24,-1.0,3.35,On Time,,-1.0,True,2024-05-07
9244268951,85934,2023-10-30 09:40:13,2023-10-30 09:44:13,4.0,3.0,On Time,Traffic,4.0,False,2023-10-30
6217777735,29335,2024-07-22 11:39:06,2024-07-22 11:34:06,-5.0,1.22,On Time,,-5.0,True,2024-07-22
3682639473,98463,2023-11-22 00:03:53,2023-11-21 23:59:53,-4.0,4.65,On Time,,-4.0,True,2023-11-21
3859331666,83436,2023-07-02 07:49:25,2023-07-02 07:48:25,-1.0,3.85,On Time,,-1.0,True,2023-07-02
7971689217,36735,2023-10-18 13:24:32,2023-10-18 13:38:32,14.0,2.44,Slightly Delayed,Traffic,14.0,False,2023-10-18
6822492679,70308,2023-07-28 06:25:08,2023-07-28 06:39:08,14.0,3.19,Slightly Delayed,Traffic,14.0,False,2023-07-28
7211194993,79267,2023-09-04 03:59:51,2023-09-04 03:59:51,0.0,1.51,On Time,,0.0,True,2023-09-04
461485679,88187,2023-08-08 00:18:45,2023-08-08 00:22:45,4.0,1.16,On Time,Traffic,4.0,False,2023-08-08
3209732414,55281,2024-04-18 11:06:25,2024-04-18 11:06:25,0.0,4.14,On Time,,0.0,True,2024-04-18
6537694730,46287,2024-08-15 00:54:15,2024-08-15 00:58:15,4.0,2.1,On Time,Traffic,4.0,False,2024-08-15
7653097776,52927,2023-07-16 06:58:44,2023-07-16 06:59:44,1.0,3.65,On Time,Traffic,1.0,False,2023-07-16
4928556641,49069,2023-09-19 15:11:57,2023-09-19 15:18:57,7.0,4.28,Slightly Delayed,Traffic,7.0,False,2023-09-19
5905518100,87502,2023-09-25 06:47:07,2023-09-25 06:51:07,4.0,3.99,On Time,Traffic,4.0,False,2023-09-25
8337948336,61806,2023-07-04 05:42:59,2023-07-04 05:47:59,5.0,3.64,On Time,Traffic,5.0,False,2023-07-04
8814435884,19344,2024-08-11 14:11:47,2024-08-11 14:13:47,2.0,0.75,On Time,Traffic,2.0,False,2024-08-11
6645415772,80224,2024-07-02 07:04:43,2024-07-02 07:00:43,-4.0,4.61,On Time,,-4.0,True,2024-07-02
5274039950,77082,2023-12-14 20:34:39,2023-12-14 20:31:39,-3.0,2.99,On Time,,-3.0,True,2023-12-14
7404052550,19555,2023-09-13 07:21:41,2023-09-13 07:18:41,-3.0,3.25,On Time,,-3.0,True,2023-09-13
8179058864,98021,2023-05-18 17:59:29,2023-05-18 17:57:29,-2.0,2.59,On Time,,-2.0,True,2023-05-18
5195997912,54621,2024-07-20 15:34:32,2024-07-20 15:29:32,-5.0,2.91,On Time,,-5.0,True,2024-07-20
3320194259,18826,2023-12-07 19:10:10,2023-12-07 19:06:10,-4.0,3.85,On Time,,-4.0,True,2023-12-07
8185684967,39742,2023-05-05 22:48:30,2023-05-05 22:49:30,1.0,2.05,On Time,Traffic,1.0,False,2023-05-05
2324568019,84177,2023-07-06 05:18:30,2023-07-06 05:25:30,7.0,3.72,Slightly Delayed,Traffic,7.0,False,2023-07-06
3522645150,24179,2023-05-16 07:52:57,2023-05-16 07:53:57,1.0,1.57,On Time,Traffic,1.0,False,2023-05-16
4510488834,88472,2024-09-08 20:53:29,2024-09-08 20:53:29,0.0,1.56,On Time,,0.0,True,2024-09-08
9433427403,44148,2023-05-17 21:11:25,2023-05-17 21:24:25,13.0,4.98,Slightly Delayed,Traffic,13.0,False,2023-05-17
8065436106,75168,2024-01-22 01:59:31,2024-01-22 01:59:31,0.0,4.51,On Time,,0.0,True,2024-01-22
846586265,8377,2023-07-02 16:52:26,2023-07-02 17:02:26,10.0,2.63,Slightly Delayed,Traffic,10.0,False,2023-07-02
4337013612,14243,2023-05-15 12:42:43,2023-05-15 12:45:43,3.0,2.79,On Time,Traffic,3.0,False,2023-05-15
8916023990,91553,2024-05-18 04:47:04,2024-05-18 04:58:04,11.0,1.31,Slightly Delayed,Traffic,11.0,False,2024-05-18
6018805430,39582,2023-09-04 07:37:40,2023-09-04 07:41:40,4.0,4.16,On Time,Traffic,4.0,False,2023-09-04
2676353168,61764,2024-09-10 11:32:07,2024-09-10 11:31:07,-1.0,3.6,On Time,,-1.0,True,2024-09-10
1069724600,27884,2023-07-26 11:56:20,2023-07-26 12:05:20,9.0,2.23,Slightly Delayed,Traffic,9.0,False,2023-07-26
5503476312,28852,2024-06-16 16:03:53,2024-06-16 16:07:53,4.0,2.89,On Time,Traffic,4.0,False,2024-06-16
4439677910,84746,2024-02-26 09:44:38,2024-02-26 09:44:38,0.0,1.59,On Time,,0.0,True,2024-02-26
8045361592,3274,2024-10-11 12:04:32,2024-10-11 12:06:32,2.0,4.06,On Time,Traffic,2.0,False,2024-10-11
1873731593,82405,2023-11-24 07:58:32,2023-11-24 08:01:32,3.0,4.21,On Time,Traffic,3.0,False,2023-11-24
1126011099,7013,2024-02-21 22:09:21,2024-02-21 22:08:21,-1.0,0.92,On Time,,-1.0,True,2024-02-21
4100626744,30255,2024-10-21 01:19:46,2024-10-21 01:24:46,5.0,4.16,On Time,Traffic,5.0,False,2024-10-21
8616880376,3557,2024-03-18 04:15:22,2024-03-18 04:35:22,20.0,2.86,Significantly Delayed,Traffic,20.0,False,2024-03-18
1427911940,321,2024-02-24 07:14:38,2024-02-24 07:17:38,3.0,2.28,On Time,Traffic,3.0,False,2024-02-24
4416398885,89868,2024-10-22 06:57:37,2024-10-22 06:56:37,-1.0,1.05,On Time,,-1.0,True,2024-10-22
2584579895,40539,2024-01-12 20:57:24,2024-01-12 20:55:24,-2.0,2.26,On Time,,-2.0,True,2024-01-12
7770651576,65051,2023-09-04 00:28:49,2023-09-04 00:51:49,23.0,4.1,Significantly Delayed,Traffic,23.0,False,2023-09-04
3705985582,64445,2023-08-19 23:35:01,2023-08-19 23:36:01,1.0,2.11,On Time,Traffic,1.0,False,2023-08-19
5160295213,99136,2024-01-25 20:59:59,2024-01-25 20:59:59,0.0,2.45,On Time,,0.0,True,2024-01-25
4374285559,77397,2024-09-02 03:11:44,2024-09-02 03:18:44,7.0,2.49,Slightly Delayed,Traffic,7.0,False,2024-09-02
9096638812,82494,2023-12-05 02:11:14,2023-12-05 02:10:14,-1.0,2.07,On Time,,-1.0,True,2023-12-05
2888179397,21483,2023-08-26 19:09:22,2023-08-26 19:17:22,8.0,1.89,Slightly Delayed,Traffic,8.0,False,2023-08-26
3387165389,5218,2024-07-14 09:24:56,2024-07-14 09:24:56,0.0,2.13,On Time,,0.0,True,2024-07-14
1925647539,74222,2023-08-14 15:48:54,2023-08-14 15:49:54,1.0,1.39,On Time,Traffic,1.0,False,2023-08-14
6160848562,3350,2023-09-10 19:57:37,2023-09-10 20:02:37,5.0,3.71,On Time,Traffic,5.0,False,2023-09-10
2343495895,92896,2024-08-04 14:34:51,2024-08-04 14:33:51,-1.0,2.17,On Time,,-1.0,True,2024-08-04
8812220964,67129,2023-08-29 16:38:14,2023-08-29 16:43:14,5.0,3.5,On Time,Traffic,5.0,False,2023-08-29
8640364495,26749,2023-05-13 23:03:47,2023-05-13 23:13:47,10.0,3.03,Slightly Delayed,Traffic,10.0,False,2023-05-13
4610687284,4338,2023-09-26 10:48:31,2023-09-26 10:53:31,5.0,4.69,On Time,Traffic,5.0,False,2023-09-26
189431942,73313,2024-01-23 12:47:16,2024-01-23 12:45:16,-2.0,4.37,On Time,,-2.0,True,2024-01-23
1746826454,85938,2024-01-05 01:52:52,2024-01-05 01:50:52,-2.0,0.64,On Time,,-2.0,True,2024-01-05
948345459,89820,2024-03-23 04:25:06,2024-03-23 04:35:06,10.0,1.25,Slightly Delayed,Traffic,10.0,False,2024-03-23
9959881029,36005,2024-09-30 03:34:06,2024-09-30 03:44:06,10.0,0.93,Slightly Delayed,Traffic,10.0,False,2024-09-30
621213006,42600,2024-07-22 04:39:26,2024-07-22 04:40:26,1.0,1.61,On Time,Traffic,1.0,False,2024-07-22
1772464528,47913,2023-09-07 21:22:04,2023-09-07 21:23:04,1.0,2.23,On Time,Traffic,1.0,False,2023-09-07
7732863862,10377,2023-08-02 04:11:51,2023-08-02 04:13:51,2.0,3.32,On Time,Traffic,2.0,False,2023-08-02
3064828239,46175,2024-02-18 07:49:33,2024-02-18 07:54:33,5.0,4.66,On Time,Traffic,5.0,False,2024-02-18
6363526452,870,2023-10-10 23:16:54,2023-10-10 23:18:54,2.0,2.76,On Time,Traffic,2.0,False,2023-10-10
6988011282,63272,2024-10-30 17:18:05,2024-10-30 17:17:05,-1.0,3.17,On Time,,-1.0,True,2024-10-30
8523250818,69177,2024-02-11 19:05:06,2024-02-11 19:01:06,-4.0,1.28,On Time,,-4.0,True,2024-02-11
5595210484,82974,2023-05-17 01:19:53,2023-05-17 01:27:53,8.0,2.21,Slightly Delayed,Traffic,8.0,False,2023-05-17
1461081366,36779,2024-08-15 23:16:55,2024-08-15 23:23:55,7.0,3.78,Slightly Delayed,Traffic,7.0,False,2024-08-15
4922364507,69143,2024-07-06 08:57:32,2024-07-06 08:59:32,2.0,2.96,On Time,Traffic,2.0,False,2024-07-06
6597871211,42842,2024-05-03 00:47:32,2024-05-03 00:48:32,1.0,2.44,On Time,Traffic,1.0,False,2024-05-03
2719816862,89017,2024-09-20 21:09:22,2024-09-20 21:24:22,15.0,2.7,Slightly Delayed,Traffic,15.0,False,2024-09-20
9830788650,26304,2023-07-07 08:12:06,2023-07-07 08:17:06,5.0,4.22,On Time,Traffic,5.0,False,2023-07-07
140980199,72398,2024-03-05 14:27:06,2024-03-05 14:36:06,9.0,1.97,Slightly Delayed,Traffic,9.0,False,2024-03-05
7595842583,3254,2024-02-24 08:13:06,2024-02-24 08:18:06,5.0,1.8,On Time,Traffic,5.0,False,2024-02-24
2390228992,70541,2023-07-31 17:08:38,2023-07-31 17:08:38,0.0,4.68,On Time,,0.0,True,2023-07-31
8178738469,89094,2023-06-12 06:03:37,2023-06-12 06:13:37,10.0,4.95,Slightly Delayed,Traffic,10.0,False,2023-06-12
9964671001,5380,2024-03-14 18:06:53,2024-03-14 18:02:53,-4.0,1.4,On Time,,-4.0,True,2024-03-14
1258689954,51547,2024-03-31 02:41:00,2024-03-31 02:43:00,2.0,2.97,On Time,Traffic,2.0,False,2024-03-31
4647158015,93276,2023-11-18 13:40:26,2023-11-18 13:52:26,12.0,1.02,Slightly Delayed,Traffic,12.0,False,2023-11-18
2382974038,81484,2024-05-16 17:01:07,2024-05-16 17:04:07,3.0,3.41,On Time,Traffic,3.0,False,2024-05-16
3663827875,25542,2023-11-02 20:46:10,2023-11-02 21:10:10,24.0,2.92,Significantly Delayed,Traffic,24.0,False,2023-11-02
6501113916,30138,2024-01-07 17:05:53,2024-01-07 17:09:53,4.0,3.28,On Time,Traffic,4.0,False,2024-01-07
3300719369,14792,2024-05-25 03:57:12,2024-05-25 04:02:12,5.0,4.37,On Time,Traffic,5.0,False,2024-05-25
3239722852,63051,2023-07-02 09:43:30,2023-07-02 09:39:30,-4.0,0.68,On Time,,-4.0,True,2023-07-02
6694899030,72101,2024-09-21 16:44:57,2024-09-21 16:57:57,13.0,1.64,Slightly Delayed,Traffic,13.0,False,2024-09-21
992895707,95191,2023-05-14 22:51:49,2023-05-14 22:57:49,6.0,4.39,Slightly Delayed,Traffic,6.0,False,2023-05-14
8432150432,4319,2024-05-11 16:33:59,2024-05-11 16:33:59,0.0,4.15,On Time,,0.0,True,2024-05-11
6220520171,82788,2023-12-01 00:21:19,2023-12-01 00:20:19,-1.0,0.95,On Time,,-1.0,True,2023-12-01
735608722,4090,2024-06-08 09:48:25,2024-06-08 10:02:25,14.0,2.64,Slightly Delayed,Traffic,14.0,False,2024-06-08
7303161073,80732,2024-03-15 00:15:10,2024-03-15 00:20:10,5.0,3.14,On Time,Traffic,5.0,False,2024-03-15
9783380107,37808,2024-06-09 08:18:30,2024-06-09 08:18:30,0.0,1.55,On Time,,0.0,True,2024-06-09
3835886077,58336,2023-11-19 17:51:59,2023-11-19 17:49:59,-2.0,1.06,On Time,,-2.0,True,2023-11-19
8140652447,16128,2024-04-15 11:39:24,2024-04-15 11:36:24,-3.0,4.81,On Time,,-3.0,True,2024-04-15
6412390967,19522,2024-02-03 20:35:40,2024-02-03 20:37:40,2.0,3.04,On Time,Traffic,2.0,False,2024-02-03
6688575911,28472,2023-12-26 19:01:13,2023-12-26 19:04:13,3.0,3.47,On Time,Traffic,3.0,False,2023-12-26
3890111511,51181,2024-09-09 23:52:46,2024-09-10 00:11:46,19.0,3.55,Significantly Delayed,Traffic,19.0,False,2024-09-10
5145256852,60056,2024-09-10 19:25:18,2024-09-10 19:43:18,18.0,4.37,Significantly Delayed,Traffic,18.0,False,2024-09-10
7375057413,80419,2023-05-17 22:35:56,2023-05-17 22:44:56,9.0,4.64,Slightly Delayed,Traffic,9.0,False,2023-05-17
3047491006,3770,2024-09-21 22:03:52,2024-09-21 22:08:52,5.0,0.69,On Time,Traffic,5.0,False,2024-09-21
7715738110,78052,2023-05-10 22:25:57,2023-05-10 22:29:57,4.0,0.64,On Time,Traffic,4.0,False,2023-05-10
6191554160,17582,2023-07-20 23:26:31,2023-07-20 23:24:31,-2.0,4.32,On Time,,-2.0,True,2023-07-20
896919031,61896,2024-10-08 03:12:32,2024-10-08 03:11:32,-1.0,3.17,On Time,,-1.0,True,2024-10-08
1535818185,11471,2024-05-03 16:42:31,2024-05-03 16:37:31,-5.0,3.44,On Time,,-5.0,True,2024-05-03
4428830794,1874,2024-06-18 23:41:18,2024-06-18 23:44:18,3.0,4.36,On Time,Traffic,3.0,False,2024-06-18
3610035622,94062,2024-04-04 03:46:32,2024-04-04 03:44:32,-2.0,2.96,On Time,,-2.0,True,2024-04-04
8674445072,98361,2024-08-04 05:42:43,2024-08-04 05:44:43,2.0,1.92,On Time,Traffic,2.0,False,2024-08-04
9623704312,5220,2024-02-24 22:21:43,2024-02-24 22:23:43,2.0,0.75,On Time,Traffic,2.0,False,2024-02-24
7786002894,99820,2023-12-21 13:06:24,2023-12-21 13:12:24,6.0,2.8,Slightly Delayed,Traffic,6.0,False,2023-12-21
3264409553,61878,2023-03-30 18:48:29,2023-03-30 19:12:29,24.0,4.86,Significantly Delayed,Traffic,24.0,False,2023-03-30
7736534043,83856,2023-05-28 08:33:29,2023-05-28 08:29:29,-4.0,4.36,On Time,,-4.0,True,2023-05-28
5936596117,1771,2024-10-25 12:28:18,2024-10-25 12:23:18,-5.0,2.78,On Time,,-5.0,True,2024-10-25
1980087245,98576,2023-06-16 19:46:33,2023-06-16 19:49:33,3.0,3.77,On Time,Traffic,3.0,False,2023-06-16
8861557989,38818,2024-08-25 06:22:25,2024-08-25 06:18:25,-4.0,3.9,On Time,,-4.0,True,2024-08-25
6702391437,44685,2024-01-21 18:15:30,2024-01-21 18:32:30,17.0,1.73,Significantly Delayed,Traffic,17.0,False,2024-01-21
6385452188,84550,2024-06-04 21:39:31,2024-06-04 21:43:31,4.0,4.06,On Time,Traffic,4.0,False,2024-06-04
8813216380,388,2024-10-09 12:17:06,2024-10-09 12:27:06,10.0,2.93,Slightly Delayed,Traffic,10.0,False,2024-10-09
5563712992,8510,2024-01-11 16:43:07,2024-01-11 16:47:07,4.0,4.23,On Time,Traffic,4.0,False,2024-01-11
966468552,64064,2023-06-24 01:55:48,2023-06-24 01:53:48,-2.0,2.29,On Time,,-2.0,True,2023-06-24
4368529506,98277,2024-06-30 01:34:42,2024-06-30 01:40:42,6.0,1.15,Slightly Delayed,Traffic,6.0,False,2024-06-30
3777009463,36810,2024-09-01 08:24:47,2024-09-01 08:23:47,-1.0,3.36,On Time,,-1.0,True,2024-09-01
3560912801,16585,2024-09-09 00:07:45,2024-09-09 00:02:45,-5.0,2.69,On Time,,-5.0,True,2024-09-09
1741224538,28254,2023-03-29 00:40:22,2023-03-29 00:40:22,0.0,1.04,On Time,,0.0,True,2023-03-29
4579251445,63271,2023-08-28 15:48:23,2023-08-28 15:48:23,0.0,2.51,On Time,,0.0,True,2023-08-28
3438127101,80040,2023-11-27 16:50:08,2023-11-27 16:52:08,2.0,2.44,On Time,Traffic,2.0,False,2023-11-27
9741958794,4642,2024-08-20 07:43:07,2024-08-20 07:51:07,8.0,1.52,Slightly Delayed,Traffic,8.0,False,2024-08-20
882082341,64310,2024-10-10 12:49:06,2024-10-10 13:00:06,11.0,2.1,Slightly Delayed,Traffic,11.0,False,2024-10-10
3629321763,93253,2024-08-06 19:03:52,2024-08-06 19:05:52,2.0,0.84,On Time,Traffic,2.0,False,2024-08-06
888938572,28461,2023-04-02 20:49:35,2023-04-02 20:54:35,5.0,4.8,On Time,Traffic,5.0,False,2023-04-02
5263181887,28643,2024-09-28 22:13:44,2024-09-28 22:18:44,5.0,1.24,On Time,Traffic,5.0,False,2024-09-28
7071557807,70989,2024-04-29 11:24:40,2024-04-29 11:32:40,8.0,4.81,Slightly Delayed,Traffic,8.0,False,2024-04-29
6888804296,27520,2024-10-24 22:40:07,2024-10-24 22:42:07,2.0,3.51,On Time,Traffic,2.0,False,2024-10-24
814182718,18293,2023-11-17 22:30:49,2023-11-17 22:25:49,-5.0,1.14,On Time,,-5.0,True,2023-11-17
3513524740,96517,2024-07-03 12:20:31,2024-07-03 12:42:31,22.0,3.09,Significantly Delayed,Traffic,22.0,False,2024-07-03
1234169434,73458,2023-10-17 21:03:10,2023-10-17 21:07:10,4.0,2.23,On Time,Traffic,4.0,False,2023-10-17
2577990012,81801,2023-09-22 03:13:12,2023-09-22 03:13:12,0.0,3.35,On Time,,0.0,True,2023-09-22
8446065263,38584,2023-11-15 02:10:57,2023-11-15 02:16:57,6.0,1.74,Slightly Delayed,Traffic,6.0,False,2023-11-15
4220970302,93466,2024-11-01 10:03:24,2024-11-01 09:59:24,-4.0,1.84,On Time,,-4.0,True,2024-11-01
5712516128,41787,2023-07-14 21:33:01,2023-07-14 21:34:01,1.0,3.96,On Time,Traffic,1.0,False,2023-07-14
807167715,15159,2024-08-28 21:32:15,2024-08-28 21:29:15,-3.0,2.07,On Time,,-3.0,True,2024-08-28
213972345,5515,2024-06-14 23:26:09,2024-06-14 23:28:09,2.0,2.86,On Time,Traffic,2.0,False,2024-06-14
1013762407,89281,2024-10-19 07:14:40,2024-10-19 07:38:40,24.0,2.11,Significantly Delayed,Traffic,24.0,False,2024-10-19
5234194751,47252,2024-02-19 05:02:03,2024-02-19 05:06:03,4.0,1.42,On Time,Traffic,4.0,False,2024-02-19
1389077693,1965,2023-06-27 18:12:27,2023-06-27 18:26:27,14.0,3.0,Slightly Delayed,Traffic,14.0,False,2023-06-27
1895143216,68226,2023-03-25 20:23:10,2023-03-25 20:28:10,5.0,4.21,On Time,Traffic,5.0,False,2023-03-25
3667250123,34707,2024-03-04 06:27:23,2024-03-04 06:53:23,26.0,2.28,Significantly Delayed,Traffic,26.0,False,2024-03-04
6430529802,72291,2023-07-23 15:14:31,2023-07-23 15:09:31,-5.0,2.39,On Time,,-5.0,True,2023-07-23
4856277700,85395,2023-08-17 23:05:53,2023-08-17 23:21:53,16.0,2.92,Significantly Delayed,Traffic,16.0,False,2023-08-17
1492403962,88981,2023-07-09 02:03:47,2023-07-09 02:06:47,3.0,1.18,On Time,Traffic,3.0,False,2023-07-09
4348167632,62399,2023-11-29 06:04:03,2023-11-29 05:59:03,-5.0,2.38,On Time,,-5.0,True,2023-11-29
3682471195,94268,2023-12-06 04:30:47,2023-12-06 04:44:47,14.0,4.09,Slightly Delayed,Traffic,14.0,False,2023-12-06
6888837939,18096,2024-03-27 15:05:12,2024-03-27 15:00:12,-5.0,1.99,On Time,,-5.0,True,2024-03-27
2278004109,72611,2024-09-01 04:00:07,2024-09-01 04:07:07,7.0,0.76,Slightly Delayed,Traffic,7.0,False,2024-09-01
7471013149,21505,2024-10-13 13:00:47,2024-10-13 13:08:47,8.0,2.74,Slightly Delayed,Traffic,8.0,False,2024-10-13
755745232,25231,2024-10-02 02:09:01,2024-10-02 02:20:01,11.0,1.87,Slightly Delayed,Traffic,11.0,False,2024-10-02
2963187161,20323,2024-06-18 12:24:53,2024-06-18 12:36:53,12.0,2.14,Slightly Delayed,Traffic,12.0,False,2024-06-18
3980591844,16450,2023-06-20 03:45:07,2023-06-20 03:50:07,5.0,4.88,On Time,Traffic,5.0,False,2023-06-20
9960808976,27708,2024-04-08 03:53:02,2024-04-08 03:50:02,-3.0,4.17,On Time,,-3.0,True,2024-04-08
8740552000,40753,2023-05-16 12:00:38,2023-05-16 12:11:38,11.0,1.82,Slightly Delayed,Traffic,11.0,False,2023-05-16
9230099449,45467,2023-05-08 04:14:30,2023-05-08 04:10:30,-4.0,3.75,On Time,,-4.0,True,2023-05-08
4277432248,33604,2023-05-10 21:45:20,2023-05-10 21:41:20,-4.0,4.78,On Time,,-4.0,True,2023-05-10
3624765984,26888,2023-12-11 08:35:44,2023-12-11 08:30:44,-5.0,2.89,On Time,,-5.0,True,2023-12-11
8533110341,45197,2023-06-14 09:14:05,2023-06-14 09:21:05,7.0,1.21,Slightly Delayed,Traffic,7.0,False,2023-06-14
5036664068,54985,2023-11-06 08:03:44,2023-11-06 08:00:44,-3.0,1.44,On Time,,-3.0,True,2023-11-06
9989636336,91946,2024-05-24 07:45:24,2024-05-24 07:59:24,14.0,4.86,Slightly Delayed,Traffic,14.0,False,2024-05-24
2843642858,39226,2024-03-14 07:05:23,2024-03-14 07:07:23,2.0,1.92,On Time,Traffic,2.0,False,2024-03-14
7510849424,35153,2024-03-08 04:30:08,2024-03-08 04:29:08,-1.0,3.62,On Time,,-1.0,True,2024-03-08
8744806310,19395,2023-07-04 00:02:25,2023-07-03 23:59:25,-3.0,2.89,On Time,,-3.0,True,2023-07-03
7605774154,78836,2024-02-02 23:57:14,2024-02-02 23:55:14,-2.0,4.44,On Time,,-2.0,True,2024-02-02
6904233594,24070,2024-08-09 22:04:28,2024-08-09 22:00:28,-4.0,1.53,On Time,,-4.0,True,2024-08-09
6371336060,17953,2024-07-21 20:22:14,2024-07-21 20:19:14,-3.0,2.4,On Time,,-3.0,True,2024-07-21
8137624530,85372,2023-10-25 00:15:43,2023-10-25 00:27:43,12.0,4.67,Slightly Delayed,Traffic,12.0,False,2023-10-25
9131474241,7186,2024-10-18 17:12:08,2024-10-18 17:07:08,-5.0,2.16,On Time,,-5.0,True,2024-10-18
7413772322,77018,2023-06-12 15:56:13,2023-06-12 15:58:13,2.0,3.33,On Time,Traffic,2.0,False,2023-06-12
9400852015,92978,2024-07-01 07:08:33,2024-07-01 07:19:33,11.0,4.72,Slightly Delayed,Traffic,11.0,False,2024-07-01
4867437863,48327,2024-01-25 03:11:54,2024-01-25 03:25:54,14.0,2.82,Slightly Delayed,Traffic,14.0,False,2024-01-25
4219458877,45483,2023-12-27 03:00:02,2023-12-27 03:22:02,22.0,3.86,Significantly Delayed,Traffic,22.0,False,2023-12-27
35135941,64624,2024-07-29 18:26:33,2024-07-29 18:21:33,-5.0,3.09,On Time,,-5.0,True,2024-07-29
4754258275,81493,2023-09-16 13:54:16,2023-09-16 13:52:16,-2.0,0.79,On Time,,-2.0,True,2023-09-16
9195687538,17689,2024-01-06 12:06:39,2024-01-06 12:36:39,30.0,0.63,Significantly Delayed,Traffic,30.0,False,2024-01-06
344554037,53784,2023-11-10 08:34:48,2023-11-10 08:52:48,18.0,2.49,Significantly Delayed,Traffic,18.0,False,2023-11-10
7503255456,31307,2023-08-03 21:30:59,2023-08-03 21:46:59,16.0,1.57,Significantly Delayed,Traffic,16.0,False,2023-08-03
5903638531,30906,2023-05-02 16:58:25,2023-05-02 16:56:25,-2.0,0.73,On Time,,-2.0,True,2023-05-02
1670694517,54015,2024-08-09 17:55:54,2024-08-09 17:50:54,-5.0,1.62,On Time,,-5.0,True,2024-08-09
2369121788,509,2024-05-28 21:37:47,2024-05-28 21:41:47,4.0,4.9,On Time,Traffic,4.0,False,2024-05-28
6012082951,9667,2023-05-17 06:23:38,2023-05-17 06:26:38,3.0,2.52,On Time,Traffic,3.0,False,2023-05-17
3675914158,57846,2024-03-08 06:23:12,2024-03-08 06:36:12,13.0,1.98,Slightly Delayed,Traffic,13.0,False,2024-03-08
1396605672,87368,2024-01-07 02:09:28,2024-01-07 02:06:28,-3.0,3.09,On Time,,-3.0,True,2024-01-07
4260996213,14963,2023-04-12 12:55:55,2023-04-12 13:12:55,17.0,1.23,Significantly Delayed,Traffic,17.0,False,2023-04-12
4749534376,33915,2024-05-19 00:49:01,2024-05-19 00:44:01,-5.0,4.34,On Time,,-5.0,True,2024-05-19
6095091385,58226,2024-07-11 07:18:45,2024-07-11 07:31:45,13.0,3.14,Slightly Delayed,Traffic,13.0,False,2024-07-11
1131338162,72596,2024-02-03 12:11:08,2024-02-03 12:09:08,-2.0,3.25,On Time,,-2.0,True,2024-02-03
6100236720,91266,2023-08-24 13:12:44,2023-08-24 13:14:44,2.0,2.93,On Time,Traffic,2.0,False,2023-08-24
3363683548,93499,2024-02-09 10:32:54,2024-02-09 10:32:54,0.0,1.2,On Time,,0.0,True,2024-02-09
8721540965,67650,2024-07-05 13:13:49,2024-07-05 13:12:49,-1.0,4.87,On Time,,-1.0,True,2024-07-05
1712456261,26493,2023-10-15 10:50:57,2023-10-15 10:49:57,-1.0,4.91,On Time,,-1.0,True,2023-10-15
760930025,62735,2023-06-19 18:48:51,2023-06-19 18:46:51,-2.0,3.35,On Time,,-2.0,True,2023-06-19
5652465358,54033,2024-06-17 18:23:50,2024-06-17 18:44:50,21.0,0.59,Significantly Delayed,Traffic,21.0,False,2024-06-17
3580915899,64163,2023-10-23 18:28:42,2023-10-23 18:23:42,-5.0,2.33,On Time,,-5.0,True,2023-10-23
1174382816,82185,2024-08-14 21:05:31,2024-08-14 21:06:31,1.0,1.42,On Time,Traffic,1.0,False,2024-08-14
3200474667,16148,2024-09-17 19:14:43,2024-09-17 19:10:43,-4.0,0.98,On Time,,-4.0,True,2024-09-17
7474651061,94198,2023-06-09 22:52:12,2023-06-09 22:47:12,-5.0,2.11,On Time,,-5.0,True,2023-06-09
1892282465,2804,2023-08-23 02:00:45,2023-08-23 01:59:45,-1.0,3.49,On Time,,-1.0,True,2023-08-23
3859828998,39119,2023-04-14 04:01:30,2023-04-14 04:00:30,-1.0,0.78,On Time,,-1.0,True,2023-04-14
2554590672,36934,2023-12-03 13:02:10,2023-12-03 13:05:10,3.0,2.42,On Time,Traffic,3.0,False,2023-12-03
9667675052,94350,2023-09-29 13:36:03,2023-09-29 13:40:03,4.0,3.23,On Time,Traffic,4.0,False,2023-09-29
8382437838,84984,2024-05-30 16:17:35,2024-05-30 16:15:35,-2.0,3.02,On Time,,-2.0,True,2024-05-30
6247090607,96576,2023-10-07 15:54:13,2023-10-07 15:56:13,2.0,3.76,On Time,Traffic,2.0,False,2023-10-07
5004073261,62540,2024-06-16 17:38:11,2024-06-16 17:51:11,13.0,0.86,Slightly Delayed,Traffic,13.0,False,2024-06-16
6595898122,99156,2024-07-13 20:57:07,2024-07-13 20:53:07,-4.0,2.95,On Time,,-4.0,True,2024-07-13
9844371682,70915,2023-06-10 20:40:20,2023-06-10 20:35:20,-5.0,3.43,On Time,,-5.0,True,2023-06-10
7198169379,92952,2023-07-13 21:14:59,2023-07-13 21:22:59,8.0,2.25,Slightly Delayed,Traffic,8.0,False,2023-07-13
2815855636,6074,2023-07-28 10:29:31,2023-07-28 10:32:31,3.0,1.93,On Time,Traffic,3.0,False,2023-07-28
6033660622,82054,2023-04-12 15:24:35,2023-04-12 15:31:35,7.0,3.74,Slightly Delayed,Traffic,7.0,False,2023-04-12
7944056454,83225,2023-05-22 23:50:19,2023-05-22 23:52:19,2.0,4.19,On Time,Traffic,2.0,False,2023-05-22
4354264440,3704,2023-12-13 11:20:13,2023-12-13 11:32:13,12.0,4.26,Slightly Delayed,Traffic,12.0,False,2023-12-13
5623096090,13931,2023-08-25 12:54:53,2023-08-25 12:54:53,0.0,0.9,On Time,,0.0,True,2023-08-25
701856661,15464,2024-06-10 01:32:43,2024-06-10 01:31:43,-1.0,3.71,On Time,,-1.0,True,2024-06-10
1911276445,18487,2024-10-20 14:54:26,2024-10-20 15:06:26,12.0,2.99,Slightly Delayed,Traffic,12.0,False,2024-10-20
9323909987,7906,2024-05-09 04:15:26,2024-05-09 04:13:26,-2.0,0.6,On Time,,-2.0,True,2024-05-09
1988898073,21707,2024-02-21 11:44:59,2024-02-21 11:54:59,10.0,1.17,Slightly Delayed,Traffic,10.0,False,2024-02-21
6457671753,50589,2024-01-07 23:51:14,2024-01-07 23:48:14,-3.0,1.96,On Time,,-3.0,True,2024-01-07
3556497272,79803,2024-10-18 10:32:52,2024-10-18 10:35:52,3.0,4.09,On Time,Traffic,3.0,False,2024-10-18
2182762247,8763,2023-09-06 20:47:30,2023-09-06 20:43:30,-4.0,2.61,On Time,,-4.0,True,2023-09-06
6026842782,57323,2024-08-27 20:11:30,2024-08-27 20:10:30,-1.0,1.19,On Time,,-1.0,True,2024-08-27
1227108607,36907,2024-09-18 12:49:42,2024-09-18 12:52:42,3.0,3.36,On Time,Traffic,3.0,False,2024-09-18
9362226645,29024,2024-05-12 05:18:14,2024-05-12 05:27:14,9.0,3.5,Slightly Delayed,Traffic,9.0,False,2024-05-12
6313785973,34181,2023-03-21 03:28:21,2023-03-21 03:38:21,10.0,1.22,Slightly Delayed,Traffic,10.0,False,2023-03-21
1297253359,20964,2024-04-24 09:29:28,2024-04-24 09:38:28,9.0,3.5,Slightly Delayed,Traffic,9.0,False,2024-04-24
6138091203,27226,2023-09-09 06:11:23,2023-09-09 06:06:23,-5.0,4.3,On Time,,-5.0,True,2023-09-09
4770739350,96604,2024-07-12 19:55:00,2024-07-12 20:22:00,27.0,3.34,Significantly Delayed,Traffic,27.0,False,2024-07-12
6253838449,92207,2024-06-11 00:49:02,2024-06-11 00:51:02,2.0,1.37,On Time,Traffic,2.0,False,2024-06-11
1015708455,35032,2023-09-04 18:11:41,2023-09-04 18:19:41,8.0,2.74,Slightly Delayed,Traffic,8.0,False,2023-09-04
2201201842,7484,2023-10-02 13:29:35,2023-10-02 13:24:35,-5.0,1.61,On Time,,-5.0,True,2023-10-02
200000051,58741,2023-10-04 20:21:09,2023-10-04 20:17:09,-4.0,4.86,On Time,,-4.0,True,2023-10-04
409570377,6848,2024-03-27 14:57:35,2024-03-27 15:12:35,15.0,3.53,Slightly Delayed,Traffic,15.0,False,2024-03-27
5944464513,80133,2023-03-25 16:57:17,2023-03-25 16:55:17,-2.0,4.49,On Time,,-2.0,True,2023-03-25
7064377287,30746,2024-09-02 07:48:33,2024-09-02 07:48:33,0.0,3.87,On Time,,0.0,True,2024-09-02
7763036477,11382,2024-08-14 20:39:07,2024-08-14 20:34:07,-5.0,2.35,On Time,,-5.0,True,2024-08-14
7494002152,12465,2024-05-01 06:48:27,2024-05-01 06:44:27,-4.0,4.81,On Time,,-4.0,True,2024-05-01
692127479,59887,2024-07-09 23:27:20,2024-07-09 23:22:20,-5.0,3.54,On Time,,-5.0,True,2024-07-09
7544245121,48705,2024-09-26 18:11:33,2024-09-26 18:19:33,8.0,0.74,Slightly Delayed,Traffic,8.0,False,2024-09-26
4429641190,56195,2023-06-18 06:03:31,2023-06-18 06:04:31,1.0,3.43,On Time,Traffic,1.0,False,2023-06-18
8093366865,55773,2024-10-16 12:03:49,2024-10-16 12:30:49,27.0,1.97,Significantly Delayed,Traffic,27.0,False,2024-10-16
6269075067,40584,2023-11-16 00:09:36,2023-11-16 00:06:36,-3.0,3.95,On Time,,-3.0,True,2023-11-16
4056304110,32614,2023-11-25 12:19:51,2023-11-25 12:37:51,18.0,1.37,Significantly Delayed,Traffic,18.0,False,2023-11-25
4447978623,26809,2024-08-21 07:12:53,2024-08-21 07:12:53,0.0,4.74,On Time,,0.0,True,2024-08-21
5875285677,55480,2023-05-20 10:53:49,2023-05-20 10:57:49,4.0,1.55,On Time,Traffic,4.0,False,2023-05-20
4177774653,8589,2024-05-20 10:53:55,2024-05-20 10:55:55,2.0,3.63,On Time,Traffic,2.0,False,2024-05-20
502632296,67946,2024-05-15 19:50:23,2024-05-15 19:53:23,3.0,4.42,On Time,Traffic,3.0,False,2024-05-15
5037688536,166,2024-02-24 05:54:57,2024-02-24 06:22:57,28.0,3.96,Significantly Delayed,Traffic,28.0,False,2024-02-24
6844277478,29959,2024-08-28 17:16:29,2024-08-28 17:23:29,7.0,4.59,Slightly Delayed,Traffic,7.0,False,2024-08-28
3368317718,96055,2024-06-01 00:17:29,2024-06-01 00:12:29,-5.0,4.71,On Time,,-5.0,True,2024-06-01
913881994,98626,2024-08-04 21:40:28,2024-08-04 21:41:28,1.0,4.43,On Time,Traffic,1.0,False,2024-08-04
6445700839,94758,2024-03-06 15:45:29,2024-03-06 15:48:29,3.0,1.13,On Time,Traffic,3.0,False,2024-03-06
101613683,59292,2023-06-29 21:03:29,2023-06-29 20:58:29,-5.0,4.08,On Time,,-5.0,True,2023-06-29
7094586913,74282,2023-10-01 21:05:39,2023-10-01 21:06:39,1.0,4.54,On Time,Traffic,1.0,False,2023-10-01
2478557609,53936,2024-06-15 14:59:39,2024-06-15 15:12:39,13.0,1.9,Slightly Delayed,Traffic,13.0,False,2024-06-15
9516720368,46734,2024-04-04 20:21:39,2024-04-04 20:22:39,1.0,3.37,On Time,Traffic,1.0,False,2024-04-04
3808010352,50711,2024-02-17 02:42:10,2024-02-17 02:40:10,-2.0,1.51,On Time,,-2.0,True,2024-02-17
7921886899,97509,2023-07-01 03:01:43,2023-07-01 02:58:43,-3.0,3.69,On Time,,-3.0,True,2023-07-01
6818712547,65099,2023-12-27 06:15:57,2023-12-27 06:13:57,-2.0,2.26,On Time,,-2.0,True,2023-12-27
4538204462,4874,2024-02-26 18:29:54,2024-02-26 18:30:54,1.0,2.06,On Time,Traffic,1.0,False,2024-02-26
2008331630,19684,2023-07-13 00:50:14,2023-07-13 00:50:14,0.0,4.14,On Time,,0.0,True,2023-07-13
3901338038,93090,2024-08-23 04:04:43,2024-08-23 04:06:43,2.0,3.21,On Time,Traffic,2.0,False,2024-08-23
1483786406,99066,2023-03-25 07:41:24,2023-03-25 08:09:24,28.0,3.36,Significantly Delayed,Traffic,28.0,False,2023-03-25
5022936426,86251,2023-09-18 03:46:58,2023-09-18 03:41:58,-5.0,3.99,On Time,,-5.0,True,2023-09-18
5470875365,79541,2024-03-31 08:21:56,2024-03-31 08:23:56,2.0,0.75,On Time,Traffic,2.0,False,2024-03-31
7144611408,55520,2023-08-18 08:39:18,2023-08-18 08:37:18,-2.0,4.62,On Time,,-2.0,True,2023-08-18
9411421675,51778,2024-01-24 10:39:23,2024-01-24 10:42:23,3.0,4.6,On Time,Traffic,3.0,False,2024-01-24
7315949343,72063,2023-09-17 22:50:28,2023-09-17 22:49:28,-1.0,4.42,On Time,,-1.0,True,2023-09-17
9430475133,41262,2023-03-25 02:04:58,2023-03-25 02:07:58,3.0,3.39,On Time,Traffic,3.0,False,2023-03-25
3062145702,8248,2024-06-21 15:09:19,2024-06-21 15:13:19,4.0,2.9,On Time,Traffic,4.0,False,2024-06-21
6500458984,90658,2023-11-08 07:28:51,2023-11-08 07:37:51,9.0,1.2,Slightly Delayed,Traffic,9.0,False,2023-11-08
7429306851,96651,2024-04-22 04:09:02,2024-04-22 04:10:02,1.0,0.79,On Time,Traffic,1.0,False,2024-04-22
2687236003,93868,2024-01-10 21:12:18,2024-01-10 21:15:18,3.0,0.84,On Time,Traffic,3.0,False,2024-01-10
1885906938,39994,2023-10-09 04:33:26,2023-10-09 04:40:26,7.0,2.84,Slightly Delayed,Traffic,7.0,False,2023-10-09
9949334146,58811,2024-08-05 02:45:30,2024-08-05 03:09:30,24.0,2.71,Significantly Delayed,Traffic,24.0,False,2024-08-05
2555454584,50763,2023-08-12 17:34:51,2023-08-12 17:55:51,21.0,1.85,Significantly Delayed,Traffic,21.0,False,2023-08-12
2503209946,13371,2024-04-28 11:27:57,2024-04-28 11:26:57,-1.0,1.66,On Time,,-1.0,True,2024-04-28
2329563439,52741,2023-11-02 23:56:47,2023-11-03 00:19:47,23.0,2.91,Significantly Delayed,Traffic,23.0,False,2023-11-03
1041536174,60201,2023-06-15 09:00:09,2023-06-15 09:12:09,12.0,0.92,Slightly Delayed,Traffic,12.0,False,2023-06-15
6631188689,24043,2024-03-28 12:32:12,2024-03-28 12:27:12,-5.0,2.62,On Time,,-5.0,True,2024-03-28
9300178512,73376,2023-07-25 12:55:42,2023-07-25 12:58:42,3.0,0.65,On Time,Traffic,3.0,False,2023-07-25
1086881691,6106,2024-04-10 17:37:10,2024-04-10 17:35:10,-2.0,3.75,On Time,,-2.0,True,2024-04-10
8008880980,65111,2024-04-18 15:48:40,2024-04-18 15:52:40,4.0,2.88,On Time,Traffic,4.0,False,2024-04-18
2417680703,41668,2024-02-11 00:48:27,2024-02-11 01:02:27,14.0,2.42,Slightly Delayed,Traffic,14.0,False,2024-02-11
1117730990,19991,2024-08-23 20:07:08,2024-08-23 20:07:08,0.0,2.09,On Time,,0.0,True,2024-08-23
1678557345,20447,2024-05-12 17:20:42,2024-05-12 17:20:42,0.0,2.56,On Time,,0.0,True,2024-05-12
4505129824,81297,2023-11-14 13:13:17,2023-11-14 13:16:17,3.0,1.09,On Time,Traffic,3.0,False,2023-11-14
8737295686,61898,2023-12-11 09:28:04,2023-12-11 09:23:04,-5.0,2.36,On Time,,-5.0,True,2023-12-11
7997347191,11517,2024-07-11 03:48:42,2024-07-11 04:01:42,13.0,3.99,Slightly Delayed,Traffic,13.0,False,2024-07-11
1930645698,82675,2024-08-07 13:27:30,2024-08-07 13:31:30,4.0,1.16,On Time,Traffic,4.0,False,2024-08-07
5393373590,48267,2024-09-27 17:27:25,2024-09-27 17:36:25,9.0,1.59,Slightly Delayed,Traffic,9.0,False,2024-09-27
5851854765,71230,2023-11-24 15:07:43,2023-11-24 15:16:43,9.0,0.88,Slightly Delayed,Traffic,9.0,False,2023-11-24
3765179520,99605,2024-06-23 05:04:32,2024-06-23 05:27:32,23.0,0.53,Significantly Delayed,Traffic,23.0,False,2024-06-23
683969424,88789,2023-08-10 06:31:01,2023-08-10 06:42:01,11.0,2.51,Slightly Delayed,Traffic,11.0,False,2023-08-10
8459624382,87672,2023-08-22 18:27:23,2023-08-22 18:40:23,13.0,1.98,Slightly Delayed,Traffic,13.0,False,2023-08-22
7110044004,30128,2023-04-24 14:14:37,2023-04-24 14:21:37,7.0,4.19,Slightly Delayed,Traffic,7.0,False,2023-04-24
4302375314,63810,2024-03-03 08:44:46,2024-03-03 08:49:46,5.0,2.12,On Time,Traffic,5.0,False,2024-03-03
1245307588,89554,2023-04-24 15:57:55,2023-04-24 16:07:55,10.0,4.48,Slightly Delayed,Traffic,10.0,False,2023-04-24
3876260101,39494,2023-09-11 12:59:37,2023-09-11 12:57:37,-2.0,4.2,On Time,,-2.0,True,2023-09-11
3162263618,48838,2023-05-27 12:52:57,2023-05-27 12:54:57,2.0,1.43,On Time,Traffic,2.0,False,2023-05-27
655792395,74441,2024-04-19 23:14:28,2024-04-19 23:20:28,6.0,1.93,Slightly Delayed,Traffic,6.0,False,2024-04-19
7624743284,67656,2023-08-15 05:37:43,2023-08-15 05:44:43,7.0,4.86,Slightly Delayed,Traffic,7.0,False,2023-08-15
4783962671,12164,2023-10-09 17:59:42,2023-10-09 18:07:42,8.0,0.99,Slightly Delayed,Traffic,8.0,False,2023-10-09
7166787473,13336,2024-08-24 06:25:50,2024-08-24 06:54:50,29.0,0.73,Significantly Delayed,Traffic,29.0,False,2024-08-24
9395228070,82773,2024-09-12 20:12:05,2024-09-12 20:11:05,-1.0,1.83,On Time,,-1.0,True,2024-09-12
902157975,86411,2023-04-12 01:14:47,2023-04-12 01:11:47,-3.0,0.52,On Time,,-3.0,True,2023-04-12
6947741744,54437,2023-07-10 08:17:17,2023-07-10 08:22:17,5.0,4.47,On Time,Traffic,5.0,False,2023-07-10
4788498083,64522,2023-09-17 03:09:21,2023-09-17 03:25:21,16.0,3.6,Significantly Delayed,Traffic,16.0,False,2023-09-17
8070127087,46786,2024-08-22 06:21:47,2024-08-22 06:26:47,5.0,1.53,On Time,Traffic,5.0,False,2024-08-22
5191429552,99889,2023-12-23 17:23:45,2023-12-23 17:35:45,12.0,2.72,Slightly Delayed,Traffic,12.0,False,2023-12-23
5220651138,9937,2024-03-13 02:42:30,2024-03-13 02:39:30,-3.0,3.51,On Time,,-3.0,True,2024-03-13
2758734705,30040,2023-08-02 23:29:45,2023-08-02 23:31:45,2.0,4.23,On Time,Traffic,2.0,False,2023-08-02
2907887532,83016,2023-11-19 13:10:27,2023-11-19 13:09:27,-1.0,2.0,On Time,,-1.0,True,2023-11-19
7388846009,51360,2024-02-22 09:19:52,2024-02-22 09:18:52,-1.0,4.8,On Time,,-1.0,True,2024-02-22
2606843929,15405,2024-06-14 14:24:30,2024-06-14 14:20:30,-4.0,2.29,On Time,,-4.0,True,2024-06-14
5637567433,53431,2024-09-02 01:28:14,2024-09-02 01:23:14,-5.0,0.67,On Time,,-5.0,True,2024-09-02
8838095431,61209,2023-05-06 11:05:36,2023-05-06 11:07:36,2.0,1.88,On Time,Traffic,2.0,False,2023-05-06
1564649286,16991,2023-12-06 04:07:09,2023-12-06 04:12:09,5.0,2.69,On Time,Traffic,5.0,False,2023-12-06
4098166849,93376,2023-10-12 00:40:16,2023-10-12 01:04:16,24.0,2.17,Significantly Delayed,Traffic,24.0,False,2023-10-12
8091143423,71870,2023-11-23 23:14:41,2023-11-23 23:17:41,3.0,3.33,On Time,Traffic,3.0,False,2023-11-23
3024045336,158,2024-04-15 02:02:11,2024-04-15 02:06:11,4.0,4.13,On Time,Traffic,4.0,False,2024-04-15
6152984028,47844,2023-08-29 01:10:01,2023-08-29 01:16:01,6.0,0.7,Slightly Delayed,Traffic,6.0,False,2023-08-29
3450790653,5694,2023-08-27 18:29:12,2023-08-27 18:27:12,-2.0,4.66,On Time,,-2.0,True,2023-08-27
8028917900,56483,2023-07-18 01:06:09,2023-07-18 01:08:09,2.0,0.82,On Time,Traffic,2.0,False,2023-07-18
7781884407,63528,2024-08-11 16:12:31,2024-08-11 16:14:31,2.0,1.27,On Time,Traffic,2.0,False,2024-08-11
3483689828,95069,2023-07-28 06:59:11,2023-07-28 06:59:11,0.0,0.78,On Time,,0.0,True,2023-07-28
8341286014,60030,2024-08-29 15:52:57,2024-08-29 15:56:57,4.0,3.84,On Time,Traffic,4.0,False,2024-08-29
7936106887,4033,2024-05-07 15:17:53,2024-05-07 15:20:53,3.0,2.79,On Time,Traffic,3.0,False,2024-05-07
2247354978,56703,2024-09-26 10:34:58,2024-09-26 10:30:58,-4.0,1.17,On Time,,-4.0,True,2024-09-26
5347701114,49960,2023-10-16 18:22:51,2023-10-16 18:20:51,-2.0,3.07,On Time,,-2.0,True,2023-10-16
7846068436,60910,2023-11-29 13:17:39,2023-11-29 13:19:39,2.0,1.5,On Time,Traffic,2.0,False,2023-11-29
9893439302,2306,2023-09-05 20:33:31,2023-09-05 20:29:31,-4.0,2.83,On Time,,-4.0,True,2023-09-05
4160816433,34874,2023-12-09 12:34:14,2023-12-09 12:43:14,9.0,3.24,Slightly Delayed,Traffic,9.0,False,2023-12-09
6000890622,29998,2024-09-14 16:26:21,2024-09-14 16:23:21,-3.0,0.96,On Time,,-3.0,True,2024-09-14
7317676958,61886,2023-07-02 04:14:39,2023-07-02 04:25:39,11.0,1.65,Slightly Delayed,Traffic,11.0,False,2023-07-02
8620144614,95461,2024-07-10 23:13:25,2024-07-10 23:34:25,21.0,1.46,Significantly Delayed,Traffic,21.0,False,2024-07-10
3940758882,46910,2024-01-24 04:44:57,2024-01-24 04:48:57,4.0,0.51,On Time,Traffic,4.0,False,2024-01-24
5216555041,72142,2024-03-03 23:34:52,2024-03-03 23:31:52,-3.0,1.25,On Time,,-3.0,True,2024-03-03
5144793312,46815,2024-08-01 00:38:18,2024-08-01 00:38:18,0.0,1.8,On Time,,0.0,True,2024-08-01
7241413847,93156,2023-04-15 10:39:09,2023-04-15 10:34:09,-5.0,0.88,On Time,,-5.0,True,2023-04-15
3567610983,20825,2023-08-19 04:18:26,2023-08-19 04:35:26,17.0,3.18,Significantly Delayed,Traffic,17.0,False,2023-08-19
16878685,52442,2024-04-09 02:44:02,2024-04-09 02:47:02,3.0,2.47,On Time,Traffic,3.0,False,2024-04-09
951657166,14551,2024-04-21 08:04:58,2024-04-21 07:59:58,-5.0,3.88,On Time,,-5.0,True,2024-04-21
4189022307,89735,2024-05-05 23:23:40,2024-05-05 23:24:40,1.0,4.08,On Time,Traffic,1.0,False,2024-05-05
7378521428,2580,2024-04-24 21:13:07,2024-04-24 21:11:07,-2.0,1.29,On Time,,-2.0,True,2024-04-24
6266311709,82516,2024-06-25 01:54:46,2024-06-25 01:56:46,2.0,2.0,On Time,Traffic,2.0,False,2024-06-25
7985347262,55202,2024-07-31 08:58:13,2024-07-31 08:57:13,-1.0,4.89,On Time,,-1.0,True,2024-07-31
992764262,15917,2023-11-14 03:35:33,2023-11-14 03:33:33,-2.0,1.79,On Time,,-2.0,True,2023-11-14
3080291353,11812,2024-08-16 19:22:58,2024-08-16 19:25:58,3.0,3.38,On Time,Traffic,3.0,False,2024-08-16
5532188237,12596,2024-06-09 11:05:42,2024-06-09 11:01:42,-4.0,2.31,On Time,,-4.0,True,2024-06-09
6814658453,75027,2023-09-28 11:41:00,2023-09-28 11:37:00,-4.0,1.31,On Time,,-4.0,True,2023-09-28
4861499558,50307,2024-03-20 16:54:21,2024-03-20 16:55:21,1.0,0.96,On Time,Traffic,1.0,False,2024-03-20
2521042570,91832,2024-05-17 11:03:36,2024-05-17 11:01:36,-2.0,2.94,On Time,,-2.0,True,2024-05-17
5217781278,73513,2023-06-27 02:59:57,2023-06-27 03:13:57,14.0,1.31,Slightly Delayed,Traffic,14.0,False,2023-06-27
8006034379,34026,2024-05-03 06:32:51,2024-05-03 06:37:51,5.0,4.61,On Time,Traffic,5.0,False,2024-05-03
7380913411,31462,2024-06-07 17:32:55,2024-06-07 17:45:55,13.0,4.7,Slightly Delayed,Traffic,13.0,False,2024-06-07
7706841114,121,2024-02-27 03:16:03,2024-02-27 03:13:03,-3.0,3.81,On Time,,-3.0,True,2024-02-27
1561779937,35802,2024-03-27 22:13:35,2024-03-27 22:15:35,2.0,2.47,On Time,Traffic,2.0,False,2024-03-27
7196559586,89036,2024-08-19 11:43:51,2024-08-19 11:38:51,-5.0,1.98,On Time,,-5.0,True,2024-08-19
2359961993,53176,2024-06-18 09:43:24,2024-06-18 09:43:24,0.0,4.6,On Time,,0.0,True,2024-06-18
243819964,42120,2023-12-03 09:42:31,2023-12-03 09:43:31,1.0,2.06,On Time,Traffic,1.0,False,2023-12-03
4806735178,52673,2024-06-12 17:14:41,2024-06-12 17:13:41,-1.0,2.31,On Time,,-1.0,True,2024-06-12
9198762300,52504,2023-12-02 09:15:36,2023-12-02 09:11:36,-4.0,3.76,On Time,,-4.0,True,2023-12-02
1105231941,38404,2024-01-20 01:20:02,2024-01-20 01:25:02,5.0,4.87,On Time,Traffic,5.0,False,2024-01-20
5533955218,61605,2024-06-20 04:37:16,2024-06-20 04:33:16,-4.0,2.46,On Time,,-4.0,True,2024-06-20
5130246751,23663,2023-05-08 06:20:22,2023-05-08 06:16:22,-4.0,1.46,On Time,,-4.0,True,2023-05-08
4528445001,31379,2024-04-19 12:53:43,2024-04-19 13:02:43,9.0,1.2,Slightly Delayed,Traffic,9.0,False,2024-04-19
9503959018,40645,2024-09-18 10:55:59,2024-09-18 10:58:59,3.0,3.66,On Time,Traffic,3.0,False,2024-09-18
4107052604,32714,2023-11-21 11:00:25,2023-11-21 11:02:25,2.0,3.94,On Time,Traffic,2.0,False,2023-11-21
5578822558,79766,2023-08-06 18:01:31,2023-08-06 18:16:31,15.0,4.0,Slightly Delayed,Traffic,15.0,False,2023-08-06
5506634472,37774,2024-09-22 18:18:59,2024-09-22 18:36:59,18.0,3.52,Significantly Delayed,Traffic,18.0,False,2024-09-22
4112426763,17291,2024-09-24 21:03:53,2024-09-24 21:00:53,-3.0,1.61,On Time,,-3.0,True,2024-09-24
7157334145,10121,2023-10-09 09:10:19,2023-10-09 09:08:19,-2.0,4.72,On Time,,-2.0,True,2023-10-09
8423458672,59255,2023-03-20 00:04:20,2023-03-20 00:09:20,5.0,4.24,On Time,Traffic,5.0,False,2023-03-20
3011683470,2265,2023-03-20 07:45:42,2023-03-20 07:50:42,5.0,4.3,On Time,Traffic,5.0,False,2023-03-20
1884947290,96167,2023-09-09 01:48:33,2023-09-09 01:51:33,3.0,3.5,On Time,Traffic,3.0,False,2023-09-09
558163882,43299,2024-07-11 12:00:58,2024-07-11 12:07:58,7.0,1.63,Slightly Delayed,Traffic,7.0,False,2024-07-11
824869105,50457,2024-08-27 16:44:48,2024-08-27 16:41:48,-3.0,3.7,On Time,,-3.0,True,2024-08-27
4193492511,10949,2023-10-02 15:34:52,2023-10-02 15:33:52,-1.0,2.92,On Time,,-1.0,True,2023-10-02
120996684,86475,2023-10-02 11:35:59,2023-10-02 11:45:59,10.0,0.68,Slightly Delayed,Traffic,10.0,False,2023-10-02
2531932780,4665,2023-07-16 12:15:45,2023-07-16 12:17:45,2.0,4.93,On Time,Traffic,2.0,False,2023-07-16
8095547865,14451,2023-03-19 13:11:21,2023-03-19 13:07:21,-4.0,3.05,On Time,,-4.0,True,2023-03-19
6894204435,48874,2023-06-17 18:53:31,2023-06-17 18:48:31,-5.0,3.58,On Time,,-5.0,True,2023-06-17
9514917126,51089,2024-07-29 08:03:08,2024-07-29 08:13:08,10.0,2.87,Slightly Delayed,Traffic,10.0,False,2024-07-29
9329665908,64268,2023-07-15 08:32:21,2023-07-15 08:34:21,2.0,2.69,On Time,Traffic,2.0,False,2023-07-15
1435406360,25991,2023-12-11 08:01:46,2023-12-11 07:58:46,-3.0,2.11,On Time,,-3.0,True,2023-12-11
3460843508,89605,2023-10-21 01:05:10,2023-10-21 01:04:10,-1.0,3.59,On Time,,-1.0,True,2023-10-21
4762084133,50374,2024-09-29 23:38:00,2024-09-29 23:43:00,5.0,1.36,On Time,Traffic,5.0,False,2024-09-29
3884862300,38680,2024-02-21 09:18:55,2024-02-21 09:25:55,7.0,2.84,Slightly Delayed,Traffic,7.0,False,2024-02-21
1990946411,16925,2024-05-16 23:15:16,2024-05-16 23:12:16,-3.0,2.44,On Time,,-3.0,True,2024-05-16
5054937065,24647,2024-08-24 17:11:46,2024-08-24 17:24:46,13.0,1.77,Slightly Delayed,Traffic,13.0,False,2024-08-24
9431652023,53366,2024-09-06 22:35:22,2024-09-06 22:39:22,4.0,1.86,On Time,Traffic,4.0,False,2024-09-06
2268736598,8883,2023-07-07 08:25:32,2023-07-07 08:21:32,-4.0,1.89,On Time,,-4.0,True,2023-07-07
2793638565,7507,2024-02-11 08:41:16,2024-02-11 08:36:16,-5.0,4.78,On Time,,-5.0,True,2024-02-11
4168839407,45033,2023-04-06 00:15:24,2023-04-06 00:14:24,-1.0,3.25,On Time,,-1.0,True,2023-04-06
7406514357,66093,2024-02-07 14:25:56,2024-02-07 14:21:56,-4.0,1.79,On Time,,-4.0,True,2024-02-07
6087916798,10351,2023-11-17 16:53:04,2023-11-17 17:03:04,10.0,4.46,Slightly Delayed,Traffic,10.0,False,2023-11-17
4319962076,66984,2024-01-11 06:06:34,2024-01-11 06:25:34,19.0,1.55,Significantly Delayed,Traffic,19.0,False,2024-01-11
3904134741,4829,2024-05-02 10:19:45,2024-05-02 10:24:45,5.0,1.25,On Time,Traffic,5.0,False,2024-05-02
3770123374,86645,2023-11-19 22:03:06,2023-11-19 22:07:06,4.0,0.56,On Time,Traffic,4.0,False,2023-11-19
4494390731,10118,2023-04-28 12:31:37,2023-04-28 12:39:37,8.0,4.06,Slightly Delayed,Traffic,8.0,False,2023-04-28
6109777696,12387,2024-10-17 20:04:51,2024-10-17 20:10:51,6.0,3.5,Slightly Delayed,Traffic,6.0,False,2024-10-17
1401372388,18081,2023-04-17 09:55:03,2023-04-17 09:54:03,-1.0,0.72,On Time,,-1.0,True,2023-04-17
4283973398,86156,2023-09-14 17:50:13,2023-09-14 17:52:13,2.0,1.41,On Time,Traffic,2.0,False,2023-09-14
3261847147,86297,2023-09-16 03:48:23,2023-09-16 03:56:23,8.0,4.8,Slightly Delayed,Traffic,8.0,False,2023-09-16
3153811191,69044,2024-03-08 06:16:40,2024-03-08 06:21:40,5.0,4.63,On Time,Traffic,5.0,False,2024-03-08
2639216409,17836,2024-03-10 12:00:49,2024-03-10 12:04:49,4.0,4.66,On Time,Traffic,4.0,False,2024-03-10
5948575331,53387,2024-05-09 23:12:09,2024-05-09 23:10:09,-2.0,1.46,On Time,,-2.0,True,2024-05-09
7792925364,8734,2024-10-23 03:06:05,2024-10-23 03:07:05,1.0,0.56,On Time,Traffic,1.0,False,2024-10-23
7286478750,35322,2023-10-13 04:13:31,2023-10-13 04:22:31,9.0,3.24,Slightly Delayed,Traffic,9.0,False,2023-10-13
9776505630,66941,2023-04-19 03:59:40,2023-04-19 03:55:40,-4.0,4.39,On Time,,-4.0,True,2023-04-19
4527342708,81841,2023-10-03 13:47:39,2023-10-03 13:42:39,-5.0,2.49,On Time,,-5.0,True,2023-10-03
1124359689,42724,2024-09-13 05:24:44,2024-09-13 05:37:44,13.0,4.52,Slightly Delayed,Traffic,13.0,False,2024-09-13
3717458742,97637,2023-08-27 23:58:12,2023-08-28 00:04:12,6.0,2.14,Slightly Delayed,Traffic,6.0,False,2023-08-28
283675535,3175,2023-03-24 17:17:38,2023-03-24 17:14:38,-3.0,2.89,On Time,,-3.0,True,2023-03-24
6039353394,39607,2023-08-08 15:29:38,2023-08-08 15:25:38,-4.0,2.52,On Time,,-4.0,True,2023-08-08
6735917931,99298,2023-09-27 12:25:29,2023-09-27 12:24:29,-1.0,4.98,On Time,,-1.0,True,2023-09-27
5155256671,8227,2024-08-14 01:02:06,2024-08-14 00:58:06,-4.0,2.26,On Time,,-4.0,True,2024-08-14
3984108726,63676,2024-02-27 18:15:05,2024-02-27 18:19:05,4.0,4.62,On Time,Traffic,4.0,False,2024-02-27
2491374111,43388,2024-08-10 05:06:52,2024-08-10 05:08:52,2.0,2.18,On Time,Traffic,2.0,False,2024-08-10
2043371805,5098,2024-10-02 07:08:04,2024-10-02 07:22:04,14.0,2.07,Slightly Delayed,Traffic,14.0,False,2024-10-02
9657782153,14419,2024-02-29 14:57:40,2024-02-29 14:53:40,-4.0,4.77,On Time,,-4.0,True,2024-02-29
9237289778,10352,2024-05-29 15:01:19,2024-05-29 15:06:19,5.0,3.13,On Time,Traffic,5.0,False,2024-05-29
8917116859,29174,2024-07-05 23:53:01,2024-07-05 23:54:01,1.0,3.89,On Time,Traffic,1.0,False,2024-07-05
720578658,67720,2024-06-02 09:10:27,2024-06-02 09:06:27,-4.0,1.2,On Time,,-4.0,True,2024-06-02
9122210530,81385,2024-01-18 04:39:47,2024-01-18 05:03:47,24.0,3.74,Significantly Delayed,Traffic,24.0,False,2024-01-18
3540524256,39511,2023-10-22 09:31:12,2023-10-22 09:36:12,5.0,0.88,On Time,Traffic,5.0,False,2023-10-22
1909520255,16469,2023-05-23 11:00:53,2023-05-23 11:17:53,17.0,4.88,Significantly Delayed,Traffic,17.0,False,2023-05-23
8022279737,7643,2024-09-08 14:13:47,2024-09-08 14:11:47,-2.0,1.02,On Time,,-2.0,True,2024-09-08
7381549355,28416,2023-09-28 13:30:00,2023-09-28 13:35:00,5.0,4.76,On Time,Traffic,5.0,False,2023-09-28
3998829973,88976,2023-10-10 01:26:17,2023-10-10 01:46:17,20.0,3.21,Significantly Delayed,Traffic,20.0,False,2023-10-10
2895464675,13097,2023-04-20 10:28:02,2023-04-20 10:40:02,12.0,4.48,Slightly Delayed,Traffic,12.0,False,2023-04-20
3971098657,84093,2024-05-26 03:04:15,2024-05-26 03:06:15,2.0,1.28,On Time,Traffic,2.0,False,2024-05-26
5278249111,22996,2024-03-01 21:45:36,2024-03-01 22:08:36,23.0,0.51,Significantly Delayed,Traffic,23.0,False,2024-03-01
9810576443,51602,2023-11-01 13:20:35,2023-11-01 13:24:35,4.0,4.19,On Time,Traffic,4.0,False,2023-11-01
4128844410,17809,2023-07-20 17:36:50,2023-07-20 17:37:50,1.0,2.47,On Time,Traffic,1.0,False,2023-07-20
6103869123,60764,2023-06-06 14:37:45,2023-06-06 14:37:45,0.0,3.31,On Time,,0.0,True,2023-06-06
6595041423,53964,2024-07-23 11:06:18,2024-07-23 11:04:18,-2.0,3.32,On Time,,-2.0,True,2024-07-23
3991011923,4543,2024-02-07 09:21:38,2024-02-07 09:21:38,0.0,4.32,On Time,,0.0,True,2024-02-07
5275440923,95040,2023-03-21 05:06:10,2023-03-21 05:20:10,14.0,4.23,Slightly Delayed,Traffic,14.0,False,2023-03-21
6468633344,67358,2024-02-23 06:43:28,2024-02-23 06:40:28,-3.0,4.28,On Time,,-3.0,True,2024-02-23
9992859795,47148,2023-11-12 20:17:41,2023-11-12 20:30:41,13.0,1.55,Slightly Delayed,Traffic,13.0,False,2023-11-12
7518488485,69310,2023-04-26 10:41:47,2023-04-26 10:46:47,5.0,4.45,On Time,Traffic,5.0,False,2023-04-26
9746950023,50913,2023-11-02 06:39:26,2023-11-02 06:36:26,-3.0,2.54,On Time,,-3.0,True,2023-11-02
2721433550,99958,2023-06-07 14:28:05,2023-06-07 14:29:05,1.0,3.28,On Time,Traffic,1.0,False,2023-06-07
6131680348,11536,2024-07-19 22:17:55,2024-07-19 22:18:55,1.0,1.27,On Time,Traffic,1.0,False,2024-07-19
2281544500,65040,2023-06-09 10:26:18,2023-06-09 10:28:18,2.0,1.53,On Time,Traffic,2.0,False,2023-06-09
4283802879,22353,2023-05-10 15:37:10,2023-05-10 15:32:10,-5.0,0.56,On Time,,-5.0,True,2023-05-10
8621732366,87688,2023-09-05 18:46:41,2023-09-05 18:50:41,4.0,2.97,On Time,Traffic,4.0,False,2023-09-05
3797679856,81944,2023-12-10 05:27:46,2023-12-10 05:27:46,0.0,4.15,On Time,,0.0,True,2023-12-10
8532100929,84664,2023-11-06 15:34:46,2023-11-06 15:39:46,5.0,1.36,On Time,Traffic,5.0,False,2023-11-06
2973976544,71497,2024-09-19 17:30:49,2024-09-19 17:35:49,5.0,0.65,On Time,Traffic,5.0,False,2024-09-19
814260962,23195,2023-09-14 16:26:25,2023-09-14 16:24:25,-2.0,3.56,On Time,,-2.0,True,2023-09-14
9411848231,44999,2024-05-15 21:51:39,2024-05-15 22:06:39,15.0,2.38,Slightly Delayed,Traffic,15.0,False,2024-05-15
6637284724,30833,2023-09-08 10:44:53,2023-09-08 10:46:53,2.0,3.05,On Time,Traffic,2.0,False,2023-09-08
6497594124,96186,2024-10-24 17:53:05,2024-10-24 17:58:05,5.0,2.57,On Time,Traffic,5.0,False,2024-10-24
7213146086,68499,2023-03-23 20:21:50,2023-03-23 20:16:50,-5.0,3.21,On Time,,-5.0,True,2023-03-23
5110274761,17677,2024-05-23 03:15:39,2024-05-23 03:16:39,1.0,2.01,On Time,Traffic,1.0,False,2024-05-23
1112110363,50590,2024-01-20 22:36:08,2024-01-20 22:44:08,8.0,2.43,Slightly Delayed,Traffic,8.0,False,2024-01-20
1209202931,32217,2023-06-27 00:24:47,2023-06-27 00:26:47,2.0,4.29,On Time,Traffic,2.0,False,2023-06-27
6384745391,65142,2024-08-17 16:05:50,2024-08-17 16:12:50,7.0,3.35,Slightly Delayed,Traffic,7.0,False,2024-08-17
3367452972,6565,2024-08-31 14:22:08,2024-08-31 14:38:08,16.0,3.62,Significantly Delayed,Traffic,16.0,False,2024-08-31
2317597587,30057,2024-06-17 00:42:57,2024-06-17 00:40:57,-2.0,4.65,On Time,,-2.0,True,2024-06-17
2254884198,62821,2023-07-01 02:19:32,2023-07-01 02:23:32,4.0,3.67,On Time,Traffic,4.0,False,2023-07-01
679196318,77111,2024-08-19 23:03:03,2024-08-19 23:00:03,-3.0,2.17,On Time,,-3.0,True,2024-08-19
2185319815,43571,2024-03-02 20:56:15,2024-03-02 20:59:15,3.0,4.84,On Time,Traffic,3.0,False,2024-03-02
5965281449,26992,2023-06-26 17:51:05,2023-06-26 17:53:05,2.0,2.03,On Time,Traffic,2.0,False,2023-06-26
8616726869,13100,2024-01-10 22:21:37,2024-01-10 22:46:37,25.0,3.04,Significantly Delayed,Traffic,25.0,False,2024-01-10
4786027510,27204,2024-09-30 12:33:24,2024-09-30 12:28:24,-5.0,1.63,On Time,,-5.0,True,2024-09-30
4910445344,18682,2024-05-18 09:11:42,2024-05-18 09:08:42,-3.0,3.9,On Time,,-3.0,True,2024-05-18
7629577899,524,2023-12-14 15:53:44,2023-12-14 16:02:44,9.0,4.06,Slightly Delayed,Traffic,9.0,False,2023-12-14
4769055037,18445,2023-08-10 21:31:44,2023-08-10 21:46:44,15.0,1.95,Slightly Delayed,Traffic,15.0,False,2023-08-10
8476029654,52921,2023-11-17 09:14:17,2023-11-17 09:19:17,5.0,1.46,On Time,Traffic,5.0,False,2023-11-17
7809866112,3022,2024-07-11 09:41:48,2024-07-11 09:54:48,13.0,1.63,Slightly Delayed,Traffic,13.0,False,2024-07-11
5453896364,24588,2023-06-24 00:43:19,2023-06-24 00:45:19,2.0,3.73,On Time,Traffic,2.0,False,2023-06-24
9080432189,42351,2024-08-27 19:58:12,2024-08-27 20:02:12,4.0,2.76,On Time,Traffic,4.0,False,2024-08-27
3079758919,27064,2024-08-22 16:14:25,2024-08-22 16:13:25,-1.0,0.68,On Time,,-1.0,True,2024-08-22
4076039325,79127,2024-08-12 19:45:07,2024-08-12 19:56:07,11.0,2.5,Slightly Delayed,Traffic,11.0,False,2024-08-12
9239241275,48917,2024-02-07 03:34:37,2024-02-07 03:32:37,-2.0,3.42,On Time,,-2.0,True,2024-02-07
4864829217,25765,2023-09-19 05:23:23,2023-09-19 05:20:23,-3.0,3.51,On Time,,-3.0,True,2023-09-19
5108704843,75292,2024-04-04 15:04:40,2024-04-04 15:09:40,5.0,1.51,On Time,Traffic,5.0,False,2024-04-04
8049805410,61504,2024-09-27 18:45:00,2024-09-27 19:11:00,26.0,2.86,Significantly Delayed,Traffic,26.0,False,2024-09-27
4711642504,89819,2024-08-15 13:39:51,2024-08-15 13:44:51,5.0,2.72,On Time,Traffic,5.0,False,2024-08-15
8952094523,83322,2023-11-14 18:30:24,2023-11-14 18:41:24,11.0,2.81,Slightly Delayed,Traffic,11.0,False,2023-11-14
4285784267,54001,2024-04-15 18:58:08,2024-04-15 18:56:08,-2.0,4.13,On Time,,-2.0,True,2024-04-15
7494670835,184,2024-01-18 00:42:22,2024-01-18 00:45:22,3.0,1.24,On Time,Traffic,3.0,False,2024-01-18
7667090453,96187,2023-06-23 23:49:40,2023-06-23 23:50:40,1.0,3.63,On Time,Traffic,1.0,False,2023-06-23
2193572534,23297,2023-03-26 08:05:02,2023-03-26 08:33:02,28.0,1.4,Significantly Delayed,Traffic,28.0,False,2023-03-26
5357089776,33831,2024-09-30 23:53:49,2024-09-30 23:55:49,2.0,2.27,On Time,Traffic,2.0,False,2024-09-30
1191016829,31384,2023-06-27 20:36:04,2023-06-27 20:50:04,14.0,2.36,Slightly Delayed,Traffic,14.0,False,2023-06-27
549484032,60679,2023-04-13 08:40:58,2023-04-13 08:42:58,2.0,4.35,On Time,Traffic,2.0,False,2023-04-13
8164076900,63901,2023-06-18 00:23:52,2023-06-18 00:31:52,8.0,4.54,Slightly Delayed,Traffic,8.0,False,2023-06-18
7136165651,68514,2024-09-30 13:07:23,2024-09-30 13:10:23,3.0,1.49,On Time,Traffic,3.0,False,2024-09-30
5368349643,33226,2023-05-22 09:21:11,2023-05-22 09:49:11,28.0,4.54,Significantly Delayed,Traffic,28.0,False,2023-05-22
6965901435,60857,2024-10-16 15:58:15,2024-10-16 15:55:15,-3.0,0.86,On Time,,-3.0,True,2024-10-16
6687307827,71891,2023-04-19 14:26:40,2023-04-19 14:31:40,5.0,3.74,On Time,Traffic,5.0,False,2023-04-19
475294138,59790,2023-12-29 17:45:27,2023-12-29 17:46:27,1.0,1.52,On Time,Traffic,1.0,False,2023-12-29
9047534059,59606,2023-12-08 14:21:55,2023-12-08 14:25:55,4.0,4.65,On Time,Traffic,4.0,False,2023-12-08
2807487047,72837,2024-11-03 13:41:45,2024-11-03 13:43:45,2.0,3.8,On Time,Traffic,2.0,False,2024-11-03
5840148195,61116,2024-01-22 10:16:36,2024-01-22 10:15:36,-1.0,3.64,On Time,,-1.0,True,2024-01-22
3758135932,62277,2023-08-25 01:17:39,2023-08-25 01:20:39,3.0,3.72,On Time,Traffic,3.0,False,2023-08-25
1978476136,70123,2024-06-22 20:29:13,2024-06-22 20:30:13,1.0,1.43,On Time,Traffic,1.0,False,2024-06-22
423648434,86520,2024-10-30 15:43:29,2024-10-30 15:45:29,2.0,0.82,On Time,Traffic,2.0,False,2024-10-30
7201868330,80726,2024-02-20 21:11:46,2024-02-20 21:10:46,-1.0,1.86,On Time,,-1.0,True,2024-02-20
9710106935,84964,2023-04-17 15:57:11,2023-04-17 16:08:11,11.0,1.71,Slightly Delayed,Traffic,11.0,False,2023-04-17
4432235479,28012,2024-09-27 17:17:56,2024-09-27 17:18:56,1.0,4.67,On Time,Traffic,1.0,False,2024-09-27
6951956244,24830,2023-10-30 01:27:20,2023-10-30 01:27:20,0.0,2.61,On Time,,0.0,True,2023-10-30
378485826,58783,2024-03-27 12:15:27,2024-03-27 12:15:27,0.0,1.95,On Time,,0.0,True,2024-03-27
8982211913,42083,2024-09-19 18:14:28,2024-09-19 18:15:28,1.0,2.32,On Time,Traffic,1.0,False,2024-09-19
6487868576,16376,2023-10-25 03:23:03,2023-10-25 03:35:03,12.0,4.82,Slightly Delayed,Traffic,12.0,False,2023-10-25
2973502797,9894,2024-06-02 03:39:24,2024-06-02 03:41:24,2.0,2.06,On Time,Traffic,2.0,False,2024-06-02
4105022903,9294,2023-08-20 19:19:25,2023-08-20 19:20:25,1.0,3.99,On Time,Traffic,1.0,False,2023-08-20
3668828731,65268,2024-08-10 04:07:39,2024-08-10 04:03:39,-4.0,0.97,On Time,,-4.0,True,2024-08-10
8644734267,12535,2023-10-12 07:25:53,2023-10-12 07:20:53,-5.0,4.4,On Time,,-5.0,True,2023-10-12
3757871565,59600,2023-08-10 07:37:26,2023-08-10 07:32:26,-5.0,1.19,On Time,,-5.0,True,2023-08-10
5770510806,62246,2024-01-23 09:05:56,2024-01-23 09:16:56,11.0,1.72,Slightly Delayed,Traffic,11.0,False,2024-01-23
4514836077,68618,2023-06-10 10:27:18,2023-06-10 10:41:18,14.0,1.31,Slightly Delayed,Traffic,14.0,False,2023-06-10
5927852227,45911,2024-04-12 06:20:28,2024-04-12 06:18:28,-2.0,0.57,On Time,,-2.0,True,2024-04-12
350719542,14338,2024-10-06 07:17:00,2024-10-06 07:14:00,-3.0,3.02,On Time,,-3.0,True,2024-10-06
868288823,72354,2024-03-06 19:17:25,2024-03-06 19:27:25,10.0,1.4,Slightly Delayed,Traffic,10.0,False,2024-03-06
7199670826,81311,2024-01-17 10:41:50,2024-01-17 11:08:50,27.0,3.65,Significantly Delayed,Traffic,27.0,False,2024-01-17
3091948113,22775,2024-02-13 10:08:09,2024-02-13 10:22:09,14.0,3.86,Slightly Delayed,Traffic,14.0,False,2024-02-13
5793742966,17016,2024-01-04 18:29:20,2024-01-04 18:34:20,5.0,0.78,On Time,Traffic,5.0,False,2024-01-04
7347109009,50972,2023-09-24 19:42:21,2023-09-24 19:51:21,9.0,3.04,Slightly Delayed,Traffic,9.0,False,2023-09-24
7078912146,96685,2023-09-18 11:49:36,2023-09-18 11:44:36,-5.0,4.11,On Time,,-5.0,True,2023-09-18
2480856222,46682,2023-11-08 16:38:56,2023-11-08 16:41:56,3.0,0.56,On Time,Traffic,3.0,False,2023-11-08
281421547,20137,2023-05-20 20:22:04,2023-05-20 20:20:04,-2.0,1.58,On Time,,-2.0,True,2023-05-20
5226963306,85138,2024-06-23 07:02:44,2024-06-23 07:03:44,1.0,4.02,On Time,Traffic,1.0,False,2024-06-23
7316642056,69898,2024-02-10 00:23:32,2024-02-10 00:31:32,8.0,2.16,Slightly Delayed,Traffic,8.0,False,2024-02-10
8997415290,47066,2024-08-14 17:19:05,2024-08-14 17:40:05,21.0,2.44,Significantly Delayed,Traffic,21.0,False,2024-08-14
6737025662,59670,2023-03-28 07:00:34,2023-03-28 07:01:34,1.0,3.17,On Time,Traffic,1.0,False,2023-03-28
8395290763,51846,2024-05-31 19:15:48,2024-05-31 19:39:48,24.0,0.99,Significantly Delayed,Traffic,24.0,False,2024-05-31
7261119579,35731,2024-07-06 06:38:10,2024-07-06 06:37:10,-1.0,0.96,On Time,,-1.0,True,2024-07-06
9938037878,48074,2024-10-29 11:44:36,2024-10-29 11:56:36,12.0,4.26,Slightly Delayed,Traffic,12.0,False,2024-10-29
7154987905,19693,2024-10-06 02:52:05,2024-10-06 03:13:05,21.0,2.82,Significantly Delayed,Traffic,21.0,False,2024-10-06
3605534244,94641,2024-01-17 12:28:12,2024-01-17 12:30:12,2.0,1.16,On Time,Traffic,2.0,False,2024-01-17
5626601040,79158,2024-02-26 23:48:08,2024-02-26 23:57:08,9.0,4.46,Slightly Delayed,Traffic,9.0,False,2024-02-26
2577064886,98272,2024-06-07 04:51:39,2024-06-07 04:53:39,2.0,3.15,On Time,Traffic,2.0,False,2024-06-07
2561362173,26727,2023-05-30 07:58:00,2023-05-30 07:59:00,1.0,1.8,On Time,Traffic,1.0,False,2023-05-30
2793120553,7048,2023-06-24 11:10:53,2023-06-24 11:11:53,1.0,4.94,On Time,Traffic,1.0,False,2023-06-24
4476563699,60652,2023-09-11 02:47:45,2023-09-11 03:13:45,26.0,4.52,Significantly Delayed,Traffic,26.0,False,2023-09-11
1580021952,42125,2024-10-24 14:36:39,2024-10-24 14:32:39,-4.0,2.93,On Time,,-4.0,True,2024-10-24
7263454149,73299,2023-10-14 01:51:23,2023-10-14 01:50:23,-1.0,0.97,On Time,,-1.0,True,2023-10-14
4371924002,24078,2024-10-21 13:32:53,2024-10-21 13:46:53,14.0,1.67,Slightly Delayed,Traffic,14.0,False,2024-10-21
2955277471,59573,2023-12-06 13:15:29,2023-12-06 13:35:29,20.0,4.24,Significantly Delayed,Traffic,20.0,False,2023-12-06
9445490338,66940,2023-05-23 23:07:26,2023-05-23 23:18:26,11.0,4.49,Slightly Delayed,Traffic,11.0,False,2023-05-23
2668915104,19287,2023-12-01 20:44:27,2023-12-01 20:49:27,5.0,1.88,On Time,Traffic,5.0,False,2023-12-01
1045621584,28894,2023-12-19 00:57:40,2023-12-19 01:20:40,23.0,0.92,Significantly Delayed,Traffic,23.0,False,2023-12-19
4550545705,39869,2024-06-21 04:59:10,2024-06-21 05:04:10,5.0,1.82,On Time,Traffic,5.0,False,2024-06-21
3373390154,42345,2024-07-24 09:18:08,2024-07-24 09:20:08,2.0,4.51,On Time,Traffic,2.0,False,2024-07-24
5142985961,19720,2024-02-07 03:08:54,2024-02-07 03:10:54,2.0,2.28,On Time,Traffic,2.0,False,2024-02-07
649220272,7867,2023-09-23 15:25:19,2023-09-23 15:24:19,-1.0,1.58,On Time,,-1.0,True,2023-09-23
5023958886,75426,2024-09-24 05:58:46,2024-09-24 06:09:46,11.0,0.74,Slightly Delayed,Traffic,11.0,False,2024-09-24
9993542681,73532,2023-05-23 04:26:41,2023-05-23 04:41:41,15.0,4.21,Slightly Delayed,Traffic,15.0,False,2023-05-23
4380367305,45530,2024-04-08 13:52:20,2024-04-08 13:55:20,3.0,3.66,On Time,Traffic,3.0,False,2024-04-08
3626113485,17386,2024-03-26 01:51:13,2024-03-26 01:47:13,-4.0,3.77,On Time,,-4.0,True,2024-03-26
4399099668,36414,2023-06-18 17:29:45,2023-06-18 17:42:45,13.0,1.42,Slightly Delayed,Traffic,13.0,False,2023-06-18
3760880745,97705,2024-10-13 22:15:38,2024-10-13 22:23:38,8.0,2.14,Slightly Delayed,Traffic,8.0,False,2024-10-13
1803155516,16338,2023-06-21 01:51:59,2023-06-21 01:49:59,-2.0,2.72,On Time,,-2.0,True,2023-06-21
4413782983,94774,2023-06-01 18:31:57,2023-06-01 18:34:57,3.0,1.37,On Time,Traffic,3.0,False,2023-06-01
6766424456,10642,2024-04-10 06:06:16,2024-04-10 06:11:16,5.0,3.12,On Time,Traffic,5.0,False,2024-04-10
8701531535,84395,2024-09-03 00:10:51,2024-09-03 00:20:51,10.0,3.77,Slightly Delayed,Traffic,10.0,False,2024-09-03
3961971562,66728,2024-04-19 19:55:06,2024-04-19 19:51:06,-4.0,3.58,On Time,,-4.0,True,2024-04-19
1337510774,37353,2024-07-19 12:57:59,2024-07-19 12:56:59,-1.0,0.76,On Time,,-1.0,True,2024-07-19
8859147707,40674,2024-03-29 22:03:03,2024-03-29 22:17:03,14.0,1.12,Slightly Delayed,Traffic,14.0,False,2024-03-29
5850669672,78930,2023-06-10 09:01:50,2023-06-10 09:03:50,2.0,3.37,On Time,Traffic,2.0,False,2023-06-10
1183906926,37000,2023-12-29 20:35:40,2023-12-29 20:46:40,11.0,1.57,Slightly Delayed,Traffic,11.0,False,2023-12-29
6277509652,71254,2024-10-31 08:37:42,2024-10-31 09:00:42,23.0,2.61,Significantly Delayed,Traffic,23.0,False,2024-10-31
72748189,69743,2023-06-18 06:47:23,2023-06-18 07:06:23,19.0,1.64,Significantly Delayed,Traffic,19.0,False,2023-06-18
3164922639,64606,2024-05-05 23:18:26,2024-05-05 23:13:26,-5.0,0.86,On Time,,-5.0,True,2024-05-05
1768504415,59784,2023-09-15 19:59:03,2023-09-15 19:55:03,-4.0,3.46,On Time,,-4.0,True,2023-09-15
8173155169,69738,2024-01-06 15:05:22,2024-01-06 15:16:22,11.0,2.26,Slightly Delayed,Traffic,11.0,False,2024-01-06
6164820061,90461,2023-05-26 23:18:19,2023-05-26 23:15:19,-3.0,0.58,On Time,,-3.0,True,2023-05-26
768283559,97341,2024-02-09 01:59:31,2024-02-09 01:57:31,-2.0,0.81,On Time,,-2.0,True,2024-02-09
5091744424,98123,2023-11-15 22:06:35,2023-11-15 22:22:35,16.0,2.34,Significantly Delayed,Traffic,16.0,False,2023-11-15
932482893,4554,2024-07-24 23:12:26,2024-07-24 23:08:26,-4.0,2.93,On Time,,-4.0,True,2024-07-24
4588148640,95857,2023-03-19 19:27:58,2023-03-19 19:24:58,-3.0,4.87,On Time,,-3.0,True,2023-03-19
8120457107,20374,2024-01-27 19:02:35,2024-01-27 19:05:35,3.0,4.84,On Time,Traffic,3.0,False,2024-01-27
6107471725,1329,2023-08-26 07:49:48,2023-08-26 07:53:48,4.0,3.63,On Time,Traffic,4.0,False,2023-08-26
7001417958,97157,2024-03-28 04:03:07,2024-03-28 04:05:07,2.0,3.14,On Time,Traffic,2.0,False,2024-03-28
7983443604,86341,2024-01-18 15:29:19,2024-01-18 15:31:19,2.0,4.46,On Time,Traffic,2.0,False,2024-01-18
3057907418,51671,2024-04-04 22:59:31,2024-04-04 22:58:31,-1.0,0.84,On Time,,-1.0,True,2024-04-04
3312147996,12618,2024-06-06 06:52:07,2024-06-06 07:06:07,14.0,2.1,Slightly Delayed,Traffic,14.0,False,2024-06-06
6822269883,51677,2024-01-15 07:44:07,2024-01-15 07:43:07,-1.0,1.99,On Time,,-1.0,True,2024-01-15
5004539711,91697,2023-07-28 00:10:16,2023-07-28 00:16:16,6.0,3.8,Slightly Delayed,Traffic,6.0,False,2023-07-28
2426015858,62295,2024-06-03 00:36:01,2024-06-03 00:46:01,10.0,0.75,Slightly Delayed,Traffic,10.0,False,2024-06-03
4415332793,23596,2024-04-25 00:16:49,2024-04-25 00:21:49,5.0,0.56,On Time,Traffic,5.0,False,2024-04-25
1256813796,67012,2024-05-09 02:01:54,2024-05-09 02:02:54,1.0,1.78,On Time,Traffic,1.0,False,2024-05-09
633633688,41759,2023-09-04 11:38:09,2023-09-04 11:47:09,9.0,0.56,Slightly Delayed,Traffic,9.0,False,2023-09-04
8311814996,15205,2023-09-09 13:21:42,2023-09-09 13:34:42,13.0,1.32,Slightly Delayed,Traffic,13.0,False,2023-09-09
1441735184,50605,2024-10-31 15:20:54,2024-10-31 15:25:54,5.0,2.86,On Time,Traffic,5.0,False,2024-10-31
1525742840,32237,2024-06-24 12:29:58,2024-06-24 12:24:58,-5.0,3.19,On Time,,-5.0,True,2024-06-24
1947080315,61905,2023-10-09 16:35:21,2023-10-09 16:50:21,15.0,4.8,Slightly Delayed,Traffic,15.0,False,2023-10-09
5682081545,45875,2024-07-11 16:23:45,2024-07-11 16:26:45,3.0,3.82,On Time,Traffic,3.0,False,2024-07-11
8100817128,91888,2023-04-01 22:19:42,2023-04-01 22:31:42,12.0,4.58,Slightly Delayed,Traffic,12.0,False,2023-04-01
6051792089,59903,2024-07-23 22:07:14,2024-07-23 22:09:14,2.0,4.95,On Time,Traffic,2.0,False,2024-07-23
1158173915,58366,2023-08-13 01:42:00,2023-08-13 02:08:00,26.0,2.95,Significantly Delayed,Traffic,26.0,False,2023-08-13
266072469,15434,2023-08-02 11:23:40,2023-08-02 11:36:40,13.0,1.84,Slightly Delayed,Traffic,13.0,False,2023-08-02
2529883737,39897,2023-08-10 20:50:24,2023-08-10 20:47:24,-3.0,2.12,On Time,,-3.0,True,2023-08-10
9090089969,84901,2023-08-02 21:25:48,2023-08-02 21:33:48,8.0,1.53,Slightly Delayed,Traffic,8.0,False,2023-08-02
7102272749,19086,2024-04-09 16:33:16,2024-04-09 16:36:16,3.0,1.68,On Time,Traffic,3.0,False,2024-04-09
4948925080,74253,2023-04-27 12:54:19,2023-04-27 12:50:19,-4.0,3.58,On Time,,-4.0,True,2023-04-27
9463013186,11867,2023-06-29 17:38:38,2023-06-29 17:36:38,-2.0,4.55,On Time,,-2.0,True,2023-06-29
5581013292,54572,2024-09-17 19:14:27,2024-09-17 19:29:27,15.0,0.55,Slightly Delayed,Traffic,15.0,False,2024-09-17
7009619835,83314,2024-10-28 06:36:11,2024-10-28 06:35:11,-1.0,1.39,On Time,,-1.0,True,2024-10-28
9177283950,76531,2023-08-25 00:14:44,2023-08-25 00:24:44,10.0,3.56,Slightly Delayed,Traffic,10.0,False,2023-08-25
9359187866,2758,2023-12-18 09:43:08,2023-12-18 09:56:08,13.0,4.37,Slightly Delayed,Traffic,13.0,False,2023-12-18
1524480475,95253,2024-06-23 21:13:02,2024-06-23 21:31:02,18.0,3.15,Significantly Delayed,Traffic,18.0,False,2024-06-23
3829990099,51048,2024-02-05 18:49:30,2024-02-05 18:45:30,-4.0,0.58,On Time,,-4.0,True,2024-02-05
1058609445,24272,2024-07-09 19:14:06,2024-07-09 19:10:06,-4.0,4.14,On Time,,-4.0,True,2024-07-09
1022764286,16048,2024-04-21 14:46:03,2024-04-21 14:42:03,-4.0,0.55,On Time,,-4.0,True,2024-04-21
1913299658,36708,2023-12-25 13:19:45,2023-12-25 13:20:45,1.0,2.28,On Time,Traffic,1.0,False,2023-12-25
5305443623,17051,2024-01-13 12:18:38,2024-01-13 12:14:38,-4.0,1.82,On Time,,-4.0,True,2024-01-13
4074369199,30054,2024-06-19 03:37:49,2024-06-19 03:39:49,2.0,2.09,On Time,Traffic,2.0,False,2024-06-19
9966404015,89111,2023-08-10 12:09:27,2023-08-10 12:07:27,-2.0,1.18,On Time,,-2.0,True,2023-08-10
3192917514,10976,2024-05-10 09:18:56,2024-05-10 09:22:56,4.0,2.35,On Time,Traffic,4.0,False,2024-05-10
1256718210,45443,2023-05-24 22:46:15,2023-05-24 22:56:15,10.0,3.15,Slightly Delayed,Traffic,10.0,False,2023-05-24
6067839426,82492,2023-08-24 08:23:08,2023-08-24 08:22:08,-1.0,2.57,On Time,,-1.0,True,2023-08-24
2254923956,71496,2024-08-19 19:12:40,2024-08-19 19:35:40,23.0,0.52,Significantly Delayed,Traffic,23.0,False,2024-08-19
7367673526,22866,2024-05-01 09:18:52,2024-05-01 09:20:52,2.0,1.77,On Time,Traffic,2.0,False,2024-05-01
9467422683,23501,2023-09-21 00:11:07,2023-09-21 00:10:07,-1.0,2.96,On Time,,-1.0,True,2023-09-21
819853692,46537,2024-07-04 17:40:55,2024-07-04 17:35:55,-5.0,2.08,On Time,,-5.0,True,2024-07-04
3070834475,15125,2024-10-03 14:39:48,2024-10-03 14:44:48,5.0,0.72,On Time,Traffic,5.0,False,2024-10-03
3620552357,26110,2024-06-19 03:05:22,2024-06-19 03:05:22,0.0,3.16,On Time,,0.0,True,2024-06-19
5938542755,91330,2023-07-31 17:18:37,2023-07-31 17:14:37,-4.0,3.7,On Time,,-4.0,True,2023-07-31
9315535975,62494,2023-11-16 10:30:51,2023-11-16 10:57:51,27.0,1.92,Significantly Delayed,Traffic,27.0,False,2023-11-16
3547873471,10442,2024-10-08 04:30:08,2024-10-08 04:35:08,5.0,2.93,On Time,Traffic,5.0,False,2024-10-08
6546999829,90775,2023-10-06 18:15:56,2023-10-06 18:18:56,3.0,4.74,On Time,Traffic,3.0,False,2023-10-06
9039495201,92126,2024-03-27 20:14:20,2024-03-27 20:09:20,-5.0,1.48,On Time,,-5.0,True,2024-03-27
99708985,8566,2023-11-19 04:46:38,2023-11-19 04:55:38,9.0,3.32,Slightly Delayed,Traffic,9.0,False,2023-11-19
6312811061,59483,2024-08-31 14:03:05,2024-08-31 14:17:05,14.0,1.32,Slightly Delayed,Traffic,14.0,False,2024-08-31
3915885220,75178,2024-06-21 10:53:49,2024-06-21 10:57:49,4.0,1.53,On Time,Traffic,4.0,False,2024-06-21
6654736751,61095,2023-04-25 00:16:41,2023-04-25 00:12:41,-4.0,2.57,On Time,,-4.0,True,2023-04-25
841915361,25472,2024-10-31 19:17:59,2024-10-31 19:13:59,-4.0,4.98,On Time,,-4.0,True,2024-10-31
2543233800,76752,2023-09-23 17:31:27,2023-09-23 17:43:27,12.0,4.12,Slightly Delayed,Traffic,12.0,False,2023-09-23
5271947935,70987,2024-08-26 23:22:11,2024-08-26 23:18:11,-4.0,2.41,On Time,,-4.0,True,2024-08-26
6339554317,28470,2023-06-14 01:09:23,2023-06-14 01:05:23,-4.0,4.17,On Time,,-4.0,True,2023-06-14
1840475676,92449,2024-05-27 03:55:21,2024-05-27 03:55:21,0.0,4.68,On Time,,0.0,True,2024-05-27
6812031667,20307,2023-12-12 14:44:49,2023-12-12 14:47:49,3.0,3.86,On Time,Traffic,3.0,False,2023-12-12
3031698482,43787,2024-10-11 07:34:20,2024-10-11 07:38:20,4.0,0.57,On Time,Traffic,4.0,False,2024-10-11
7902025520,96782,2024-01-02 21:40:22,2024-01-02 21:46:22,6.0,3.29,Slightly Delayed,Traffic,6.0,False,2024-01-02
1969446314,93399,2023-09-05 20:05:27,2023-09-05 20:09:27,4.0,4.35,On Time,Traffic,4.0,False,2023-09-05
9949497098,92577,2024-10-28 22:31:08,2024-10-28 22:40:08,9.0,0.98,Slightly Delayed,Traffic,9.0,False,2024-10-28
4572338018,11129,2023-05-04 11:00:53,2023-05-04 11:07:53,7.0,1.84,Slightly Delayed,Traffic,7.0,False,2023-05-04
2964153358,60394,2023-06-12 00:42:35,2023-06-12 00:37:35,-5.0,1.46,On Time,,-5.0,True,2023-06-12
7642038633,99317,2024-03-10 11:50:24,2024-03-10 12:20:24,30.0,4.66,Significantly Delayed,Traffic,30.0,False,2024-03-10
8208980848,53453,2024-02-21 23:57:40,2024-02-21 23:53:40,-4.0,3.18,On Time,,-4.0,True,2024-02-21
3343789681,53744,2023-05-27 21:57:02,2023-05-27 22:22:02,25.0,3.43,Significantly Delayed,Traffic,25.0,False,2023-05-27
9478305481,33984,2024-02-02 04:12:25,2024-02-02 04:27:25,15.0,0.51,Slightly Delayed,Traffic,15.0,False,2024-02-02
3475260976,37563,2023-03-26 19:09:43,2023-03-26 19:22:43,13.0,4.22,Slightly Delayed,Traffic,13.0,False,2023-03-26
3665443705,33503,2024-08-09 13:30:02,2024-08-09 13:42:02,12.0,1.7,Slightly Delayed,Traffic,12.0,False,2024-08-09
673592541,48217,2024-04-05 00:35:49,2024-04-05 00:35:49,0.0,3.39,On Time,,0.0,True,2024-04-05
8074949320,81625,2023-08-17 13:35:57,2023-08-17 13:32:57,-3.0,2.17,On Time,,-3.0,True,2023-08-17
8056021378,67163,2023-11-04 22:32:56,2023-11-04 22:43:56,11.0,1.29,Slightly Delayed,Traffic,11.0,False,2023-11-04
2331582000,12171,2024-03-16 09:38:08,2024-03-16 09:35:08,-3.0,1.51,On Time,,-3.0,True,2024-03-16
5844776722,57666,2024-01-10 12:17:56,2024-01-10 12:18:56,1.0,2.1,On Time,Traffic,1.0,False,2024-01-10
8426465860,59023,2024-02-29 23:32:48,2024-02-29 23:27:48,-5.0,4.2,On Time,,-5.0,True,2024-02-29
9057555029,70770,2024-02-02 19:30:14,2024-02-02 19:36:14,6.0,2.9,Slightly Delayed,Traffic,6.0,False,2024-02-02
2210486526,78433,2023-12-13 17:41:31,2023-12-13 17:41:31,0.0,3.8,On Time,,0.0,True,2023-12-13
6421432903,36013,2024-01-30 17:47:05,2024-01-30 17:49:05,2.0,2.92,On Time,Traffic,2.0,False,2024-01-30
3562901354,30335,2024-05-06 21:07:54,2024-05-06 21:07:54,0.0,4.33,On Time,,0.0,True,2024-05-06
8194268842,31210,2024-08-15 08:08:53,2024-08-15 08:13:53,5.0,0.7,On Time,Traffic,5.0,False,2024-08-15
7524467684,41508,2023-04-25 00:51:16,2023-04-25 00:50:16,-1.0,0.79,On Time,,-1.0,True,2023-04-25
1254195766,20073,2023-12-21 05:08:51,2023-12-21 05:06:51,-2.0,1.55,On Time,,-2.0,True,2023-12-21
6476646153,42014,2024-10-06 02:38:15,2024-10-06 02:47:15,9.0,1.3,Slightly Delayed,Traffic,9.0,False,2024-10-06
8278568103,77200,2024-08-06 01:19:19,2024-08-06 01:16:19,-3.0,2.32,On Time,,-3.0,True,2024-08-06
8589621333,21113,2023-10-01 14:00:52,2023-10-01 13:57:52,-3.0,0.97,On Time,,-3.0,True,2023-10-01
8531683720,45775,2024-10-25 06:39:21,2024-10-25 06:43:21,4.0,3.67,On Time,Traffic,4.0,False,2024-10-25
327291657,95819,2024-07-15 04:48:45,2024-07-15 04:44:45,-4.0,3.94,On Time,,-4.0,True,2024-07-15
6159164139,28967,2024-04-06 06:17:59,2024-04-06 06:22:59,5.0,2.49,On Time,Traffic,5.0,False,2024-04-06
8029863164,94072,2023-10-22 16:17:26,2023-10-22 16:15:26,-2.0,3.57,On Time,,-2.0,True,2023-10-22
9387824629,92156,2023-12-30 18:30:15,2023-12-30 18:47:15,17.0,2.16,Significantly Delayed,Traffic,17.0,False,2023-12-30
3289836195,76199,2024-05-29 02:48:15,2024-05-29 03:10:15,22.0,3.3,Significantly Delayed,Traffic,22.0,False,2024-05-29
5001931575,22159,2024-10-28 20:14:45,2024-10-28 20:33:45,19.0,0.79,Significantly Delayed,Traffic,19.0,False,2024-10-28
7258292820,51026,2023-08-13 22:22:47,2023-08-13 22:47:47,25.0,4.06,Significantly Delayed,Traffic,25.0,False,2023-08-13
4924862857,41365,2023-08-08 17:14:42,2023-08-08 17:29:42,15.0,0.93,Slightly Delayed,Traffic,15.0,False,2023-08-08
8666314034,50429,2023-04-21 19:14:41,2023-04-21 19:17:41,3.0,2.06,On Time,Traffic,3.0,False,2023-04-21
6775326324,59090,2023-06-17 02:13:29,2023-06-17 02:21:29,8.0,2.08,Slightly Delayed,Traffic,8.0,False,2023-06-17
6092636899,73041,2024-10-26 02:18:39,2024-10-26 02:19:39,1.0,1.85,On Time,Traffic,1.0,False,2024-10-26
4115558056,20348,2024-04-17 02:49:53,2024-04-17 02:49:53,0.0,4.64,On Time,,0.0,True,2024-04-17
2352136184,27659,2023-11-21 22:13:06,2023-11-21 22:37:06,24.0,3.87,Significantly Delayed,Traffic,24.0,False,2023-11-21
1706445141,73737,2024-03-11 19:13:18,2024-03-11 19:22:18,9.0,3.29,Slightly Delayed,Traffic,9.0,False,2024-03-11
9000165912,50130,2023-08-20 08:34:44,2023-08-20 08:57:44,23.0,0.75,Significantly Delayed,Traffic,23.0,False,2023-08-20
7457305850,28367,2023-12-08 12:16:55,2023-12-08 12:21:55,5.0,0.78,On Time,Traffic,5.0,False,2023-12-08
9685973820,22198,2024-04-20 03:36:50,2024-04-20 03:48:50,12.0,4.87,Slightly Delayed,Traffic,12.0,False,2024-04-20
168067196,42592,2024-07-16 13:30:12,2024-07-16 13:35:12,5.0,2.65,On Time,Traffic,5.0,False,2024-07-16
6105240201,59775,2024-05-22 23:40:32,2024-05-22 23:48:32,8.0,2.23,Slightly Delayed,Traffic,8.0,False,2024-05-22
1888247163,77605,2024-02-09 11:49:54,2024-02-09 11:48:54,-1.0,1.35,On Time,,-1.0,True,2024-02-09
7145162326,64500,2023-06-23 22:41:58,2023-06-23 22:51:58,10.0,4.58,Slightly Delayed,Traffic,10.0,False,2023-06-23
7611231659,1857,2023-09-22 12:21:11,2023-09-22 12:46:11,25.0,3.53,Significantly Delayed,Traffic,25.0,False,2023-09-22
4508784747,45529,2024-03-11 01:58:36,2024-03-11 02:10:36,12.0,2.15,Slightly Delayed,Traffic,12.0,False,2024-03-11
2567590825,2575,2023-10-10 20:19:46,2023-10-10 20:19:46,0.0,1.04,On Time,,0.0,True,2023-10-10
9255982861,75663,2024-10-17 05:12:51,2024-10-17 05:17:51,5.0,3.98,On Time,Traffic,5.0,False,2024-10-17
4102063254,14319,2024-01-13 12:44:27,2024-01-13 13:06:27,22.0,3.26,Significantly Delayed,Traffic,22.0,False,2024-01-13
7373931740,4116,2024-08-27 00:22:31,2024-08-27 00:24:31,2.0,2.53,On Time,Traffic,2.0,False,2024-08-27
5682816404,14009,2023-07-10 15:11:43,2023-07-10 15:15:43,4.0,2.61,On Time,Traffic,4.0,False,2023-07-10
544018743,23075,2024-03-31 14:32:00,2024-03-31 14:38:00,6.0,3.05,Slightly Delayed,Traffic,6.0,False,2024-03-31
3292929952,65834,2024-09-10 06:54:18,2024-09-10 07:05:18,11.0,3.13,Slightly Delayed,Traffic,11.0,False,2024-09-10
9144790321,32954,2023-04-17 16:33:59,2023-04-17 16:48:59,15.0,1.54,Slightly Delayed,Traffic,15.0,False,2023-04-17
9075991438,58668,2023-06-21 23:26:05,2023-06-21 23:27:05,1.0,2.31,On Time,Traffic,1.0,False,2023-06-21
3634813810,73783,2024-08-12 05:18:50,2024-08-12 05:45:50,27.0,4.53,Significantly Delayed,Traffic,27.0,False,2024-08-12
8250406975,64277,2023-12-07 11:22:13,2023-12-07 11:21:13,-1.0,4.77,On Time,,-1.0,True,2023-12-07
5877618756,23099,2023-07-07 11:24:17,2023-07-07 11:20:17,-4.0,3.29,On Time,,-4.0,True,2023-07-07
2419292139,21081,2024-05-31 22:50:38,2024-05-31 23:01:38,11.0,4.34,Slightly Delayed,Traffic,11.0,False,2024-05-31
9547123332,86656,2023-06-07 13:58:18,2023-06-07 13:54:18,-4.0,1.9,On Time,,-4.0,True,2023-06-07
6968636396,60048,2024-04-02 19:50:56,2024-04-02 19:48:56,-2.0,4.28,On Time,,-2.0,True,2024-04-02
5247557644,72372,2023-05-20 08:27:06,2023-05-20 08:25:06,-2.0,4.88,On Time,,-2.0,True,2023-05-20
7731193394,10460,2024-10-15 13:16:15,2024-10-15 13:43:15,27.0,2.35,Significantly Delayed,Traffic,27.0,False,2024-10-15
6048321120,48142,2024-07-25 10:59:28,2024-07-25 11:07:28,8.0,4.49,Slightly Delayed,Traffic,8.0,False,2024-07-25
8494582006,29476,2023-05-04 16:07:30,2023-05-04 16:04:30,-3.0,1.97,On Time,,-3.0,True,2023-05-04
5600781757,96115,2023-06-18 10:32:12,2023-06-18 10:31:12,-1.0,4.6,On Time,,-1.0,True,2023-06-18
495091707,99245,2024-09-16 01:27:00,2024-09-16 01:39:00,12.0,4.94,Slightly Delayed,Traffic,12.0,False,2024-09-16
3239613823,91047,2024-04-18 16:36:41,2024-04-18 16:37:41,1.0,3.19,On Time,Traffic,1.0,False,2024-04-18
3643352219,94768,2023-09-15 09:53:26,2023-09-15 09:50:26,-3.0,4.43,On Time,,-3.0,True,2023-09-15
2051599638,97807,2023-04-22 10:55:28,2023-04-22 11:11:28,16.0,1.59,Significantly Delayed,Traffic,16.0,False,2023-04-22
3514859549,33736,2023-12-21 14:45:13,2023-12-21 14:42:13,-3.0,3.69,On Time,,-3.0,True,2023-12-21
3907599008,68561,2023-12-12 01:08:26,2023-12-12 01:08:26,0.0,0.79,On Time,,0.0,True,2023-12-12
1534993603,97084,2024-01-07 00:25:44,2024-01-07 00:20:44,-5.0,1.96,On Time,,-5.0,True,2024-01-07
8980701254,94420,2024-05-12 15:17:44,2024-05-12 15:25:44,8.0,3.18,Slightly Delayed,Traffic,8.0,False,2024-05-12
6695408903,37440,2023-05-24 13:56:31,2023-05-24 14:08:31,12.0,1.18,Slightly Delayed,Traffic,12.0,False,2023-05-24
3268455899,19152,2023-09-16 17:26:21,2023-09-16 17:26:21,0.0,1.82,On Time,,0.0,True,2023-09-16
7809161755,84449,2023-04-10 16:32:51,2023-04-10 16:34:51,2.0,4.72,On Time,Traffic,2.0,False,2023-04-10
8873697539,41581,2024-02-14 05:33:26,2024-02-14 05:34:26,1.0,1.04,On Time,Traffic,1.0,False,2024-02-14
8603941640,20405,2024-01-06 08:16:17,2024-01-06 08:12:17,-4.0,4.57,On Time,,-4.0,True,2024-01-06
8308184279,64196,2023-06-19 08:21:51,2023-06-19 08:26:51,5.0,2.24,On Time,Traffic,5.0,False,2023-06-19
7572826287,74511,2023-04-23 12:06:31,2023-04-23 12:04:31,-2.0,0.87,On Time,,-2.0,True,2023-04-23
7478396641,37146,2023-12-05 14:12:20,2023-12-05 14:24:20,12.0,3.92,Slightly Delayed,Traffic,12.0,False,2023-12-05
3569283921,26141,2023-10-27 07:34:26,2023-10-27 07:33:26,-1.0,3.68,On Time,,-1.0,True,2023-10-27
9947619677,65941,2024-08-20 20:50:20,2024-08-20 20:46:20,-4.0,2.12,On Time,,-4.0,True,2024-08-20
5396237918,49918,2024-01-31 20:17:41,2024-01-31 20:22:41,5.0,4.88,On Time,Traffic,5.0,False,2024-01-31
455878765,6556,2024-07-06 04:25:53,2024-07-06 04:26:53,1.0,1.66,On Time,Traffic,1.0,False,2024-07-06
2079195080,84399,2024-03-30 02:52:42,2024-03-30 02:50:42,-2.0,2.75,On Time,,-2.0,True,2024-03-30
6104211214,5923,2024-07-21 02:44:58,2024-07-21 02:46:58,2.0,2.14,On Time,Traffic,2.0,False,2024-07-21
9442939134,44610,2024-08-24 11:52:07,2024-08-24 11:47:07,-5.0,0.71,On Time,,-5.0,True,2024-08-24
3317293496,42288,2024-02-13 09:03:08,2024-02-13 09:00:08,-3.0,0.98,On Time,,-3.0,True,2024-02-13
8243326501,24700,2024-01-21 11:35:26,2024-01-21 11:36:26,1.0,2.33,On Time,Traffic,1.0,False,2024-01-21
4109483569,22588,2024-03-10 19:01:38,2024-03-10 19:10:38,9.0,4.29,Slightly Delayed,Traffic,9.0,False,2024-03-10
5390352336,17564,2024-07-15 04:47:53,2024-07-15 04:49:53,2.0,1.24,On Time,Traffic,2.0,False,2024-07-15
2581584982,92740,2023-10-20 02:26:34,2023-10-20 02:27:34,1.0,2.11,On Time,Traffic,1.0,False,2023-10-20
1668737869,21499,2023-03-24 00:00:26,2023-03-23 23:57:26,-3.0,0.92,On Time,,-3.0,True,2023-03-23
5046906329,55251,2023-08-07 08:00:35,2023-08-07 08:03:35,3.0,3.21,On Time,Traffic,3.0,False,2023-08-07
2536833157,29809,2023-05-08 04:58:45,2023-05-08 04:56:45,-2.0,1.72,On Time,,-2.0,True,2023-05-08
9176170352,64871,2023-11-03 09:06:22,2023-11-03 09:06:22,0.0,3.69,On Time,,0.0,True,2023-11-03
833930925,71285,2024-01-10 16:44:49,2024-01-10 16:40:49,-4.0,0.69,On Time,,-4.0,True,2024-01-10
8515226099,86830,2023-08-21 17:27:26,2023-08-21 17:25:26,-2.0,1.59,On Time,,-2.0,True,2023-08-21
2023020278,3627,2023-06-14 10:24:21,2023-06-14 10:37:21,13.0,2.68,Slightly Delayed,Traffic,13.0,False,2023-06-14
2840526544,3957,2023-03-28 07:36:51,2023-03-28 07:38:51,2.0,3.86,On Time,Traffic,2.0,False,2023-03-28
7267422945,24170,2023-05-03 12:29:25,2023-05-03 12:25:25,-4.0,1.87,On Time,,-4.0,True,2023-05-03
9400777426,22677,2023-11-17 00:31:09,2023-11-17 00:39:09,8.0,4.32,Slightly Delayed,Traffic,8.0,False,2023-11-17
3298603544,64773,2023-06-15 23:54:37,2023-06-16 00:16:37,22.0,1.48,Significantly Delayed,Traffic,22.0,False,2023-06-16
4479973293,76853,2024-09-11 19:11:57,2024-09-11 19:15:57,4.0,4.0,On Time,Traffic,4.0,False,2024-09-11
356236208,89331,2023-08-08 13:31:46,2023-08-08 13:36:46,5.0,4.65,On Time,Traffic,5.0,False,2023-08-08
6699845542,79038,2023-12-06 15:02:53,2023-12-06 14:57:53,-5.0,1.39,On Time,,-5.0,True,2023-12-06
3106057977,21621,2024-06-07 18:49:09,2024-06-07 18:46:09,-3.0,1.82,On Time,,-3.0,True,2024-06-07
1905367587,6217,2023-11-05 08:59:17,2023-11-05 08:57:17,-2.0,4.47,On Time,,-2.0,True,2023-11-05
169590729,45869,2024-05-23 05:28:37,2024-05-23 05:24:37,-4.0,3.47,On Time,,-4.0,True,2024-05-23
9820743709,57086,2023-12-03 10:32:31,2023-12-03 10:34:31,2.0,0.96,On Time,Traffic,2.0,False,2023-12-03
6605882211,39274,2023-12-03 10:43:46,2023-12-03 11:08:46,25.0,2.51,Significantly Delayed,Traffic,25.0,False,2023-12-03
9517765444,20603,2023-09-28 05:02:11,2023-09-28 04:59:11,-3.0,1.26,On Time,,-3.0,True,2023-09-28
7766311749,54135,2023-11-28 15:25:39,2023-11-28 15:23:39,-2.0,1.39,On Time,,-2.0,True,2023-11-28
742238239,59655,2023-12-21 21:41:19,2023-12-21 21:43:19,2.0,2.94,On Time,Traffic,2.0,False,2023-12-21
3146141485,19370,2023-12-27 08:46:28,2023-12-27 08:50:28,4.0,1.05,On Time,Traffic,4.0,False,2023-12-27
6633702824,32567,2024-06-19 09:08:43,2024-06-19 09:05:43,-3.0,3.5,On Time,,-3.0,True,2024-06-19
5033749011,78614,2023-10-22 14:00:49,2023-10-22 13:58:49,-2.0,2.88,On Time,,-2.0,True,2023-10-22
4009496217,19960,2023-07-22 03:21:51,2023-07-22 03:24:51,3.0,1.98,On Time,Traffic,3.0,False,2023-07-22
4284473821,70335,2024-03-25 08:29:13,2024-03-25 08:32:13,3.0,2.84,On Time,Traffic,3.0,False,2024-03-25
8860588793,44421,2023-08-03 15:32:25,2023-08-03 15:33:25,1.0,4.93,On Time,Traffic,1.0,False,2023-08-03
5305428485,48428,2023-05-07 03:11:44,2023-05-07 03:15:44,4.0,2.59,On Time,Traffic,4.0,False,2023-05-07
676278878,11530,2023-04-08 08:29:45,2023-04-08 08:28:45,-1.0,4.7,On Time,,-1.0,True,2023-04-08
9459854097,52270,2023-10-28 22:47:53,2023-10-28 22:45:53,-2.0,3.36,On Time,,-2.0,True,2023-10-28
3895596621,53909,2023-10-29 04:32:51,2023-10-29 04:29:51,-3.0,3.75,On Time,,-3.0,True,2023-10-29
7750915110,96593,2023-09-18 19:37:02,2023-09-18 19:44:02,7.0,3.28,Slightly Delayed,Traffic,7.0,False,2023-09-18
5173951989,62728,2023-11-11 17:33:15,2023-11-11 17:29:15,-4.0,4.74,On Time,,-4.0,True,2023-11-11
6388954643,46446,2024-02-23 07:05:22,2024-02-23 07:03:22,-2.0,1.85,On Time,,-2.0,True,2024-02-23
5819387689,54590,2023-09-08 18:24:12,2023-09-08 18:19:12,-5.0,3.89,On Time,,-5.0,True,2023-09-08
4184037584,44659,2023-10-15 09:31:29,2023-10-15 09:31:29,0.0,2.1,On Time,,0.0,True,2023-10-15
9525140554,52570,2024-10-15 09:26:28,2024-10-15 09:27:28,1.0,0.89,On Time,Traffic,1.0,False,2024-10-15
1617927874,46223,2024-09-14 16:09:03,2024-09-14 16:12:03,3.0,3.25,On Time,Traffic,3.0,False,2024-09-14
1543944105,21539,2024-10-21 18:00:10,2024-10-21 18:26:10,26.0,2.99,Significantly Delayed,Traffic,26.0,False,2024-10-21
341580530,43564,2024-07-10 07:21:29,2024-07-10 07:42:29,21.0,3.77,Significantly Delayed,Traffic,21.0,False,2024-07-10
5133661902,36138,2023-11-13 22:53:41,2023-11-13 23:04:41,11.0,3.39,Slightly Delayed,Traffic,11.0,False,2023-11-13
4557328309,27324,2024-06-13 01:40:04,2024-06-13 01:44:04,4.0,2.79,On Time,Traffic,4.0,False,2024-06-13
4479421205,78302,2024-07-02 12:28:17,2024-07-02 12:42:17,14.0,1.59,Slightly Delayed,Traffic,14.0,False,2024-07-02
5740294639,3587,2023-07-31 13:16:46,2023-07-31 13:31:46,15.0,4.38,Slightly Delayed,Traffic,15.0,False,2023-07-31
8114060961,27873,2023-10-12 17:54:59,2023-10-12 18:21:59,27.0,0.63,Significantly Delayed,Traffic,27.0,False,2023-10-12
5744553133,78378,2024-04-19 03:28:52,2024-04-19 03:35:52,7.0,0.73,Slightly Delayed,Traffic,7.0,False,2024-04-19
5029893308,23973,2024-01-26 14:58:50,2024-01-26 14:56:50,-2.0,0.97,On Time,,-2.0,True,2024-01-26
9663384689,60561,2023-03-24 17:15:27,2023-03-24 17:21:27,6.0,1.58,Slightly Delayed,Traffic,6.0,False,2023-03-24
7919240958,65015,2023-05-19 00:12:38,2023-05-19 00:12:38,0.0,2.6,On Time,,0.0,True,2023-05-19
5211751826,73273,2023-08-31 01:55:48,2023-08-31 02:06:48,11.0,0.53,Slightly Delayed,Traffic,11.0,False,2023-08-31
8713129069,3028,2024-10-16 08:47:07,2024-10-16 08:47:07,0.0,2.31,On Time,,0.0,True,2024-10-16
1407304162,56660,2023-03-31 18:59:55,2023-03-31 18:59:55,0.0,3.65,On Time,,0.0,True,2023-03-31
3793875046,14372,2024-01-30 08:30:22,2024-01-30 08:33:22,3.0,0.63,On Time,Traffic,3.0,False,2024-01-30
4903700958,68302,2024-05-30 09:56:35,2024-05-30 09:59:35,3.0,0.67,On Time,Traffic,3.0,False,2024-05-30
1989547877,96259,2023-12-14 02:27:55,2023-12-14 02:28:55,1.0,3.76,On Time,Traffic,1.0,False,2023-12-14
9584857115,24203,2023-12-28 23:23:21,2023-12-28 23:21:21,-2.0,4.52,On Time,,-2.0,True,2023-12-28
7236760938,61643,2024-06-29 12:15:15,2024-06-29 12:11:15,-4.0,4.05,On Time,,-4.0,True,2024-06-29
4346903287,5643,2024-10-28 23:59:45,2024-10-29 00:02:45,3.0,4.95,On Time,Traffic,3.0,False,2024-10-29
6353755071,15507,2024-02-12 01:00:17,2024-02-12 01:03:17,3.0,1.21,On Time,Traffic,3.0,False,2024-02-12
89194627,37946,2024-03-06 18:27:09,2024-03-06 18:24:09,-3.0,4.59,On Time,,-3.0,True,2024-03-06
544919267,96790,2024-09-25 14:16:58,2024-09-25 14:17:58,1.0,4.42,On Time,Traffic,1.0,False,2024-09-25
6665075012,3646,2024-01-14 03:21:56,2024-01-14 03:22:56,1.0,2.06,On Time,Traffic,1.0,False,2024-01-14
4461389660,23681,2023-07-30 15:12:38,2023-07-30 15:40:38,28.0,2.74,Significantly Delayed,Traffic,28.0,False,2023-07-30
8789328634,34277,2024-06-01 01:32:26,2024-06-01 01:50:26,18.0,1.44,Significantly Delayed,Traffic,18.0,False,2024-06-01
147066568,86173,2024-07-12 07:58:16,2024-07-12 07:55:16,-3.0,1.2,On Time,,-3.0,True,2024-07-12
6712947216,3996,2023-04-11 04:24:23,2023-04-11 04:28:23,4.0,4.42,On Time,Traffic,4.0,False,2023-04-11
4731158560,59602,2024-03-14 18:37:31,2024-03-14 18:37:31,0.0,0.81,On Time,,0.0,True,2024-03-14
6228958238,83846,2023-08-31 04:25:51,2023-08-31 04:52:51,27.0,1.54,Significantly Delayed,Traffic,27.0,False,2023-08-31
8006440384,46105,2023-06-09 05:35:06,2023-06-09 05:34:06,-1.0,4.43,On Time,,-1.0,True,2023-06-09
7330672658,69442,2024-10-25 04:12:42,2024-10-25 04:08:42,-4.0,3.67,On Time,,-4.0,True,2024-10-25
1766200974,56216,2024-10-13 15:08:22,2024-10-13 15:03:22,-5.0,3.37,On Time,,-5.0,True,2024-10-13
2878422829,87135,2024-07-16 06:06:46,2024-07-16 06:01:46,-5.0,2.59,On Time,,-5.0,True,2024-07-16
5862535621,82460,2024-01-03 06:23:00,2024-01-03 06:25:00,2.0,4.02,On Time,Traffic,2.0,False,2024-01-03
3781134163,89523,2024-02-03 03:01:21,2024-02-03 03:09:21,8.0,1.54,Slightly Delayed,Traffic,8.0,False,2024-02-03
7835720444,69804,2024-01-10 23:24:29,2024-01-10 23:51:29,27.0,1.34,Significantly Delayed,Traffic,27.0,False,2024-01-10
1952343673,23019,2024-02-24 06:16:00,2024-02-24 06:14:00,-2.0,1.52,On Time,,-2.0,True,2024-02-24
9406096007,84186,2023-11-24 09:17:17,2023-11-24 09:30:17,13.0,1.42,Slightly Delayed,Traffic,13.0,False,2023-11-24
1136528533,99968,2023-08-22 22:46:18,2023-08-22 22:58:18,12.0,1.81,Slightly Delayed,Traffic,12.0,False,2023-08-22
9137126466,42265,2023-08-05 10:03:03,2023-08-05 10:04:03,1.0,1.67,On Time,Traffic,1.0,False,2023-08-05
1495517558,4039,2024-08-17 16:49:22,2024-08-17 17:14:22,25.0,4.82,Significantly Delayed,Traffic,25.0,False,2024-08-17
1643011737,83118,2024-07-14 08:37:35,2024-07-14 08:42:35,5.0,3.49,On Time,Traffic,5.0,False,2024-07-14
4067366774,78609,2024-02-23 19:39:16,2024-02-23 19:42:16,3.0,3.55,On Time,Traffic,3.0,False,2024-02-23
1683118802,76106,2023-12-17 15:46:55,2023-12-17 15:49:55,3.0,1.25,On Time,Traffic,3.0,False,2023-12-17
5770514189,50789,2023-12-08 16:31:15,2023-12-08 16:37:15,6.0,4.07,Slightly Delayed,Traffic,6.0,False,2023-12-08
9612669334,77039,2023-06-24 17:25:03,2023-06-24 17:29:03,4.0,4.07,On Time,Traffic,4.0,False,2023-06-24
3262295808,22950,2024-04-19 20:22:41,2024-04-19 20:26:41,4.0,2.17,On Time,Traffic,4.0,False,2024-04-19
1593291198,98452,2024-09-30 22:40:00,2024-09-30 22:55:00,15.0,1.94,Slightly Delayed,Traffic,15.0,False,2024-09-30
5327721432,45092,2024-09-28 20:16:11,2024-09-28 20:15:11,-1.0,4.03,On Time,,-1.0,True,2024-09-28
4879497185,29418,2023-10-17 11:55:35,2023-10-17 11:53:35,-2.0,2.7,On Time,,-2.0,True,2023-10-17
6883107728,55685,2024-02-11 18:29:33,2024-02-11 18:27:33,-2.0,2.99,On Time,,-2.0,True,2024-02-11
1643246998,33474,2023-10-29 17:12:28,2023-10-29 17:18:28,6.0,2.96,Slightly Delayed,Traffic,6.0,False,2023-10-29
913309291,77500,2024-06-16 09:23:00,2024-06-16 09:20:00,-3.0,2.56,On Time,,-3.0,True,2024-06-16
8298829689,85725,2023-11-29 12:26:34,2023-11-29 12:29:34,3.0,1.55,On Time,Traffic,3.0,False,2023-11-29
7155488252,56349,2024-09-28 21:39:26,2024-09-28 21:36:26,-3.0,2.56,On Time,,-3.0,True,2024-09-28
8316192789,93941,2023-07-07 02:33:55,2023-07-07 02:34:55,1.0,1.87,On Time,Traffic,1.0,False,2023-07-07
3589756658,10246,2023-12-18 09:17:42,2023-12-18 09:22:42,5.0,3.7,On Time,Traffic,5.0,False,2023-12-18
8371900149,37141,2024-08-31 13:27:39,2024-08-31 13:28:39,1.0,0.62,On Time,Traffic,1.0,False,2024-08-31
6659686612,14050,2024-04-20 03:17:24,2024-04-20 03:12:24,-5.0,3.11,On Time,,-5.0,True,2024-04-20
2937676500,91316,2024-05-25 19:08:00,2024-05-25 19:16:00,8.0,3.16,Slightly Delayed,Traffic,8.0,False,2024-05-25
9908301442,50218,2023-06-10 08:20:04,2023-06-10 08:25:04,5.0,1.18,On Time,Traffic,5.0,False,2023-06-10
3325049330,70928,2023-03-31 19:20:39,2023-03-31 19:17:39,-3.0,0.78,On Time,,-3.0,True,2023-03-31
2330986566,80888,2023-03-26 16:41:03,2023-03-26 16:40:03,-1.0,1.59,On Time,,-1.0,True,2023-03-26
1495975802,91194,2024-01-27 16:41:38,2024-01-27 16:43:38,2.0,4.25,On Time,Traffic,2.0,False,2024-01-27
4207249029,29507,2023-10-15 18:04:14,2023-10-15 18:05:14,1.0,1.5,On Time,Traffic,1.0,False,2023-10-15
1150143976,17949,2023-08-12 10:41:09,2023-08-12 10:42:09,1.0,4.19,On Time,Traffic,1.0,False,2023-08-12
8443390148,67582,2023-06-12 11:23:12,2023-06-12 11:23:12,0.0,3.62,On Time,,0.0,True,2023-06-12
8358703267,47723,2023-08-20 11:05:12,2023-08-20 11:07:12,2.0,3.45,On Time,Traffic,2.0,False,2023-08-20
1608084881,38092,2024-03-21 23:52:31,2024-03-21 23:53:31,1.0,1.86,On Time,Traffic,1.0,False,2024-03-21
2744486953,59839,2024-09-29 20:15:27,2024-09-29 20:37:27,22.0,4.14,Significantly Delayed,Traffic,22.0,False,2024-09-29
3036885153,28150,2024-02-29 21:20:32,2024-02-29 21:30:32,10.0,0.79,Slightly Delayed,Traffic,10.0,False,2024-02-29
7335148205,54244,2023-06-30 02:08:07,2023-06-30 02:04:07,-4.0,1.6,On Time,,-4.0,True,2023-06-30
2356580295,58531,2023-08-21 01:48:20,2023-08-21 01:49:20,1.0,3.35,On Time,Traffic,1.0,False,2023-08-21
8999547266,80008,2023-12-09 17:13:35,2023-12-09 17:17:35,4.0,4.14,On Time,Traffic,4.0,False,2023-12-09
3094439783,72382,2023-11-30 04:13:34,2023-11-30 04:15:34,2.0,1.84,On Time,Traffic,2.0,False,2023-11-30
2753579193,13373,2023-03-29 15:06:03,2023-03-29 15:05:03,-1.0,1.24,On Time,,-1.0,True,2023-03-29
7683077217,74017,2024-04-17 18:27:04,2024-04-17 18:27:04,0.0,2.16,On Time,,0.0,True,2024-04-17
2366099898,5230,2023-05-10 20:56:53,2023-05-10 20:57:53,1.0,2.51,On Time,Traffic,1.0,False,2023-05-10
1252810532,63346,2024-07-03 21:37:17,2024-07-03 21:48:17,11.0,1.13,Slightly Delayed,Traffic,11.0,False,2024-07-03
6493039553,79356,2024-08-06 11:41:09,2024-08-06 11:38:09,-3.0,4.33,On Time,,-3.0,True,2024-08-06
9274842886,68120,2023-11-15 19:04:57,2023-11-15 18:59:57,-5.0,1.83,On Time,,-5.0,True,2023-11-15
8255275254,33069,2023-12-03 02:14:06,2023-12-03 02:22:06,8.0,0.93,Slightly Delayed,Traffic,8.0,False,2023-12-03
2136873695,40846,2023-07-09 11:18:32,2023-07-09 11:14:32,-4.0,1.41,On Time,,-4.0,True,2023-07-09
3253225736,22694,2024-07-19 09:08:06,2024-07-19 09:11:06,3.0,1.95,On Time,Traffic,3.0,False,2024-07-19
7712604853,645,2023-09-26 23:48:51,2023-09-26 23:50:51,2.0,1.48,On Time,Traffic,2.0,False,2023-09-26
5698803942,38462,2024-10-10 13:26:15,2024-10-10 13:28:15,2.0,1.78,On Time,Traffic,2.0,False,2024-10-10
4393804577,20781,2023-08-30 13:54:05,2023-08-30 13:56:05,2.0,4.67,On Time,Traffic,2.0,False,2023-08-30
9307961643,69847,2024-04-24 17:40:07,2024-04-24 17:40:07,0.0,3.95,On Time,,0.0,True,2024-04-24
14103943,25400,2023-11-24 09:07:35,2023-11-24 09:18:35,11.0,2.36,Slightly Delayed,Traffic,11.0,False,2023-11-24
4183595096,5568,2024-01-09 06:40:14,2024-01-09 06:35:14,-5.0,2.36,On Time,,-5.0,True,2024-01-09
9915365099,36218,2023-05-19 11:48:45,2023-05-19 11:50:45,2.0,1.09,On Time,Traffic,2.0,False,2023-05-19
7979108696,67463,2024-05-20 22:24:25,2024-05-20 22:33:25,9.0,4.75,Slightly Delayed,Traffic,9.0,False,2024-05-20
8756485728,43987,2024-02-10 21:32:58,2024-02-10 21:33:58,1.0,4.73,On Time,Traffic,1.0,False,2024-02-10
4859441294,6040,2024-05-30 06:11:29,2024-05-30 06:17:29,6.0,4.36,Slightly Delayed,Traffic,6.0,False,2024-05-30
8100291984,70176,2023-08-21 19:31:53,2023-08-21 19:53:53,22.0,3.34,Significantly Delayed,Traffic,22.0,False,2023-08-21
7825714018,92931,2024-08-27 20:16:28,2024-08-27 20:16:28,0.0,1.68,On Time,,0.0,True,2024-08-27
1785144322,27342,2024-07-22 17:04:23,2024-07-22 17:14:23,10.0,3.1,Slightly Delayed,Traffic,10.0,False,2024-07-22
242240959,62828,2024-01-26 15:30:01,2024-01-26 15:34:01,4.0,2.15,On Time,Traffic,4.0,False,2024-01-26
3527621284,24006,2024-07-21 04:38:25,2024-07-21 04:35:25,-3.0,1.46,On Time,,-3.0,True,2024-07-21
2254856113,58706,2023-04-16 10:44:22,2023-04-16 10:44:22,0.0,2.46,On Time,,0.0,True,2023-04-16
4295420935,81922,2024-09-04 11:51:12,2024-09-04 11:53:12,2.0,1.26,On Time,Traffic,2.0,False,2024-09-04
8739415992,88278,2023-06-02 23:19:03,2023-06-02 23:19:03,0.0,1.32,On Time,,0.0,True,2023-06-02
2123879653,87546,2024-10-31 08:43:46,2024-10-31 08:58:46,15.0,2.34,Slightly Delayed,Traffic,15.0,False,2024-10-31
1054974834,12315,2023-05-14 18:58:28,2023-05-14 19:06:28,8.0,2.36,Slightly Delayed,Traffic,8.0,False,2023-05-14
6660596550,22021,2024-06-21 03:15:30,2024-06-21 03:45:30,30.0,3.67,Significantly Delayed,Traffic,30.0,False,2024-06-21
1633238374,37968,2023-08-12 10:52:14,2023-08-12 10:56:14,4.0,2.31,On Time,Traffic,4.0,False,2023-08-12
8133246330,14324,2023-10-08 13:38:01,2023-10-08 13:40:01,2.0,0.6,On Time,Traffic,2.0,False,2023-10-08
4696656818,95505,2023-04-11 13:12:06,2023-04-11 13:26:06,14.0,1.91,Slightly Delayed,Traffic,14.0,False,2023-04-11
7590214417,98898,2024-05-09 22:31:28,2024-05-09 22:53:28,22.0,1.63,Significantly Delayed,Traffic,22.0,False,2024-05-09
1736212920,59462,2024-09-10 15:30:39,2024-09-10 15:25:39,-5.0,1.68,On Time,,-5.0,True,2024-09-10
4507702369,25049,2023-04-24 00:04:06,2023-04-24 00:06:06,2.0,4.05,On Time,Traffic,2.0,False,2023-04-24
6458765046,23030,2023-06-29 17:56:33,2023-06-29 17:53:33,-3.0,4.18,On Time,,-3.0,True,2023-06-29
47953423,90878,2024-02-27 00:28:46,2024-02-27 00:32:46,4.0,1.88,On Time,Traffic,4.0,False,2024-02-27
1263714922,33460,2023-10-06 01:24:34,2023-10-06 01:25:34,1.0,4.13,On Time,Traffic,1.0,False,2023-10-06
2061768860,13006,2023-09-19 17:01:40,2023-09-19 17:09:40,8.0,4.71,Slightly Delayed,Traffic,8.0,False,2023-09-19
4264335652,66568,2023-09-08 06:41:40,2023-09-08 06:37:40,-4.0,2.57,On Time,,-4.0,True,2023-09-08
3087181728,27119,2023-07-05 06:21:04,2023-07-05 06:26:04,5.0,1.1,On Time,Traffic,5.0,False,2023-07-05
599772156,62467,2023-03-24 04:49:22,2023-03-24 05:02:22,13.0,2.77,Slightly Delayed,Traffic,13.0,False,2023-03-24
6074313668,11276,2024-09-27 10:57:46,2024-09-27 11:02:46,5.0,1.61,On Time,Traffic,5.0,False,2024-09-27
5497551107,19502,2024-08-18 16:01:52,2024-08-18 15:57:52,-4.0,3.64,On Time,,-4.0,True,2024-08-18
9102202025,65234,2024-04-10 07:51:32,2024-04-10 08:15:32,24.0,0.88,Significantly Delayed,Traffic,24.0,False,2024-04-10
8794436743,10214,2023-07-17 06:41:00,2023-07-17 06:47:00,6.0,1.14,Slightly Delayed,Traffic,6.0,False,2023-07-17
3299603042,94982,2024-06-17 04:21:53,2024-06-17 04:26:53,5.0,2.9,On Time,Traffic,5.0,False,2024-06-17
243077069,94987,2024-04-25 18:54:34,2024-04-25 19:04:34,10.0,3.63,Slightly Delayed,Traffic,10.0,False,2024-04-25
6749594412,6570,2023-11-30 15:32:24,2023-11-30 15:45:24,13.0,2.73,Slightly Delayed,Traffic,13.0,False,2023-11-30
5378344982,83534,2024-02-17 01:23:36,2024-02-17 01:49:36,26.0,3.38,Significantly Delayed,Traffic,26.0,False,2024-02-17
9103834515,30973,2024-01-03 08:40:26,2024-01-03 08:38:26,-2.0,2.47,On Time,,-2.0,True,2024-01-03
6237437720,29950,2023-08-26 07:17:27,2023-08-26 07:29:27,12.0,1.37,Slightly Delayed,Traffic,12.0,False,2023-08-26
2719670578,75330,2024-09-04 10:02:08,2024-09-04 10:21:08,19.0,4.73,Significantly Delayed,Traffic,19.0,False,2024-09-04
2748681349,464,2024-05-15 05:53:05,2024-05-15 05:58:05,5.0,2.99,On Time,Traffic,5.0,False,2024-05-15
9851618724,73930,2023-10-03 18:16:27,2023-10-03 18:22:27,6.0,4.91,Slightly Delayed,Traffic,6.0,False,2023-10-03
7013533376,53934,2023-12-08 14:15:36,2023-12-08 14:11:36,-4.0,0.78,On Time,,-4.0,True,2023-12-08
9727047029,92601,2024-01-04 02:12:00,2024-01-04 02:13:00,1.0,3.34,On Time,Traffic,1.0,False,2024-01-04
1191540022,72969,2024-09-15 00:26:35,2024-09-15 00:37:35,11.0,1.82,Slightly Delayed,Traffic,11.0,False,2024-09-15
5733572517,33195,2024-08-05 00:21:15,2024-08-05 00:35:15,14.0,3.48,Slightly Delayed,Traffic,14.0,False,2024-08-05
9647928644,25971,2023-05-19 13:58:04,2023-05-19 13:57:04,-1.0,0.9,On Time,,-1.0,True,2023-05-19
9696598689,54430,2023-08-24 18:25:31,2023-08-24 18:33:31,8.0,4.6,Slightly Delayed,Traffic,8.0,False,2023-08-24
1091207520,29429,2024-10-05 19:12:54,2024-10-05 19:12:54,0.0,2.76,On Time,,0.0,True,2024-10-05
7995971909,92899,2023-05-08 18:29:30,2023-05-08 18:57:30,28.0,4.25,Significantly Delayed,Traffic,28.0,False,2023-05-08
6077755741,40233,2023-07-20 23:41:59,2023-07-20 23:50:59,9.0,2.49,Slightly Delayed,Traffic,9.0,False,2023-07-20
1240745644,53221,2023-05-20 12:10:18,2023-05-20 12:06:18,-4.0,1.14,On Time,,-4.0,True,2023-05-20
1397810713,11268,2023-12-09 14:55:08,2023-12-09 14:53:08,-2.0,1.6,On Time,,-2.0,True,2023-12-09
5149614189,10265,2023-07-24 15:04:54,2023-07-24 15:19:54,15.0,3.96,Slightly Delayed,Traffic,15.0,False,2023-07-24
7453349798,63046,2023-08-10 14:10:12,2023-08-10 14:06:12,-4.0,4.58,On Time,,-4.0,True,2023-08-10
7570986632,55977,2023-05-17 11:18:22,2023-05-17 11:17:22,-1.0,3.33,On Time,,-1.0,True,2023-05-17
5292931220,1662,2023-11-25 03:12:18,2023-11-25 03:14:18,2.0,4.37,On Time,Traffic,2.0,False,2023-11-25
2654499230,38789,2023-06-10 18:01:41,2023-06-10 17:59:41,-2.0,1.81,On Time,,-2.0,True,2023-06-10
2327587597,44056,2024-06-29 17:44:37,2024-06-29 17:39:37,-5.0,4.1,On Time,,-5.0,True,2024-06-29
5852189277,95197,2024-10-13 14:27:35,2024-10-13 14:22:35,-5.0,0.98,On Time,,-5.0,True,2024-10-13
8943211530,24417,2023-09-23 18:28:02,2023-09-23 18:32:02,4.0,2.35,On Time,Traffic,4.0,False,2023-09-23
3305649506,404,2023-11-15 00:45:18,2023-11-15 00:45:18,0.0,2.21,On Time,,0.0,True,2023-11-15
538997323,68926,2023-04-17 03:45:03,2023-04-17 03:48:03,3.0,1.9,On Time,Traffic,3.0,False,2023-04-17
2966187610,28872,2023-04-13 01:22:17,2023-04-13 01:31:17,9.0,3.73,Slightly Delayed,Traffic,9.0,False,2023-04-13
866693541,47194,2024-06-24 19:32:35,2024-06-24 19:30:35,-2.0,3.94,On Time,,-2.0,True,2024-06-24
440721658,90194,2023-05-05 10:23:53,2023-05-05 10:28:53,5.0,2.99,On Time,Traffic,5.0,False,2023-05-05
2084323012,79429,2024-06-03 13:29:17,2024-06-03 13:24:17,-5.0,4.6,On Time,,-5.0,True,2024-06-03
4876314410,99870,2024-11-01 07:15:36,2024-11-01 07:19:36,4.0,1.84,On Time,Traffic,4.0,False,2024-11-01
2401282648,38150,2023-08-10 20:59:58,2023-08-10 21:04:58,5.0,1.05,On Time,Traffic,5.0,False,2023-08-10
2117291471,73647,2023-06-21 15:46:00,2023-06-21 15:49:00,3.0,1.95,On Time,Traffic,3.0,False,2023-06-21
5455295163,70293,2024-08-25 11:37:15,2024-08-25 11:55:15,18.0,0.59,Significantly Delayed,Traffic,18.0,False,2024-08-25
3219761206,25134,2024-07-14 13:17:37,2024-07-14 13:18:37,1.0,2.6,On Time,Traffic,1.0,False,2024-07-14
7423918026,14790,2024-04-27 10:09:44,2024-04-27 10:07:44,-2.0,0.97,On Time,,-2.0,True,2024-04-27
1793817443,53816,2023-11-15 00:04:05,2023-11-15 00:14:05,10.0,2.48,Slightly Delayed,Traffic,10.0,False,2023-11-15
2644609220,43073,2024-05-22 08:03:43,2024-05-22 07:59:43,-4.0,1.16,On Time,,-4.0,True,2024-05-22
1353492780,38772,2024-03-06 16:40:44,2024-03-06 16:40:44,0.0,1.28,On Time,,0.0,True,2024-03-06
1230061693,32382,2023-06-15 18:39:45,2023-06-15 18:40:45,1.0,2.85,On Time,Traffic,1.0,False,2023-06-15
6299572675,51388,2023-08-17 19:01:18,2023-08-17 19:14:18,13.0,1.63,Slightly Delayed,Traffic,13.0,False,2023-08-17
5956863364,6378,2024-02-20 23:47:34,2024-02-20 23:55:34,8.0,3.25,Slightly Delayed,Traffic,8.0,False,2024-02-20
6788884093,53748,2024-10-06 20:13:45,2024-10-06 20:16:45,3.0,1.02,On Time,Traffic,3.0,False,2024-10-06
6120799223,7467,2024-01-14 01:05:46,2024-01-14 01:18:46,13.0,4.14,Slightly Delayed,Traffic,13.0,False,2024-01-14
3892854030,14424,2024-02-08 04:18:50,2024-02-08 04:18:50,0.0,3.22,On Time,,0.0,True,2024-02-08
1883324334,36776,2024-07-27 04:43:22,2024-07-27 04:44:22,1.0,4.39,On Time,Traffic,1.0,False,2024-07-27
4541530278,9182,2024-04-05 02:29:27,2024-04-05 02:51:27,22.0,4.13,Significantly Delayed,Traffic,22.0,False,2024-04-05
8807380767,62692,2023-04-22 21:53:04,2023-04-22 21:57:04,4.0,2.17,On Time,Traffic,4.0,False,2023-04-22
5865396281,95971,2024-02-06 02:27:36,2024-02-06 02:57:36,30.0,1.04,Significantly Delayed,Traffic,30.0,False,2024-02-06
340451825,47152,2024-09-25 19:33:34,2024-09-25 19:31:34,-2.0,3.79,On Time,,-2.0,True,2024-09-25
3327784606,19928,2024-01-11 07:52:04,2024-01-11 07:56:04,4.0,1.91,On Time,Traffic,4.0,False,2024-01-11
5990129875,94600,2024-07-13 09:01:22,2024-07-13 09:16:22,15.0,2.82,Slightly Delayed,Traffic,15.0,False,2024-07-13
8808930721,29750,2023-10-21 21:39:40,2023-10-21 21:37:40,-2.0,2.36,On Time,,-2.0,True,2023-10-21
8116880443,19975,2023-07-23 01:57:23,2023-07-23 01:55:23,-2.0,2.35,On Time,,-2.0,True,2023-07-23
9933926720,87199,2023-08-17 05:30:16,2023-08-17 05:29:16,-1.0,3.62,On Time,,-1.0,True,2023-08-17
776562418,38320,2024-09-08 22:15:02,2024-09-08 22:19:02,4.0,3.05,On Time,Traffic,4.0,False,2024-09-08
6105793582,46350,2023-04-13 01:38:18,2023-04-13 01:50:18,12.0,1.91,Slightly Delayed,Traffic,12.0,False,2023-04-13
9247779866,5188,2024-10-24 03:02:13,2024-10-24 03:16:13,14.0,2.75,Slightly Delayed,Traffic,14.0,False,2024-10-24
5456672526,21356,2024-09-23 18:05:26,2024-09-23 18:10:26,5.0,3.99,On Time,Traffic,5.0,False,2024-09-23
6676994910,79068,2023-11-28 22:41:33,2023-11-28 22:44:33,3.0,4.47,On Time,Traffic,3.0,False,2023-11-28
9353512235,32312,2023-11-29 11:32:59,2023-11-29 11:29:59,-3.0,0.75,On Time,,-3.0,True,2023-11-29
6539196955,44716,2024-05-27 08:32:29,2024-05-27 08:49:29,17.0,2.92,Significantly Delayed,Traffic,17.0,False,2024-05-27
7886908865,34483,2023-04-07 03:05:46,2023-04-07 03:08:46,3.0,2.69,On Time,Traffic,3.0,False,2023-04-07
7548844176,82860,2023-05-12 17:40:18,2023-05-12 17:40:18,0.0,2.49,On Time,,0.0,True,2023-05-12
3375735380,70000,2024-06-15 05:05:21,2024-06-15 05:01:21,-4.0,1.31,On Time,,-4.0,True,2024-06-15
32604190,60196,2023-12-08 09:19:03,2023-12-08 09:16:03,-3.0,4.49,On Time,,-3.0,True,2023-12-08
5731985133,43899,2024-06-21 09:46:10,2024-06-21 09:53:10,7.0,2.56,Slightly Delayed,Traffic,7.0,False,2024-06-21
7586577278,97897,2023-11-24 07:52:51,2023-11-24 07:47:51,-5.0,0.77,On Time,,-5.0,True,2023-11-24
7765930124,55007,2024-10-14 07:54:20,2024-10-14 07:59:20,5.0,2.62,On Time,Traffic,5.0,False,2024-10-14
299059193,88355,2024-05-04 09:20:25,2024-05-04 09:23:25,3.0,4.76,On Time,Traffic,3.0,False,2024-05-04
135053432,29782,2023-04-24 13:50:15,2023-04-24 13:52:15,2.0,3.66,On Time,Traffic,2.0,False,2023-04-24
9618593702,57144,2024-03-31 09:36:46,2024-03-31 09:49:46,13.0,1.03,Slightly Delayed,Traffic,13.0,False,2024-03-31
2802699236,18183,2024-05-08 21:20:08,2024-05-08 21:46:08,26.0,2.88,Significantly Delayed,Traffic,26.0,False,2024-05-08
2044567188,87638,2023-05-19 10:46:52,2023-05-19 10:51:52,5.0,4.05,On Time,Traffic,5.0,False,2023-05-19
913489768,92300,2023-06-27 01:04:04,2023-06-27 01:06:04,2.0,2.19,On Time,Traffic,2.0,False,2023-06-27
6856986497,55218,2024-02-19 16:03:34,2024-02-19 16:01:34,-2.0,1.69,On Time,,-2.0,True,2024-02-19
7292898570,88703,2024-09-05 22:44:37,2024-09-05 23:03:37,19.0,4.4,Significantly Delayed,Traffic,19.0,False,2024-09-05
6223087303,8124,2024-08-05 15:40:23,2024-08-05 15:42:23,2.0,0.89,On Time,Traffic,2.0,False,2024-08-05
403352765,83523,2024-09-30 08:49:46,2024-09-30 08:58:46,9.0,3.67,Slightly Delayed,Traffic,9.0,False,2024-09-30
7004560997,73176,2024-09-20 02:21:27,2024-09-20 02:27:27,6.0,4.78,Slightly Delayed,Traffic,6.0,False,2024-09-20
8159868515,62375,2024-04-12 11:53:17,2024-04-12 11:55:17,2.0,4.18,On Time,Traffic,2.0,False,2024-04-12
8854320668,74961,2023-11-17 08:37:06,2023-11-17 08:41:06,4.0,1.71,On Time,Traffic,4.0,False,2023-11-17
2285302205,96870,2024-08-25 10:14:40,2024-08-25 10:10:40,-4.0,2.82,On Time,,-4.0,True,2024-08-25
5160584867,71087,2024-06-02 18:44:20,2024-06-02 18:40:20,-4.0,4.58,On Time,,-4.0,True,2024-06-02
4314105605,20540,2024-07-12 18:44:17,2024-07-12 18:39:17,-5.0,4.29,On Time,,-5.0,True,2024-07-12
9895756835,70732,2024-10-09 15:15:40,2024-10-09 15:31:40,16.0,2.18,Significantly Delayed,Traffic,16.0,False,2024-10-09
1975300826,84506,2024-09-25 18:17:36,2024-09-25 18:16:36,-1.0,4.77,On Time,,-1.0,True,2024-09-25
2214666083,85027,2024-08-13 17:32:09,2024-08-13 17:31:09,-1.0,3.24,On Time,,-1.0,True,2024-08-13
4735339432,49478,2024-03-04 03:23:09,2024-03-04 03:19:09,-4.0,3.33,On Time,,-4.0,True,2024-03-04
9863540120,29135,2023-07-14 00:53:25,2023-07-14 01:01:25,8.0,2.41,Slightly Delayed,Traffic,8.0,False,2023-07-14
8789376461,70720,2023-09-17 01:18:07,2023-09-17 01:48:07,30.0,4.37,Significantly Delayed,Traffic,30.0,False,2023-09-17
4784591220,6251,2024-10-29 03:44:37,2024-10-29 03:43:37,-1.0,0.52,On Time,,-1.0,True,2024-10-29
6759658833,4233,2023-09-29 07:25:55,2023-09-29 07:24:55,-1.0,1.76,On Time,,-1.0,True,2023-09-29
1241631129,95532,2024-04-26 21:33:08,2024-04-26 21:38:08,5.0,0.77,On Time,Traffic,5.0,False,2024-04-26
8803314647,98246,2024-08-17 04:58:54,2024-08-17 05:03:54,5.0,1.44,On Time,Traffic,5.0,False,2024-08-17
1016410657,98504,2023-11-01 23:15:16,2023-11-01 23:10:16,-5.0,3.13,On Time,,-5.0,True,2023-11-01
8284240513,59760,2023-04-05 11:38:45,2023-04-05 11:42:45,4.0,0.57,On Time,Traffic,4.0,False,2023-04-05
343239069,23690,2024-02-12 17:46:06,2024-02-12 17:45:06,-1.0,1.1,On Time,,-1.0,True,2024-02-12
3941137932,73638,2024-02-28 14:27:32,2024-02-28 14:46:32,19.0,3.67,Significantly Delayed,Traffic,19.0,False,2024-02-28
8955573840,42461,2023-07-28 08:34:26,2023-07-28 08:48:26,14.0,4.61,Slightly Delayed,Traffic,14.0,False,2023-07-28
6832435511,33260,2023-04-18 15:49:02,2023-04-18 15:44:02,-5.0,4.42,On Time,,-5.0,True,2023-04-18
3014319697,11218,2023-08-27 05:13:40,2023-08-27 05:11:40,-2.0,1.13,On Time,,-2.0,True,2023-08-27
7367717333,54707,2023-07-30 10:35:56,2023-07-30 10:33:56,-2.0,0.62,On Time,,-2.0,True,2023-07-30
9389677233,34925,2024-08-10 12:45:37,2024-08-10 12:56:37,11.0,4.47,Slightly Delayed,Traffic,11.0,False,2024-08-10
2929883167,97076,2023-12-05 17:01:49,2023-12-05 17:12:49,11.0,2.6,Slightly Delayed,Traffic,11.0,False,2023-12-05
9045592834,47395,2024-10-30 17:02:05,2024-10-30 17:07:05,5.0,4.52,On Time,Traffic,5.0,False,2024-10-30
7128308885,48388,2023-12-14 10:56:06,2023-12-14 11:05:06,9.0,3.56,Slightly Delayed,Traffic,9.0,False,2023-12-14
2060028411,87806,2023-11-15 19:06:20,2023-11-15 19:02:20,-4.0,1.55,On Time,,-4.0,True,2023-11-15
3856301920,57805,2024-07-05 04:19:34,2024-07-05 04:37:34,18.0,1.88,Significantly Delayed,Traffic,18.0,False,2024-07-05
7248479077,81690,2023-09-23 13:46:01,2023-09-23 13:49:01,3.0,2.23,On Time,Traffic,3.0,False,2023-09-23
2738466605,80973,2024-08-23 05:12:22,2024-08-23 05:15:22,3.0,0.57,On Time,Traffic,3.0,False,2024-08-23
9801353230,97442,2023-05-18 12:16:40,2023-05-18 12:29:40,13.0,0.75,Slightly Delayed,Traffic,13.0,False,2023-05-18
2103613260,21195,2024-07-01 20:00:37,2024-07-01 19:55:37,-5.0,3.53,On Time,,-5.0,True,2024-07-01
7624166218,20790,2024-01-04 00:35:02,2024-01-04 00:30:02,-5.0,4.56,On Time,,-5.0,True,2024-01-04
4692680597,35371,2023-06-20 23:09:37,2023-06-20 23:09:37,0.0,3.77,On Time,,0.0,True,2023-06-20
2028074931,63636,2024-06-23 18:09:51,2024-06-23 18:10:51,1.0,4.81,On Time,Traffic,1.0,False,2024-06-23
6247819401,7912,2023-03-30 06:11:33,2023-03-30 06:12:33,1.0,4.48,On Time,Traffic,1.0,False,2023-03-30
6299879620,8965,2023-11-10 17:54:35,2023-11-10 18:04:35,10.0,4.94,Slightly Delayed,Traffic,10.0,False,2023-11-10
3398014747,32690,2023-06-15 07:05:20,2023-06-15 07:08:20,3.0,3.48,On Time,Traffic,3.0,False,2023-06-15
4526087670,23919,2023-11-03 06:34:43,2023-11-03 06:33:43,-1.0,4.14,On Time,,-1.0,True,2023-11-03
4473653758,63804,2024-08-26 16:34:59,2024-08-26 16:38:59,4.0,4.12,On Time,Traffic,4.0,False,2024-08-26
1286821727,97332,2024-08-04 02:55:11,2024-08-04 02:59:11,4.0,4.57,On Time,Traffic,4.0,False,2024-08-04
5566617391,63829,2024-08-21 19:58:28,2024-08-21 20:11:28,13.0,4.73,Slightly Delayed,Traffic,13.0,False,2024-08-21
6630935939,87804,2024-10-31 10:48:04,2024-10-31 10:45:04,-3.0,3.34,On Time,,-3.0,True,2024-10-31
8676443273,91222,2024-05-24 11:05:46,2024-05-24 11:24:46,19.0,3.6,Significantly Delayed,Traffic,19.0,False,2024-05-24
439562091,81799,2024-04-26 18:26:10,2024-04-26 18:28:10,2.0,1.95,On Time,Traffic,2.0,False,2024-04-26
7361440096,94957,2024-02-12 12:39:30,2024-02-12 13:00:30,21.0,1.09,Significantly Delayed,Traffic,21.0,False,2024-02-12
2480611325,78792,2024-02-25 16:42:49,2024-02-25 16:50:49,8.0,0.8,Slightly Delayed,Traffic,8.0,False,2024-02-25
5091640382,10930,2024-01-31 07:17:29,2024-01-31 07:17:29,0.0,2.28,On Time,,0.0,True,2024-01-31
1443292147,37003,2024-04-16 03:32:14,2024-04-16 03:28:14,-4.0,2.26,On Time,,-4.0,True,2024-04-16
3342653518,49750,2023-07-22 07:45:00,2023-07-22 07:40:00,-5.0,0.79,On Time,,-5.0,True,2023-07-22
3836073957,70427,2023-07-16 18:37:15,2023-07-16 18:44:15,7.0,3.2,Slightly Delayed,Traffic,7.0,False,2023-07-16
4192669219,44206,2024-04-22 03:16:28,2024-04-22 03:12:28,-4.0,4.28,On Time,,-4.0,True,2024-04-22
6922121165,75795,2024-01-04 08:11:02,2024-01-04 08:29:02,18.0,0.68,Significantly Delayed,Traffic,18.0,False,2024-01-04
4850653474,50658,2024-03-05 03:51:52,2024-03-05 03:56:52,5.0,3.96,On Time,Traffic,5.0,False,2024-03-05
1229660813,35201,2023-11-02 19:45:52,2023-11-02 20:12:52,27.0,1.31,Significantly Delayed,Traffic,27.0,False,2023-11-02
5194396051,9121,2024-10-26 18:30:47,2024-10-26 18:28:47,-2.0,1.52,On Time,,-2.0,True,2024-10-26
8971899775,17588,2024-03-04 12:22:15,2024-03-04 12:17:15,-5.0,2.15,On Time,,-5.0,True,2024-03-04
5619049608,86750,2024-05-06 13:30:05,2024-05-06 13:50:05,20.0,4.69,Significantly Delayed,Traffic,20.0,False,2024-05-06
9943996342,55860,2023-09-12 23:07:10,2023-09-12 23:08:10,1.0,1.53,On Time,Traffic,1.0,False,2023-09-12
4548721519,26714,2024-08-20 23:42:40,2024-08-20 23:46:40,4.0,4.85,On Time,Traffic,4.0,False,2024-08-20
6211537502,99208,2023-09-06 23:24:44,2023-09-06 23:49:44,25.0,1.39,Significantly Delayed,Traffic,25.0,False,2023-09-06
347093563,27801,2024-09-23 13:35:00,2024-09-23 13:53:00,18.0,3.88,Significantly Delayed,Traffic,18.0,False,2024-09-23
1855924568,17039,2024-08-20 23:06:00,2024-08-20 23:04:00,-2.0,3.34,On Time,,-2.0,True,2024-08-20
5914484553,74330,2023-11-17 16:59:52,2023-11-17 16:57:52,-2.0,0.75,On Time,,-2.0,True,2023-11-17
8068903161,60117,2024-02-14 22:35:46,2024-02-14 22:37:46,2.0,2.88,On Time,Traffic,2.0,False,2024-02-14
2147159735,11051,2023-05-13 04:08:37,2023-05-13 04:13:37,5.0,4.83,On Time,Traffic,5.0,False,2023-05-13
9006983686,48159,2023-10-10 00:55:04,2023-10-10 01:10:04,15.0,2.49,Slightly Delayed,Traffic,15.0,False,2023-10-10
7606134274,31574,2024-05-28 12:46:28,2024-05-28 12:59:28,13.0,0.52,Slightly Delayed,Traffic,13.0,False,2024-05-28
4034750827,68331,2023-06-24 04:14:24,2023-06-24 04:16:24,2.0,4.34,On Time,Traffic,2.0,False,2023-06-24
851062565,32026,2024-03-15 11:41:08,2024-03-15 11:47:08,6.0,0.95,Slightly Delayed,Traffic,6.0,False,2024-03-15
4283323746,78455,2023-11-01 03:21:34,2023-11-01 03:33:34,12.0,1.35,Slightly Delayed,Traffic,12.0,False,2023-11-01
7842390585,98082,2023-10-11 12:51:31,2023-10-11 12:47:31,-4.0,3.12,On Time,,-4.0,True,2023-10-11
2449548943,23429,2023-09-23 11:39:05,2023-09-23 11:53:05,14.0,3.28,Slightly Delayed,Traffic,14.0,False,2023-09-23
7067924535,39985,2023-11-28 03:09:41,2023-11-28 03:27:41,18.0,3.87,Significantly Delayed,Traffic,18.0,False,2023-11-28
1602291242,79235,2023-03-29 09:57:52,2023-03-29 09:58:52,1.0,0.67,On Time,Traffic,1.0,False,2023-03-29
7067630786,25395,2023-09-28 08:16:14,2023-09-28 08:12:14,-4.0,0.97,On Time,,-4.0,True,2023-09-28
9726762425,32062,2023-08-13 21:55:44,2023-08-13 21:51:44,-4.0,1.89,On Time,,-4.0,True,2023-08-13
1129887168,35560,2024-02-16 03:34:08,2024-02-16 03:35:08,1.0,3.92,On Time,Traffic,1.0,False,2024-02-16
3371892236,31710,2024-05-06 17:38:58,2024-05-06 17:37:58,-1.0,2.18,On Time,,-1.0,True,2024-05-06
6532953824,1025,2024-11-02 12:02:30,2024-11-02 12:24:30,22.0,3.77,Significantly Delayed,Traffic,22.0,False,2024-11-02
252964377,41128,2024-05-31 08:33:32,2024-05-31 08:28:32,-5.0,4.34,On Time,,-5.0,True,2024-05-31
6270495384,10368,2023-09-11 22:57:29,2023-09-11 22:53:29,-4.0,4.21,On Time,,-4.0,True,2023-09-11
2450770184,71871,2023-08-11 09:18:48,2023-08-11 09:28:48,10.0,3.91,Slightly Delayed,Traffic,10.0,False,2023-08-11
7543192113,82419,2023-12-28 05:55:03,2023-12-28 06:02:03,7.0,3.49,Slightly Delayed,Traffic,7.0,False,2023-12-28
9890817032,69033,2023-04-24 06:38:47,2023-04-24 06:43:47,5.0,4.13,On Time,Traffic,5.0,False,2023-04-24
183165359,57165,2023-05-24 07:03:39,2023-05-24 07:32:39,29.0,2.97,Significantly Delayed,Traffic,29.0,False,2023-05-24
2136907826,16756,2023-12-21 14:34:21,2023-12-21 14:37:21,3.0,4.0,On Time,Traffic,3.0,False,2023-12-21
2801605687,14972,2024-03-04 21:31:44,2024-03-04 21:27:44,-4.0,4.41,On Time,,-4.0,True,2024-03-04
8869292457,15395,2024-09-25 04:36:43,2024-09-25 04:39:43,3.0,1.29,On Time,Traffic,3.0,False,2024-09-25
5414471648,60303,2023-05-20 03:37:51,2023-05-20 03:35:51,-2.0,1.07,On Time,,-2.0,True,2023-05-20
7827370415,59261,2023-06-23 12:42:20,2023-06-23 12:48:20,6.0,4.63,Slightly Delayed,Traffic,6.0,False,2023-06-23
7216662926,71646,2024-07-11 22:14:50,2024-07-11 22:18:50,4.0,2.65,On Time,Traffic,4.0,False,2024-07-11
349410429,20170,2024-01-29 02:15:54,2024-01-29 02:13:54,-2.0,3.42,On Time,,-2.0,True,2024-01-29
8512030806,64640,2024-10-26 11:36:17,2024-10-26 11:44:17,8.0,2.62,Slightly Delayed,Traffic,8.0,False,2024-10-26
8003807551,76918,2024-08-25 12:00:42,2024-08-25 12:01:42,1.0,1.61,On Time,Traffic,1.0,False,2024-08-25
274320517,53245,2024-08-23 04:28:36,2024-08-23 04:23:36,-5.0,2.96,On Time,,-5.0,True,2024-08-23
2150447285,23570,2024-06-13 10:43:40,2024-06-13 10:39:40,-4.0,1.51,On Time,,-4.0,True,2024-06-13
5089385450,51224,2023-06-16 14:54:44,2023-06-16 15:02:44,8.0,3.65,Slightly Delayed,Traffic,8.0,False,2023-06-16
8622799862,87205,2024-02-10 03:16:56,2024-02-10 03:13:56,-3.0,1.37,On Time,,-3.0,True,2024-02-10
2773034272,69257,2024-06-27 04:45:30,2024-06-27 04:49:30,4.0,4.06,On Time,Traffic,4.0,False,2024-06-27
4028266143,2633,2023-03-16 08:48:08,2023-03-16 08:50:08,2.0,1.37,On Time,Traffic,2.0,False,2023-03-16
9691888826,45204,2023-10-31 16:39:00,2023-10-31 16:42:00,3.0,3.32,On Time,Traffic,3.0,False,2023-10-31
8891340263,69702,2024-09-02 00:19:24,2024-09-02 00:14:24,-5.0,1.37,On Time,,-5.0,True,2024-09-02
1149293318,36971,2023-11-25 20:20:17,2023-11-25 20:24:17,4.0,2.23,On Time,Traffic,4.0,False,2023-11-25
1288695184,20473,2023-10-03 01:47:18,2023-10-03 01:46:18,-1.0,2.66,On Time,,-1.0,True,2023-10-03
5229336544,91261,2023-09-22 21:10:29,2023-09-22 21:16:29,6.0,1.08,Slightly Delayed,Traffic,6.0,False,2023-09-22
196885435,22558,2023-06-25 02:40:56,2023-06-25 02:42:56,2.0,2.91,On Time,Traffic,2.0,False,2023-06-25
6961457996,79623,2024-10-26 21:44:39,2024-10-26 21:41:39,-3.0,1.53,On Time,,-3.0,True,2024-10-26
5059907679,10255,2024-04-18 11:57:40,2024-04-18 12:07:40,10.0,1.39,Slightly Delayed,Traffic,10.0,False,2024-04-18
9046226901,45262,2024-02-28 07:30:01,2024-02-28 07:25:01,-5.0,0.88,On Time,,-5.0,True,2024-02-28
515408216,85348,2023-12-25 09:50:58,2023-12-25 09:59:58,9.0,0.91,Slightly Delayed,Traffic,9.0,False,2023-12-25
9048597167,24877,2024-06-17 02:32:01,2024-06-17 03:00:01,28.0,4.08,Significantly Delayed,Traffic,28.0,False,2024-06-17
4308216668,36727,2024-07-11 06:10:50,2024-07-11 06:28:50,18.0,4.65,Significantly Delayed,Traffic,18.0,False,2024-07-11
8671875127,15112,2023-06-05 01:52:19,2023-06-05 01:57:19,5.0,4.82,On Time,Traffic,5.0,False,2023-06-05
9622968817,45135,2023-06-12 23:15:47,2023-06-12 23:10:47,-5.0,3.48,On Time,,-5.0,True,2023-06-12
7832599414,51384,2023-08-07 07:29:25,2023-08-07 07:27:25,-2.0,2.92,On Time,,-2.0,True,2023-08-07
5533307028,56686,2023-05-27 10:51:37,2023-05-27 10:52:37,1.0,3.92,On Time,Traffic,1.0,False,2023-05-27
752185231,5165,2024-03-02 04:19:30,2024-03-02 04:19:30,0.0,0.92,On Time,,0.0,True,2024-03-02
5859787209,76845,2024-09-30 06:18:12,2024-09-30 06:28:12,10.0,1.92,Slightly Delayed,Traffic,10.0,False,2024-09-30
1736713150,19501,2024-01-07 10:18:34,2024-01-07 10:24:34,6.0,1.45,Slightly Delayed,Traffic,6.0,False,2024-01-07
3620570172,35025,2024-04-16 18:36:09,2024-04-16 19:03:09,27.0,3.85,Significantly Delayed,Traffic,27.0,False,2024-04-16
5758119413,72740,2024-10-10 09:37:22,2024-10-10 09:44:22,7.0,1.36,Slightly Delayed,Traffic,7.0,False,2024-10-10
2204489775,79497,2024-05-03 01:21:36,2024-05-03 01:26:36,5.0,4.87,On Time,Traffic,5.0,False,2024-05-03
5881059783,75665,2023-08-01 10:15:31,2023-08-01 10:10:31,-5.0,0.74,On Time,,-5.0,True,2023-08-01
9475167773,44817,2023-07-24 17:43:20,2023-07-24 17:53:20,10.0,4.92,Slightly Delayed,Traffic,10.0,False,2023-07-24
4635228647,88768,2023-08-27 19:44:49,2023-08-27 19:48:49,4.0,1.4,On Time,Traffic,4.0,False,2023-08-27
8394536341,97145,2024-08-17 08:01:09,2024-08-17 08:11:09,10.0,1.2,Slightly Delayed,Traffic,10.0,False,2024-08-17
4726427550,66248,2024-02-04 23:08:07,2024-02-04 23:22:07,14.0,3.09,Slightly Delayed,Traffic,14.0,False,2024-02-04
5387935727,94937,2023-10-02 04:24:47,2023-10-02 04:20:47,-4.0,4.69,On Time,,-4.0,True,2023-10-02
1886705751,97590,2023-04-19 19:02:45,2023-04-19 18:57:45,-5.0,3.13,On Time,,-5.0,True,2023-04-19
4224014067,53348,2023-05-15 12:21:24,2023-05-15 12:22:24,1.0,3.33,On Time,Traffic,1.0,False,2023-05-15
8726515908,68903,2024-10-01 16:15:07,2024-10-01 16:14:07,-1.0,1.45,On Time,,-1.0,True,2024-10-01
7388091459,64324,2024-10-16 15:49:51,2024-10-16 16:02:51,13.0,4.32,Slightly Delayed,Traffic,13.0,False,2024-10-16
9320256091,42510,2024-01-11 17:25:03,2024-01-11 17:26:03,1.0,0.88,On Time,Traffic,1.0,False,2024-01-11
3872093894,94703,2023-11-01 11:55:45,2023-11-01 12:22:45,27.0,0.79,Significantly Delayed,Traffic,27.0,False,2023-11-01
992848455,77210,2024-09-18 13:00:11,2024-09-18 12:59:11,-1.0,1.53,On Time,,-1.0,True,2024-09-18
4458723519,66237,2024-09-01 17:41:55,2024-09-01 17:39:55,-2.0,2.32,On Time,,-2.0,True,2024-09-01
7755662096,39318,2024-01-30 12:58:24,2024-01-30 13:06:24,8.0,0.94,Slightly Delayed,Traffic,8.0,False,2024-01-30
5779793224,66680,2024-05-13 02:11:10,2024-05-13 02:11:10,0.0,2.0,On Time,,0.0,True,2024-05-13
8253576531,31219,2023-08-22 19:26:32,2023-08-22 19:34:32,8.0,2.25,Slightly Delayed,Traffic,8.0,False,2023-08-22
4993169316,25105,2024-07-10 17:12:35,2024-07-10 17:21:35,9.0,2.68,Slightly Delayed,Traffic,9.0,False,2024-07-10
828017545,1921,2024-03-12 02:44:14,2024-03-12 02:57:14,13.0,4.07,Slightly Delayed,Traffic,13.0,False,2024-03-12
2012368621,70216,2024-07-21 04:44:17,2024-07-21 04:43:17,-1.0,4.14,On Time,,-1.0,True,2024-07-21
6603205997,30506,2024-05-17 07:30:11,2024-05-17 07:30:11,0.0,1.14,On Time,,0.0,True,2024-05-17
833581472,7924,2023-08-19 15:48:38,2023-08-19 16:00:38,12.0,1.2,Slightly Delayed,Traffic,12.0,False,2023-08-19
8755782101,43429,2023-12-30 16:55:51,2023-12-30 16:55:51,0.0,2.55,On Time,,0.0,True,2023-12-30
1049830215,525,2024-08-06 01:57:05,2024-08-06 02:07:05,10.0,4.98,Slightly Delayed,Traffic,10.0,False,2024-08-06
2399383238,38443,2023-11-09 18:27:39,2023-11-09 18:26:39,-1.0,3.96,On Time,,-1.0,True,2023-11-09
143399998,24612,2024-10-17 14:13:44,2024-10-17 14:24:44,11.0,3.42,Slightly Delayed,Traffic,11.0,False,2024-10-17
2444273306,65109,2024-06-27 18:38:46,2024-06-27 18:36:46,-2.0,4.99,On Time,,-2.0,True,2024-06-27
1309618968,29830,2023-04-04 19:57:37,2023-04-04 19:55:37,-2.0,4.64,On Time,,-2.0,True,2023-04-04
3972788794,12838,2024-03-26 00:23:04,2024-03-26 00:26:04,3.0,2.95,On Time,Traffic,3.0,False,2024-03-26
2356073413,43363,2024-03-16 23:43:24,2024-03-16 23:54:24,11.0,1.33,Slightly Delayed,Traffic,11.0,False,2024-03-16
3775683944,43490,2024-07-31 21:08:35,2024-07-31 21:13:35,5.0,3.9,On Time,Traffic,5.0,False,2024-07-31
8994776653,42895,2023-12-22 06:15:24,2023-12-22 06:27:24,12.0,0.69,Slightly Delayed,Traffic,12.0,False,2023-12-22
8124075720,77902,2024-10-11 15:46:32,2024-10-11 15:46:32,0.0,2.76,On Time,,0.0,True,2024-10-11
5534171862,47319,2023-11-19 00:50:11,2023-11-19 01:02:11,12.0,2.68,Slightly Delayed,Traffic,12.0,False,2023-11-19
4825558658,69839,2024-08-11 23:14:07,2024-08-11 23:13:07,-1.0,1.64,On Time,,-1.0,True,2024-08-11
1541676341,65569,2023-08-26 23:47:13,2023-08-26 23:54:13,7.0,4.7,Slightly Delayed,Traffic,7.0,False,2023-08-26
5360755658,13204,2023-06-22 01:15:47,2023-06-22 01:13:47,-2.0,0.98,On Time,,-2.0,True,2023-06-22
844328418,21982,2023-04-11 21:53:16,2023-04-11 22:20:16,27.0,4.68,Significantly Delayed,Traffic,27.0,False,2023-04-11
1843468816,8630,2023-07-03 03:20:59,2023-07-03 03:21:59,1.0,1.23,On Time,Traffic,1.0,False,2023-07-03
3771484570,12214,2023-08-15 21:03:06,2023-08-15 21:01:06,-2.0,2.61,On Time,,-2.0,True,2023-08-15
2458783424,20118,2023-06-02 16:56:09,2023-06-02 16:54:09,-2.0,3.63,On Time,,-2.0,True,2023-06-02
2272849018,46289,2024-11-04 00:34:51,2024-11-04 00:38:51,4.0,3.71,On Time,Traffic,4.0,False,2024-11-04
8549503132,86962,2023-03-29 11:03:35,2023-03-29 11:00:35,-3.0,4.63,On Time,,-3.0,True,2023-03-29
4032847942,32388,2024-09-28 04:21:41,2024-09-28 04:24:41,3.0,2.67,On Time,Traffic,3.0,False,2024-09-28
8224665612,37229,2023-07-16 12:53:40,2023-07-16 12:50:40,-3.0,2.66,On Time,,-3.0,True,2023-07-16
8007222259,14904,2024-02-05 01:32:16,2024-02-05 01:29:16,-3.0,2.77,On Time,,-3.0,True,2024-02-05
3522030676,61126,2023-06-01 15:43:41,2023-06-01 15:52:41,9.0,2.38,Slightly Delayed,Traffic,9.0,False,2023-06-01
3224743071,43,2023-10-04 20:10:38,2023-10-04 20:15:38,5.0,4.4,On Time,Traffic,5.0,False,2023-10-04
7474790671,97794,2023-10-13 19:11:52,2023-10-13 19:18:52,7.0,2.19,Slightly Delayed,Traffic,7.0,False,2023-10-13
7884745950,90525,2024-04-09 22:10:29,2024-04-09 22:13:29,3.0,0.6,On Time,Traffic,3.0,False,2024-04-09
8269502930,11674,2024-06-01 02:23:06,2024-06-01 02:24:06,1.0,4.93,On Time,Traffic,1.0,False,2024-06-01
985347383,85773,2024-05-22 19:23:02,2024-05-22 19:24:02,1.0,1.44,On Time,Traffic,1.0,False,2024-05-22
5932091553,14918,2024-10-22 11:26:22,2024-10-22 11:36:22,10.0,4.06,Slightly Delayed,Traffic,10.0,False,2024-10-22
69932727,15976,2024-08-28 16:25:09,2024-08-28 16:20:09,-5.0,1.82,On Time,,-5.0,True,2024-08-28
2715027145,81723,2024-05-25 04:07:02,2024-05-25 04:13:02,6.0,4.0,Slightly Delayed,Traffic,6.0,False,2024-05-25
5234261944,42968,2023-06-30 20:35:31,2023-06-30 20:38:31,3.0,2.11,On Time,Traffic,3.0,False,2023-06-30
2818967815,39675,2024-04-08 21:35:51,2024-04-08 22:05:51,30.0,4.0,Significantly Delayed,Traffic,30.0,False,2024-04-08
1598213217,41761,2023-08-09 12:53:16,2023-08-09 12:49:16,-4.0,4.73,On Time,,-4.0,True,2023-08-09
9087747856,35148,2024-05-28 20:01:00,2024-05-28 20:08:00,7.0,0.69,Slightly Delayed,Traffic,7.0,False,2024-05-28
9606925547,22049,2024-03-10 21:02:16,2024-03-10 21:02:16,0.0,4.3,On Time,,0.0,True,2024-03-10
9866554851,82357,2023-07-03 09:29:58,2023-07-03 09:26:58,-3.0,2.61,On Time,,-3.0,True,2023-07-03
3719294769,918,2024-08-27 17:09:31,2024-08-27 17:14:31,5.0,3.03,On Time,Traffic,5.0,False,2024-08-27
3576529840,40696,2024-07-15 11:31:51,2024-07-15 11:37:51,6.0,3.58,Slightly Delayed,Traffic,6.0,False,2024-07-15
5478986113,64855,2023-04-16 00:40:28,2023-04-16 00:49:28,9.0,3.47,Slightly Delayed,Traffic,9.0,False,2023-04-16
6724582316,87179,2023-10-29 00:16:05,2023-10-29 00:11:05,-5.0,1.47,On Time,,-5.0,True,2023-10-29
4391559649,86088,2023-06-25 00:15:02,2023-06-25 00:11:02,-4.0,0.53,On Time,,-4.0,True,2023-06-25
9530258400,36249,2023-10-24 23:20:56,2023-10-24 23:21:56,1.0,4.16,On Time,Traffic,1.0,False,2023-10-24
609162117,81927,2023-09-23 16:14:38,2023-09-23 16:33:38,19.0,1.8,Significantly Delayed,Traffic,19.0,False,2023-09-23
755143077,18005,2023-07-31 08:43:13,2023-07-31 08:43:13,0.0,1.12,On Time,,0.0,True,2023-07-31
5239439928,25997,2023-08-25 08:46:08,2023-08-25 08:56:08,10.0,2.22,Slightly Delayed,Traffic,10.0,False,2023-08-25
1328248068,27695,2024-05-14 01:16:20,2024-05-14 01:29:20,13.0,0.85,Slightly Delayed,Traffic,13.0,False,2024-05-14
1440606577,10954,2024-04-30 13:01:45,2024-04-30 13:06:45,5.0,1.04,On Time,Traffic,5.0,False,2024-04-30
8884389971,82326,2024-08-18 17:40:59,2024-08-18 17:38:59,-2.0,4.32,On Time,,-2.0,True,2024-08-18
7307977336,93785,2023-09-02 09:01:10,2023-09-02 08:57:10,-4.0,1.74,On Time,,-4.0,True,2023-09-02
5953535252,18950,2024-06-08 19:11:00,2024-06-08 19:07:00,-4.0,1.2,On Time,,-4.0,True,2024-06-08
6133025410,11126,2023-09-09 09:19:23,2023-09-09 09:22:23,3.0,3.41,On Time,Traffic,3.0,False,2023-09-09
798088726,53764,2023-09-07 08:10:54,2023-09-07 08:16:54,6.0,1.51,Slightly Delayed,Traffic,6.0,False,2023-09-07
3372412988,56993,2024-01-22 20:12:10,2024-01-22 20:10:10,-2.0,1.33,On Time,,-2.0,True,2024-01-22
4910060567,19589,2023-04-02 11:02:26,2023-04-02 10:58:26,-4.0,3.42,On Time,,-4.0,True,2023-04-02
8708211566,4219,2023-04-30 20:37:35,2023-04-30 20:48:35,11.0,3.65,Slightly Delayed,Traffic,11.0,False,2023-04-30
2126853184,9528,2024-10-15 21:05:48,2024-10-15 21:14:48,9.0,2.61,Slightly Delayed,Traffic,9.0,False,2024-10-15
4390795259,28675,2023-09-20 09:59:52,2023-09-20 09:55:52,-4.0,4.26,On Time,,-4.0,True,2023-09-20
9030686359,24142,2023-05-01 23:12:00,2023-05-01 23:16:00,4.0,4.03,On Time,Traffic,4.0,False,2023-05-01
8565611606,37301,2024-02-01 04:29:46,2024-02-01 04:54:46,25.0,0.75,Significantly Delayed,Traffic,25.0,False,2024-02-01
6782020758,83133,2023-11-30 06:36:19,2023-11-30 06:40:19,4.0,4.61,On Time,Traffic,4.0,False,2023-11-30
561884159,64474,2023-09-01 14:33:30,2023-09-01 14:37:30,4.0,3.3,On Time,Traffic,4.0,False,2023-09-01
2767430579,16851,2023-10-21 08:04:34,2023-10-21 08:11:34,7.0,2.66,Slightly Delayed,Traffic,7.0,False,2023-10-21
5934372451,81095,2023-04-10 02:10:24,2023-04-10 02:05:24,-5.0,4.74,On Time,,-5.0,True,2023-04-10
6833977302,66274,2023-06-05 04:57:35,2023-06-05 05:22:35,25.0,1.41,Significantly Delayed,Traffic,25.0,False,2023-06-05
8396649871,66543,2024-02-27 16:26:35,2024-02-27 16:27:35,1.0,4.59,On Time,Traffic,1.0,False,2024-02-27
1937188757,55848,2023-09-05 02:59:11,2023-09-05 03:04:11,5.0,4.83,On Time,Traffic,5.0,False,2023-09-05
3142198801,7052,2024-07-16 01:25:38,2024-07-16 01:24:38,-1.0,4.85,On Time,,-1.0,True,2024-07-16
6087109745,77386,2023-03-18 19:21:19,2023-03-18 19:24:19,3.0,2.32,On Time,Traffic,3.0,False,2023-03-18
8895262247,44279,2023-03-20 03:25:16,2023-03-20 03:40:16,15.0,4.62,Slightly Delayed,Traffic,15.0,False,2023-03-20
5138524153,44843,2023-08-09 18:21:42,2023-08-09 18:16:42,-5.0,3.63,On Time,,-5.0,True,2023-08-09
9789995549,12282,2024-01-24 22:25:21,2024-01-24 22:29:21,4.0,1.37,On Time,Traffic,4.0,False,2024-01-24
7485459856,77052,2023-09-15 07:22:58,2023-09-15 07:20:58,-2.0,2.58,On Time,,-2.0,True,2023-09-15
4033626537,15034,2023-05-03 23:09:44,2023-05-03 23:09:44,0.0,1.88,On Time,,0.0,True,2023-05-03
9370915142,53012,2023-10-28 19:49:21,2023-10-28 19:59:21,10.0,3.06,Slightly Delayed,Traffic,10.0,False,2023-10-28
7211325894,9731,2023-04-21 14:41:48,2023-04-21 14:36:48,-5.0,2.43,On Time,,-5.0,True,2023-04-21
3482827003,79094,2023-05-08 15:11:01,2023-05-08 15:23:01,12.0,1.16,Slightly Delayed,Traffic,12.0,False,2023-05-08
6656246719,29942,2024-09-09 13:53:16,2024-09-09 14:07:16,14.0,2.61,Slightly Delayed,Traffic,14.0,False,2024-09-09
6092663288,67487,2024-09-28 03:32:58,2024-09-28 03:27:58,-5.0,1.38,On Time,,-5.0,True,2024-09-28
9346041594,29892,2023-06-08 14:40:52,2023-06-08 14:39:52,-1.0,1.78,On Time,,-1.0,True,2023-06-08
9105127475,74365,2023-11-10 13:54:27,2023-11-10 14:06:27,12.0,3.03,Slightly Delayed,Traffic,12.0,False,2023-11-10
6120818381,30114,2024-05-02 00:38:42,2024-05-02 00:34:42,-4.0,0.87,On Time,,-4.0,True,2024-05-02
5174370629,60359,2024-07-09 03:01:49,2024-07-09 03:05:49,4.0,2.4,On Time,Traffic,4.0,False,2024-07-09
3244930036,88104,2023-05-15 01:33:28,2023-05-15 01:36:28,3.0,2.64,On Time,Traffic,3.0,False,2023-05-15
2976493998,73434,2024-10-26 08:56:46,2024-10-26 09:03:46,7.0,0.83,Slightly Delayed,Traffic,7.0,False,2024-10-26
7971593791,41540,2023-06-14 04:41:45,2023-06-14 04:57:45,16.0,2.44,Significantly Delayed,Traffic,16.0,False,2023-06-14
4052544342,48904,2024-04-30 18:38:36,2024-04-30 18:54:36,16.0,1.7,Significantly Delayed,Traffic,16.0,False,2024-04-30
6264003424,73469,2024-08-03 11:42:53,2024-08-03 11:42:53,0.0,2.75,On Time,,0.0,True,2024-08-03
3436107152,6379,2024-04-04 18:29:56,2024-04-04 18:34:56,5.0,3.98,On Time,Traffic,5.0,False,2024-04-04
8546631319,91729,2023-10-30 18:58:37,2023-10-30 19:02:37,4.0,3.23,On Time,Traffic,4.0,False,2023-10-30
640960551,25009,2023-06-09 03:03:17,2023-06-09 03:05:17,2.0,4.95,On Time,Traffic,2.0,False,2023-06-09
1141173434,62363,2023-11-24 04:38:42,2023-11-24 04:50:42,12.0,4.69,Slightly Delayed,Traffic,12.0,False,2023-11-24
528309380,62555,2024-04-30 11:10:53,2024-04-30 11:19:53,9.0,1.73,Slightly Delayed,Traffic,9.0,False,2024-04-30
2387509904,89577,2024-07-26 00:18:41,2024-07-26 00:23:41,5.0,4.53,On Time,Traffic,5.0,False,2024-07-26
6791931269,51873,2024-07-05 01:45:45,2024-07-05 01:50:45,5.0,1.67,On Time,Traffic,5.0,False,2024-07-05
4063689432,72992,2023-10-14 03:34:34,2023-10-14 03:33:34,-1.0,2.59,On Time,,-1.0,True,2023-10-14
1206887762,20391,2024-06-19 01:23:43,2024-06-19 01:37:43,14.0,4.48,Slightly Delayed,Traffic,14.0,False,2024-06-19
6409437174,9955,2023-12-06 13:14:16,2023-12-06 13:36:16,22.0,4.46,Significantly Delayed,Traffic,22.0,False,2023-12-06
1355164713,7902,2023-09-03 15:30:59,2023-09-03 15:31:59,1.0,2.79,On Time,Traffic,1.0,False,2023-09-03
2604772138,8171,2024-05-21 11:44:22,2024-05-21 11:46:22,2.0,0.84,On Time,Traffic,2.0,False,2024-05-21
5868093790,30003,2023-04-06 00:08:52,2023-04-06 00:11:52,3.0,4.17,On Time,Traffic,3.0,False,2023-04-06
10161194,58293,2023-12-24 23:28:35,2023-12-24 23:31:35,3.0,4.44,On Time,Traffic,3.0,False,2023-12-24
8930380639,4457,2023-10-03 03:09:58,2023-10-03 03:09:58,0.0,1.41,On Time,,0.0,True,2023-10-03
2247940574,67154,2024-04-09 08:02:54,2024-04-09 08:07:54,5.0,1.35,On Time,Traffic,5.0,False,2024-04-09
6190907327,9720,2023-11-03 00:52:52,2023-11-03 00:52:52,0.0,3.61,On Time,,0.0,True,2023-11-03
127277515,87204,2023-09-30 08:37:09,2023-09-30 08:41:09,4.0,4.27,On Time,Traffic,4.0,False,2023-09-30
8209093135,43473,2023-10-30 06:35:40,2023-10-30 06:37:40,2.0,1.97,On Time,Traffic,2.0,False,2023-10-30
4419380079,19632,2023-12-15 15:33:19,2023-12-15 15:41:19,8.0,2.21,Slightly Delayed,Traffic,8.0,False,2023-12-15
2954606845,96117,2024-10-26 08:58:43,2024-10-26 08:54:43,-4.0,2.33,On Time,,-4.0,True,2024-10-26
5128739359,37108,2024-07-25 04:00:30,2024-07-25 03:55:30,-5.0,1.39,On Time,,-5.0,True,2024-07-25
8183315245,14135,2024-02-27 15:33:56,2024-02-27 15:47:56,14.0,4.56,Slightly Delayed,Traffic,14.0,False,2024-02-27
8820606892,75354,2023-04-13 06:14:54,2023-04-13 06:16:54,2.0,4.45,On Time,Traffic,2.0,False,2023-04-13
7779228340,57356,2023-06-09 10:02:03,2023-06-09 09:57:03,-5.0,0.56,On Time,,-5.0,True,2023-06-09
8459230018,26266,2024-06-03 00:07:31,2024-06-03 00:07:31,0.0,1.37,On Time,,0.0,True,2024-06-03
7060468800,76511,2024-07-03 03:54:39,2024-07-03 04:06:39,12.0,1.4,Slightly Delayed,Traffic,12.0,False,2024-07-03
218821567,71006,2024-03-08 21:08:16,2024-03-08 21:04:16,-4.0,3.81,On Time,,-4.0,True,2024-03-08
7795766861,32999,2023-05-10 23:54:01,2023-05-10 23:53:01,-1.0,4.37,On Time,,-1.0,True,2023-05-10
4285804383,90470,2023-05-01 02:26:15,2023-05-01 02:37:15,11.0,2.97,Slightly Delayed,Traffic,11.0,False,2023-05-01
5961051248,69003,2024-10-28 20:23:29,2024-10-28 20:26:29,3.0,4.38,On Time,Traffic,3.0,False,2024-10-28
5630323534,5799,2024-03-08 13:51:09,2024-03-08 13:58:09,7.0,2.98,Slightly Delayed,Traffic,7.0,False,2024-03-08
4642824835,42958,2024-07-07 02:51:18,2024-07-07 02:53:18,2.0,4.52,On Time,Traffic,2.0,False,2024-07-07
3060527554,55714,2024-03-27 16:05:30,2024-03-27 16:13:30,8.0,4.74,Slightly Delayed,Traffic,8.0,False,2024-03-27
4048252396,94706,2024-04-12 20:04:15,2024-04-12 20:00:15,-4.0,3.27,On Time,,-4.0,True,2024-04-12
1271431612,48259,2024-04-16 13:16:31,2024-04-16 13:22:31,6.0,3.85,Slightly Delayed,Traffic,6.0,False,2024-04-16
8981940261,56327,2024-05-24 19:09:34,2024-05-24 19:07:34,-2.0,1.65,On Time,,-2.0,True,2024-05-24
3896239510,63917,2023-05-19 13:21:59,2023-05-19 13:35:59,14.0,1.08,Slightly Delayed,Traffic,14.0,False,2023-05-19
711316410,6620,2024-02-20 10:30:11,2024-02-20 10:32:11,2.0,3.77,On Time,Traffic,2.0,False,2024-02-20
9863502398,30168,2023-12-19 09:48:31,2023-12-19 09:50:31,2.0,4.82,On Time,Traffic,2.0,False,2023-12-19
293770293,80022,2023-09-20 05:57:04,2023-09-20 06:02:04,5.0,1.6,On Time,Traffic,5.0,False,2023-09-20
890800429,4235,2024-03-28 03:15:31,2024-03-28 03:17:31,2.0,1.96,On Time,Traffic,2.0,False,2024-03-28
1270503169,87390,2024-07-09 11:52:13,2024-07-09 11:55:13,3.0,3.38,On Time,Traffic,3.0,False,2024-07-09
168180571,41985,2023-03-16 15:06:01,2023-03-16 15:16:01,10.0,3.79,Slightly Delayed,Traffic,10.0,False,2023-03-16
111296281,6245,2024-05-28 15:30:09,2024-05-28 15:28:09,-2.0,3.1,On Time,,-2.0,True,2024-05-28
7329085364,35350,2023-06-07 21:44:43,2023-06-07 21:45:43,1.0,2.96,On Time,Traffic,1.0,False,2023-06-07
1129130498,63048,2023-12-01 16:52:53,2023-12-01 16:47:53,-5.0,3.89,On Time,,-5.0,True,2023-12-01
996939836,71808,2024-05-15 13:07:16,2024-05-15 13:06:16,-1.0,0.95,On Time,,-1.0,True,2024-05-15
8263379807,1156,2023-04-16 11:50:52,2023-04-16 11:49:52,-1.0,2.43,On Time,,-1.0,True,2023-04-16
5735975899,74786,2023-09-14 07:57:08,2023-09-14 07:59:08,2.0,1.19,On Time,Traffic,2.0,False,2023-09-14
9651034668,69245,2024-09-07 09:57:29,2024-09-07 09:58:29,1.0,1.87,On Time,Traffic,1.0,False,2024-09-07
3103539793,460,2023-07-31 00:08:19,2023-07-31 00:03:19,-5.0,4.13,On Time,,-5.0,True,2023-07-31
1611921781,14763,2023-06-01 13:10:30,2023-06-01 13:10:30,0.0,3.19,On Time,,0.0,True,2023-06-01
7532381028,72118,2023-03-21 20:07:00,2023-03-21 20:04:00,-3.0,2.64,On Time,,-3.0,True,2023-03-21
7803665404,41752,2023-05-27 23:38:57,2023-05-27 23:42:57,4.0,3.19,On Time,Traffic,4.0,False,2023-05-27
466184886,95724,2023-08-16 23:10:34,2023-08-16 23:06:34,-4.0,1.58,On Time,,-4.0,True,2023-08-16
4692518050,33265,2024-03-29 00:26:21,2024-03-29 00:25:21,-1.0,1.14,On Time,,-1.0,True,2024-03-29
9408428,76392,2023-08-30 13:54:14,2023-08-30 13:50:14,-4.0,2.17,On Time,,-4.0,True,2023-08-30
8766330526,98295,2023-04-14 13:29:47,2023-04-14 13:26:47,-3.0,1.09,On Time,,-3.0,True,2023-04-14
9221423039,54403,2024-10-27 13:55:06,2024-10-27 13:50:06,-5.0,4.51,On Time,,-5.0,True,2024-10-27
4268661538,33402,2023-10-24 03:59:33,2023-10-24 04:01:33,2.0,2.42,On Time,Traffic,2.0,False,2023-10-24
1378809665,27819,2023-03-18 20:01:58,2023-03-18 20:06:58,5.0,1.73,On Time,Traffic,5.0,False,2023-03-18
4917941248,86288,2024-05-19 04:11:01,2024-05-19 04:14:01,3.0,0.93,On Time,Traffic,3.0,False,2024-05-19
5132792285,10112,2024-04-10 14:26:17,2024-04-10 14:23:17,-3.0,3.57,On Time,,-3.0,True,2024-04-10
3776678112,48559,2023-12-09 22:43:33,2023-12-09 22:59:33,16.0,2.47,Significantly Delayed,Traffic,16.0,False,2023-12-09
6940411801,4371,2023-07-01 22:07:34,2023-07-01 22:20:34,13.0,3.53,Slightly Delayed,Traffic,13.0,False,2023-07-01
7422521525,706,2024-03-16 01:59:27,2024-03-16 01:54:27,-5.0,3.95,On Time,,-5.0,True,2024-03-16
4419022028,44847,2023-12-13 09:37:07,2023-12-13 09:42:07,5.0,2.78,On Time,Traffic,5.0,False,2023-12-13
8016651984,19538,2023-04-30 06:46:41,2023-04-30 06:48:41,2.0,0.76,On Time,Traffic,2.0,False,2023-04-30
2361722422,89265,2023-04-27 10:07:35,2023-04-27 10:12:35,5.0,1.43,On Time,Traffic,5.0,False,2023-04-27
1001453982,611,2023-07-31 05:13:56,2023-07-31 05:24:56,11.0,0.92,Slightly Delayed,Traffic,11.0,False,2023-07-31
9093918346,65217,2024-03-31 23:04:56,2024-03-31 23:08:56,4.0,4.8,On Time,Traffic,4.0,False,2024-03-31
3969014433,62397,2023-08-09 13:24:23,2023-08-09 13:19:23,-5.0,4.93,On Time,,-5.0,True,2023-08-09
9684561720,53523,2023-09-04 11:52:25,2023-09-04 11:56:25,4.0,1.14,On Time,Traffic,4.0,False,2023-09-04
7031115362,93983,2024-10-25 07:59:29,2024-10-25 08:29:29,30.0,3.41,Significantly Delayed,Traffic,30.0,False,2024-10-25
8204766849,1679,2024-07-29 03:06:06,2024-07-29 03:26:06,20.0,4.73,Significantly Delayed,Traffic,20.0,False,2024-07-29
2785412612,96984,2024-03-18 21:35:29,2024-03-18 21:31:29,-4.0,4.99,On Time,,-4.0,True,2024-03-18
2624138741,2332,2024-04-18 01:23:21,2024-04-18 01:18:21,-5.0,3.37,On Time,,-5.0,True,2024-04-18
748376248,12777,2023-08-29 00:57:18,2023-08-29 00:53:18,-4.0,3.47,On Time,,-4.0,True,2023-08-29
6096787440,91233,2023-03-18 12:17:39,2023-03-18 12:14:39,-3.0,4.01,On Time,,-3.0,True,2023-03-18
8787660233,58570,2024-05-26 07:35:36,2024-05-26 07:46:36,11.0,3.34,Slightly Delayed,Traffic,11.0,False,2024-05-26
3845481278,76640,2023-07-05 06:14:10,2023-07-05 06:15:10,1.0,4.74,On Time,Traffic,1.0,False,2023-07-05
4636134267,75957,2024-02-28 19:49:45,2024-02-28 20:02:45,13.0,1.03,Slightly Delayed,Traffic,13.0,False,2024-02-28
4538825340,53653,2024-04-05 10:44:34,2024-04-05 10:46:34,2.0,2.94,On Time,Traffic,2.0,False,2024-04-05
4553101047,32873,2024-05-31 23:23:12,2024-05-31 23:20:12,-3.0,4.88,On Time,,-3.0,True,2024-05-31
2193853405,61506,2023-05-30 21:05:41,2023-05-30 21:15:41,10.0,3.54,Slightly Delayed,Traffic,10.0,False,2023-05-30
1642059453,58385,2023-08-12 05:33:33,2023-08-12 05:36:33,3.0,3.07,On Time,Traffic,3.0,False,2023-08-12
5890339330,84178,2024-05-21 16:31:30,2024-05-21 16:26:30,-5.0,3.81,On Time,,-5.0,True,2024-05-21
313663478,65113,2024-02-21 17:14:20,2024-02-21 17:17:20,3.0,1.45,On Time,Traffic,3.0,False,2024-02-21
8591576320,39993,2023-07-29 06:38:49,2023-07-29 06:33:49,-5.0,3.5,On Time,,-5.0,True,2023-07-29
4728104591,87703,2023-11-06 03:00:03,2023-11-06 02:55:03,-5.0,4.27,On Time,,-5.0,True,2023-11-06
8276401643,18608,2024-10-17 06:36:51,2024-10-17 06:31:51,-5.0,2.78,On Time,,-5.0,True,2024-10-17
8709694061,70333,2024-10-17 11:30:32,2024-10-17 11:44:32,14.0,3.64,Slightly Delayed,Traffic,14.0,False,2024-10-17
4080156881,11130,2024-04-03 18:58:51,2024-04-03 18:58:51,0.0,1.62,On Time,,0.0,True,2024-04-03
7485829116,71081,2024-03-30 14:02:50,2024-03-30 14:03:50,1.0,0.88,On Time,Traffic,1.0,False,2024-03-30
7378865582,44634,2023-05-23 18:21:13,2023-05-23 18:17:13,-4.0,3.36,On Time,,-4.0,True,2023-05-23
335575667,2018,2023-09-07 06:23:54,2023-09-07 06:24:54,1.0,3.15,On Time,Traffic,1.0,False,2023-09-07
1621109077,83040,2024-03-25 17:59:50,2024-03-25 18:06:50,7.0,1.18,Slightly Delayed,Traffic,7.0,False,2024-03-25
7468088555,80809,2023-05-10 11:44:56,2023-05-10 11:41:56,-3.0,4.93,On Time,,-3.0,True,2023-05-10
3676517886,82211,2024-06-08 19:26:48,2024-06-08 19:38:48,12.0,4.83,Slightly Delayed,Traffic,12.0,False,2024-06-08
1746921111,82913,2024-08-28 18:41:18,2024-08-28 18:39:18,-2.0,0.83,On Time,,-2.0,True,2024-08-28
7774691391,34427,2023-07-20 08:53:35,2023-07-20 08:58:35,5.0,3.75,On Time,Traffic,5.0,False,2023-07-20
8220678247,13272,2024-06-23 18:35:45,2024-06-23 18:33:45,-2.0,2.72,On Time,,-2.0,True,2024-06-23
6048604080,90276,2023-09-06 02:19:23,2023-09-06 02:16:23,-3.0,1.33,On Time,,-3.0,True,2023-09-06
8545716586,72311,2024-01-12 13:34:31,2024-01-12 13:48:31,14.0,0.89,Slightly Delayed,Traffic,14.0,False,2024-01-12
530870056,48704,2024-08-15 13:11:18,2024-08-15 13:08:18,-3.0,2.27,On Time,,-3.0,True,2024-08-15
4055690435,25984,2023-04-05 02:20:30,2023-04-05 02:16:30,-4.0,3.9,On Time,,-4.0,True,2023-04-05
7096530350,13756,2024-06-26 04:39:57,2024-06-26 04:38:57,-1.0,2.56,On Time,,-1.0,True,2024-06-26
7083649345,44505,2023-05-20 10:24:53,2023-05-20 10:26:53,2.0,4.36,On Time,Traffic,2.0,False,2023-05-20
836457367,81718,2024-06-02 06:14:22,2024-06-02 06:42:22,28.0,2.04,Significantly Delayed,Traffic,28.0,False,2024-06-02
7698126312,58953,2023-10-31 03:51:39,2023-10-31 04:02:39,11.0,3.14,Slightly Delayed,Traffic,11.0,False,2023-10-31
2267297760,85720,2024-01-29 12:03:19,2024-01-29 11:59:19,-4.0,1.84,On Time,,-4.0,True,2024-01-29
1717841423,56322,2024-01-31 20:44:40,2024-01-31 20:50:40,6.0,2.36,Slightly Delayed,Traffic,6.0,False,2024-01-31
4330597536,26934,2023-04-11 15:08:09,2023-04-11 15:12:09,4.0,1.95,On Time,Traffic,4.0,False,2023-04-11
3687593721,22476,2023-05-16 22:40:38,2023-05-16 22:49:38,9.0,1.33,Slightly Delayed,Traffic,9.0,False,2023-05-16
6660740926,50382,2024-05-24 16:47:21,2024-05-24 16:58:21,11.0,4.87,Slightly Delayed,Traffic,11.0,False,2024-05-24
9439713009,8281,2024-04-22 03:09:06,2024-04-22 03:06:06,-3.0,3.4,On Time,,-3.0,True,2024-04-22
5281121057,14666,2023-08-20 22:35:44,2023-08-20 22:49:44,14.0,4.11,Slightly Delayed,Traffic,14.0,False,2023-08-20
7044351561,50051,2023-09-19 16:35:53,2023-09-19 16:34:53,-1.0,2.09,On Time,,-1.0,True,2023-09-19
9121393476,14938,2023-08-01 08:20:38,2023-08-01 08:19:38,-1.0,3.85,On Time,,-1.0,True,2023-08-01
7202170939,5907,2024-01-13 14:02:21,2024-01-13 14:06:21,4.0,4.22,On Time,Traffic,4.0,False,2024-01-13
1429047127,53462,2023-12-09 20:57:38,2023-12-09 21:15:38,18.0,3.25,Significantly Delayed,Traffic,18.0,False,2023-12-09
8551965787,97423,2024-10-16 11:36:47,2024-10-16 11:33:47,-3.0,2.64,On Time,,-3.0,True,2024-10-16
6756882357,20722,2024-06-23 09:58:26,2024-06-23 09:53:26,-5.0,3.0,On Time,,-5.0,True,2024-06-23
618929241,78204,2023-10-02 21:36:22,2023-10-02 21:53:22,17.0,1.01,Significantly Delayed,Traffic,17.0,False,2023-10-02
9711157887,5779,2024-01-03 18:39:23,2024-01-03 18:40:23,1.0,4.03,On Time,Traffic,1.0,False,2024-01-03
354149805,99775,2024-04-17 22:03:47,2024-04-17 22:04:47,1.0,0.84,On Time,Traffic,1.0,False,2024-04-17
231328814,47916,2024-04-19 04:16:27,2024-04-19 04:25:27,9.0,4.71,Slightly Delayed,Traffic,9.0,False,2024-04-19
523916986,35635,2024-09-19 08:05:51,2024-09-19 08:03:51,-2.0,0.89,On Time,,-2.0,True,2024-09-19
1930887811,30771,2023-08-10 05:11:14,2023-08-10 05:11:14,0.0,4.36,On Time,,0.0,True,2023-08-10
9958741781,94839,2024-08-26 01:59:47,2024-08-26 02:08:47,9.0,2.52,Slightly Delayed,Traffic,9.0,False,2024-08-26
6727230123,77576,2024-10-19 12:35:02,2024-10-19 12:51:02,16.0,2.72,Significantly Delayed,Traffic,16.0,False,2024-10-19
9487368442,38330,2023-08-09 18:52:10,2023-08-09 18:55:10,3.0,2.01,On Time,Traffic,3.0,False,2023-08-09
671459763,65075,2024-06-23 14:36:16,2024-06-23 14:41:16,5.0,2.78,On Time,Traffic,5.0,False,2024-06-23
9129957352,65283,2023-09-06 17:01:31,2023-09-06 17:05:31,4.0,1.25,On Time,Traffic,4.0,False,2023-09-06
9206073690,35739,2024-06-07 18:12:15,2024-06-07 18:16:15,4.0,4.94,On Time,Traffic,4.0,False,2024-06-07
5587148302,6600,2024-09-23 21:21:03,2024-09-23 21:26:03,5.0,1.87,On Time,Traffic,5.0,False,2024-09-23
6936256414,11559,2024-06-23 03:22:15,2024-06-23 03:27:15,5.0,1.21,On Time,Traffic,5.0,False,2024-06-23
3341228576,49279,2023-05-05 02:21:40,2023-05-05 02:27:40,6.0,2.11,Slightly Delayed,Traffic,6.0,False,2023-05-05
4817323453,73349,2023-09-07 06:51:32,2023-09-07 06:53:32,2.0,1.96,On Time,Traffic,2.0,False,2023-09-07
1163454835,53545,2023-12-06 05:56:58,2023-12-06 06:01:58,5.0,2.82,On Time,Traffic,5.0,False,2023-12-06
5236061455,14592,2023-04-07 00:05:19,2023-04-07 00:09:19,4.0,4.84,On Time,Traffic,4.0,False,2023-04-07
5982829268,97197,2023-04-01 04:43:39,2023-04-01 04:43:39,0.0,1.56,On Time,,0.0,True,2023-04-01
1901688056,13115,2023-09-13 16:20:06,2023-09-13 16:20:06,0.0,4.41,On Time,,0.0,True,2023-09-13
5936051107,63513,2024-10-21 14:58:16,2024-10-21 15:10:16,12.0,4.52,Slightly Delayed,Traffic,12.0,False,2024-10-21
3018272105,51005,2023-03-21 02:59:16,2023-03-21 02:56:16,-3.0,4.37,On Time,,-3.0,True,2023-03-21
3656191983,4230,2023-08-16 23:21:52,2023-08-16 23:20:52,-1.0,4.99,On Time,,-1.0,True,2023-08-16
5186692805,12223,2023-11-08 15:17:16,2023-11-08 15:37:16,20.0,3.88,Significantly Delayed,Traffic,20.0,False,2023-11-08
7281243151,3056,2023-08-30 10:03:17,2023-08-30 10:00:17,-3.0,4.15,On Time,,-3.0,True,2023-08-30
7906004940,47649,2023-04-27 17:29:57,2023-04-27 17:32:57,3.0,4.5,On Time,Traffic,3.0,False,2023-04-27
6354703603,3515,2024-05-17 22:08:08,2024-05-17 22:03:08,-5.0,3.2,On Time,,-5.0,True,2024-05-17
6444064733,17550,2023-10-11 11:21:17,2023-10-11 11:18:17,-3.0,2.5,On Time,,-3.0,True,2023-10-11
2405783093,70069,2023-03-18 08:32:44,2023-03-18 08:32:44,0.0,2.13,On Time,,0.0,True,2023-03-18
63363146,89996,2023-07-12 01:50:45,2023-07-12 02:05:45,15.0,1.26,Slightly Delayed,Traffic,15.0,False,2023-07-12
7040313500,22828,2024-10-14 15:33:37,2024-10-14 15:29:37,-4.0,3.06,On Time,,-4.0,True,2024-10-14
5844807259,56643,2023-10-14 02:52:22,2023-10-14 02:47:22,-5.0,2.95,On Time,,-5.0,True,2023-10-14
1931703221,60906,2023-05-08 08:57:11,2023-05-08 08:59:11,2.0,3.71,On Time,Traffic,2.0,False,2023-05-08
3525336030,2314,2023-04-12 23:03:00,2023-04-12 23:18:00,15.0,4.32,Slightly Delayed,Traffic,15.0,False,2023-04-12
4359807852,82810,2024-04-11 10:54:01,2024-04-11 10:55:01,1.0,1.95,On Time,Traffic,1.0,False,2024-04-11
6946959356,88906,2023-12-15 22:05:35,2023-12-15 22:12:35,7.0,1.27,Slightly Delayed,Traffic,7.0,False,2023-12-15
782338627,50557,2024-09-08 06:06:37,2024-09-08 06:31:37,25.0,3.34,Significantly Delayed,Traffic,25.0,False,2024-09-08
4942714391,44975,2024-01-19 23:09:15,2024-01-19 23:12:15,3.0,0.66,On Time,Traffic,3.0,False,2024-01-19
919307194,86545,2024-01-07 15:41:00,2024-01-07 15:59:00,18.0,4.66,Significantly Delayed,Traffic,18.0,False,2024-01-07
6509263423,87487,2024-01-20 12:29:50,2024-01-20 12:26:50,-3.0,0.91,On Time,,-3.0,True,2024-01-20
7200105089,74324,2023-11-29 07:35:18,2023-11-29 07:48:18,13.0,4.3,Slightly Delayed,Traffic,13.0,False,2023-11-29
7120372196,9785,2024-08-10 17:36:00,2024-08-10 17:47:00,11.0,4.32,Slightly Delayed,Traffic,11.0,False,2024-08-10
8710393245,79417,2024-07-21 11:22:08,2024-07-21 11:20:08,-2.0,4.18,On Time,,-2.0,True,2024-07-21
8862036450,59711,2024-01-03 12:38:59,2024-01-03 12:36:59,-2.0,3.06,On Time,,-2.0,True,2024-01-03
2087769338,68170,2024-06-08 06:34:34,2024-06-08 06:34:34,0.0,3.33,On Time,,0.0,True,2024-06-08
3349267712,58986,2023-09-25 01:10:21,2023-09-25 01:20:21,10.0,2.46,Slightly Delayed,Traffic,10.0,False,2023-09-25
1689937124,14563,2024-01-17 06:09:44,2024-01-17 06:13:44,4.0,2.48,On Time,Traffic,4.0,False,2024-01-17
4498769995,38919,2024-01-23 02:41:29,2024-01-23 02:46:29,5.0,1.68,On Time,Traffic,5.0,False,2024-01-23
3729771871,32626,2023-11-10 11:00:42,2023-11-10 11:04:42,4.0,4.95,On Time,Traffic,4.0,False,2023-11-10
9065518834,93566,2024-06-17 17:25:43,2024-06-17 17:27:43,2.0,0.57,On Time,Traffic,2.0,False,2024-06-17
7524465290,93477,2024-01-06 16:01:03,2024-01-06 16:07:03,6.0,2.9,Slightly Delayed,Traffic,6.0,False,2024-01-06
2319921666,4851,2024-05-01 11:57:02,2024-05-01 11:54:02,-3.0,1.97,On Time,,-3.0,True,2024-05-01
9541612277,43452,2024-03-31 06:48:45,2024-03-31 06:46:45,-2.0,3.14,On Time,,-2.0,True,2024-03-31
6303548068,40567,2024-06-30 00:29:33,2024-06-30 00:40:33,11.0,2.89,Slightly Delayed,Traffic,11.0,False,2024-06-30
5867651793,84411,2023-11-09 11:51:19,2023-11-09 11:50:19,-1.0,4.61,On Time,,-1.0,True,2023-11-09
6405947025,29228,2024-09-28 22:18:52,2024-09-28 22:20:52,2.0,3.2,On Time,Traffic,2.0,False,2024-09-28
2150790907,37465,2023-08-16 13:21:49,2023-08-16 13:33:49,12.0,4.13,Slightly Delayed,Traffic,12.0,False,2023-08-16
212856641,86373,2024-11-02 11:02:18,2024-11-02 10:57:18,-5.0,2.66,On Time,,-5.0,True,2024-11-02
1686508921,37806,2024-07-22 22:32:01,2024-07-22 22:27:01,-5.0,1.62,On Time,,-5.0,True,2024-07-22
5879579208,29566,2024-09-10 11:07:59,2024-09-10 11:13:59,6.0,0.85,Slightly Delayed,Traffic,6.0,False,2024-09-10
1882682579,78512,2023-05-13 23:21:40,2023-05-13 23:20:40,-1.0,3.81,On Time,,-1.0,True,2023-05-13
8370410622,10210,2024-06-01 13:19:54,2024-06-01 13:21:54,2.0,2.24,On Time,Traffic,2.0,False,2024-06-01
368599691,57291,2024-10-22 16:36:46,2024-10-22 16:37:46,1.0,2.3,On Time,Traffic,1.0,False,2024-10-22
9282982332,21658,2024-09-12 22:32:08,2024-09-12 22:34:08,2.0,1.07,On Time,Traffic,2.0,False,2024-09-12
4874880100,81596,2024-09-09 23:14:26,2024-09-09 23:19:26,5.0,0.83,On Time,Traffic,5.0,False,2024-09-09
102639985,25125,2023-08-27 07:12:21,2023-08-27 07:15:21,3.0,3.7,On Time,Traffic,3.0,False,2023-08-27
5288207551,64001,2023-09-10 19:09:17,2023-09-10 19:23:17,14.0,2.52,Slightly Delayed,Traffic,14.0,False,2023-09-10
693932743,34625,2023-06-06 20:45:15,2023-06-06 20:45:15,0.0,4.2,On Time,,0.0,True,2023-06-06
2325405669,53132,2024-03-08 23:29:49,2024-03-08 23:27:49,-2.0,0.99,On Time,,-2.0,True,2024-03-08
8152364696,50040,2023-12-24 13:29:30,2023-12-24 13:29:30,0.0,2.01,On Time,,0.0,True,2023-12-24
7682359398,70975,2024-09-15 05:16:47,2024-09-15 05:25:47,9.0,1.67,Slightly Delayed,Traffic,9.0,False,2024-09-15
1742951029,62055,2023-05-07 23:20:50,2023-05-07 23:39:50,19.0,2.67,Significantly Delayed,Traffic,19.0,False,2023-05-07
4799787645,61740,2023-10-07 07:24:32,2023-10-07 07:43:32,19.0,3.46,Significantly Delayed,Traffic,19.0,False,2023-10-07
8498666384,94061,2024-03-08 18:13:36,2024-03-08 18:16:36,3.0,4.33,On Time,Traffic,3.0,False,2024-03-08
5013572642,90675,2023-05-08 19:37:37,2023-05-08 19:50:37,13.0,3.25,Slightly Delayed,Traffic,13.0,False,2023-05-08
8403006958,22292,2023-11-27 05:53:29,2023-11-27 05:48:29,-5.0,3.65,On Time,,-5.0,True,2023-11-27
4688831157,75752,2024-07-03 23:55:41,2024-07-03 23:59:41,4.0,1.4,On Time,Traffic,4.0,False,2024-07-03
394578210,91958,2023-09-26 05:33:28,2023-09-26 05:38:28,5.0,0.68,On Time,Traffic,5.0,False,2023-09-26
8681711802,50,2023-10-07 07:22:38,2023-10-07 07:17:38,-5.0,4.75,On Time,,-5.0,True,2023-10-07
9311399064,91086,2023-11-04 21:42:08,2023-11-04 21:45:08,3.0,1.16,On Time,Traffic,3.0,False,2023-11-04
2620581496,38634,2023-04-21 02:46:11,2023-04-21 02:45:11,-1.0,3.47,On Time,,-1.0,True,2023-04-21
5116898322,93289,2024-07-18 13:37:09,2024-07-18 13:35:09,-2.0,1.52,On Time,,-2.0,True,2024-07-18
5995819849,2395,2023-08-19 04:35:08,2023-08-19 04:44:08,9.0,1.18,Slightly Delayed,Traffic,9.0,False,2023-08-19
7690500286,39966,2024-07-12 18:27:22,2024-07-12 18:34:22,7.0,2.14,Slightly Delayed,Traffic,7.0,False,2024-07-12
6107283203,21522,2024-09-09 20:41:41,2024-09-09 20:43:41,2.0,1.08,On Time,Traffic,2.0,False,2024-09-09
3170417508,30064,2024-01-10 05:43:05,2024-01-10 05:56:05,13.0,4.22,Slightly Delayed,Traffic,13.0,False,2024-01-10
805682701,84695,2023-07-30 23:02:14,2023-07-30 23:14:14,12.0,4.98,Slightly Delayed,Traffic,12.0,False,2023-07-30
8960508625,57297,2023-10-07 10:13:49,2023-10-07 10:18:49,5.0,1.17,On Time,Traffic,5.0,False,2023-10-07
5580397726,64619,2023-06-21 05:05:17,2023-06-21 05:24:17,19.0,3.75,Significantly Delayed,Traffic,19.0,False,2023-06-21
1506599381,19253,2024-09-18 04:47:44,2024-09-18 04:50:44,3.0,3.36,On Time,Traffic,3.0,False,2024-09-18
8424478165,37654,2023-04-21 18:36:42,2023-04-21 18:36:42,0.0,1.52,On Time,,0.0,True,2023-04-21
6083333956,34580,2023-03-27 06:53:59,2023-03-27 07:06:59,13.0,2.12,Slightly Delayed,Traffic,13.0,False,2023-03-27
9611327860,25443,2024-04-07 17:57:20,2024-04-07 17:55:20,-2.0,2.56,On Time,,-2.0,True,2024-04-07
9539444766,94753,2023-11-04 08:11:03,2023-11-04 08:16:03,5.0,2.89,On Time,Traffic,5.0,False,2023-11-04
756168939,69292,2024-07-05 18:49:40,2024-07-05 18:44:40,-5.0,1.21,On Time,,-5.0,True,2024-07-05
7762624518,56407,2024-08-26 21:32:15,2024-08-26 21:46:15,14.0,4.0,Slightly Delayed,Traffic,14.0,False,2024-08-26
3681781563,41664,2023-11-18 10:35:31,2023-11-18 10:33:31,-2.0,3.37,On Time,,-2.0,True,2023-11-18
1571085226,35840,2024-04-07 00:50:53,2024-04-07 00:57:53,7.0,4.62,Slightly Delayed,Traffic,7.0,False,2024-04-07
4244306883,94771,2024-03-03 10:42:44,2024-03-03 10:56:44,14.0,2.9,Slightly Delayed,Traffic,14.0,False,2024-03-03
7333141591,1610,2024-03-15 17:02:34,2024-03-15 17:20:34,18.0,0.8,Significantly Delayed,Traffic,18.0,False,2024-03-15
1199945706,30489,2024-01-08 19:48:33,2024-01-08 19:47:33,-1.0,3.13,On Time,,-1.0,True,2024-01-08
5895644119,6452,2023-06-11 14:27:56,2023-06-11 14:27:56,0.0,2.16,On Time,,0.0,True,2023-06-11
7112919210,58625,2024-02-01 22:18:31,2024-02-01 22:18:31,0.0,3.88,On Time,,0.0,True,2024-02-01
8315937318,35071,2024-05-08 17:52:39,2024-05-08 18:01:39,9.0,3.07,Slightly Delayed,Traffic,9.0,False,2024-05-08
5331800057,39782,2023-03-29 01:41:40,2023-03-29 01:54:40,13.0,4.9,Slightly Delayed,Traffic,13.0,False,2023-03-29
5989265505,11502,2024-03-15 04:27:36,2024-03-15 04:22:36,-5.0,1.78,On Time,,-5.0,True,2024-03-15
7906361274,44821,2023-09-03 18:52:54,2023-09-03 18:51:54,-1.0,1.97,On Time,,-1.0,True,2023-09-03
6312476146,87880,2024-01-27 19:57:55,2024-01-27 20:06:55,9.0,2.18,Slightly Delayed,Traffic,9.0,False,2024-01-27
9436272631,82287,2024-05-18 02:57:09,2024-05-18 02:56:09,-1.0,4.78,On Time,,-1.0,True,2024-05-18
8289791792,70314,2024-01-26 15:04:19,2024-01-26 15:00:19,-4.0,2.33,On Time,,-4.0,True,2024-01-26
7659532788,62888,2024-02-01 21:16:31,2024-02-01 21:19:31,3.0,3.26,On Time,Traffic,3.0,False,2024-02-01
1498157233,13716,2024-02-08 06:44:38,2024-02-08 06:48:38,4.0,0.96,On Time,Traffic,4.0,False,2024-02-08
8560951754,55642,2023-05-17 18:26:02,2023-05-17 18:32:02,6.0,0.99,Slightly Delayed,Traffic,6.0,False,2023-05-17
8764192824,34121,2023-07-24 09:08:59,2023-07-24 09:23:59,15.0,1.34,Slightly Delayed,Traffic,15.0,False,2023-07-24
1900542981,82683,2023-03-25 18:46:16,2023-03-25 18:50:16,4.0,1.16,On Time,Traffic,4.0,False,2023-03-25
9445683691,70620,2023-11-12 20:17:13,2023-11-12 20:33:13,16.0,4.53,Significantly Delayed,Traffic,16.0,False,2023-11-12
7719808335,80882,2023-04-26 18:00:53,2023-04-26 17:59:53,-1.0,2.74,On Time,,-1.0,True,2023-04-26
4865644960,11250,2023-09-11 08:59:57,2023-09-11 09:07:57,8.0,3.91,Slightly Delayed,Traffic,8.0,False,2023-09-11
6518276143,99506,2024-01-25 23:29:31,2024-01-25 23:24:31,-5.0,1.5,On Time,,-5.0,True,2024-01-25
2211459584,69281,2023-12-25 14:34:44,2023-12-25 14:34:44,0.0,4.19,On Time,,0.0,True,2023-12-25
6811633572,49915,2024-06-26 14:44:44,2024-06-26 14:48:44,4.0,2.15,On Time,Traffic,4.0,False,2024-06-26
1821573240,45208,2024-04-10 16:39:04,2024-04-10 16:42:04,3.0,4.66,On Time,Traffic,3.0,False,2024-04-10
8848227434,74756,2023-06-17 14:18:33,2023-06-17 14:16:33,-2.0,4.94,On Time,,-2.0,True,2023-06-17
7812276711,60140,2023-03-25 06:28:39,2023-03-25 06:40:39,12.0,2.45,Slightly Delayed,Traffic,12.0,False,2023-03-25
939966106,267,2023-05-02 10:04:13,2023-05-02 10:06:13,2.0,2.05,On Time,Traffic,2.0,False,2023-05-02
4099108156,21877,2024-04-10 04:40:01,2024-04-10 04:39:01,-1.0,0.91,On Time,,-1.0,True,2024-04-10
5684182622,6390,2024-03-03 16:31:14,2024-03-03 16:31:14,0.0,2.04,On Time,,0.0,True,2024-03-03
4916740946,11753,2023-10-29 19:30:31,2023-10-29 19:34:31,4.0,1.38,On Time,Traffic,4.0,False,2023-10-29
9732307600,91547,2024-01-31 09:03:13,2024-01-31 09:02:13,-1.0,4.44,On Time,,-1.0,True,2024-01-31
9280329883,44108,2023-09-10 23:19:56,2023-09-10 23:27:56,8.0,2.35,Slightly Delayed,Traffic,8.0,False,2023-09-10
4284285927,29343,2024-08-04 21:12:58,2024-08-04 21:14:58,2.0,1.4,On Time,Traffic,2.0,False,2024-08-04
8701796,41266,2024-08-19 19:14:44,2024-08-19 19:23:44,9.0,4.97,Slightly Delayed,Traffic,9.0,False,2024-08-19
6834734512,76817,2023-08-31 23:28:56,2023-08-31 23:29:56,1.0,4.75,On Time,Traffic,1.0,False,2023-08-31
7127377458,9342,2023-03-26 15:47:19,2023-03-26 15:55:19,8.0,3.89,Slightly Delayed,Traffic,8.0,False,2023-03-26
4754481356,49314,2023-08-14 18:36:06,2023-08-14 18:35:06,-1.0,3.5,On Time,,-1.0,True,2023-08-14
4726007482,36892,2023-08-30 12:07:03,2023-08-30 12:11:03,4.0,2.57,On Time,Traffic,4.0,False,2023-08-30
2320560482,7285,2024-02-18 13:21:26,2024-02-18 13:19:26,-2.0,3.15,On Time,,-2.0,True,2024-02-18
1456550348,97265,2024-05-02 00:38:28,2024-05-02 00:38:28,0.0,1.19,On Time,,0.0,True,2024-05-02
5370744569,32084,2023-08-23 13:55:26,2023-08-23 14:08:26,13.0,3.16,Slightly Delayed,Traffic,13.0,False,2023-08-23
5819887962,85744,2024-03-03 00:46:47,2024-03-03 01:08:47,22.0,2.97,Significantly Delayed,Traffic,22.0,False,2024-03-03
1929465827,8263,2023-12-13 13:01:12,2023-12-13 13:00:12,-1.0,4.51,On Time,,-1.0,True,2023-12-13
9430139302,90056,2024-02-09 08:04:50,2024-02-09 08:05:50,1.0,2.53,On Time,Traffic,1.0,False,2024-02-09
3632715912,72130,2024-08-18 17:35:12,2024-08-18 17:40:12,5.0,0.8,On Time,Traffic,5.0,False,2024-08-18
3356214803,83239,2024-06-08 22:11:14,2024-06-08 22:08:14,-3.0,2.84,On Time,,-3.0,True,2024-06-08
2277864850,7967,2024-10-30 04:34:24,2024-10-30 04:30:24,-4.0,4.13,On Time,,-4.0,True,2024-10-30
1754472592,12994,2024-06-11 02:12:09,2024-06-11 02:13:09,1.0,2.88,On Time,Traffic,1.0,False,2024-06-11
1833208408,91091,2023-08-16 07:43:25,2023-08-16 07:43:25,0.0,2.48,On Time,,0.0,True,2023-08-16
6567954047,7493,2023-07-09 10:06:02,2023-07-09 10:28:02,22.0,0.53,Significantly Delayed,Traffic,22.0,False,2023-07-09
9409585531,16318,2023-04-03 06:22:57,2023-04-03 06:29:57,7.0,4.52,Slightly Delayed,Traffic,7.0,False,2023-04-03
731371161,78728,2024-09-25 10:09:55,2024-09-25 10:29:55,20.0,0.77,Significantly Delayed,Traffic,20.0,False,2024-09-25
7863496069,11754,2024-02-09 19:09:29,2024-02-09 19:24:29,15.0,4.5,Slightly Delayed,Traffic,15.0,False,2024-02-09
9043955242,89325,2024-04-13 05:19:04,2024-04-13 05:45:04,26.0,2.64,Significantly Delayed,Traffic,26.0,False,2024-04-13
8257564936,84555,2024-03-31 08:22:53,2024-03-31 08:22:53,0.0,3.94,On Time,,0.0,True,2024-03-31
7487631571,54412,2024-04-12 17:22:51,2024-04-12 17:31:51,9.0,3.79,Slightly Delayed,Traffic,9.0,False,2024-04-12
4243307535,18181,2024-07-04 21:55:31,2024-07-04 22:03:31,8.0,3.93,Slightly Delayed,Traffic,8.0,False,2024-07-04
5490221933,47119,2023-06-21 13:05:33,2023-06-21 13:01:33,-4.0,4.5,On Time,,-4.0,True,2023-06-21
577600718,15216,2024-04-06 03:56:44,2024-04-06 04:05:44,9.0,0.87,Slightly Delayed,Traffic,9.0,False,2024-04-06
1815462789,62423,2023-09-09 05:03:10,2023-09-09 05:15:10,12.0,2.81,Slightly Delayed,Traffic,12.0,False,2023-09-09
896786012,63700,2023-08-18 05:55:14,2023-08-18 06:05:14,10.0,1.61,Slightly Delayed,Traffic,10.0,False,2023-08-18
2610552179,21304,2024-06-26 11:40:47,2024-06-26 11:42:47,2.0,1.91,On Time,Traffic,2.0,False,2024-06-26
6244718082,9658,2024-05-22 14:27:40,2024-05-22 14:23:40,-4.0,4.95,On Time,,-4.0,True,2024-05-22
1837634871,26621,2023-05-06 13:50:50,2023-05-06 14:05:50,15.0,1.27,Slightly Delayed,Traffic,15.0,False,2023-05-06
8684571382,19722,2023-10-04 22:51:08,2023-10-04 22:50:08,-1.0,3.84,On Time,,-1.0,True,2023-10-04
1659181364,4115,2023-08-26 23:49:59,2023-08-26 23:59:59,10.0,1.0,Slightly Delayed,Traffic,10.0,False,2023-08-26
5626641031,65770,2024-05-19 01:47:02,2024-05-19 01:49:02,2.0,1.12,On Time,Traffic,2.0,False,2024-05-19
1589326447,83945,2024-01-27 14:47:02,2024-01-27 14:52:02,5.0,1.75,On Time,Traffic,5.0,False,2024-01-27
5018325783,41888,2024-02-11 04:37:54,2024-02-11 04:35:54,-2.0,1.96,On Time,,-2.0,True,2024-02-11
5111073873,77796,2024-02-02 19:56:40,2024-02-02 19:56:40,0.0,2.5,On Time,,0.0,True,2024-02-02
5953426781,21723,2023-12-10 11:44:07,2023-12-10 11:42:07,-2.0,3.95,On Time,,-2.0,True,2023-12-10
8966870214,25007,2024-02-27 21:42:02,2024-02-27 21:48:02,6.0,2.15,Slightly Delayed,Traffic,6.0,False,2024-02-27
6962915277,16407,2024-09-14 10:57:22,2024-09-14 10:57:22,0.0,1.07,On Time,,0.0,True,2024-09-14
4309308088,44969,2023-12-02 20:44:56,2023-12-02 20:48:56,4.0,2.27,On Time,Traffic,4.0,False,2023-12-02
5391068200,79700,2023-11-20 04:13:06,2023-11-20 04:08:06,-5.0,4.94,On Time,,-5.0,True,2023-11-20
4394681222,92464,2024-03-28 23:30:24,2024-03-28 23:45:24,15.0,1.8,Slightly Delayed,Traffic,15.0,False,2024-03-28
4791895461,38858,2024-08-11 00:04:45,2024-08-11 00:28:45,24.0,2.47,Significantly Delayed,Traffic,24.0,False,2024-08-11
7272011740,42857,2024-09-16 12:46:23,2024-09-16 12:48:23,2.0,4.2,On Time,Traffic,2.0,False,2024-09-16
87784691,88685,2024-09-29 01:10:06,2024-09-29 01:13:06,3.0,4.58,On Time,Traffic,3.0,False,2024-09-29
4939105270,84293,2023-11-02 03:00:13,2023-11-02 02:58:13,-2.0,3.43,On Time,,-2.0,True,2023-11-02
4622303035,26126,2023-08-03 11:25:02,2023-08-03 11:23:02,-2.0,2.53,On Time,,-2.0,True,2023-08-03
3460208027,75868,2024-04-19 21:56:18,2024-04-19 21:56:18,0.0,1.9,On Time,,0.0,True,2024-04-19
2548125971,41755,2023-11-05 22:18:39,2023-11-05 22:13:39,-5.0,4.48,On Time,,-5.0,True,2023-11-05
2390111460,36389,2023-09-09 21:37:09,2023-09-09 21:42:09,5.0,4.29,On Time,Traffic,5.0,False,2023-09-09
8309485249,3729,2023-12-02 20:46:50,2023-12-02 20:51:50,5.0,3.55,On Time,Traffic,5.0,False,2023-12-02
8322543480,94614,2024-09-27 02:38:22,2024-09-27 03:02:22,24.0,4.99,Significantly Delayed,Traffic,24.0,False,2024-09-27
2819200158,58827,2023-07-23 14:54:43,2023-07-23 14:56:43,2.0,1.95,On Time,Traffic,2.0,False,2023-07-23
7087151227,25423,2023-11-26 01:10:11,2023-11-26 01:06:11,-4.0,2.61,On Time,,-4.0,True,2023-11-26
6704234561,91747,2024-01-03 07:40:25,2024-01-03 08:10:25,30.0,1.81,Significantly Delayed,Traffic,30.0,False,2024-01-03
6998410196,97976,2023-07-25 15:51:47,2023-07-25 16:04:47,13.0,1.53,Slightly Delayed,Traffic,13.0,False,2023-07-25
707035635,71996,2024-09-29 09:47:51,2024-09-29 09:43:51,-4.0,4.33,On Time,,-4.0,True,2024-09-29
543400704,60474,2023-10-27 00:54:23,2023-10-27 00:49:23,-5.0,1.06,On Time,,-5.0,True,2023-10-27
3604694195,6583,2023-09-03 16:41:20,2023-09-03 16:36:20,-5.0,0.64,On Time,,-5.0,True,2023-09-03
3560549947,87552,2024-07-21 02:39:15,2024-07-21 02:47:15,8.0,4.06,Slightly Delayed,Traffic,8.0,False,2024-07-21
9982178143,53810,2023-12-08 14:17:42,2023-12-08 14:39:42,22.0,3.86,Significantly Delayed,Traffic,22.0,False,2023-12-08
1423646541,19293,2023-12-10 10:45:10,2023-12-10 10:44:10,-1.0,1.73,On Time,,-1.0,True,2023-12-10
7441941402,79767,2023-12-22 22:33:29,2023-12-22 22:31:29,-2.0,3.22,On Time,,-2.0,True,2023-12-22
8395661807,9665,2024-08-19 08:09:08,2024-08-19 08:11:08,2.0,0.61,On Time,Traffic,2.0,False,2024-08-19
5480656353,34982,2024-03-05 19:33:07,2024-03-05 19:28:07,-5.0,3.58,On Time,,-5.0,True,2024-03-05
4561602092,28344,2024-09-18 09:45:09,2024-09-18 09:44:09,-1.0,3.44,On Time,,-1.0,True,2024-09-18
1695982633,44739,2024-01-13 18:59:50,2024-01-13 18:55:50,-4.0,0.65,On Time,,-4.0,True,2024-01-13
6309447153,52804,2023-05-18 21:38:34,2023-05-18 21:38:34,0.0,4.09,On Time,,0.0,True,2023-05-18
4796733514,22316,2023-04-03 18:48:05,2023-04-03 19:17:05,29.0,1.07,Significantly Delayed,Traffic,29.0,False,2023-04-03
2858966982,5328,2024-04-25 10:34:37,2024-04-25 10:29:37,-5.0,3.77,On Time,,-5.0,True,2024-04-25
6948607495,47202,2024-08-28 09:56:14,2024-08-28 10:01:14,5.0,2.0,On Time,Traffic,5.0,False,2024-08-28
4959271803,52469,2024-02-22 01:31:13,2024-02-22 01:44:13,13.0,2.07,Slightly Delayed,Traffic,13.0,False,2024-02-22
5669689881,17862,2023-07-11 21:32:37,2023-07-11 21:43:37,11.0,4.57,Slightly Delayed,Traffic,11.0,False,2023-07-11
5352265711,73582,2024-02-29 19:48:52,2024-02-29 20:01:52,13.0,1.05,Slightly Delayed,Traffic,13.0,False,2024-02-29
5498551836,65877,2023-11-02 13:45:20,2023-11-02 13:47:20,2.0,2.78,On Time,Traffic,2.0,False,2023-11-02
6556845822,47070,2023-05-13 19:23:16,2023-05-13 19:28:16,5.0,1.46,On Time,Traffic,5.0,False,2023-05-13
5167008199,26989,2024-05-31 21:41:14,2024-05-31 21:36:14,-5.0,2.76,On Time,,-5.0,True,2024-05-31
966294309,92606,2024-05-02 06:03:11,2024-05-02 06:06:11,3.0,2.48,On Time,Traffic,3.0,False,2024-05-02
3163611427,67659,2024-01-17 06:37:26,2024-01-17 06:42:26,5.0,1.11,On Time,Traffic,5.0,False,2024-01-17
203136866,676,2024-06-11 12:37:47,2024-06-11 12:36:47,-1.0,0.74,On Time,,-1.0,True,2024-06-11
1815555165,3304,2023-09-11 12:01:58,2023-09-11 12:01:58,0.0,3.61,On Time,,0.0,True,2023-09-11
1874499212,88852,2024-05-30 00:23:01,2024-05-30 00:25:01,2.0,3.16,On Time,Traffic,2.0,False,2024-05-30
4012779165,59519,2024-09-16 09:44:48,2024-09-16 09:47:48,3.0,3.74,On Time,Traffic,3.0,False,2024-09-16
3669023899,289,2024-05-12 09:53:26,2024-05-12 10:04:26,11.0,4.1,Slightly Delayed,Traffic,11.0,False,2024-05-12
9296381620,93839,2024-04-28 01:44:11,2024-04-28 01:43:11,-1.0,3.27,On Time,,-1.0,True,2024-04-28
2725513934,27735,2023-10-07 06:37:20,2023-10-07 06:39:20,2.0,0.65,On Time,Traffic,2.0,False,2023-10-07
5564338561,99128,2024-03-31 23:16:21,2024-03-31 23:14:21,-2.0,3.96,On Time,,-2.0,True,2024-03-31
4701778121,18398,2024-06-06 21:40:44,2024-06-06 21:44:44,4.0,1.24,On Time,Traffic,4.0,False,2024-06-06
9529272337,34837,2023-12-11 00:17:58,2023-12-11 00:17:58,0.0,2.06,On Time,,0.0,True,2023-12-11
869910650,45055,2024-05-27 00:57:52,2024-05-27 00:52:52,-5.0,4.69,On Time,,-5.0,True,2024-05-27
2127080399,55501,2024-09-16 15:17:17,2024-09-16 15:25:17,8.0,1.72,Slightly Delayed,Traffic,8.0,False,2024-09-16
3547439109,91588,2023-04-13 00:41:45,2023-04-13 00:39:45,-2.0,2.46,On Time,,-2.0,True,2023-04-13
997535715,35602,2023-03-27 11:35:08,2023-03-27 11:37:08,2.0,4.02,On Time,Traffic,2.0,False,2023-03-27
2442453181,21860,2023-03-26 07:40:46,2023-03-26 07:45:46,5.0,4.46,On Time,Traffic,5.0,False,2023-03-26
1182120536,6560,2024-05-26 15:51:32,2024-05-26 15:53:32,2.0,2.91,On Time,Traffic,2.0,False,2024-05-26
2819297954,93978,2024-04-07 16:05:26,2024-04-07 16:08:26,3.0,0.52,On Time,Traffic,3.0,False,2024-04-07
9870956079,42784,2023-10-26 07:43:28,2023-10-26 07:45:28,2.0,3.76,On Time,Traffic,2.0,False,2023-10-26
6032675432,29641,2024-09-29 05:22:49,2024-09-29 05:19:49,-3.0,4.47,On Time,,-3.0,True,2024-09-29
329790912,43584,2024-08-04 10:38:41,2024-08-04 10:34:41,-4.0,2.32,On Time,,-4.0,True,2024-08-04
6459815532,10758,2023-05-16 21:57:22,2023-05-16 22:09:22,12.0,1.63,Slightly Delayed,Traffic,12.0,False,2023-05-16
9214523757,45153,2023-10-20 21:41:45,2023-10-20 21:37:45,-4.0,4.86,On Time,,-4.0,True,2023-10-20
9450279027,31584,2023-09-30 04:51:00,2023-09-30 04:47:00,-4.0,4.62,On Time,,-4.0,True,2023-09-30
6265551101,43283,2023-11-13 22:02:45,2023-11-13 21:58:45,-4.0,1.46,On Time,,-4.0,True,2023-11-13
4138526838,24981,2023-10-25 00:22:05,2023-10-25 00:35:05,13.0,3.73,Slightly Delayed,Traffic,13.0,False,2023-10-25
8005579633,98172,2023-08-16 05:37:22,2023-08-16 06:01:22,24.0,1.66,Significantly Delayed,Traffic,24.0,False,2023-08-16
3442984170,52151,2024-09-16 23:48:42,2024-09-16 23:49:42,1.0,3.2,On Time,Traffic,1.0,False,2024-09-16
8711550413,15340,2023-05-30 14:32:46,2023-05-30 14:54:46,22.0,3.32,Significantly Delayed,Traffic,22.0,False,2023-05-30
2509593585,87829,2023-05-05 02:02:01,2023-05-05 01:59:01,-3.0,2.85,On Time,,-3.0,True,2023-05-05
6126557370,37656,2024-04-20 08:00:40,2024-04-20 08:05:40,5.0,0.68,On Time,Traffic,5.0,False,2024-04-20
9876119035,83597,2023-04-15 01:22:35,2023-04-15 01:35:35,13.0,3.58,Slightly Delayed,Traffic,13.0,False,2023-04-15
3739042166,52760,2024-07-23 01:02:03,2024-07-23 01:07:03,5.0,4.28,On Time,Traffic,5.0,False,2024-07-23
7938944124,43293,2024-03-30 02:13:28,2024-03-30 02:18:28,5.0,4.82,On Time,Traffic,5.0,False,2024-03-30
506804807,29740,2024-07-10 05:02:45,2024-07-10 04:57:45,-5.0,3.71,On Time,,-5.0,True,2024-07-10
3577900599,32303,2024-02-02 08:27:47,2024-02-02 08:22:47,-5.0,1.71,On Time,,-5.0,True,2024-02-02
8337599633,23191,2023-11-21 13:08:18,2023-11-21 13:07:18,-1.0,2.04,On Time,,-1.0,True,2023-11-21
8611745429,97499,2024-05-12 03:41:52,2024-05-12 03:40:52,-1.0,1.3,On Time,,-1.0,True,2024-05-12
2990223879,2555,2023-08-11 18:25:54,2023-08-11 18:35:54,10.0,2.77,Slightly Delayed,Traffic,10.0,False,2023-08-11
52324496,54293,2024-02-23 17:47:54,2024-02-23 17:52:54,5.0,2.39,On Time,Traffic,5.0,False,2024-02-23
6594929133,30251,2023-04-14 10:02:18,2023-04-14 10:01:18,-1.0,0.65,On Time,,-1.0,True,2023-04-14
2480235830,58919,2023-09-19 05:54:36,2023-09-19 05:58:36,4.0,4.28,On Time,Traffic,4.0,False,2023-09-19
9667072962,31515,2023-04-11 21:09:29,2023-04-11 21:15:29,6.0,3.97,Slightly Delayed,Traffic,6.0,False,2023-04-11
277700053,29553,2023-08-15 19:26:25,2023-08-15 19:29:25,3.0,4.98,On Time,Traffic,3.0,False,2023-08-15
5691623788,3949,2024-03-16 19:17:00,2024-03-16 19:17:00,0.0,1.63,On Time,,0.0,True,2024-03-16
6845696161,77587,2023-07-14 07:49:28,2023-07-14 08:03:28,14.0,1.83,Slightly Delayed,Traffic,14.0,False,2023-07-14
4098488449,5718,2023-03-31 13:48:47,2023-03-31 13:48:47,0.0,2.85,On Time,,0.0,True,2023-03-31
5653623743,59281,2023-03-30 08:53:35,2023-03-30 09:19:35,26.0,1.2,Significantly Delayed,Traffic,26.0,False,2023-03-30
6416399784,31405,2023-08-07 02:45:15,2023-08-07 02:54:15,9.0,1.32,Slightly Delayed,Traffic,9.0,False,2023-08-07
4365565386,24899,2023-06-30 04:25:15,2023-06-30 04:21:15,-4.0,1.5,On Time,,-4.0,True,2023-06-30
6423269418,67311,2024-08-23 10:13:42,2024-08-23 10:27:42,14.0,1.78,Slightly Delayed,Traffic,14.0,False,2024-08-23
1020534590,16201,2023-12-12 10:13:06,2023-12-12 10:21:06,8.0,4.37,Slightly Delayed,Traffic,8.0,False,2023-12-12
4015289878,53358,2024-03-22 07:09:23,2024-03-22 07:19:23,10.0,1.79,Slightly Delayed,Traffic,10.0,False,2024-03-22
9959668334,81433,2024-01-07 08:28:57,2024-01-07 08:25:57,-3.0,1.31,On Time,,-3.0,True,2024-01-07
8054387790,66757,2023-05-08 18:44:24,2023-05-08 18:40:24,-4.0,1.95,On Time,,-4.0,True,2023-05-08
4795344310,34016,2024-04-12 16:07:40,2024-04-12 16:37:40,30.0,0.93,Significantly Delayed,Traffic,30.0,False,2024-04-12
2205862234,68306,2023-10-02 14:01:36,2023-10-02 13:57:36,-4.0,2.33,On Time,,-4.0,True,2023-10-02
4686249863,34524,2024-08-31 03:41:25,2024-08-31 03:38:25,-3.0,2.6,On Time,,-3.0,True,2024-08-31
1270524770,95994,2023-10-11 07:33:40,2023-10-11 07:35:40,2.0,3.7,On Time,Traffic,2.0,False,2023-10-11
5743550453,95126,2024-05-19 05:24:34,2024-05-19 05:29:34,5.0,1.21,On Time,Traffic,5.0,False,2024-05-19
5309699078,65578,2023-08-02 17:53:02,2023-08-02 18:07:02,14.0,0.51,Slightly Delayed,Traffic,14.0,False,2023-08-02
7565768030,54027,2024-02-10 03:08:25,2024-02-10 03:07:25,-1.0,0.73,On Time,,-1.0,True,2024-02-10
3210260715,12745,2023-04-06 15:21:02,2023-04-06 15:16:02,-5.0,3.86,On Time,,-5.0,True,2023-04-06
6657245289,45050,2024-05-20 02:14:03,2024-05-20 02:33:03,19.0,2.38,Significantly Delayed,Traffic,19.0,False,2024-05-20
7854526965,53207,2023-08-18 08:06:47,2023-08-18 08:15:47,9.0,4.21,Slightly Delayed,Traffic,9.0,False,2023-08-18
2770948451,81011,2023-04-27 08:03:43,2023-04-27 08:22:43,19.0,0.91,Significantly Delayed,Traffic,19.0,False,2023-04-27
624070426,343,2023-10-07 17:05:55,2023-10-07 17:02:55,-3.0,4.96,On Time,,-3.0,True,2023-10-07
891583492,98655,2024-04-07 05:01:11,2024-04-07 05:02:11,1.0,2.72,On Time,Traffic,1.0,False,2024-04-07
5811206654,71923,2023-05-17 05:34:19,2023-05-17 05:48:19,14.0,2.73,Slightly Delayed,Traffic,14.0,False,2023-05-17
809894905,86857,2023-12-28 16:51:59,2023-12-28 16:56:59,5.0,2.71,On Time,Traffic,5.0,False,2023-12-28
8209000496,15353,2023-03-28 20:10:34,2023-03-28 20:25:34,15.0,2.17,Slightly Delayed,Traffic,15.0,False,2023-03-28
4901288364,36597,2023-07-31 22:26:25,2023-07-31 22:38:25,12.0,4.65,Slightly Delayed,Traffic,12.0,False,2023-07-31
5890338566,58543,2023-04-29 03:11:02,2023-04-29 03:12:02,1.0,1.74,On Time,Traffic,1.0,False,2023-04-29
2745295248,85960,2024-05-28 21:34:44,2024-05-28 21:33:44,-1.0,1.29,On Time,,-1.0,True,2024-05-28
5708700204,4397,2023-05-05 18:08:38,2023-05-05 18:07:38,-1.0,0.51,On Time,,-1.0,True,2023-05-05
8643851643,17189,2023-04-21 01:41:37,2023-04-21 02:11:37,30.0,4.32,Significantly Delayed,Traffic,30.0,False,2023-04-21
4525287277,72834,2023-06-29 00:20:19,2023-06-29 00:23:19,3.0,3.71,On Time,Traffic,3.0,False,2023-06-29
6154459753,16231,2024-06-12 09:28:57,2024-06-12 09:39:57,11.0,2.4,Slightly Delayed,Traffic,11.0,False,2024-06-12
2587790388,60426,2024-06-09 18:18:59,2024-06-09 18:16:59,-2.0,2.31,On Time,,-2.0,True,2024-06-09
2665891587,40904,2024-03-18 16:10:34,2024-03-18 16:05:34,-5.0,2.28,On Time,,-5.0,True,2024-03-18
6996561687,75938,2024-06-29 04:52:55,2024-06-29 04:53:55,1.0,2.31,On Time,Traffic,1.0,False,2024-06-29
961607638,23890,2023-08-03 23:57:19,2023-08-04 00:25:19,28.0,4.81,Significantly Delayed,Traffic,28.0,False,2023-08-04
4385491839,48535,2024-06-07 20:35:54,2024-06-07 20:30:54,-5.0,0.93,On Time,,-5.0,True,2024-06-07
1279200190,63446,2024-07-10 06:18:41,2024-07-10 06:25:41,7.0,1.17,Slightly Delayed,Traffic,7.0,False,2024-07-10
9668698616,23600,2023-11-01 14:24:21,2023-11-01 14:24:21,0.0,4.51,On Time,,0.0,True,2023-11-01
4813038298,69529,2024-05-23 13:43:54,2024-05-23 13:53:54,10.0,2.75,Slightly Delayed,Traffic,10.0,False,2024-05-23
2030125421,88936,2024-05-03 15:06:27,2024-05-03 15:10:27,4.0,4.4,On Time,Traffic,4.0,False,2024-05-03
6997235339,98293,2024-01-12 09:05:18,2024-01-12 09:04:18,-1.0,1.3,On Time,,-1.0,True,2024-01-12
7438342576,25965,2023-05-09 22:11:47,2023-05-09 22:16:47,5.0,1.63,On Time,Traffic,5.0,False,2023-05-09
9958423263,97375,2024-03-15 06:10:57,2024-03-15 06:07:57,-3.0,0.67,On Time,,-3.0,True,2024-03-15
3416693628,93184,2024-10-03 00:38:31,2024-10-03 00:39:31,1.0,3.28,On Time,Traffic,1.0,False,2024-10-03
3440579647,76028,2024-08-05 15:48:00,2024-08-05 15:48:00,0.0,1.99,On Time,,0.0,True,2024-08-05
5307231496,84740,2024-04-23 06:36:32,2024-04-23 06:35:32,-1.0,2.58,On Time,,-1.0,True,2024-04-23
4779055734,49398,2023-06-30 06:04:36,2023-06-30 06:14:36,10.0,2.8,Slightly Delayed,Traffic,10.0,False,2023-06-30
3834705841,78388,2023-09-09 07:38:51,2023-09-09 08:01:51,23.0,1.58,Significantly Delayed,Traffic,23.0,False,2023-09-09
9080324081,88838,2023-05-27 09:34:16,2023-05-27 09:33:16,-1.0,4.49,On Time,,-1.0,True,2023-05-27
2500757555,52455,2024-10-27 11:03:42,2024-10-27 11:00:42,-3.0,3.91,On Time,,-3.0,True,2024-10-27
1292986566,28341,2023-07-12 04:14:43,2023-07-12 04:10:43,-4.0,4.62,On Time,,-4.0,True,2023-07-12
6602362287,89221,2024-02-01 21:18:56,2024-02-01 21:23:56,5.0,2.37,On Time,Traffic,5.0,False,2024-02-01
184844043,18845,2023-12-07 05:13:07,2023-12-07 05:08:07,-5.0,4.04,On Time,,-5.0,True,2023-12-07
936587253,93251,2023-07-18 10:00:45,2023-07-18 10:04:45,4.0,1.78,On Time,Traffic,4.0,False,2023-07-18
2834429147,62176,2023-10-04 05:08:48,2023-10-04 05:15:48,7.0,0.93,Slightly Delayed,Traffic,7.0,False,2023-10-04
114306835,60947,2024-02-06 20:47:16,2024-02-06 20:52:16,5.0,3.9,On Time,Traffic,5.0,False,2024-02-06
1675849477,70336,2024-06-11 20:13:49,2024-06-11 20:18:49,5.0,4.47,On Time,Traffic,5.0,False,2024-06-11
5191052705,97676,2023-06-19 05:49:30,2023-06-19 05:53:30,4.0,3.52,On Time,Traffic,4.0,False,2023-06-19
7068834722,97953,2023-11-19 08:43:33,2023-11-19 08:48:33,5.0,0.98,On Time,Traffic,5.0,False,2023-11-19
5051330893,49311,2024-07-04 02:47:20,2024-07-04 03:01:20,14.0,4.22,Slightly Delayed,Traffic,14.0,False,2024-07-04
6065496420,49744,2023-05-16 16:44:53,2023-05-16 16:55:53,11.0,0.93,Slightly Delayed,Traffic,11.0,False,2023-05-16
7574848635,74349,2023-06-28 02:31:28,2023-06-28 02:43:28,12.0,2.14,Slightly Delayed,Traffic,12.0,False,2023-06-28
8793868975,47869,2024-02-01 17:32:46,2024-02-01 17:36:46,4.0,2.76,On Time,Traffic,4.0,False,2024-02-01
5381466176,48307,2023-06-01 21:05:50,2023-06-01 21:08:50,3.0,4.54,On Time,Traffic,3.0,False,2023-06-01
7709366480,92788,2024-08-28 02:38:17,2024-08-28 02:38:17,0.0,0.98,On Time,,0.0,True,2024-08-28
4936667930,36661,2023-06-20 10:08:22,2023-06-20 10:09:22,1.0,2.69,On Time,Traffic,1.0,False,2023-06-20
6860925755,7299,2023-09-29 09:20:04,2023-09-29 09:19:04,-1.0,1.74,On Time,,-1.0,True,2023-09-29
5486433396,87165,2024-01-20 18:27:10,2024-01-20 18:32:10,5.0,0.61,On Time,Traffic,5.0,False,2024-01-20
7089292009,70015,2023-04-05 23:29:17,2023-04-05 23:30:17,1.0,2.56,On Time,Traffic,1.0,False,2023-04-05
5350760367,56321,2023-08-13 06:22:18,2023-08-13 06:26:18,4.0,1.78,On Time,Traffic,4.0,False,2023-08-13
5581769906,80281,2024-04-14 04:17:17,2024-04-14 04:30:17,13.0,2.26,Slightly Delayed,Traffic,13.0,False,2024-04-14
6256637306,57954,2023-11-07 11:37:32,2023-11-07 11:46:32,9.0,2.47,Slightly Delayed,Traffic,9.0,False,2023-11-07
2999946056,6882,2024-06-28 10:50:06,2024-06-28 10:50:06,0.0,3.1,On Time,,0.0,True,2024-06-28
5218488175,38184,2024-01-03 20:39:01,2024-01-03 20:39:01,0.0,4.64,On Time,,0.0,True,2024-01-03
8297436592,20223,2024-10-20 08:46:38,2024-10-20 08:41:38,-5.0,4.13,On Time,,-5.0,True,2024-10-20
1806118907,22727,2023-12-25 05:43:12,2023-12-25 05:45:12,2.0,3.65,On Time,Traffic,2.0,False,2023-12-25
6999224625,29986,2023-04-16 00:38:18,2023-04-16 00:39:18,1.0,4.49,On Time,Traffic,1.0,False,2023-04-16
1809997641,56471,2023-11-10 10:33:12,2023-11-10 10:56:12,23.0,1.51,Significantly Delayed,Traffic,23.0,False,2023-11-10
7528090614,91659,2024-06-29 18:07:55,2024-06-29 18:10:55,3.0,2.32,On Time,Traffic,3.0,False,2024-06-29
4884904912,45668,2023-08-24 14:13:19,2023-08-24 14:08:19,-5.0,0.73,On Time,,-5.0,True,2023-08-24
9811235698,50768,2024-03-02 11:21:48,2024-03-02 11:33:48,12.0,2.74,Slightly Delayed,Traffic,12.0,False,2024-03-02
5616653529,34530,2023-12-23 03:32:12,2023-12-23 03:37:12,5.0,0.97,On Time,Traffic,5.0,False,2023-12-23
7188183056,84857,2023-08-06 13:52:22,2023-08-06 13:52:22,0.0,2.9,On Time,,0.0,True,2023-08-06
7898301143,68227,2023-08-10 21:28:51,2023-08-10 21:31:51,3.0,3.32,On Time,Traffic,3.0,False,2023-08-10
5222677885,53731,2024-07-15 11:03:09,2024-07-15 11:10:09,7.0,2.29,Slightly Delayed,Traffic,7.0,False,2024-07-15
8544952346,2103,2023-11-23 05:02:58,2023-11-23 05:03:58,1.0,2.38,On Time,Traffic,1.0,False,2023-11-23
9403371764,20589,2023-06-08 03:29:50,2023-06-08 03:42:50,13.0,4.38,Slightly Delayed,Traffic,13.0,False,2023-06-08
3956205476,30143,2023-06-12 01:18:49,2023-06-12 01:17:49,-1.0,1.61,On Time,,-1.0,True,2023-06-12
5678362658,90700,2024-07-22 05:06:43,2024-07-22 05:06:43,0.0,2.6,On Time,,0.0,True,2024-07-22
8131610255,56625,2024-03-22 16:15:37,2024-03-22 16:12:37,-3.0,2.47,On Time,,-3.0,True,2024-03-22
4722653990,35362,2023-07-19 16:19:48,2023-07-19 16:23:48,4.0,1.65,On Time,Traffic,4.0,False,2023-07-19
6613853662,57477,2024-01-26 14:17:11,2024-01-26 14:27:11,10.0,2.2,Slightly Delayed,Traffic,10.0,False,2024-01-26
8274987671,25394,2024-10-03 08:02:18,2024-10-03 08:04:18,2.0,2.61,On Time,Traffic,2.0,False,2024-10-03
5519983123,16320,2024-04-11 14:28:22,2024-04-11 14:26:22,-2.0,1.85,On Time,,-2.0,True,2024-04-11
2746329488,91841,2023-08-26 16:09:09,2023-08-26 16:08:09,-1.0,4.54,On Time,,-1.0,True,2023-08-26
6443285614,51921,2023-08-29 03:47:57,2023-08-29 03:48:57,1.0,0.51,On Time,Traffic,1.0,False,2023-08-29
6932426427,24784,2023-08-01 19:56:04,2023-08-01 19:51:04,-5.0,1.03,On Time,,-5.0,True,2023-08-01
1796512004,6966,2023-06-13 13:56:42,2023-06-13 13:59:42,3.0,4.54,On Time,Traffic,3.0,False,2023-06-13
1464518253,86453,2023-07-04 02:26:55,2023-07-04 02:30:55,4.0,2.9,On Time,Traffic,4.0,False,2023-07-04
3585105627,68268,2024-10-10 03:56:05,2024-10-10 03:53:05,-3.0,1.88,On Time,,-3.0,True,2024-10-10
5387247994,13031,2024-04-28 20:39:25,2024-04-28 20:42:25,3.0,1.93,On Time,Traffic,3.0,False,2024-04-28
7568171531,71881,2023-12-02 12:57:08,2023-12-02 13:00:08,3.0,4.73,On Time,Traffic,3.0,False,2023-12-02
4111193446,84313,2024-01-22 09:25:13,2024-01-22 09:25:13,0.0,4.78,On Time,,0.0,True,2024-01-22
8683154153,95782,2024-09-07 06:50:42,2024-09-07 06:52:42,2.0,3.05,On Time,Traffic,2.0,False,2024-09-07
5712367183,92876,2024-06-13 19:31:19,2024-06-13 19:45:19,14.0,2.5,Slightly Delayed,Traffic,14.0,False,2024-06-13
3952854723,76903,2023-09-15 02:54:20,2023-09-15 02:50:20,-4.0,1.39,On Time,,-4.0,True,2023-09-15
4631387671,79609,2024-10-08 09:00:29,2024-10-08 09:23:29,23.0,1.13,Significantly Delayed,Traffic,23.0,False,2024-10-08
2145309969,30573,2023-09-17 17:01:19,2023-09-17 17:01:19,0.0,1.93,On Time,,0.0,True,2023-09-17
4314762741,5623,2023-06-17 09:46:10,2023-06-17 09:42:10,-4.0,2.57,On Time,,-4.0,True,2023-06-17
7401889152,91633,2024-09-20 02:01:32,2024-09-20 01:57:32,-4.0,1.45,On Time,,-4.0,True,2024-09-20
1932040824,54078,2024-03-15 20:59:41,2024-03-15 21:04:41,5.0,3.81,On Time,Traffic,5.0,False,2024-03-15
9836424713,1086,2023-11-19 03:38:27,2023-11-19 03:42:27,4.0,2.6,On Time,Traffic,4.0,False,2023-11-19
9882312203,65591,2024-05-15 05:53:36,2024-05-15 06:23:36,30.0,4.21,Significantly Delayed,Traffic,30.0,False,2024-05-15
3082649585,79821,2023-09-26 18:20:46,2023-09-26 18:22:46,2.0,0.67,On Time,Traffic,2.0,False,2023-09-26
6033878151,5041,2023-11-11 18:42:19,2023-11-11 18:37:19,-5.0,4.49,On Time,,-5.0,True,2023-11-11
6395547592,94212,2024-10-23 10:53:05,2024-10-23 11:23:05,30.0,2.69,Significantly Delayed,Traffic,30.0,False,2024-10-23
372962997,46745,2024-04-18 00:28:51,2024-04-18 00:41:51,13.0,4.98,Slightly Delayed,Traffic,13.0,False,2024-04-18
2988215377,20480,2024-08-18 15:23:03,2024-08-18 15:22:03,-1.0,1.27,On Time,,-1.0,True,2024-08-18
7081583361,8253,2024-08-01 20:45:53,2024-08-01 20:50:53,5.0,2.58,On Time,Traffic,5.0,False,2024-08-01
1860491452,12552,2024-04-18 11:59:01,2024-04-18 12:12:01,13.0,1.11,Slightly Delayed,Traffic,13.0,False,2024-04-18
7499656197,28004,2024-03-27 09:46:49,2024-03-27 10:01:49,15.0,3.34,Slightly Delayed,Traffic,15.0,False,2024-03-27
4507112412,49476,2023-09-30 22:27:09,2023-09-30 22:22:09,-5.0,3.92,On Time,,-5.0,True,2023-09-30
9214595868,34254,2024-07-01 23:55:15,2024-07-02 00:08:15,13.0,2.45,Slightly Delayed,Traffic,13.0,False,2024-07-02
253430904,65198,2023-07-08 01:13:44,2023-07-08 01:09:44,-4.0,3.98,On Time,,-4.0,True,2023-07-08
5574588218,98523,2024-06-28 09:07:17,2024-06-28 09:14:17,7.0,3.37,Slightly Delayed,Traffic,7.0,False,2024-06-28
2817281674,83817,2023-09-16 13:39:51,2023-09-16 13:40:51,1.0,3.05,On Time,Traffic,1.0,False,2023-09-16
4932779616,72875,2024-07-26 05:24:13,2024-07-26 05:29:13,5.0,2.26,On Time,Traffic,5.0,False,2024-07-26
7932879650,77996,2023-05-07 19:09:20,2023-05-07 19:35:20,26.0,4.03,Significantly Delayed,Traffic,26.0,False,2023-05-07
997698125,83779,2023-11-29 06:04:30,2023-11-29 06:04:30,0.0,4.32,On Time,,0.0,True,2023-11-29
2403547563,38539,2024-05-20 17:08:51,2024-05-20 17:04:51,-4.0,3.32,On Time,,-4.0,True,2024-05-20
8875483494,43097,2024-03-12 05:38:09,2024-03-12 05:44:09,6.0,2.2,Slightly Delayed,Traffic,6.0,False,2024-03-12
883548284,16742,2024-05-23 04:36:13,2024-05-23 04:42:13,6.0,0.85,Slightly Delayed,Traffic,6.0,False,2024-05-23
2364229435,23696,2024-07-13 05:51:47,2024-07-13 05:47:47,-4.0,1.42,On Time,,-4.0,True,2024-07-13
6845869445,73284,2024-05-27 17:39:25,2024-05-27 17:59:25,20.0,1.71,Significantly Delayed,Traffic,20.0,False,2024-05-27
397818832,89520,2023-12-22 13:18:55,2023-12-22 13:45:55,27.0,3.64,Significantly Delayed,Traffic,27.0,False,2023-12-22
304166272,14802,2023-10-29 01:37:58,2023-10-29 01:42:58,5.0,3.89,On Time,Traffic,5.0,False,2023-10-29
1575626085,36728,2023-05-19 13:43:15,2023-05-19 13:39:15,-4.0,2.65,On Time,,-4.0,True,2023-05-19
3945644714,74071,2023-05-16 14:23:16,2023-05-16 14:26:16,3.0,4.4,On Time,Traffic,3.0,False,2023-05-16
8370213291,40650,2023-05-20 14:16:18,2023-05-20 14:30:18,14.0,3.94,Slightly Delayed,Traffic,14.0,False,2023-05-20
2185375786,10502,2024-04-25 10:58:55,2024-04-25 11:13:55,15.0,1.44,Slightly Delayed,Traffic,15.0,False,2024-04-25
1828975788,39589,2024-01-30 13:25:19,2024-01-30 13:32:19,7.0,3.81,Slightly Delayed,Traffic,7.0,False,2024-01-30
4319450104,58079,2024-09-16 10:15:14,2024-09-16 10:21:14,6.0,4.89,Slightly Delayed,Traffic,6.0,False,2024-09-16
5059765199,10225,2023-10-19 06:09:52,2023-10-19 06:15:52,6.0,4.53,Slightly Delayed,Traffic,6.0,False,2023-10-19
5360089735,11907,2023-05-04 05:25:17,2023-05-04 05:28:17,3.0,4.41,On Time,Traffic,3.0,False,2023-05-04
8008211695,5891,2023-09-07 16:39:21,2023-09-07 16:41:21,2.0,2.15,On Time,Traffic,2.0,False,2023-09-07
4400031082,85402,2023-07-08 20:58:32,2023-07-08 20:55:32,-3.0,2.37,On Time,,-3.0,True,2023-07-08
9582738204,35952,2023-08-17 03:10:35,2023-08-17 03:29:35,19.0,3.87,Significantly Delayed,Traffic,19.0,False,2023-08-17
1368450162,96642,2023-09-11 00:16:44,2023-09-11 00:13:44,-3.0,1.92,On Time,,-3.0,True,2023-09-11
56705032,77287,2023-11-16 04:40:25,2023-11-16 04:54:25,14.0,3.67,Slightly Delayed,Traffic,14.0,False,2023-11-16
2407168640,31314,2024-07-25 10:04:06,2024-07-25 10:17:06,13.0,0.96,Slightly Delayed,Traffic,13.0,False,2024-07-25
530588807,97484,2024-02-01 13:50:53,2024-02-01 14:12:53,22.0,1.08,Significantly Delayed,Traffic,22.0,False,2024-02-01
9975541696,65401,2023-06-12 23:01:34,2023-06-12 23:10:34,9.0,3.57,Slightly Delayed,Traffic,9.0,False,2023-06-12
8602707005,18347,2024-04-02 13:15:37,2024-04-02 13:20:37,5.0,2.58,On Time,Traffic,5.0,False,2024-04-02
2382595056,12155,2023-12-09 12:42:22,2023-12-09 12:41:22,-1.0,4.12,On Time,,-1.0,True,2023-12-09
8056162498,21033,2023-05-08 22:27:21,2023-05-08 22:48:21,21.0,1.56,Significantly Delayed,Traffic,21.0,False,2023-05-08
4593039089,58970,2024-09-14 07:15:20,2024-09-14 07:20:20,5.0,0.97,On Time,Traffic,5.0,False,2024-09-14
7311288658,96125,2024-08-15 15:51:43,2024-08-15 15:51:43,0.0,1.64,On Time,,0.0,True,2024-08-15
9157217130,22520,2023-06-18 20:12:32,2023-06-18 20:07:32,-5.0,4.52,On Time,,-5.0,True,2023-06-18
9328094731,87082,2024-08-21 04:43:01,2024-08-21 04:41:01,-2.0,1.48,On Time,,-2.0,True,2024-08-21
3259266120,98390,2024-07-08 13:00:30,2024-07-08 13:14:30,14.0,1.62,Slightly Delayed,Traffic,14.0,False,2024-07-08
4656541041,12258,2024-10-30 19:24:44,2024-10-30 19:49:44,25.0,0.55,Significantly Delayed,Traffic,25.0,False,2024-10-30
730839483,56532,2023-07-24 00:12:23,2023-07-24 00:08:23,-4.0,2.68,On Time,,-4.0,True,2023-07-24
6185824257,1663,2024-08-05 07:15:50,2024-08-05 07:15:50,0.0,1.45,On Time,,0.0,True,2024-08-05
225195662,41237,2024-08-30 19:41:40,2024-08-30 19:48:40,7.0,3.42,Slightly Delayed,Traffic,7.0,False,2024-08-30
6771104541,57250,2023-05-10 10:59:23,2023-05-10 10:58:23,-1.0,1.49,On Time,,-1.0,True,2023-05-10
6146830622,47626,2024-10-04 13:31:54,2024-10-04 13:27:54,-4.0,2.26,On Time,,-4.0,True,2024-10-04
1380326453,81223,2023-08-29 21:11:35,2023-08-29 21:14:35,3.0,4.45,On Time,Traffic,3.0,False,2023-08-29
728523620,56472,2023-08-31 19:30:41,2023-08-31 19:33:41,3.0,2.89,On Time,Traffic,3.0,False,2023-08-31
27296314,97704,2024-10-17 16:24:30,2024-10-17 16:46:30,22.0,4.39,Significantly Delayed,Traffic,22.0,False,2024-10-17
2608278705,47002,2023-10-22 02:40:34,2023-10-22 02:46:34,6.0,4.52,Slightly Delayed,Traffic,6.0,False,2023-10-22
6786366774,24511,2024-03-21 02:38:40,2024-03-21 02:35:40,-3.0,4.36,On Time,,-3.0,True,2024-03-21
5572475750,40263,2023-04-25 09:54:38,2023-04-25 09:55:38,1.0,2.33,On Time,Traffic,1.0,False,2023-04-25
8276417383,12207,2024-06-18 02:33:04,2024-06-18 02:36:04,3.0,1.38,On Time,Traffic,3.0,False,2024-06-18
784435014,92792,2023-10-11 14:58:33,2023-10-11 14:56:33,-2.0,1.72,On Time,,-2.0,True,2023-10-11
9442274046,54659,2023-09-01 11:08:53,2023-09-01 11:14:53,6.0,2.71,Slightly Delayed,Traffic,6.0,False,2023-09-01
2470025903,86113,2024-06-06 08:07:42,2024-06-06 08:02:42,-5.0,0.72,On Time,,-5.0,True,2024-06-06
6774241153,43384,2024-09-23 05:46:57,2024-09-23 05:44:57,-2.0,2.82,On Time,,-2.0,True,2024-09-23
3874644184,94851,2024-06-23 23:43:09,2024-06-23 23:48:09,5.0,4.04,On Time,Traffic,5.0,False,2024-06-23
8078065454,61678,2024-05-19 11:31:16,2024-05-19 12:01:16,30.0,0.56,Significantly Delayed,Traffic,30.0,False,2024-05-19
340113260,75601,2024-02-27 15:38:27,2024-02-27 15:51:27,13.0,4.84,Slightly Delayed,Traffic,13.0,False,2024-02-27
2978839318,28270,2024-01-11 16:18:45,2024-01-11 16:18:45,0.0,2.08,On Time,,0.0,True,2024-01-11
3896922017,65400,2024-08-25 17:55:03,2024-08-25 17:59:03,4.0,4.95,On Time,Traffic,4.0,False,2024-08-25
7621954956,54741,2023-07-07 04:14:40,2023-07-07 04:10:40,-4.0,2.73,On Time,,-4.0,True,2023-07-07
581178324,47464,2024-02-17 04:22:04,2024-02-17 04:19:04,-3.0,4.11,On Time,,-3.0,True,2024-02-17
8469170680,63716,2023-03-16 19:14:27,2023-03-16 19:18:27,4.0,1.51,On Time,Traffic,4.0,False,2023-03-16
6779626333,76974,2024-05-11 01:31:43,2024-05-11 01:42:43,11.0,4.69,Slightly Delayed,Traffic,11.0,False,2024-05-11
6335704206,20524,2024-05-22 12:48:47,2024-05-22 12:49:47,1.0,2.69,On Time,Traffic,1.0,False,2024-05-22
8314342490,66981,2023-04-05 01:23:31,2023-04-05 01:23:31,0.0,0.64,On Time,,0.0,True,2023-04-05
1948795658,77748,2023-10-23 07:57:00,2023-10-23 07:55:00,-2.0,2.73,On Time,,-2.0,True,2023-10-23
9187864807,69796,2024-06-22 10:17:22,2024-06-22 10:16:22,-1.0,4.86,On Time,,-1.0,True,2024-06-22
8399666962,970,2023-04-08 10:04:31,2023-04-08 09:59:31,-5.0,4.01,On Time,,-5.0,True,2023-04-08
6196321055,42302,2024-05-17 18:38:15,2024-05-17 18:37:15,-1.0,0.54,On Time,,-1.0,True,2024-05-17
8128518434,69854,2023-08-12 17:06:00,2023-08-12 17:03:00,-3.0,1.46,On Time,,-3.0,True,2023-08-12
9854897999,91060,2023-10-04 18:11:34,2023-10-04 18:10:34,-1.0,4.05,On Time,,-1.0,True,2023-10-04
2603584546,65439,2024-05-21 22:05:23,2024-05-21 22:09:23,4.0,3.85,On Time,Traffic,4.0,False,2024-05-21
1295119665,2255,2024-03-19 08:26:31,2024-03-19 08:21:31,-5.0,4.34,On Time,,-5.0,True,2024-03-19
599975885,71620,2023-06-07 06:13:43,2023-06-07 06:11:43,-2.0,1.45,On Time,,-2.0,True,2023-06-07
5834861324,35944,2023-07-04 12:29:28,2023-07-04 12:50:28,21.0,1.72,Significantly Delayed,Traffic,21.0,False,2023-07-04
2032005162,34670,2024-10-21 07:19:25,2024-10-21 07:23:25,4.0,2.55,On Time,Traffic,4.0,False,2024-10-21
8391900458,24889,2023-05-17 05:51:54,2023-05-17 05:48:54,-3.0,4.37,On Time,,-3.0,True,2023-05-17
1887687323,33348,2024-02-08 03:09:48,2024-02-08 03:07:48,-2.0,3.78,On Time,,-2.0,True,2024-02-08
2120411967,57032,2023-12-21 01:38:43,2023-12-21 02:00:43,22.0,4.54,Significantly Delayed,Traffic,22.0,False,2023-12-21
3158340906,87614,2024-07-19 01:41:35,2024-07-19 01:48:35,7.0,4.42,Slightly Delayed,Traffic,7.0,False,2024-07-19
2387343456,95322,2024-10-19 03:22:02,2024-10-19 03:34:02,12.0,1.67,Slightly Delayed,Traffic,12.0,False,2024-10-19
338609144,30432,2024-10-26 05:55:05,2024-10-26 05:52:05,-3.0,3.64,On Time,,-3.0,True,2024-10-26
9056190831,80716,2023-07-17 07:08:09,2023-07-17 07:08:09,0.0,3.38,On Time,,0.0,True,2023-07-17
2803081135,91761,2023-06-10 22:06:58,2023-06-10 22:07:58,1.0,1.92,On Time,Traffic,1.0,False,2023-06-10
5970759669,77115,2024-03-19 10:42:44,2024-03-19 10:41:44,-1.0,1.14,On Time,,-1.0,True,2024-03-19
3226693729,63788,2023-08-06 13:46:22,2023-08-06 13:45:22,-1.0,0.5,On Time,,-1.0,True,2023-08-06
8132845656,59176,2024-07-10 12:12:29,2024-07-10 12:36:29,24.0,2.73,Significantly Delayed,Traffic,24.0,False,2024-07-10
7850550725,95256,2023-12-31 06:00:21,2023-12-31 06:04:21,4.0,3.45,On Time,Traffic,4.0,False,2023-12-31
2934547619,93096,2024-06-01 21:11:04,2024-06-01 21:12:04,1.0,3.68,On Time,Traffic,1.0,False,2024-06-01
608179182,62860,2024-08-01 08:41:48,2024-08-01 08:57:48,16.0,2.94,Significantly Delayed,Traffic,16.0,False,2024-08-01
5191326847,18931,2023-05-13 21:45:00,2023-05-13 21:40:00,-5.0,1.48,On Time,,-5.0,True,2023-05-13
7614561036,12416,2023-09-10 06:13:46,2023-09-10 06:09:46,-4.0,1.58,On Time,,-4.0,True,2023-09-10
2947791133,27180,2023-11-28 07:29:17,2023-11-28 07:25:17,-4.0,1.02,On Time,,-4.0,True,2023-11-28
6538760883,6246,2024-04-19 14:06:57,2024-04-19 14:06:57,0.0,2.26,On Time,,0.0,True,2024-04-19
8872250952,56371,2023-10-04 05:09:45,2023-10-04 05:25:45,16.0,4.38,Significantly Delayed,Traffic,16.0,False,2023-10-04
8173258734,65288,2023-11-03 03:51:12,2023-11-03 03:59:12,8.0,4.19,Slightly Delayed,Traffic,8.0,False,2023-11-03
5465833352,43563,2023-03-28 20:10:09,2023-03-28 20:12:09,2.0,1.06,On Time,Traffic,2.0,False,2023-03-28
2106569369,6531,2024-01-02 11:45:38,2024-01-02 11:45:38,0.0,3.91,On Time,,0.0,True,2024-01-02
9039440500,30254,2024-07-12 05:53:09,2024-07-12 05:54:09,1.0,2.47,On Time,Traffic,1.0,False,2024-07-12
8281482042,42297,2023-06-28 15:38:01,2023-06-28 15:42:01,4.0,4.44,On Time,Traffic,4.0,False,2023-06-28
479528548,48749,2023-07-17 23:45:46,2023-07-17 23:47:46,2.0,1.05,On Time,Traffic,2.0,False,2023-07-17
8087519921,45580,2023-10-19 08:49:22,2023-10-19 08:45:22,-4.0,3.71,On Time,,-4.0,True,2023-10-19
4869691623,83043,2023-05-05 04:29:51,2023-05-05 04:24:51,-5.0,1.07,On Time,,-5.0,True,2023-05-05
7155177625,30422,2024-08-25 23:59:26,2024-08-26 00:04:26,5.0,3.68,On Time,Traffic,5.0,False,2024-08-26
7254499390,86803,2023-11-29 13:46:00,2023-11-29 13:46:00,0.0,1.11,On Time,,0.0,True,2023-11-29
7394439260,12528,2024-10-21 06:44:59,2024-10-21 07:11:59,27.0,4.36,Significantly Delayed,Traffic,27.0,False,2024-10-21
6581715589,58622,2023-05-09 00:54:46,2023-05-09 00:53:46,-1.0,3.09,On Time,,-1.0,True,2023-05-09
9457009010,2554,2024-02-06 00:23:30,2024-02-06 00:37:30,14.0,2.95,Slightly Delayed,Traffic,14.0,False,2024-02-06
2859660695,16252,2023-08-02 04:53:07,2023-08-02 05:06:07,13.0,3.37,Slightly Delayed,Traffic,13.0,False,2023-08-02
6392348668,45949,2024-01-29 20:06:32,2024-01-29 20:11:32,5.0,2.44,On Time,Traffic,5.0,False,2024-01-29
6933011590,61242,2023-08-01 23:34:26,2023-08-01 23:29:26,-5.0,1.3,On Time,,-5.0,True,2023-08-01
5809441378,5755,2024-07-29 21:11:08,2024-07-29 21:35:08,24.0,0.97,Significantly Delayed,Traffic,24.0,False,2024-07-29
411113020,67832,2024-06-29 01:48:42,2024-06-29 01:51:42,3.0,4.93,On Time,Traffic,3.0,False,2024-06-29
5512796364,26740,2023-06-21 15:38:37,2023-06-21 15:38:37,0.0,2.62,On Time,,0.0,True,2023-06-21
2610813239,70178,2023-11-26 04:21:37,2023-11-26 04:20:37,-1.0,4.63,On Time,,-1.0,True,2023-11-26
3236748462,22715,2024-06-26 10:30:19,2024-06-26 10:34:19,4.0,2.9,On Time,Traffic,4.0,False,2024-06-26
6652395897,9118,2024-07-11 03:52:04,2024-07-11 03:49:04,-3.0,3.42,On Time,,-3.0,True,2024-07-11
5517901926,44062,2023-06-25 00:01:38,2023-06-25 00:05:38,4.0,0.65,On Time,Traffic,4.0,False,2023-06-25
2174753933,24246,2024-10-12 05:29:22,2024-10-12 05:26:22,-3.0,3.68,On Time,,-3.0,True,2024-10-12
1525700767,84226,2023-05-29 00:22:08,2023-05-29 00:37:08,15.0,4.55,Slightly Delayed,Traffic,15.0,False,2023-05-29
7232692149,77791,2023-12-01 20:42:51,2023-12-01 20:46:51,4.0,4.28,On Time,Traffic,4.0,False,2023-12-01
8556607504,26730,2024-02-20 06:47:03,2024-02-20 06:48:03,1.0,4.45,On Time,Traffic,1.0,False,2024-02-20
5841260317,46790,2023-04-28 19:44:03,2023-04-28 19:58:03,14.0,2.69,Slightly Delayed,Traffic,14.0,False,2023-04-28
9471427840,3518,2023-07-08 06:55:31,2023-07-08 07:10:31,15.0,2.42,Slightly Delayed,Traffic,15.0,False,2023-07-08
2070610257,79253,2023-07-20 05:08:04,2023-07-20 05:08:04,0.0,1.67,On Time,,0.0,True,2023-07-20
1884811437,85987,2023-03-21 20:21:38,2023-03-21 20:16:38,-5.0,1.8,On Time,,-5.0,True,2023-03-21
5331747573,21022,2024-09-30 16:58:59,2024-09-30 16:55:59,-3.0,1.98,On Time,,-3.0,True,2024-09-30
9977285985,9310,2023-08-11 15:18:42,2023-08-11 15:20:42,2.0,2.17,On Time,Traffic,2.0,False,2023-08-11
1715175070,81041,2023-09-27 05:03:33,2023-09-27 05:25:33,22.0,1.99,Significantly Delayed,Traffic,22.0,False,2023-09-27
4117790162,67561,2023-05-11 23:36:43,2023-05-11 23:39:43,3.0,3.4,On Time,Traffic,3.0,False,2023-05-11
9051644316,3338,2024-07-23 17:31:45,2024-07-23 17:38:45,7.0,1.59,Slightly Delayed,Traffic,7.0,False,2024-07-23
4903335316,78579,2023-04-30 19:51:17,2023-04-30 20:01:17,10.0,3.96,Slightly Delayed,Traffic,10.0,False,2023-04-30
3341481363,5676,2023-11-22 02:33:41,2023-11-22 02:49:41,16.0,1.45,Significantly Delayed,Traffic,16.0,False,2023-11-22
4074537770,35318,2024-04-30 07:12:27,2024-04-30 07:16:27,4.0,4.12,On Time,Traffic,4.0,False,2024-04-30
5374589112,5005,2023-10-26 14:31:38,2023-10-26 14:55:38,24.0,1.35,Significantly Delayed,Traffic,24.0,False,2023-10-26
6401406847,73083,2023-11-04 14:14:24,2023-11-04 14:25:24,11.0,2.91,Slightly Delayed,Traffic,11.0,False,2023-11-04
698439139,11532,2024-09-07 07:25:30,2024-09-07 07:23:30,-2.0,3.38,On Time,,-2.0,True,2024-09-07
881367843,44968,2024-10-14 08:22:02,2024-10-14 08:18:02,-4.0,2.67,On Time,,-4.0,True,2024-10-14
6438115781,4344,2023-10-29 13:46:38,2023-10-29 13:46:38,0.0,4.89,On Time,,0.0,True,2023-10-29
1706198744,71880,2024-06-03 18:30:37,2024-06-03 18:29:37,-1.0,2.71,On Time,,-1.0,True,2024-06-03
3115167739,72022,2024-07-25 18:43:08,2024-07-25 18:43:08,0.0,3.24,On Time,,0.0,True,2024-07-25
8608111158,12818,2023-04-14 02:57:54,2023-04-14 03:06:54,9.0,3.77,Slightly Delayed,Traffic,9.0,False,2023-04-14
8167540645,58084,2023-07-23 13:35:28,2023-07-23 13:39:28,4.0,3.63,On Time,Traffic,4.0,False,2023-07-23
898210033,12413,2024-06-13 03:57:15,2024-06-13 03:55:15,-2.0,2.34,On Time,,-2.0,True,2024-06-13
5415454466,34853,2024-07-09 12:19:53,2024-07-09 12:20:53,1.0,1.91,On Time,Traffic,1.0,False,2024-07-09
9240312177,95973,2023-04-06 12:41:30,2023-04-06 12:48:30,7.0,1.54,Slightly Delayed,Traffic,7.0,False,2023-04-06
4880265969,27914,2023-05-22 01:32:12,2023-05-22 01:32:12,0.0,1.64,On Time,,0.0,True,2023-05-22
5056583192,92613,2023-11-30 05:20:39,2023-11-30 05:16:39,-4.0,1.43,On Time,,-4.0,True,2023-11-30
1921412688,73146,2023-10-04 14:48:30,2023-10-04 14:51:30,3.0,2.91,On Time,Traffic,3.0,False,2023-10-04
5829741995,19670,2023-12-25 23:10:40,2023-12-25 23:20:40,10.0,4.54,Slightly Delayed,Traffic,10.0,False,2023-12-25
9830742370,76449,2024-02-09 16:32:41,2024-02-09 16:38:41,6.0,1.98,Slightly Delayed,Traffic,6.0,False,2024-02-09
509041342,46033,2024-01-05 15:21:52,2024-01-05 15:21:52,0.0,2.24,On Time,,0.0,True,2024-01-05
8420144998,23389,2023-11-25 19:50:54,2023-11-25 19:47:54,-3.0,1.9,On Time,,-3.0,True,2023-11-25
7353766541,31980,2023-06-28 21:43:31,2023-06-28 21:43:31,0.0,3.61,On Time,,0.0,True,2023-06-28
8617979440,58649,2023-09-10 11:59:39,2023-09-10 12:17:39,18.0,4.5,Significantly Delayed,Traffic,18.0,False,2023-09-10
680476823,57248,2024-09-23 14:23:55,2024-09-23 14:27:55,4.0,3.13,On Time,Traffic,4.0,False,2024-09-23
5424536852,62091,2024-08-18 12:35:21,2024-08-18 12:37:21,2.0,2.27,On Time,Traffic,2.0,False,2024-08-18
1142004448,26520,2024-06-05 07:54:45,2024-06-05 07:50:45,-4.0,1.46,On Time,,-4.0,True,2024-06-05
1814491335,88279,2024-02-24 07:57:16,2024-02-24 08:10:16,13.0,1.13,Slightly Delayed,Traffic,13.0,False,2024-02-24
445929405,56215,2023-07-18 17:19:40,2023-07-18 17:22:40,3.0,4.08,On Time,Traffic,3.0,False,2023-07-18
3849003596,32753,2023-10-07 17:31:57,2023-10-07 17:57:57,26.0,1.56,Significantly Delayed,Traffic,26.0,False,2023-10-07
6367757670,87431,2024-09-08 16:48:15,2024-09-08 16:44:15,-4.0,3.34,On Time,,-4.0,True,2024-09-08
4925321106,88488,2024-02-04 06:39:26,2024-02-04 06:40:26,1.0,1.86,On Time,Traffic,1.0,False,2024-02-04
4463294381,53108,2023-12-31 23:06:47,2023-12-31 23:21:47,15.0,1.15,Slightly Delayed,Traffic,15.0,False,2023-12-31
9077946933,36570,2024-04-19 15:41:52,2024-04-19 15:50:52,9.0,1.91,Slightly Delayed,Traffic,9.0,False,2024-04-19
6688079478,94088,2024-04-18 12:25:45,2024-04-18 12:23:45,-2.0,1.83,On Time,,-2.0,True,2024-04-18
8712304346,62302,2023-06-10 02:57:49,2023-06-10 02:52:49,-5.0,1.53,On Time,,-5.0,True,2023-06-10
3748957111,90798,2023-04-30 15:09:49,2023-04-30 15:17:49,8.0,2.78,Slightly Delayed,Traffic,8.0,False,2023-04-30
2388792163,16233,2024-02-20 17:27:19,2024-02-20 17:40:19,13.0,3.8,Slightly Delayed,Traffic,13.0,False,2024-02-20
2583035857,94223,2023-11-15 21:59:52,2023-11-15 22:02:52,3.0,1.63,On Time,Traffic,3.0,False,2023-11-15
2649487718,74371,2024-03-01 14:11:21,2024-03-01 14:15:21,4.0,3.51,On Time,Traffic,4.0,False,2024-03-01
5936628691,50066,2023-10-01 11:37:21,2023-10-01 11:49:21,12.0,4.61,Slightly Delayed,Traffic,12.0,False,2023-10-01
7662682121,67053,2024-09-12 04:29:57,2024-09-12 04:30:57,1.0,4.85,On Time,Traffic,1.0,False,2024-09-12
736115661,29600,2023-05-22 01:40:24,2023-05-22 01:50:24,10.0,2.86,Slightly Delayed,Traffic,10.0,False,2023-05-22
2448741950,91140,2023-11-26 19:42:31,2023-11-26 19:45:31,3.0,1.44,On Time,Traffic,3.0,False,2023-11-26
9321629905,93938,2024-02-08 20:36:13,2024-02-08 20:40:13,4.0,1.5,On Time,Traffic,4.0,False,2024-02-08
9020583379,45361,2023-06-20 18:27:01,2023-06-20 18:29:01,2.0,2.17,On Time,Traffic,2.0,False,2023-06-20
2642275862,13165,2023-12-18 06:28:35,2023-12-18 06:53:35,25.0,4.11,Significantly Delayed,Traffic,25.0,False,2023-12-18
6932431317,17468,2024-07-16 04:22:08,2024-07-16 04:20:08,-2.0,4.75,On Time,,-2.0,True,2024-07-16
9126871366,52905,2023-05-18 09:04:54,2023-05-18 09:20:54,16.0,1.36,Significantly Delayed,Traffic,16.0,False,2023-05-18
3244572785,94129,2024-01-16 21:32:55,2024-01-16 21:57:55,25.0,3.71,Significantly Delayed,Traffic,25.0,False,2024-01-16
6485432691,89800,2023-05-13 21:38:44,2023-05-13 21:40:44,2.0,4.02,On Time,Traffic,2.0,False,2023-05-13
6047222755,19111,2023-09-23 06:59:31,2023-09-23 06:58:31,-1.0,2.63,On Time,,-1.0,True,2023-09-23
6167501412,16808,2024-01-24 23:56:14,2024-01-25 00:23:14,27.0,1.27,Significantly Delayed,Traffic,27.0,False,2024-01-25
2052163872,36843,2023-06-21 22:43:22,2023-06-21 22:43:22,0.0,0.99,On Time,,0.0,True,2023-06-21
7740339645,8704,2023-12-04 01:32:30,2023-12-04 01:41:30,9.0,0.76,Slightly Delayed,Traffic,9.0,False,2023-12-04
2761855959,21232,2023-10-24 07:17:54,2023-10-24 07:12:54,-5.0,3.92,On Time,,-5.0,True,2023-10-24
8010347195,37264,2023-12-14 20:35:20,2023-12-14 20:38:20,3.0,2.16,On Time,Traffic,3.0,False,2023-12-14
2384153985,57668,2023-10-09 12:22:03,2023-10-09 12:32:03,10.0,2.06,Slightly Delayed,Traffic,10.0,False,2023-10-09
3584794157,9727,2024-04-04 05:20:46,2024-04-04 05:18:46,-2.0,1.81,On Time,,-2.0,True,2024-04-04
8186709947,23823,2023-11-18 09:16:30,2023-11-18 09:38:30,22.0,4.09,Significantly Delayed,Traffic,22.0,False,2023-11-18
6027355216,89884,2023-06-27 21:07:55,2023-06-27 21:08:55,1.0,2.01,On Time,Traffic,1.0,False,2023-06-27
9823160533,80889,2024-06-05 05:30:03,2024-06-05 05:35:03,5.0,2.28,On Time,Traffic,5.0,False,2024-06-05
8694663463,42844,2024-01-16 01:25:41,2024-01-16 01:23:41,-2.0,4.36,On Time,,-2.0,True,2024-01-16
1296772969,61392,2024-06-02 02:13:40,2024-06-02 02:14:40,1.0,4.48,On Time,Traffic,1.0,False,2024-06-02
5856838171,7117,2023-12-20 18:44:40,2023-12-20 19:09:40,25.0,1.84,Significantly Delayed,Traffic,25.0,False,2023-12-20
915473142,93166,2024-05-30 02:24:42,2024-05-30 02:39:42,15.0,3.12,Slightly Delayed,Traffic,15.0,False,2024-05-30
6992097680,74334,2023-11-13 22:21:00,2023-11-13 22:34:00,13.0,4.17,Slightly Delayed,Traffic,13.0,False,2023-11-13
6870670122,89533,2023-11-24 12:15:22,2023-11-24 12:16:22,1.0,0.66,On Time,Traffic,1.0,False,2023-11-24
6626994121,18323,2024-07-16 00:57:39,2024-07-16 01:10:39,13.0,3.53,Slightly Delayed,Traffic,13.0,False,2024-07-16
6125813500,31926,2023-07-23 17:29:56,2023-07-23 17:41:56,12.0,4.34,Slightly Delayed,Traffic,12.0,False,2023-07-23
6899859775,12202,2024-04-30 16:48:18,2024-04-30 16:51:18,3.0,1.78,On Time,Traffic,3.0,False,2024-04-30
1825560091,1440,2024-01-31 21:08:35,2024-01-31 21:13:35,5.0,2.81,On Time,Traffic,5.0,False,2024-01-31
1320638425,38512,2023-04-26 22:11:58,2023-04-26 22:11:58,0.0,2.0,On Time,,0.0,True,2023-04-26
5320995509,63710,2023-06-12 09:27:12,2023-06-12 09:32:12,5.0,3.48,On Time,Traffic,5.0,False,2023-06-12
4249535395,45901,2023-03-25 11:31:29,2023-03-25 11:26:29,-5.0,1.15,On Time,,-5.0,True,2023-03-25
804881381,61383,2024-05-26 10:18:47,2024-05-26 10:14:47,-4.0,1.57,On Time,,-4.0,True,2024-05-26
4858560187,16416,2023-10-21 20:43:10,2023-10-21 20:47:10,4.0,4.42,On Time,Traffic,4.0,False,2023-10-21
6425666148,19912,2023-08-07 21:05:37,2023-08-07 21:01:37,-4.0,1.13,On Time,,-4.0,True,2023-08-07
9021754099,54647,2024-08-01 02:38:31,2024-08-01 02:40:31,2.0,1.68,On Time,Traffic,2.0,False,2024-08-01
7728205680,63693,2024-06-15 21:48:18,2024-06-15 21:48:18,0.0,2.34,On Time,,0.0,True,2024-06-15
9346166799,40234,2024-10-23 00:38:31,2024-10-23 00:45:31,7.0,4.33,Slightly Delayed,Traffic,7.0,False,2024-10-23
3377313085,83445,2023-09-23 23:34:58,2023-09-23 23:41:58,7.0,1.26,Slightly Delayed,Traffic,7.0,False,2023-09-23
8167716321,69644,2024-05-02 03:23:20,2024-05-02 03:23:20,0.0,1.96,On Time,,0.0,True,2024-05-02
2024637181,3368,2023-06-04 21:39:10,2023-06-04 21:40:10,1.0,3.78,On Time,Traffic,1.0,False,2023-06-04
9310630290,47069,2023-10-04 06:54:01,2023-10-04 06:52:01,-2.0,2.55,On Time,,-2.0,True,2023-10-04
2276505075,40432,2024-07-05 13:51:54,2024-07-05 13:51:54,0.0,4.98,On Time,,0.0,True,2024-07-05
6615188116,42073,2023-08-30 13:22:42,2023-08-30 13:27:42,5.0,3.51,On Time,Traffic,5.0,False,2023-08-30
6858336318,18825,2024-06-29 07:48:32,2024-06-29 07:46:32,-2.0,1.48,On Time,,-2.0,True,2024-06-29
7601638642,8313,2024-09-10 06:23:31,2024-09-10 06:39:31,16.0,1.38,Significantly Delayed,Traffic,16.0,False,2024-09-10
1191565627,13574,2023-11-04 12:20:36,2023-11-04 12:16:36,-4.0,3.4,On Time,,-4.0,True,2023-11-04
4785021992,14692,2023-12-20 12:30:37,2023-12-20 12:35:37,5.0,3.06,On Time,Traffic,5.0,False,2023-12-20
3452964753,56030,2024-06-15 19:09:44,2024-06-15 19:13:44,4.0,3.92,On Time,Traffic,4.0,False,2024-06-15
3490919801,59239,2023-10-18 07:08:41,2023-10-18 07:06:41,-2.0,1.15,On Time,,-2.0,True,2023-10-18
105578518,97558,2024-03-03 02:13:51,2024-03-03 02:27:51,14.0,0.57,Slightly Delayed,Traffic,14.0,False,2024-03-03
2978719561,39241,2023-11-09 09:53:50,2023-11-09 10:00:50,7.0,1.83,Slightly Delayed,Traffic,7.0,False,2023-11-09
9979010790,41655,2024-02-13 01:36:09,2024-02-13 01:46:09,10.0,4.05,Slightly Delayed,Traffic,10.0,False,2024-02-13
4435636116,45294,2023-04-07 14:22:46,2023-04-07 14:20:46,-2.0,3.54,On Time,,-2.0,True,2023-04-07
5909879259,48039,2024-08-06 19:31:03,2024-08-06 19:42:03,11.0,4.87,Slightly Delayed,Traffic,11.0,False,2024-08-06
2686390867,21025,2024-02-04 17:17:23,2024-02-04 17:15:23,-2.0,4.72,On Time,,-2.0,True,2024-02-04
6698537000,50375,2024-01-16 05:55:12,2024-01-16 05:54:12,-1.0,1.13,On Time,,-1.0,True,2024-01-16
4395604675,608,2023-11-11 11:11:29,2023-11-11 11:18:29,7.0,3.77,Slightly Delayed,Traffic,7.0,False,2023-11-11
3475041787,93068,2024-07-27 13:00:39,2024-07-27 13:14:39,14.0,4.34,Slightly Delayed,Traffic,14.0,False,2024-07-27
5817989751,53533,2023-11-22 11:48:54,2023-11-22 11:49:54,1.0,2.38,On Time,Traffic,1.0,False,2023-11-22
1433129858,25333,2024-05-27 14:57:47,2024-05-27 14:52:47,-5.0,2.5,On Time,,-5.0,True,2024-05-27
3571922553,84788,2024-01-04 14:22:50,2024-01-04 14:26:50,4.0,4.45,On Time,Traffic,4.0,False,2024-01-04
7940229189,40127,2024-03-20 21:49:09,2024-03-20 22:06:09,17.0,4.09,Significantly Delayed,Traffic,17.0,False,2024-03-20
3801240688,82311,2024-08-26 01:02:08,2024-08-26 01:02:08,0.0,0.82,On Time,,0.0,True,2024-08-26
1295268290,30358,2024-02-16 22:53:18,2024-02-16 22:50:18,-3.0,0.84,On Time,,-3.0,True,2024-02-16
4552636670,32309,2024-08-12 18:16:50,2024-08-12 18:19:50,3.0,4.94,On Time,Traffic,3.0,False,2024-08-12
6805071689,85430,2024-03-30 05:06:39,2024-03-30 05:29:39,23.0,2.64,Significantly Delayed,Traffic,23.0,False,2024-03-30
8026827967,72056,2023-06-17 22:41:55,2023-06-17 22:41:55,0.0,1.97,On Time,,0.0,True,2023-06-17
6417774057,96532,2024-03-06 19:14:23,2024-03-06 19:20:23,6.0,2.95,Slightly Delayed,Traffic,6.0,False,2024-03-06
7877665931,72800,2023-12-24 09:34:20,2023-12-24 09:39:20,5.0,4.69,On Time,Traffic,5.0,False,2023-12-24
7754237266,9779,2023-05-09 13:48:26,2023-05-09 13:46:26,-2.0,3.12,On Time,,-2.0,True,2023-05-09
7985418058,72721,2024-09-10 04:10:21,2024-09-10 04:10:21,0.0,3.68,On Time,,0.0,True,2024-09-10
5287733777,40327,2024-10-24 16:30:26,2024-10-24 16:28:26,-2.0,4.66,On Time,,-2.0,True,2024-10-24
7112725384,18999,2024-02-10 08:03:22,2024-02-10 08:03:22,0.0,0.77,On Time,,0.0,True,2024-02-10
6261926473,21242,2024-06-16 19:17:12,2024-06-16 19:13:12,-4.0,2.86,On Time,,-4.0,True,2024-06-16
1495465938,53172,2023-10-15 07:38:32,2023-10-15 07:43:32,5.0,0.64,On Time,Traffic,5.0,False,2023-10-15
7891205593,43532,2024-07-14 18:00:11,2024-07-14 17:56:11,-4.0,4.55,On Time,,-4.0,True,2024-07-14
924888012,28336,2024-03-10 08:47:01,2024-03-10 08:57:01,10.0,4.89,Slightly Delayed,Traffic,10.0,False,2024-03-10
943278538,84473,2024-04-06 05:37:47,2024-04-06 06:04:47,27.0,4.7,Significantly Delayed,Traffic,27.0,False,2024-04-06
9981950902,74591,2024-07-28 05:59:17,2024-07-28 06:04:17,5.0,1.23,On Time,Traffic,5.0,False,2024-07-28
7769253886,34392,2023-09-25 23:50:12,2023-09-25 23:55:12,5.0,3.06,On Time,Traffic,5.0,False,2023-09-25
9350977708,93092,2023-08-18 05:33:32,2023-08-18 05:32:32,-1.0,1.27,On Time,,-1.0,True,2023-08-18
4525211942,33706,2024-06-24 23:51:24,2024-06-24 23:50:24,-1.0,3.89,On Time,,-1.0,True,2024-06-24
7232049635,86311,2023-03-25 16:07:28,2023-03-25 16:02:28,-5.0,0.51,On Time,,-5.0,True,2023-03-25
679546532,40781,2024-05-28 17:17:25,2024-05-28 17:26:25,9.0,1.64,Slightly Delayed,Traffic,9.0,False,2024-05-28
4665187954,39743,2024-04-03 05:33:47,2024-04-03 05:30:47,-3.0,4.23,On Time,,-3.0,True,2024-04-03
3914760118,52436,2023-03-21 20:29:23,2023-03-21 20:30:23,1.0,3.38,On Time,Traffic,1.0,False,2023-03-21
155568486,59769,2023-12-26 05:07:10,2023-12-26 05:09:10,2.0,0.6,On Time,Traffic,2.0,False,2023-12-26
3773972929,42110,2023-10-19 11:35:42,2023-10-19 11:34:42,-1.0,2.85,On Time,,-1.0,True,2023-10-19
2168808412,23293,2023-05-23 10:36:42,2023-05-23 10:50:42,14.0,1.34,Slightly Delayed,Traffic,14.0,False,2023-05-23
7697315553,74363,2023-12-10 03:13:11,2023-12-10 03:16:11,3.0,3.93,On Time,Traffic,3.0,False,2023-12-10
804414742,98191,2024-07-15 21:34:58,2024-07-15 21:46:58,12.0,4.21,Slightly Delayed,Traffic,12.0,False,2024-07-15
918328199,20173,2023-12-18 02:05:01,2023-12-18 02:16:01,11.0,2.24,Slightly Delayed,Traffic,11.0,False,2023-12-18
3084493525,89201,2023-04-11 19:06:37,2023-04-11 19:08:37,2.0,2.14,On Time,Traffic,2.0,False,2023-04-11
8047256000,73002,2024-08-08 20:12:24,2024-08-08 20:23:24,11.0,4.53,Slightly Delayed,Traffic,11.0,False,2024-08-08
5176597414,41701,2024-01-25 04:46:04,2024-01-25 04:54:04,8.0,0.72,Slightly Delayed,Traffic,8.0,False,2024-01-25
110303417,66500,2024-05-24 02:08:07,2024-05-24 02:08:07,0.0,2.49,On Time,,0.0,True,2024-05-24
1809212176,68256,2023-04-08 09:36:28,2023-04-08 09:32:28,-4.0,4.43,On Time,,-4.0,True,2023-04-08
1765001264,16034,2023-07-06 11:13:35,2023-07-06 11:40:35,27.0,0.54,Significantly Delayed,Traffic,27.0,False,2023-07-06
4220306391,74233,2024-01-08 04:51:13,2024-01-08 05:03:13,12.0,3.39,Slightly Delayed,Traffic,12.0,False,2024-01-08
1275637731,29837,2023-12-21 10:53:16,2023-12-21 11:14:16,21.0,2.19,Significantly Delayed,Traffic,21.0,False,2023-12-21
7729557529,14931,2024-09-24 11:08:23,2024-09-24 11:11:23,3.0,0.89,On Time,Traffic,3.0,False,2024-09-24
9279017414,72785,2023-05-29 15:09:48,2023-05-29 15:10:48,1.0,2.03,On Time,Traffic,1.0,False,2023-05-29
8726185624,8736,2024-09-25 20:26:31,2024-09-25 20:31:31,5.0,2.67,On Time,Traffic,5.0,False,2024-09-25
3192177869,2439,2024-08-10 04:39:42,2024-08-10 04:36:42,-3.0,4.51,On Time,,-3.0,True,2024-08-10
5033541164,78526,2024-05-26 04:39:43,2024-05-26 04:57:43,18.0,2.85,Significantly Delayed,Traffic,18.0,False,2024-05-26
4495977117,30929,2023-05-02 10:23:23,2023-05-02 10:35:23,12.0,3.96,Slightly Delayed,Traffic,12.0,False,2023-05-02
8866977450,60421,2024-09-03 09:31:50,2024-09-03 09:32:50,1.0,0.55,On Time,Traffic,1.0,False,2024-09-03
7542030170,157,2023-12-21 00:45:48,2023-12-21 00:45:48,0.0,3.21,On Time,,0.0,True,2023-12-21
8782031586,89181,2024-06-19 19:21:21,2024-06-19 19:28:21,7.0,0.58,Slightly Delayed,Traffic,7.0,False,2024-06-19
7177553918,13012,2023-03-31 22:17:28,2023-03-31 22:31:28,14.0,3.48,Slightly Delayed,Traffic,14.0,False,2023-03-31
9157563215,20285,2023-05-31 20:46:28,2023-05-31 20:45:28,-1.0,2.25,On Time,,-1.0,True,2023-05-31
989452284,34208,2024-07-07 22:23:41,2024-07-07 22:25:41,2.0,2.71,On Time,Traffic,2.0,False,2024-07-07
9972678893,56834,2024-08-13 07:42:10,2024-08-13 07:42:10,0.0,1.06,On Time,,0.0,True,2024-08-13
8561203503,70087,2024-04-14 05:23:07,2024-04-14 05:20:07,-3.0,4.49,On Time,,-3.0,True,2024-04-14
1388300707,48870,2024-04-08 22:12:05,2024-04-08 22:16:05,4.0,1.98,On Time,Traffic,4.0,False,2024-04-08
4054816025,2786,2024-07-19 14:49:26,2024-07-19 14:51:26,2.0,3.89,On Time,Traffic,2.0,False,2024-07-19
9943206333,86716,2023-03-22 09:57:17,2023-03-22 10:01:17,4.0,2.89,On Time,Traffic,4.0,False,2023-03-22
3948498236,71487,2024-08-30 05:34:03,2024-08-30 05:43:03,9.0,4.87,Slightly Delayed,Traffic,9.0,False,2024-08-30
8096169523,24856,2024-09-15 05:52:55,2024-09-15 05:55:55,3.0,4.87,On Time,Traffic,3.0,False,2024-09-15
8803091944,70237,2024-05-18 03:24:30,2024-05-18 03:19:30,-5.0,2.41,On Time,,-5.0,True,2024-05-18
7409519974,63789,2024-01-16 21:41:18,2024-01-16 21:42:18,1.0,2.81,On Time,Traffic,1.0,False,2024-01-16
456278500,70639,2024-05-06 16:27:15,2024-05-06 16:39:15,12.0,4.64,Slightly Delayed,Traffic,12.0,False,2024-05-06
9912965340,38348,2023-08-20 17:31:27,2023-08-20 17:59:27,28.0,3.28,Significantly Delayed,Traffic,28.0,False,2023-08-20
2802653261,8096,2024-10-07 16:47:53,2024-10-07 16:43:53,-4.0,1.99,On Time,,-4.0,True,2024-10-07
8629948751,57001,2023-08-31 15:08:32,2023-08-31 15:14:32,6.0,3.0,Slightly Delayed,Traffic,6.0,False,2023-08-31
9169008097,11475,2024-05-18 09:37:08,2024-05-18 09:42:08,5.0,2.16,On Time,Traffic,5.0,False,2024-05-18
3186513319,2924,2023-04-14 00:19:38,2023-04-14 00:28:38,9.0,4.76,Slightly Delayed,Traffic,9.0,False,2023-04-14
8837578937,59526,2023-08-14 09:06:19,2023-08-14 09:07:19,1.0,1.07,On Time,Traffic,1.0,False,2023-08-14
1468095888,73298,2023-06-17 06:24:04,2023-06-17 06:19:04,-5.0,2.18,On Time,,-5.0,True,2023-06-17
3055120492,10184,2023-12-19 16:53:47,2023-12-19 17:03:47,10.0,4.52,Slightly Delayed,Traffic,10.0,False,2023-12-19
6083457185,5319,2024-08-19 20:54:04,2024-08-19 20:58:04,4.0,2.23,On Time,Traffic,4.0,False,2024-08-19
7154956248,38167,2023-07-17 20:02:59,2023-07-17 19:58:59,-4.0,4.48,On Time,,-4.0,True,2023-07-17
246971181,10315,2023-07-30 14:32:21,2023-07-30 14:34:21,2.0,1.37,On Time,Traffic,2.0,False,2023-07-30
2452915406,59616,2024-07-17 12:43:12,2024-07-17 12:46:12,3.0,1.89,On Time,Traffic,3.0,False,2024-07-17
9458183390,9443,2023-03-17 01:39:51,2023-03-17 01:37:51,-2.0,2.14,On Time,,-2.0,True,2023-03-17
576571858,3179,2024-09-23 05:25:07,2024-09-23 05:26:07,1.0,2.39,On Time,Traffic,1.0,False,2024-09-23
9544803182,13919,2024-03-27 02:53:21,2024-03-27 02:55:21,2.0,3.83,On Time,Traffic,2.0,False,2024-03-27
2121652047,63262,2024-02-03 18:13:48,2024-02-03 18:30:48,17.0,2.48,Significantly Delayed,Traffic,17.0,False,2024-02-03
8891725854,16971,2023-05-16 21:23:18,2023-05-16 21:22:18,-1.0,4.44,On Time,,-1.0,True,2023-05-16
4870772869,4732,2024-03-31 08:25:25,2024-03-31 08:26:25,1.0,1.87,On Time,Traffic,1.0,False,2024-03-31
262562615,4045,2023-04-09 04:55:09,2023-04-09 04:59:09,4.0,4.08,On Time,Traffic,4.0,False,2023-04-09
5142912812,90866,2023-11-16 22:28:43,2023-11-16 22:48:43,20.0,1.24,Significantly Delayed,Traffic,20.0,False,2023-11-16
1225289500,77780,2024-03-31 22:04:15,2024-03-31 22:07:15,3.0,3.86,On Time,Traffic,3.0,False,2024-03-31
7337555525,99482,2024-03-09 19:48:58,2024-03-09 19:49:58,1.0,1.77,On Time,Traffic,1.0,False,2024-03-09
5719806088,88036,2024-01-08 13:50:35,2024-01-08 13:55:35,5.0,0.59,On Time,Traffic,5.0,False,2024-01-08
6890191424,28164,2024-06-13 00:57:50,2024-06-13 01:03:50,6.0,1.22,Slightly Delayed,Traffic,6.0,False,2024-06-13
5695198653,29646,2024-09-20 01:36:54,2024-09-20 01:38:54,2.0,2.19,On Time,Traffic,2.0,False,2024-09-20
482670263,90648,2024-06-05 05:00:12,2024-06-05 04:59:12,-1.0,1.97,On Time,,-1.0,True,2024-06-05
7857904467,83539,2023-04-25 12:55:49,2023-04-25 12:56:49,1.0,2.73,On Time,Traffic,1.0,False,2023-04-25
614435661,34007,2023-08-01 21:44:47,2023-08-01 21:48:47,4.0,4.98,On Time,Traffic,4.0,False,2023-08-01
2284551326,48499,2023-10-07 04:55:46,2023-10-07 04:57:46,2.0,2.86,On Time,Traffic,2.0,False,2023-10-07
8614991290,85862,2024-10-17 13:33:23,2024-10-17 13:54:23,21.0,3.87,Significantly Delayed,Traffic,21.0,False,2024-10-17
9865566300,66125,2023-11-28 02:46:37,2023-11-28 02:53:37,7.0,0.52,Slightly Delayed,Traffic,7.0,False,2023-11-28
6672582413,18435,2024-06-13 22:22:02,2024-06-13 22:36:02,14.0,1.95,Slightly Delayed,Traffic,14.0,False,2024-06-13
3004834987,1554,2023-10-12 02:36:02,2023-10-12 02:31:02,-5.0,1.41,On Time,,-5.0,True,2023-10-12
4486349175,93191,2024-04-20 01:29:08,2024-04-20 01:34:08,5.0,1.93,On Time,Traffic,5.0,False,2024-04-20
3098655541,58041,2023-05-06 07:03:37,2023-05-06 07:07:37,4.0,1.85,On Time,Traffic,4.0,False,2023-05-06
1912293606,72857,2024-07-17 19:47:11,2024-07-17 19:49:11,2.0,0.56,On Time,Traffic,2.0,False,2024-07-17
7465280557,44449,2024-03-13 13:35:12,2024-03-13 13:40:12,5.0,1.54,On Time,Traffic,5.0,False,2024-03-13
343050015,72401,2023-04-21 06:40:18,2023-04-21 07:01:18,21.0,0.66,Significantly Delayed,Traffic,21.0,False,2023-04-21
6414606364,32432,2024-01-26 05:05:08,2024-01-26 05:06:08,1.0,2.33,On Time,Traffic,1.0,False,2024-01-26
4092550629,73303,2023-04-09 16:30:33,2023-04-09 16:30:33,0.0,1.69,On Time,,0.0,True,2023-04-09
9810964144,28405,2024-02-08 20:11:13,2024-02-08 20:10:13,-1.0,2.88,On Time,,-1.0,True,2024-02-08
6513851276,36145,2023-08-24 15:58:08,2023-08-24 16:10:08,12.0,1.93,Slightly Delayed,Traffic,12.0,False,2023-08-24
6080784069,78499,2023-07-19 11:58:13,2023-07-19 12:07:13,9.0,4.57,Slightly Delayed,Traffic,9.0,False,2023-07-19
1967283733,37938,2023-08-01 07:20:08,2023-08-01 07:35:08,15.0,3.06,Slightly Delayed,Traffic,15.0,False,2023-08-01
2683672396,18256,2023-08-27 05:02:33,2023-08-27 04:58:33,-4.0,1.2,On Time,,-4.0,True,2023-08-27
1464736195,21637,2024-08-23 16:17:00,2024-08-23 16:27:00,10.0,4.66,Slightly Delayed,Traffic,10.0,False,2024-08-23
3258963661,53738,2024-05-17 08:14:34,2024-05-17 08:11:34,-3.0,0.54,On Time,,-3.0,True,2024-05-17
9956872454,31304,2023-11-20 05:23:37,2023-11-20 05:38:37,15.0,2.59,Slightly Delayed,Traffic,15.0,False,2023-11-20
867630114,49041,2023-06-26 18:38:36,2023-06-26 18:38:36,0.0,0.64,On Time,,0.0,True,2023-06-26
3333752740,84844,2023-07-10 17:14:53,2023-07-10 17:09:53,-5.0,4.57,On Time,,-5.0,True,2023-07-10
4835197446,20579,2024-01-02 08:26:22,2024-01-02 08:29:22,3.0,4.91,On Time,Traffic,3.0,False,2024-01-02
1888517793,3529,2023-10-02 06:55:37,2023-10-02 06:58:37,3.0,3.53,On Time,Traffic,3.0,False,2023-10-02
5148599328,57593,2024-05-07 13:47:19,2024-05-07 13:58:19,11.0,3.5,Slightly Delayed,Traffic,11.0,False,2024-05-07
3405089431,66223,2024-02-23 15:45:21,2024-02-23 15:58:21,13.0,1.12,Slightly Delayed,Traffic,13.0,False,2024-02-23
9286199495,61907,2023-09-10 21:08:55,2023-09-10 21:10:55,2.0,2.57,On Time,Traffic,2.0,False,2023-09-10
6418255337,34687,2024-02-13 18:06:34,2024-02-13 18:06:34,0.0,1.03,On Time,,0.0,True,2024-02-13
7442478777,81710,2023-10-17 08:25:55,2023-10-17 08:22:55,-3.0,0.52,On Time,,-3.0,True,2023-10-17
5170777528,48906,2023-05-01 09:59:09,2023-05-01 10:02:09,3.0,1.33,On Time,Traffic,3.0,False,2023-05-01
1255941187,75245,2024-02-10 06:14:03,2024-02-10 06:27:03,13.0,1.2,Slightly Delayed,Traffic,13.0,False,2024-02-10
4704980993,56079,2024-05-24 04:22:09,2024-05-24 04:34:09,12.0,1.69,Slightly Delayed,Traffic,12.0,False,2024-05-24
7310604669,44693,2023-07-09 06:28:54,2023-07-09 06:37:54,9.0,4.17,Slightly Delayed,Traffic,9.0,False,2023-07-09
7970608721,23409,2024-01-31 07:00:27,2024-01-31 07:14:27,14.0,1.18,Slightly Delayed,Traffic,14.0,False,2024-01-31
3164727163,99751,2023-05-09 08:48:24,2023-05-09 08:54:24,6.0,2.47,Slightly Delayed,Traffic,6.0,False,2023-05-09
2388064449,30915,2024-05-26 06:22:19,2024-05-26 06:27:19,5.0,3.4,On Time,Traffic,5.0,False,2024-05-26
757816226,62043,2023-03-16 14:24:42,2023-03-16 14:42:42,18.0,1.86,Significantly Delayed,Traffic,18.0,False,2023-03-16
259772553,96120,2023-09-27 02:25:15,2023-09-27 02:23:15,-2.0,3.1,On Time,,-2.0,True,2023-09-27
8388644219,29917,2024-04-21 10:05:41,2024-04-21 10:02:41,-3.0,3.72,On Time,,-3.0,True,2024-04-21
1545044936,95370,2023-08-24 23:50:46,2023-08-24 23:54:46,4.0,3.86,On Time,Traffic,4.0,False,2023-08-24
6995571310,35644,2024-03-24 07:24:59,2024-03-24 07:22:59,-2.0,1.89,On Time,,-2.0,True,2024-03-24
8801161214,16061,2024-04-11 02:15:50,2024-04-11 02:19:50,4.0,2.44,On Time,Traffic,4.0,False,2024-04-11
1751319400,13729,2024-06-25 11:09:04,2024-06-25 11:09:04,0.0,3.32,On Time,,0.0,True,2024-06-25
10448052,47308,2023-08-05 10:21:05,2023-08-05 10:26:05,5.0,4.53,On Time,Traffic,5.0,False,2023-08-05
3047076079,19052,2023-05-22 08:47:28,2023-05-22 08:43:28,-4.0,4.22,On Time,,-4.0,True,2023-05-22
5085860780,38853,2023-12-13 18:39:00,2023-12-13 18:34:00,-5.0,3.9,On Time,,-5.0,True,2023-12-13
6213909425,28346,2023-12-05 21:21:09,2023-12-05 21:23:09,2.0,4.18,On Time,Traffic,2.0,False,2023-12-05
3712789789,67269,2024-02-02 20:03:03,2024-02-02 20:05:03,2.0,0.95,On Time,Traffic,2.0,False,2024-02-02
278794976,56515,2023-03-18 11:46:14,2023-03-18 11:50:14,4.0,3.84,On Time,Traffic,4.0,False,2023-03-18
3420357591,49383,2024-07-10 22:14:15,2024-07-10 22:11:15,-3.0,2.6,On Time,,-3.0,True,2024-07-10
4551386734,92089,2023-03-18 00:46:58,2023-03-18 00:59:58,13.0,3.13,Slightly Delayed,Traffic,13.0,False,2023-03-18
7609681987,97077,2023-10-16 15:14:06,2023-10-16 15:18:06,4.0,1.0,On Time,Traffic,4.0,False,2023-10-16
1721655048,44050,2024-04-15 13:45:03,2024-04-15 13:53:03,8.0,0.62,Slightly Delayed,Traffic,8.0,False,2024-04-15
7040151151,55045,2023-03-28 17:07:25,2023-03-28 17:07:25,0.0,1.94,On Time,,0.0,True,2023-03-28
6719661881,74581,2023-05-13 05:13:22,2023-05-13 05:13:22,0.0,1.93,On Time,,0.0,True,2023-05-13
5195004299,52894,2024-01-09 06:57:07,2024-01-09 07:02:07,5.0,3.81,On Time,Traffic,5.0,False,2024-01-09
5441946621,4469,2024-02-01 08:08:45,2024-02-01 08:27:45,19.0,1.05,Significantly Delayed,Traffic,19.0,False,2024-02-01
3508992095,32093,2023-12-09 10:17:52,2023-12-09 10:44:52,27.0,3.38,Significantly Delayed,Traffic,27.0,False,2023-12-09
8454449180,2578,2024-02-18 21:10:31,2024-02-18 21:18:31,8.0,1.97,Slightly Delayed,Traffic,8.0,False,2024-02-18
9251851237,94666,2023-11-25 13:58:03,2023-11-25 14:02:03,4.0,3.59,On Time,Traffic,4.0,False,2023-11-25
6739811103,93027,2024-01-01 23:10:54,2024-01-01 23:14:54,4.0,3.83,On Time,Traffic,4.0,False,2024-01-01
7590827828,14664,2023-11-06 00:00:25,2023-11-05 23:59:25,-1.0,4.15,On Time,,-1.0,True,2023-11-05
310213322,13885,2023-09-30 04:38:12,2023-09-30 04:46:12,8.0,3.14,Slightly Delayed,Traffic,8.0,False,2023-09-30
934908369,90844,2024-08-15 12:50:04,2024-08-15 12:54:04,4.0,2.21,On Time,Traffic,4.0,False,2024-08-15
3817617199,37598,2024-08-28 00:33:42,2024-08-28 01:00:42,27.0,4.38,Significantly Delayed,Traffic,27.0,False,2024-08-28
2622709030,10007,2024-07-11 13:04:49,2024-07-11 13:28:49,24.0,3.38,Significantly Delayed,Traffic,24.0,False,2024-07-11
3843689992,11827,2024-10-13 14:06:50,2024-10-13 14:09:50,3.0,4.61,On Time,Traffic,3.0,False,2024-10-13
8732395640,24839,2024-03-17 13:57:38,2024-03-17 13:54:38,-3.0,1.54,On Time,,-3.0,True,2024-03-17
3889721330,36020,2024-05-16 10:13:09,2024-05-16 10:41:09,28.0,4.82,Significantly Delayed,Traffic,28.0,False,2024-05-16
7064093619,12886,2023-05-23 05:49:10,2023-05-23 05:49:10,0.0,4.63,On Time,,0.0,True,2023-05-23
6798661163,29752,2024-07-23 10:34:16,2024-07-23 10:36:16,2.0,3.67,On Time,Traffic,2.0,False,2024-07-23
2878307830,56966,2024-05-01 15:22:50,2024-05-01 15:37:50,15.0,1.94,Slightly Delayed,Traffic,15.0,False,2024-05-01
4133369643,76053,2023-07-03 22:55:35,2023-07-03 23:01:35,6.0,3.69,Slightly Delayed,Traffic,6.0,False,2023-07-03
3394787348,74478,2024-06-23 05:09:02,2024-06-23 05:23:02,14.0,2.69,Slightly Delayed,Traffic,14.0,False,2024-06-23
4830380663,41847,2023-12-24 10:29:01,2023-12-24 10:30:01,1.0,4.73,On Time,Traffic,1.0,False,2023-12-24
3441042301,80455,2023-08-05 10:00:32,2023-08-05 09:56:32,-4.0,1.89,On Time,,-4.0,True,2023-08-05
3984353474,94156,2024-05-19 07:02:11,2024-05-19 07:25:11,23.0,3.64,Significantly Delayed,Traffic,23.0,False,2024-05-19
4495916529,63656,2023-04-01 11:51:48,2023-04-01 11:54:48,3.0,3.47,On Time,Traffic,3.0,False,2023-04-01
5075205264,21123,2024-04-22 13:54:00,2024-04-22 14:00:00,6.0,3.43,Slightly Delayed,Traffic,6.0,False,2024-04-22
6129180304,41630,2024-01-17 22:05:48,2024-01-17 22:06:48,1.0,0.59,On Time,Traffic,1.0,False,2024-01-17
3311686914,95107,2024-05-06 21:02:58,2024-05-06 21:05:58,3.0,3.43,On Time,Traffic,3.0,False,2024-05-06
3907403745,767,2023-06-19 16:51:55,2023-06-19 16:46:55,-5.0,0.63,On Time,,-5.0,True,2023-06-19
9924696305,93204,2023-04-30 14:53:42,2023-04-30 14:55:42,2.0,3.98,On Time,Traffic,2.0,False,2023-04-30
7348508805,67512,2024-05-23 22:39:58,2024-05-23 22:49:58,10.0,3.22,Slightly Delayed,Traffic,10.0,False,2024-05-23
1665004352,75219,2023-08-01 05:52:59,2023-08-01 05:50:59,-2.0,4.68,On Time,,-2.0,True,2023-08-01
1049800958,95346,2023-07-02 09:16:35,2023-07-02 09:16:35,0.0,0.54,On Time,,0.0,True,2023-07-02
2937550786,59192,2023-08-06 08:18:35,2023-08-06 08:14:35,-4.0,4.47,On Time,,-4.0,True,2023-08-06
486724008,50502,2024-07-12 04:52:15,2024-07-12 05:04:15,12.0,0.84,Slightly Delayed,Traffic,12.0,False,2024-07-12
9361578823,83234,2023-08-18 13:53:21,2023-08-18 13:55:21,2.0,2.51,On Time,Traffic,2.0,False,2023-08-18
6249585672,56043,2023-07-09 08:50:58,2023-07-09 08:54:58,4.0,1.61,On Time,Traffic,4.0,False,2023-07-09
2111712383,19726,2024-01-23 18:23:02,2024-01-23 18:26:02,3.0,5.0,On Time,Traffic,3.0,False,2024-01-23
2962076108,54302,2024-06-13 05:02:25,2024-06-13 05:02:25,0.0,4.38,On Time,,0.0,True,2024-06-13
7509638056,75144,2024-02-13 01:03:38,2024-02-13 01:08:38,5.0,3.25,On Time,Traffic,5.0,False,2024-02-13
6074743537,91918,2024-09-12 06:43:08,2024-09-12 06:44:08,1.0,2.37,On Time,Traffic,1.0,False,2024-09-12
3560026527,56514,2024-06-09 18:43:49,2024-06-09 19:07:49,24.0,4.71,Significantly Delayed,Traffic,24.0,False,2024-06-09
7005103077,2513,2024-05-14 03:11:36,2024-05-14 03:11:36,0.0,4.26,On Time,,0.0,True,2024-05-14
8175826750,45838,2024-09-17 20:24:13,2024-09-17 20:27:13,3.0,3.14,On Time,Traffic,3.0,False,2024-09-17
8572946020,36711,2024-04-26 04:42:01,2024-04-26 04:42:01,0.0,1.45,On Time,,0.0,True,2024-04-26
2936701883,69765,2024-03-02 09:10:52,2024-03-02 09:13:52,3.0,2.77,On Time,Traffic,3.0,False,2024-03-02
9948324640,17187,2023-10-31 04:21:42,2023-10-31 04:25:42,4.0,2.7,On Time,Traffic,4.0,False,2023-10-31
2865872281,62950,2024-09-14 00:02:04,2024-09-14 00:13:04,11.0,2.55,Slightly Delayed,Traffic,11.0,False,2024-09-14
5785351358,31077,2024-11-03 14:41:39,2024-11-03 14:38:39,-3.0,2.65,On Time,,-3.0,True,2024-11-03
5204776107,66003,2023-08-24 23:47:11,2023-08-24 23:45:11,-2.0,2.93,On Time,,-2.0,True,2023-08-24
8689865723,15816,2024-03-28 15:31:29,2024-03-28 15:27:29,-4.0,2.88,On Time,,-4.0,True,2024-03-28
7822329516,16858,2023-11-19 23:12:01,2023-11-19 23:18:01,6.0,3.31,Slightly Delayed,Traffic,6.0,False,2023-11-19
5995393950,47824,2023-08-06 08:09:40,2023-08-06 08:07:40,-2.0,4.57,On Time,,-2.0,True,2023-08-06
5458784818,23513,2024-07-24 03:16:03,2024-07-24 03:14:03,-2.0,4.17,On Time,,-2.0,True,2024-07-24
5611686165,61000,2023-07-02 08:27:05,2023-07-02 08:25:05,-2.0,2.93,On Time,,-2.0,True,2023-07-02
6390653932,54208,2023-05-19 08:18:04,2023-05-19 08:13:04,-5.0,3.01,On Time,,-5.0,True,2023-05-19
1215008706,6321,2024-03-04 23:15:25,2024-03-04 23:11:25,-4.0,2.83,On Time,,-4.0,True,2024-03-04
7357727116,10076,2024-06-15 09:45:19,2024-06-15 09:40:19,-5.0,2.36,On Time,,-5.0,True,2024-06-15
7562975685,7822,2023-07-02 04:59:00,2023-07-02 05:10:00,11.0,2.5,Slightly Delayed,Traffic,11.0,False,2023-07-02
3118070064,84527,2023-06-05 04:41:07,2023-06-05 04:37:07,-4.0,2.61,On Time,,-4.0,True,2023-06-05
8255753870,87331,2023-09-09 08:35:02,2023-09-09 08:36:02,1.0,3.79,On Time,Traffic,1.0,False,2023-09-09
5924715529,96349,2024-03-24 04:26:10,2024-03-24 04:29:10,3.0,3.37,On Time,Traffic,3.0,False,2024-03-24
9593816617,39095,2023-05-28 01:56:07,2023-05-28 01:51:07,-5.0,3.28,On Time,,-5.0,True,2023-05-28
6143213997,11720,2024-03-21 10:15:10,2024-03-21 10:17:10,2.0,1.53,On Time,Traffic,2.0,False,2024-03-21
4516009647,41620,2024-07-19 01:34:23,2024-07-19 01:36:23,2.0,2.54,On Time,Traffic,2.0,False,2024-07-19
291900074,5023,2024-10-02 17:27:52,2024-10-02 17:22:52,-5.0,3.99,On Time,,-5.0,True,2024-10-02
3178700341,3879,2024-06-10 04:58:21,2024-06-10 04:53:21,-5.0,1.41,On Time,,-5.0,True,2024-06-10
4231742059,98347,2023-11-21 08:12:59,2023-11-21 08:26:59,14.0,4.62,Slightly Delayed,Traffic,14.0,False,2023-11-21
7437613292,59329,2023-12-30 01:43:48,2023-12-30 01:52:48,9.0,2.2,Slightly Delayed,Traffic,9.0,False,2023-12-30
5609346062,24295,2023-08-08 20:33:58,2023-08-08 20:32:58,-1.0,3.37,On Time,,-1.0,True,2023-08-08
909033820,51543,2023-10-11 10:36:32,2023-10-11 10:51:32,15.0,3.04,Slightly Delayed,Traffic,15.0,False,2023-10-11
470624828,51227,2023-08-21 03:39:09,2023-08-21 03:40:09,1.0,0.57,On Time,Traffic,1.0,False,2023-08-21
9608676386,71226,2023-08-14 19:43:16,2023-08-14 19:40:16,-3.0,1.12,On Time,,-3.0,True,2023-08-14
6846160702,89788,2023-07-20 16:17:04,2023-07-20 16:13:04,-4.0,1.81,On Time,,-4.0,True,2023-07-20
4248168019,30671,2024-03-26 14:43:52,2024-03-26 14:39:52,-4.0,3.42,On Time,,-4.0,True,2024-03-26
9057909300,74314,2024-01-17 16:38:44,2024-01-17 16:37:44,-1.0,3.47,On Time,,-1.0,True,2024-01-17
2171816966,6125,2024-01-30 19:26:30,2024-01-30 19:22:30,-4.0,1.08,On Time,,-4.0,True,2024-01-30
1387025817,5633,2024-06-15 20:46:42,2024-06-15 20:50:42,4.0,3.3,On Time,Traffic,4.0,False,2024-06-15
6801124715,15655,2024-04-10 06:46:06,2024-04-10 06:44:06,-2.0,0.68,On Time,,-2.0,True,2024-04-10
6117979297,69314,2023-12-23 05:32:12,2023-12-23 05:32:12,0.0,3.3,On Time,,0.0,True,2023-12-23
4902314626,35281,2024-05-25 16:01:16,2024-05-25 15:58:16,-3.0,2.83,On Time,,-3.0,True,2024-05-25
361595059,12549,2023-10-21 06:25:27,2023-10-21 06:21:27,-4.0,3.98,On Time,,-4.0,True,2023-10-21
5309683159,90567,2023-04-21 05:19:01,2023-04-21 05:36:01,17.0,2.43,Significantly Delayed,Traffic,17.0,False,2023-04-21
2300265337,48275,2024-01-01 01:23:17,2024-01-01 01:26:17,3.0,3.53,On Time,Traffic,3.0,False,2024-01-01
199903168,93719,2023-04-16 11:14:20,2023-04-16 11:11:20,-3.0,1.37,On Time,,-3.0,True,2023-04-16
4923840119,27171,2024-09-04 05:56:29,2024-09-04 05:53:29,-3.0,1.33,On Time,,-3.0,True,2024-09-04
2209550085,80992,2024-09-07 13:42:14,2024-09-07 13:41:14,-1.0,2.99,On Time,,-1.0,True,2024-09-07
120178110,73380,2024-01-21 01:37:21,2024-01-21 01:47:21,10.0,1.82,Slightly Delayed,Traffic,10.0,False,2024-01-21
6647259959,45832,2023-06-20 22:42:07,2023-06-20 23:05:07,23.0,1.13,Significantly Delayed,Traffic,23.0,False,2023-06-20
3859980017,15085,2023-05-15 05:27:07,2023-05-15 05:29:07,2.0,4.71,On Time,Traffic,2.0,False,2023-05-15
9196827234,96615,2023-10-31 05:05:31,2023-10-31 05:17:31,12.0,1.43,Slightly Delayed,Traffic,12.0,False,2023-10-31
3499440849,72321,2023-10-10 21:47:37,2023-10-10 21:43:37,-4.0,1.24,On Time,,-4.0,True,2023-10-10
7114775833,84672,2024-07-08 13:09:59,2024-07-08 13:04:59,-5.0,1.29,On Time,,-5.0,True,2024-07-08
7812364366,82685,2023-08-26 23:53:03,2023-08-26 23:50:03,-3.0,4.03,On Time,,-3.0,True,2023-08-26
7525899857,98968,2023-09-04 04:31:50,2023-09-04 04:26:50,-5.0,1.75,On Time,,-5.0,True,2023-09-04
3917847107,17488,2024-08-13 22:37:03,2024-08-13 22:38:03,1.0,1.84,On Time,Traffic,1.0,False,2024-08-13
1229828587,1392,2023-10-27 01:39:12,2023-10-27 01:43:12,4.0,0.91,On Time,Traffic,4.0,False,2023-10-27
4249345096,31425,2023-05-31 19:00:29,2023-05-31 19:00:29,0.0,0.53,On Time,,0.0,True,2023-05-31
4002407580,96978,2023-11-17 17:30:26,2023-11-17 17:35:26,5.0,4.85,On Time,Traffic,5.0,False,2023-11-17
5982122427,58401,2023-04-23 20:15:41,2023-04-23 20:18:41,3.0,0.52,On Time,Traffic,3.0,False,2023-04-23
3280431261,26604,2024-03-13 22:15:07,2024-03-13 22:10:07,-5.0,3.51,On Time,,-5.0,True,2024-03-13
5066338759,62785,2023-11-21 05:05:59,2023-11-21 05:00:59,-5.0,1.11,On Time,,-5.0,True,2023-11-21
9087426355,34521,2023-11-03 17:25:47,2023-11-03 17:24:47,-1.0,1.59,On Time,,-1.0,True,2023-11-03
5512907,44545,2023-04-30 21:11:21,2023-04-30 21:26:21,15.0,0.59,Slightly Delayed,Traffic,15.0,False,2023-04-30
4174741467,13853,2023-12-17 02:10:05,2023-12-17 02:22:05,12.0,3.05,Slightly Delayed,Traffic,12.0,False,2023-12-17
6270463968,66084,2023-10-03 03:57:56,2023-10-03 03:53:56,-4.0,0.97,On Time,,-4.0,True,2023-10-03
1239385001,73973,2023-09-27 14:15:37,2023-09-27 14:17:37,2.0,3.3,On Time,Traffic,2.0,False,2023-09-27
5250202756,20751,2023-09-10 12:07:03,2023-09-10 12:27:03,20.0,1.21,Significantly Delayed,Traffic,20.0,False,2023-09-10
4099185509,58500,2024-01-24 20:38:07,2024-01-24 20:37:07,-1.0,1.1,On Time,,-1.0,True,2024-01-24
7875903450,58175,2024-03-14 04:51:14,2024-03-14 04:51:14,0.0,1.86,On Time,,0.0,True,2024-03-14
7561642939,2481,2024-07-24 20:29:37,2024-07-24 20:25:37,-4.0,0.71,On Time,,-4.0,True,2024-07-24
5438908316,72583,2024-04-03 00:58:54,2024-04-03 00:58:54,0.0,3.27,On Time,,0.0,True,2024-04-03
357437373,18049,2023-05-10 06:20:22,2023-05-10 06:25:22,5.0,2.34,On Time,Traffic,5.0,False,2023-05-10
8972877222,33125,2024-10-26 05:12:57,2024-10-26 05:13:57,1.0,2.43,On Time,Traffic,1.0,False,2024-10-26
1163798451,42721,2023-10-04 03:20:32,2023-10-04 03:47:32,27.0,0.79,Significantly Delayed,Traffic,27.0,False,2023-10-04
3588229485,49352,2024-08-01 00:48:39,2024-08-01 01:09:39,21.0,3.52,Significantly Delayed,Traffic,21.0,False,2024-08-01
1205823348,49614,2024-07-29 10:32:55,2024-07-29 10:41:55,9.0,2.62,Slightly Delayed,Traffic,9.0,False,2024-07-29
2867008541,91284,2023-12-20 17:59:19,2023-12-20 18:11:19,12.0,0.86,Slightly Delayed,Traffic,12.0,False,2023-12-20
5794917332,49073,2024-02-16 14:02:41,2024-02-16 13:57:41,-5.0,4.96,On Time,,-5.0,True,2024-02-16
4726520098,78911,2023-04-19 21:49:45,2023-04-19 21:46:45,-3.0,4.96,On Time,,-3.0,True,2023-04-19
6251716165,11366,2023-09-27 21:50:53,2023-09-27 22:01:53,11.0,4.49,Slightly Delayed,Traffic,11.0,False,2023-09-27
5991829458,38043,2023-08-12 07:17:02,2023-08-12 07:14:02,-3.0,1.56,On Time,,-3.0,True,2023-08-12
1142626566,96797,2024-05-31 05:31:00,2024-05-31 05:28:00,-3.0,3.79,On Time,,-3.0,True,2024-05-31
2595161999,55560,2023-08-12 02:29:59,2023-08-12 02:26:59,-3.0,0.91,On Time,,-3.0,True,2023-08-12
8865698939,63903,2023-09-09 19:31:23,2023-09-09 19:33:23,2.0,0.67,On Time,Traffic,2.0,False,2023-09-09
1776582175,24098,2024-03-29 23:56:45,2024-03-30 00:01:45,5.0,0.7,On Time,Traffic,5.0,False,2024-03-30
7323157341,62964,2024-07-01 22:57:22,2024-07-01 23:02:22,5.0,2.98,On Time,Traffic,5.0,False,2024-07-01
8997413283,66681,2024-10-02 10:39:13,2024-10-02 10:43:13,4.0,1.29,On Time,Traffic,4.0,False,2024-10-02
2548452255,24605,2023-09-18 02:24:26,2023-09-18 02:45:26,21.0,1.7,Significantly Delayed,Traffic,21.0,False,2023-09-18
7906839225,60479,2023-10-28 15:55:23,2023-10-28 15:54:23,-1.0,2.58,On Time,,-1.0,True,2023-10-28
4113927200,27208,2023-05-19 05:32:03,2023-05-19 05:29:03,-3.0,1.91,On Time,,-3.0,True,2023-05-19
4233626614,92251,2024-07-28 05:30:33,2024-07-28 05:35:33,5.0,1.05,On Time,Traffic,5.0,False,2024-07-28
2886463378,84279,2023-12-24 19:31:51,2023-12-24 19:54:51,23.0,2.15,Significantly Delayed,Traffic,23.0,False,2023-12-24
1823348306,67696,2023-06-27 10:08:08,2023-06-27 10:07:08,-1.0,2.12,On Time,,-1.0,True,2023-06-27
8706556166,62877,2024-09-11 23:27:11,2024-09-11 23:38:11,11.0,2.42,Slightly Delayed,Traffic,11.0,False,2024-09-11
5139433840,51831,2023-05-25 21:02:40,2023-05-25 21:05:40,3.0,0.67,On Time,Traffic,3.0,False,2023-05-25
769731596,68989,2024-10-10 06:55:41,2024-10-10 06:59:41,4.0,1.87,On Time,Traffic,4.0,False,2024-10-10
1346090496,12853,2023-08-18 08:03:46,2023-08-18 08:08:46,5.0,2.76,On Time,Traffic,5.0,False,2023-08-18
9339629293,84873,2023-05-28 02:45:58,2023-05-28 02:56:58,11.0,3.68,Slightly Delayed,Traffic,11.0,False,2023-05-28
3043993017,17792,2023-11-25 00:51:58,2023-11-25 01:00:58,9.0,4.14,Slightly Delayed,Traffic,9.0,False,2023-11-25
274863669,28216,2024-04-11 17:50:35,2024-04-11 17:48:35,-2.0,3.0,On Time,,-2.0,True,2024-04-11
3736611791,74097,2024-10-05 08:05:45,2024-10-05 08:01:45,-4.0,4.97,On Time,,-4.0,True,2024-10-05
9628875555,41405,2024-03-09 04:09:13,2024-03-09 04:07:13,-2.0,4.05,On Time,,-2.0,True,2024-03-09
6367306297,66042,2023-09-25 11:33:00,2023-09-25 11:29:00,-4.0,3.58,On Time,,-4.0,True,2023-09-25
4393113152,65563,2024-06-02 08:24:47,2024-06-02 08:39:47,15.0,3.86,Slightly Delayed,Traffic,15.0,False,2024-06-02
1239928207,32011,2023-09-11 00:47:13,2023-09-11 00:46:13,-1.0,3.82,On Time,,-1.0,True,2023-09-11
5473002872,32746,2024-07-07 16:53:05,2024-07-07 16:51:05,-2.0,2.29,On Time,,-2.0,True,2024-07-07
6536847919,94795,2023-06-10 19:48:51,2023-06-10 19:48:51,0.0,3.79,On Time,,0.0,True,2023-06-10
5480709564,12013,2023-12-16 23:20:42,2023-12-16 23:17:42,-3.0,3.07,On Time,,-3.0,True,2023-12-16
1393100618,29783,2024-09-25 01:47:46,2024-09-25 01:44:46,-3.0,4.83,On Time,,-3.0,True,2024-09-25
6999330116,52664,2023-04-13 00:24:06,2023-04-13 00:47:06,23.0,3.9,Significantly Delayed,Traffic,23.0,False,2023-04-13
7816842690,65271,2023-08-01 19:31:42,2023-08-01 19:34:42,3.0,3.39,On Time,Traffic,3.0,False,2023-08-01
3186586558,65286,2024-02-21 14:09:40,2024-02-21 14:08:40,-1.0,4.78,On Time,,-1.0,True,2024-02-21
7927955136,68889,2023-08-28 00:07:24,2023-08-28 00:07:24,0.0,4.64,On Time,,0.0,True,2023-08-28
3518172697,30283,2023-05-13 19:37:59,2023-05-13 19:33:59,-4.0,3.73,On Time,,-4.0,True,2023-05-13
4557188271,95152,2024-05-16 06:49:40,2024-05-16 06:53:40,4.0,0.79,On Time,Traffic,4.0,False,2024-05-16
2893244627,27027,2024-10-10 18:28:29,2024-10-10 18:39:29,11.0,4.59,Slightly Delayed,Traffic,11.0,False,2024-10-10
1996683408,88615,2024-01-30 23:40:16,2024-01-30 23:53:16,13.0,3.25,Slightly Delayed,Traffic,13.0,False,2024-01-30
1673794089,8299,2024-02-06 16:24:43,2024-02-06 16:19:43,-5.0,3.1,On Time,,-5.0,True,2024-02-06
9931161723,71373,2023-07-12 20:16:22,2023-07-12 20:13:22,-3.0,1.7,On Time,,-3.0,True,2023-07-12
856799416,9261,2023-09-10 15:03:09,2023-09-10 15:05:09,2.0,2.31,On Time,Traffic,2.0,False,2023-09-10
6668508959,28017,2024-08-31 19:40:35,2024-08-31 19:36:35,-4.0,3.98,On Time,,-4.0,True,2024-08-31
4914874727,87545,2023-06-13 19:47:13,2023-06-13 19:50:13,3.0,3.99,On Time,Traffic,3.0,False,2023-06-13
7869104895,40351,2023-10-01 21:42:39,2023-10-01 21:41:39,-1.0,4.36,On Time,,-1.0,True,2023-10-01
5094989752,58224,2024-06-01 12:28:08,2024-06-01 12:32:08,4.0,3.05,On Time,Traffic,4.0,False,2024-06-01
4305377896,98259,2024-08-08 00:45:16,2024-08-08 01:10:16,25.0,3.68,Significantly Delayed,Traffic,25.0,False,2024-08-08
7017136473,97218,2024-03-11 20:32:32,2024-03-11 20:28:32,-4.0,3.48,On Time,,-4.0,True,2024-03-11
3303209513,51536,2024-03-09 03:58:10,2024-03-09 03:53:10,-5.0,1.82,On Time,,-5.0,True,2024-03-09
8607953669,43374,2023-06-10 10:53:47,2023-06-10 10:50:47,-3.0,0.92,On Time,,-3.0,True,2023-06-10
1940918101,36605,2023-10-03 18:47:51,2023-10-03 18:42:51,-5.0,2.6,On Time,,-5.0,True,2023-10-03
6494615659,98218,2023-11-19 19:02:56,2023-11-19 19:15:56,13.0,2.58,Slightly Delayed,Traffic,13.0,False,2023-11-19
4280890409,14063,2024-10-30 14:52:42,2024-10-30 14:56:42,4.0,4.99,On Time,Traffic,4.0,False,2024-10-30
7598489331,15197,2024-07-20 16:08:26,2024-07-20 16:15:26,7.0,1.57,Slightly Delayed,Traffic,7.0,False,2024-07-20
8755280486,88931,2024-07-30 17:45:23,2024-07-30 17:52:23,7.0,2.04,Slightly Delayed,Traffic,7.0,False,2024-07-30
8281093933,49094,2024-02-18 14:00:29,2024-02-18 13:55:29,-5.0,4.31,On Time,,-5.0,True,2024-02-18
7415765726,80897,2023-08-05 09:36:31,2023-08-05 09:51:31,15.0,4.38,Slightly Delayed,Traffic,15.0,False,2023-08-05
6266072804,53113,2024-06-23 06:35:02,2024-06-23 06:39:02,4.0,1.93,On Time,Traffic,4.0,False,2024-06-23
1542448934,43749,2023-10-13 08:40:43,2023-10-13 08:39:43,-1.0,2.36,On Time,,-1.0,True,2023-10-13
2896979776,61426,2023-05-24 06:01:25,2023-05-24 05:57:25,-4.0,4.68,On Time,,-4.0,True,2023-05-24
169867835,73090,2023-08-16 22:39:20,2023-08-16 22:37:20,-2.0,2.09,On Time,,-2.0,True,2023-08-16
9493456526,32972,2023-04-02 07:25:05,2023-04-02 07:22:05,-3.0,3.86,On Time,,-3.0,True,2023-04-02
9423261830,65046,2023-08-24 06:36:57,2023-08-24 06:39:57,3.0,0.75,On Time,Traffic,3.0,False,2023-08-24
5793453795,52204,2024-04-13 02:43:42,2024-04-13 02:48:42,5.0,3.36,On Time,Traffic,5.0,False,2024-04-13
2141680269,87339,2024-10-25 02:20:26,2024-10-25 02:23:26,3.0,4.35,On Time,Traffic,3.0,False,2024-10-25
6457122136,18328,2023-05-19 07:54:24,2023-05-19 08:19:24,25.0,1.9,Significantly Delayed,Traffic,25.0,False,2023-05-19
8447536518,60151,2023-12-21 00:03:02,2023-12-21 00:08:02,5.0,3.83,On Time,Traffic,5.0,False,2023-12-21
3191672889,74528,2024-07-07 18:02:59,2024-07-07 18:03:59,1.0,2.17,On Time,Traffic,1.0,False,2024-07-07
2521995712,80597,2023-08-21 01:59:10,2023-08-21 01:57:10,-2.0,4.53,On Time,,-2.0,True,2023-08-21
8194578267,18189,2023-10-11 14:06:45,2023-10-11 14:10:45,4.0,4.82,On Time,Traffic,4.0,False,2023-10-11
2811341619,57713,2024-05-24 20:27:58,2024-05-24 20:30:58,3.0,1.75,On Time,Traffic,3.0,False,2024-05-24
5562576298,77071,2023-11-08 13:41:27,2023-11-08 13:48:27,7.0,3.4,Slightly Delayed,Traffic,7.0,False,2023-11-08
7446009755,72606,2023-06-15 21:08:56,2023-06-15 21:19:56,11.0,4.92,Slightly Delayed,Traffic,11.0,False,2023-06-15
7343262659,84731,2023-04-07 06:46:05,2023-04-07 06:49:05,3.0,3.25,On Time,Traffic,3.0,False,2023-04-07
7147677361,85980,2024-07-12 10:09:18,2024-07-12 10:09:18,0.0,4.23,On Time,,0.0,True,2024-07-12
8732072897,81555,2023-06-14 10:48:11,2023-06-14 10:53:11,5.0,0.58,On Time,Traffic,5.0,False,2023-06-14
6418604551,53773,2023-07-25 19:41:47,2023-07-25 19:36:47,-5.0,2.03,On Time,,-5.0,True,2023-07-25
4989511905,13120,2023-04-03 01:07:43,2023-04-03 01:06:43,-1.0,5.0,On Time,,-1.0,True,2023-04-03
2520527893,59389,2024-10-02 01:53:34,2024-10-02 02:10:34,17.0,1.14,Significantly Delayed,Traffic,17.0,False,2024-10-02
4753989820,25584,2023-10-06 20:08:59,2023-10-06 20:08:59,0.0,3.16,On Time,,0.0,True,2023-10-06
8285547588,15091,2024-01-02 23:27:51,2024-01-02 23:32:51,5.0,2.86,On Time,Traffic,5.0,False,2024-01-02
5824924668,22803,2023-11-19 17:24:48,2023-11-19 17:25:48,1.0,1.97,On Time,Traffic,1.0,False,2023-11-19
7703854141,53317,2024-05-13 17:18:31,2024-05-13 17:14:31,-4.0,3.6,On Time,,-4.0,True,2024-05-13
7380361209,84748,2023-06-27 10:48:07,2023-06-27 10:44:07,-4.0,0.61,On Time,,-4.0,True,2023-06-27
5053033745,39933,2024-04-09 13:59:30,2024-04-09 13:59:30,0.0,1.31,On Time,,0.0,True,2024-04-09
4859489972,14184,2023-07-15 17:42:59,2023-07-15 17:40:59,-2.0,3.04,On Time,,-2.0,True,2023-07-15
9690396315,21543,2024-09-29 11:19:50,2024-09-29 11:15:50,-4.0,3.24,On Time,,-4.0,True,2024-09-29
448732557,18718,2023-12-01 00:00:28,2023-11-30 23:58:28,-2.0,3.93,On Time,,-2.0,True,2023-11-30
4927306668,69647,2023-06-08 23:32:25,2023-06-08 23:30:25,-2.0,1.12,On Time,,-2.0,True,2023-06-08
1669690997,90914,2023-12-25 16:05:20,2023-12-25 16:10:20,5.0,1.86,On Time,Traffic,5.0,False,2023-12-25
8340761903,27952,2023-11-27 09:38:43,2023-11-27 09:36:43,-2.0,3.31,On Time,,-2.0,True,2023-11-27
5936301790,9590,2024-06-21 19:23:09,2024-06-21 19:26:09,3.0,2.44,On Time,Traffic,3.0,False,2024-06-21
5710579377,29940,2024-06-06 15:12:13,2024-06-06 15:10:13,-2.0,1.76,On Time,,-2.0,True,2024-06-06
2494813730,32851,2023-08-23 12:20:18,2023-08-23 12:21:18,1.0,2.7,On Time,Traffic,1.0,False,2023-08-23
