campaign_id,campaign_name,date,target_audience,channel,impressions,clicks,conversions,spend,revenue_generated,roas,ctr,conversion_rate,roas_calc
548299,New User Discount,2024-11-05,Premium,App,3130,163,78,1431.85,4777.75,3.6,0.05207667731629393,0.4785276073619632,3.3367671194608377
390914,Weekend Special,2024-11-05,Inactive,App,3925,494,45,4506.34,6238.11,2.98,0.12585987261146497,0.09109311740890688,1.384296346924555
834385,Festival Offer,2024-11-05,Inactive,Email,7012,370,78,4524.23,2621.0,2.95,0.05276668568168853,0.21081081081081082,0.5793251006248578
241523,Flash Sale,2024-11-05,Inactive,SMS,1115,579,86,3622.79,2955.0,2.84,0.5192825112107623,0.14853195164075994,0.8156696910392267
595111,Membership Drive,2024-11-05,New Users,Email,7172,795,54,2888.99,8951.81,2.22,0.11084774121583937,0.06792452830188679,3.098595010713087
176344,Category Promotion,2024-11-05,Inactive,App,4333,421,40,2714.78,6697.88,3.89,0.09716132010154627,0.09501187648456057,2.467190711586206
875646,App Push Notification,2024-11-05,Premium,Email,4752,937,21,3584.76,9152.99,2.14,0.19718013468013468,0.022411953041622197,2.553306218547406
5516,Email Campaign,2024-11-05,Premium,Social Media,1559,418,68,1457.88,2156.09,3.92,0.268120590121873,0.16267942583732056,1.4789214475814196
989534,Referral Program,2024-11-05,New Users,SMS,3838,911,45,4808.64,8074.17,1.7,0.23736321000521104,0.04939626783754116,1.6790963765222597
243346,New User Discount,2024-11-04,Inactive,SMS,6289,834,14,3746.35,4474.02,2.56,0.1326124980124026,0.016786570743405275,1.1942343881377875
775791,Weekend Special,2024-11-04,Inactive,App,1068,496,87,1043.7,9535.85,3.15,0.46441947565543074,0.17540322580645162,9.136581393120629
178345,Festival Offer,2024-11-04,Inactive,Social Media,4229,914,84,1370.63,3521.16,1.65,0.2161267439110901,0.09190371991247265,2.5690084121900143
60966,Flash Sale,2024-11-04,Inactive,App,2712,161,89,4870.23,2626.78,2.03,0.05936578171091445,0.5527950310559007,0.5393544042067829
209071,Membership Drive,2024-11-04,New Users,Social Media,9365,753,53,3817.01,7072.56,1.55,0.0804057661505606,0.0703851261620186,1.8529058084731242
712164,Category Promotion,2024-11-04,All,App,4813,321,88,2512.51,6494.09,2.55,0.06669436941616455,0.27414330218068533,2.584702150439202
301304,App Push Notification,2024-11-04,Inactive,Social Media,8840,466,24,1776.92,5356.59,3.17,0.05271493212669683,0.05150214592274678,3.0145363888075996
755362,Email Campaign,2024-11-04,Inactive,App,7409,949,99,1599.21,7907.75,1.93,0.12808746119584288,0.10432033719704953,4.94478523771112
362255,Referral Program,2024-11-04,Premium,SMS,1997,599,92,3328.47,2278.39,3.09,0.299949924887331,0.15358931552587646,0.6845157084185827
538453,New User Discount,2024-11-03,New Users,Social Media,9594,692,58,3712.46,2591.79,3.01,0.07212841359182823,0.0838150289017341,0.69813277449454
146888,Weekend Special,2024-11-03,New Users,Email,8974,799,64,4907.38,9623.97,2.36,0.0890349899710274,0.08010012515644556,1.9611218206048846
36202,Festival Offer,2024-11-03,New Users,Email,7102,858,53,1454.23,8523.27,2.87,0.12081103914390312,0.06177156177156177,5.861019233546275
232494,Flash Sale,2024-11-03,All,Social Media,9487,109,54,1364.19,5855.87,1.61,0.011489406556340256,0.4954128440366973,4.292561886540731
757108,Membership Drive,2024-11-03,Inactive,Email,5922,258,41,1815.23,9798.33,2.73,0.04356636271529889,0.15891472868217055,5.397844901197093
294530,Category Promotion,2024-11-03,All,App,4630,860,76,4337.91,3326.76,1.86,0.1857451403887689,0.08837209302325581,0.7669038776738107
627085,App Push Notification,2024-11-03,All,Email,6291,130,66,4644.01,2649.48,3.23,0.020664441265299635,0.5076923076923077,0.5705155673652726
954798,Email Campaign,2024-11-03,All,Email,6347,737,100,2352.91,5816.29,3.0,0.11611785095320624,0.13568521031207598,2.4719560034170454
675313,Referral Program,2024-11-03,New Users,Email,2465,560,60,4857.36,2528.08,1.62,0.22718052738336714,0.10714285714285714,0.5204637910305187
588949,New User Discount,2024-11-02,Premium,App,7171,211,22,3120.88,8989.36,3.51,0.029424069167480128,0.10426540284360189,2.8803927097485325
137874,Weekend Special,2024-11-02,All,App,6082,497,59,1897.04,3654.1,1.95,0.08171654061164091,0.11871227364185111,1.926211360856914
674904,Festival Offer,2024-11-02,New Users,Social Media,3297,613,19,3819.45,2007.51,3.75,0.1859265999393388,0.03099510603588907,0.5256018536700311
783220,Flash Sale,2024-11-02,Inactive,App,5550,633,12,1947.14,3460.9,2.75,0.11405405405405405,0.018957345971563982,1.7774274063498259
877083,Membership Drive,2024-11-02,Premium,SMS,3446,155,51,3415.84,8018.45,3.18,0.04497968659315148,0.32903225806451614,2.3474313785189
228966,Category Promotion,2024-11-02,Premium,SMS,8998,632,55,4905.7,8801.61,3.79,0.07023783062902868,0.08702531645569621,1.794159854862711
531307,App Push Notification,2024-11-02,All,App,7562,975,73,2298.76,7097.94,1.8,0.12893414440624174,0.07487179487179488,3.0877255563869213
51098,Email Campaign,2024-11-02,New Users,SMS,1423,802,40,1818.73,4672.26,3.83,0.5635980323260716,0.04987531172069826,2.568968456010513
501568,Referral Program,2024-11-02,Premium,Email,7215,508,25,2202.62,3845.1,1.84,0.07040887040887041,0.04921259842519685,1.7456937646984048
703072,New User Discount,2024-11-01,All,App,4360,724,38,1905.02,4231.84,3.01,0.16605504587155964,0.052486187845303865,2.221414998267735
978279,Weekend Special,2024-11-01,All,Email,9713,686,94,2062.29,9160.3,3.06,0.07062699474930506,0.13702623906705538,4.441809832758729
350042,Festival Offer,2024-11-01,All,Email,5538,362,51,2486.88,9687.96,2.2,0.0653665583243048,0.1408839779005525,3.895628257093225
675128,Flash Sale,2024-11-01,New Users,App,8141,828,37,4123.86,3539.73,2.47,0.10170740695246284,0.04468599033816425,0.8583535813533922
439725,Membership Drive,2024-11-01,Inactive,SMS,4249,945,87,1330.62,3115.55,3.59,0.22240527182866557,0.09206349206349207,2.3414273045647898
39545,Category Promotion,2024-11-01,All,SMS,1489,317,95,2527.82,9966.89,3.03,0.21289456010745467,0.2996845425867508,3.942879635417078
473315,App Push Notification,2024-11-01,New Users,Email,5817,987,53,4371.4,5119.87,2.07,0.16967509025270758,0.05369807497467072,1.171219746534291
789925,Email Campaign,2024-11-01,Inactive,Email,9893,751,88,3569.0,6649.77,2.23,0.0759122611947842,0.11717709720372836,1.863202577752872
249657,Referral Program,2024-11-01,All,Email,6898,977,15,4874.26,3343.94,2.82,0.1416352565961148,0.015353121801432957,0.6860405476933934
795261,New User Discount,2024-10-31,New Users,Email,7876,977,73,1813.53,6438.12,3.73,0.12404773996952768,0.07471852610030706,3.5500487998544275
601445,Weekend Special,2024-10-31,Inactive,SMS,5624,386,70,3572.92,5202.67,1.96,0.06863442389758179,0.18134715025906736,1.4561395161380608
830587,Festival Offer,2024-10-31,Inactive,App,1081,662,47,2001.9,3301.92,3.52,0.6123959296947271,0.07099697885196375,1.6493930765772515
706750,Flash Sale,2024-10-31,Premium,App,4511,338,27,1645.66,2073.23,2.57,0.07492795389048991,0.07988165680473373,1.2598167300657486
584256,Membership Drive,2024-10-31,Inactive,SMS,1810,750,44,1279.23,5722.42,2.73,0.4143646408839779,0.058666666666666666,4.473331613548775
886076,Category Promotion,2024-10-31,Premium,SMS,3930,591,25,4678.74,5102.75,1.78,0.150381679389313,0.04230118443316413,1.090624826342135
855895,App Push Notification,2024-10-31,Premium,Email,8796,873,86,2339.85,3999.7,2.98,0.09924965893587995,0.09851088201603665,1.709383080111973
514715,Email Campaign,2024-10-31,New Users,App,2341,369,38,2721.86,2480.73,3.48,0.15762494660401538,0.10298102981029811,0.9114098447385244
741376,Referral Program,2024-10-31,Premium,Email,9694,799,32,3162.72,8424.83,2.48,0.0824221167732618,0.04005006257822278,2.6637925583042446
347837,New User Discount,2024-10-30,All,Email,8433,551,97,2510.51,7701.36,3.8,0.06533855093086684,0.17604355716878403,3.0676476094498724
358482,Weekend Special,2024-10-30,New Users,App,4788,628,76,2603.2,2979.58,3.95,0.1311612364243943,0.12101910828025478,1.1445835894283958
510301,Festival Offer,2024-10-30,All,App,5744,207,47,1966.98,3566.39,2.67,0.03603760445682451,0.22705314009661837,1.813129772544713
258760,Flash Sale,2024-10-30,New Users,App,4130,779,89,1741.85,5487.39,1.56,0.18861985472154963,0.11424903722721438,3.150322932514281
678723,Membership Drive,2024-10-30,Inactive,SMS,7316,950,54,1650.8,5407.95,2.13,0.1298523783488245,0.056842105263157895,3.2759571117034163
490727,Category Promotion,2024-10-30,Premium,SMS,7583,501,30,4937.7,8031.55,1.93,0.0660688381906897,0.059880239520958084,1.6265771513052636
378426,App Push Notification,2024-10-30,Premium,App,2155,719,70,2233.21,6322.5,3.82,0.3336426914153132,0.09735744089012517,2.8311264950452486
158279,Email Campaign,2024-10-30,New Users,Email,3245,443,30,1970.09,8773.38,3.74,0.13651771956856704,0.06772009029345373,4.453288936038454
57394,Referral Program,2024-10-30,All,App,3328,377,75,3212.25,3778.57,1.74,0.11328125,0.1989389920424403,1.1763001011751888
633088,New User Discount,2024-10-29,Premium,Email,3832,930,26,2133.42,3655.75,2.51,0.24269311064718163,0.02795698924731183,1.7135631989950408
827451,Weekend Special,2024-10-29,All,SMS,6494,422,30,2744.72,4665.13,3.49,0.06498306128734216,0.07109004739336493,1.6996742837156433
221166,Festival Offer,2024-10-29,New Users,Email,2851,712,99,1415.72,7808.19,3.09,0.24973693440897932,0.13904494382022473,5.515349080326618
581436,Flash Sale,2024-10-29,Premium,App,2489,543,54,1101.24,8701.2,3.65,0.21815990357573323,0.09944751381215469,7.901274926446551
399972,Membership Drive,2024-10-29,All,Email,5187,741,58,1185.35,2169.17,3.73,0.14285714285714285,0.07827260458839407,1.8299827055300124
467912,Category Promotion,2024-10-29,All,SMS,3949,486,87,4568.63,9613.16,1.87,0.12306913142567738,0.17901234567901234,2.1041668946708314
928724,App Push Notification,2024-10-29,New Users,Email,8668,660,36,3904.68,2757.27,3.05,0.07614213197969544,0.05454545454545454,0.7061449337717816
639165,Email Campaign,2024-10-29,Inactive,SMS,1771,226,98,2154.4,8055.52,1.74,0.12761151891586675,0.4336283185840708,3.7391013739324173
270413,Referral Program,2024-10-29,All,Email,1377,278,43,2165.16,4371.9,3.85,0.2018881626724764,0.15467625899280577,2.019204123482791
652845,New User Discount,2024-10-28,All,SMS,4258,162,45,2098.74,8237.05,2.49,0.0380460310004697,0.2777777777777778,3.924759617675367
159675,Weekend Special,2024-10-28,Inactive,Email,2239,183,85,1183.89,9661.81,3.17,0.08173291648057168,0.4644808743169399,8.16107070758263
89176,Festival Offer,2024-10-28,All,SMS,1666,508,20,3586.46,3395.18,3.25,0.304921968787515,0.03937007874015748,0.946666071836853
294030,Flash Sale,2024-10-28,Inactive,App,1679,965,57,1452.05,6109.1,3.05,0.574746873138773,0.05906735751295337,4.207224269136738
448860,Membership Drive,2024-10-28,New Users,Email,2775,396,33,4290.98,8723.84,2.1,0.14270270270270272,0.08333333333333333,2.033064707828981
618403,Category Promotion,2024-10-28,Inactive,App,1153,198,99,3455.94,4935.65,1.84,0.1717259323503903,0.5,1.428164262111032
795975,App Push Notification,2024-10-28,Inactive,SMS,6100,642,66,3409.53,9276.19,2.56,0.10524590163934426,0.102803738317757,2.720665311641194
453312,Email Campaign,2024-10-28,New Users,App,1618,301,32,3165.37,7731.79,2.61,0.18603213844252164,0.10631229235880399,2.442618082562228
468423,Referral Program,2024-10-28,New Users,Email,1927,298,96,2617.58,9553.44,3.03,0.15464452516865596,0.3221476510067114,3.64972226254785
359366,New User Discount,2024-10-27,All,Email,1685,999,46,1055.61,4223.44,1.55,0.5928783382789318,0.04604604604604605,4.000947319559307
69903,Weekend Special,2024-10-27,Inactive,App,1085,706,41,4118.41,3837.05,2.72,0.6506912442396313,0.05807365439093484,0.9316823725661117
613932,Festival Offer,2024-10-27,Premium,App,4726,709,59,3577.71,3104.01,1.94,0.15002115954295386,0.08321579689703808,0.8675968706239466
992886,Flash Sale,2024-10-27,Premium,Email,9194,537,42,2925.63,3760.51,1.66,0.05840765716771808,0.0782122905027933,1.2853675960391437
380809,Membership Drive,2024-10-27,Inactive,Email,3122,496,84,2365.57,2572.69,3.47,0.15887251761691223,0.1693548387096774,1.0875560647116762
509178,Category Promotion,2024-10-27,Premium,Social Media,6487,644,48,3457.17,2472.34,1.62,0.09927547402497303,0.07453416149068323,0.7151340547326281
794495,App Push Notification,2024-10-27,New Users,App,3049,634,58,2093.96,7406.66,2.9,0.20793702853394555,0.0914826498422713,3.5371544824160916
880379,Email Campaign,2024-10-27,All,App,2399,335,41,4785.81,9369.74,2.39,0.13964151729887453,0.12238805970149254,1.9578169630637237
561555,Referral Program,2024-10-27,All,Social Media,4881,102,89,4549.44,8205.53,1.93,0.02089735709895513,0.8725490196078431,1.803635172680594
530223,New User Discount,2024-10-26,Inactive,App,8865,176,27,1137.88,6799.15,2.54,0.01985335589396503,0.1534090909090909,5.975278588251836
495008,Weekend Special,2024-10-26,Premium,SMS,7698,120,100,4992.5,3353.4,2.3,0.01558846453624318,0.8333333333333334,0.6716875312969455
565307,Festival Offer,2024-10-26,Premium,SMS,1600,241,72,4917.53,7945.34,1.82,0.150625,0.2987551867219917,1.6157176468674315
842270,Flash Sale,2024-10-26,Inactive,SMS,9800,758,53,3310.25,8683.82,2.47,0.0773469387755102,0.06992084432717678,2.6233124386375652
737765,Membership Drive,2024-10-26,New Users,SMS,9214,909,48,3400.97,9608.9,3.65,0.09865422183633601,0.052805280528052806,2.8253410056542694
521471,Category Promotion,2024-10-26,All,SMS,2315,704,100,4403.4,9400.79,3.16,0.3041036717062635,0.14204545454545456,2.1348934913930147
42263,App Push Notification,2024-10-26,Inactive,Email,1723,258,81,1558.93,8570.27,2.02,0.1497388276262333,0.313953488372093,5.4975335646886005
664981,Email Campaign,2024-10-26,New Users,Social Media,1002,705,63,3599.79,4311.79,4.0,0.7035928143712575,0.08936170212765958,1.1977893154878478
887586,Referral Program,2024-10-26,Inactive,Social Media,3797,149,50,3393.94,6539.92,3.45,0.03924150645246247,0.33557046979865773,1.9269403701892196
408371,New User Discount,2024-10-25,New Users,App,7239,579,61,4575.26,6288.51,3.88,0.079983423124741,0.10535405872193437,1.3744595935531532
993186,Weekend Special,2024-10-25,Premium,Email,2258,513,75,2383.71,5454.96,2.39,0.22719220549158547,0.14619883040935672,2.2884327372037707
762331,Festival Offer,2024-10-25,Inactive,App,5882,577,19,4474.48,4596.52,2.79,0.09809588575314519,0.03292894280762565,1.027274677727915
209173,Flash Sale,2024-10-25,Premium,Email,8130,137,18,1715.46,9959.51,2.33,0.016851168511685118,0.13138686131386862,5.805737236659555
903905,Membership Drive,2024-10-25,Inactive,App,6268,973,15,3117.62,8722.31,2.13,0.15523292916400766,0.015416238437821172,2.797746357798577
668975,Category Promotion,2024-10-25,New Users,App,5437,972,80,4583.85,7105.69,1.59,0.17877505977561156,0.0823045267489712,1.5501576185957218
680570,App Push Notification,2024-10-25,Inactive,Email,7010,202,34,1599.34,7806.21,2.99,0.028815977175463622,0.16831683168316833,4.88089461903035
192501,Email Campaign,2024-10-25,Inactive,Email,4970,343,53,1947.23,9461.87,3.41,0.06901408450704226,0.15451895043731778,4.859143501281308
982430,Referral Program,2024-10-25,Premium,Email,5429,795,82,2842.37,4914.0,2.81,0.14643580769939216,0.10314465408805032,1.7288389618522573
698056,New User Discount,2024-10-24,All,App,3144,877,18,3704.05,3732.06,2.59,0.2789440203562341,0.020524515393386546,1.0075619929536588
941069,Weekend Special,2024-10-24,New Users,Social Media,5133,389,70,2318.95,4311.21,2.18,0.07578414182739139,0.17994858611825193,1.8591215852001985
602540,Festival Offer,2024-10-24,Inactive,App,6569,620,64,3218.48,2901.45,2.69,0.09438270665245851,0.1032258064516129,0.9014969799408415
575585,Flash Sale,2024-10-24,Inactive,App,8501,258,57,2437.64,8650.4,2.45,0.030349370662275027,0.22093023255813954,3.5486782297632136
552893,Membership Drive,2024-10-24,Inactive,Social Media,9012,259,38,1598.76,2093.56,2.33,0.028739458499778072,0.14671814671814673,1.309489854637344
882671,Category Promotion,2024-10-24,Inactive,Email,7685,540,47,2199.05,4937.69,1.83,0.07026675341574495,0.08703703703703704,2.2453741388326773
729422,App Push Notification,2024-10-24,Inactive,Social Media,1753,984,16,4052.53,6151.03,1.59,0.5613234455219623,0.016260162601626018,1.5178246675533553
315890,Email Campaign,2024-10-24,New Users,SMS,7736,953,70,2749.84,5113.71,3.28,0.12319027921406411,0.07345225603357818,1.8596391062752742
242619,Referral Program,2024-10-24,Inactive,Social Media,3112,391,48,4882.83,3755.92,3.74,0.1256426735218509,0.12276214833759591,0.7692096591525817
457841,New User Discount,2024-10-23,New Users,SMS,8261,557,54,2599.3,3748.91,1.63,0.06742525118024452,0.09694793536804308,1.4422767668218366
334424,Weekend Special,2024-10-23,Inactive,SMS,6370,604,70,3516.78,2866.2,3.1,0.09481946624803768,0.11589403973509933,0.8150069097299233
489132,Festival Offer,2024-10-23,New Users,Social Media,4553,469,12,2363.94,6845.16,2.18,0.10300900505161432,0.0255863539445629,2.8956572501840148
554438,Flash Sale,2024-10-23,All,Social Media,7358,367,41,2165.36,2312.68,3.34,0.04987768415330253,0.11171662125340599,1.068034876417778
204191,Membership Drive,2024-10-23,All,Social Media,9385,492,43,1921.19,9824.3,3.58,0.052424080980287696,0.08739837398373984,5.113653516830714
586930,Category Promotion,2024-10-23,Inactive,Social Media,7577,598,15,2804.3,9402.79,3.65,0.07892305661871453,0.02508361204013378,3.352990050993118
814199,App Push Notification,2024-10-23,New Users,SMS,8240,341,50,4191.03,6688.85,2.37,0.04138349514563107,0.1466275659824047,1.5959919160683653
871629,Email Campaign,2024-10-23,All,App,2233,547,27,4199.36,5655.15,3.56,0.24496193461710702,0.04936014625228519,1.3466694924940943
697944,Referral Program,2024-10-23,Inactive,App,4653,188,51,2303.42,4678.46,3.09,0.04040404040404041,0.2712765957446808,2.03109289664933
776669,New User Discount,2024-10-22,Inactive,App,6516,252,34,4332.69,7080.93,3.26,0.03867403314917127,0.1349206349206349,1.63430340042791
845527,Weekend Special,2024-10-22,Inactive,Social Media,9587,810,77,1323.74,3364.59,1.71,0.08448941274642745,0.09506172839506173,2.541730249142581
932133,Festival Offer,2024-10-22,All,Email,6955,317,78,3341.07,5741.39,3.73,0.045578720345075485,0.24605678233438485,1.7184285273879327
130164,Flash Sale,2024-10-22,Premium,Social Media,6347,665,75,3934.71,4725.54,1.63,0.10477390893335434,0.11278195488721804,1.2009881287312152
547470,Membership Drive,2024-10-22,Premium,SMS,9964,465,33,2695.95,3392.76,3.53,0.046668004817342436,0.07096774193548387,1.2584654759917655
530361,Category Promotion,2024-10-22,Inactive,Email,8285,530,29,3909.95,5650.29,2.03,0.06397103198551599,0.05471698113207547,1.4451054361308968
181070,App Push Notification,2024-10-22,Inactive,SMS,7265,110,22,2495.46,8618.53,1.94,0.015141087405368204,0.2,3.4536838899441387
27596,Email Campaign,2024-10-22,Premium,Social Media,2648,898,24,3747.0,7410.91,2.99,0.3391238670694864,0.026726057906458798,1.977824926607953
518109,Referral Program,2024-10-22,Premium,SMS,3803,207,42,1671.16,5232.93,3.47,0.05443071259531949,0.2028985507246377,3.131315972139113
980545,New User Discount,2024-10-21,Premium,SMS,6378,149,31,4974.32,9771.12,1.73,0.023361555346503606,0.2080536912751678,1.964312710078966
963463,Weekend Special,2024-10-21,New Users,Email,8974,479,39,1741.34,7019.71,2.03,0.05337642077111656,0.081419624217119,4.031211595667704
362162,Festival Offer,2024-10-21,Premium,SMS,4976,562,79,1855.65,2736.38,3.13,0.11294212218649517,0.14056939501779359,1.4746207528359334
837030,Flash Sale,2024-10-21,All,SMS,9348,397,30,4546.79,8518.37,3.77,0.04246897732135216,0.07556675062972293,1.873490968353498
533144,Membership Drive,2024-10-21,Inactive,App,7432,627,23,1618.63,8290.49,3.9,0.08436490850376749,0.03668261562998405,5.1219179182394985
942737,Category Promotion,2024-10-21,Premium,SMS,9433,593,61,1670.95,5415.89,1.99,0.06286441217004135,0.10286677908937605,3.2412041054489964
8328,App Push Notification,2024-10-21,All,Email,3212,747,63,3964.61,7024.84,2.44,0.2325653798256538,0.08433734939759036,1.7718867681814856
446559,Email Campaign,2024-10-21,All,Email,4395,786,53,1766.03,4554.83,1.68,0.178839590443686,0.06743002544529263,2.579135122279916
929421,Referral Program,2024-10-21,All,Social Media,7680,829,81,1652.23,2181.47,3.94,0.10794270833333333,0.097708082026538,1.3203185997106939
415106,New User Discount,2024-10-20,All,SMS,5143,930,88,4882.61,2535.36,1.71,0.1808283103247132,0.09462365591397849,0.5192632628860385
38153,Weekend Special,2024-10-20,All,App,7842,559,20,1927.22,8434.35,2.15,0.07128283601122162,0.03577817531305903,4.376433411857494
523833,Festival Offer,2024-10-20,All,SMS,9486,347,43,1686.15,5813.55,3.61,0.03658022348724436,0.1239193083573487,3.447824926607953
170461,Flash Sale,2024-10-20,New Users,SMS,2952,393,38,4037.84,4531.27,3.74,0.133130081300813,0.09669211195928754,1.1222014740554356
109449,Membership Drive,2024-10-20,Premium,App,8414,748,63,2195.8,3019.02,2.4,0.08889945329213216,0.08422459893048129,1.3749066399489933
687130,Category Promotion,2024-10-20,All,Email,4330,822,31,1104.8,6592.8,2.55,0.18983833718244802,0.037712895377128956,5.96741491672701
479853,App Push Notification,2024-10-20,Premium,SMS,6870,227,92,4219.18,4713.09,2.5,0.03304221251819505,0.4052863436123348,1.1170630312051157
683250,Email Campaign,2024-10-20,Inactive,Email,8382,926,37,1921.49,6651.93,2.88,0.11047482701026008,0.03995680345572354,3.4618603271419577
794159,Referral Program,2024-10-20,Inactive,Social Media,3200,998,79,1614.98,4026.68,2.57,0.311875,0.07915831663326653,2.4933311867639225
593428,New User Discount,2024-10-19,New Users,SMS,1554,121,97,2667.73,6000.11,3.88,0.07786357786357787,0.8016528925619835,2.2491444036690367
579105,Weekend Special,2024-10-19,New Users,Social Media,7754,920,41,2335.89,4374.42,3.55,0.11864843951508898,0.04456521739130435,1.8726994849928722
494867,Festival Offer,2024-10-19,New Users,Social Media,4586,977,87,2372.56,3816.48,3.11,0.21303968600087222,0.08904810644831115,1.6085915635431771
972242,Flash Sale,2024-10-19,New Users,App,2553,551,51,4591.88,6236.89,2.52,0.21582452017234627,0.0925589836660617,1.3582432467747416
762572,Membership Drive,2024-10-19,All,Social Media,6285,971,52,3257.45,2757.61,1.98,0.15449482895783612,0.053553038105046344,0.8465548204884189
736483,Category Promotion,2024-10-19,Premium,Email,8086,938,23,4006.13,8109.27,3.31,0.11600296809300024,0.024520255863539446,2.0242153899149553
822872,App Push Notification,2024-10-19,Inactive,SMS,3595,244,72,3807.41,4183.31,2.13,0.0678720445062587,0.29508196721311475,1.0987285319941904
444700,Email Campaign,2024-10-19,New Users,App,3648,917,65,1167.11,9601.21,3.35,0.2513706140350877,0.07088331515812432,8.226482508075502
382659,Referral Program,2024-10-19,Premium,App,6139,355,77,4850.15,5703.32,3.53,0.05782700765597003,0.21690140845070421,1.1759058998175314
911817,New User Discount,2024-10-18,New Users,App,2358,459,76,3039.4,3814.89,1.78,0.1946564885496183,0.1655773420479303,1.2551457524511416
977198,Weekend Special,2024-10-18,Premium,Social Media,1311,828,21,3593.2,8054.46,1.84,0.631578947368421,0.025362318840579712,2.2415841033062454
338461,Festival Offer,2024-10-18,Inactive,App,8837,717,85,2017.25,6910.97,3.49,0.08113613217155143,0.11854951185495119,3.425936299417524
490083,Flash Sale,2024-10-18,New Users,App,8394,490,95,1419.59,2756.89,3.38,0.05837502978317846,0.19387755102040816,1.942032558696525
538898,Membership Drive,2024-10-18,New Users,App,1025,971,57,1872.13,3381.51,3.61,0.9473170731707317,0.05870236869207003,1.806236746379792
570365,Category Promotion,2024-10-18,Inactive,Social Media,5313,591,76,1187.93,7750.31,2.17,0.11123658949745906,0.12859560067681894,6.524214389736769
71028,App Push Notification,2024-10-18,Inactive,App,9195,547,39,3435.03,9024.93,3.14,0.05948885263730288,0.0712979890310786,2.6273220321219903
914119,Email Campaign,2024-10-18,New Users,Email,7683,319,37,4746.76,5034.95,3.8,0.04152023948978264,0.11598746081504702,1.0607129915984796
277306,Referral Program,2024-10-18,Premium,Social Media,2064,390,12,1312.97,4952.09,1.65,0.18895348837209303,0.03076923076923077,3.7716703351942544
992859,New User Discount,2024-10-17,Inactive,SMS,6077,157,29,4324.59,3798.75,3.78,0.02583511601118973,0.18471337579617833,0.8784069703717577
38680,Weekend Special,2024-10-17,Premium,App,6986,769,13,2756.39,3006.93,2.15,0.11007729745204695,0.016905071521456438,1.0908942493623905
627466,Festival Offer,2024-10-17,Inactive,SMS,6475,330,17,3389.57,6934.82,1.94,0.050965250965250966,0.051515151515151514,2.0459291296536137
721480,Flash Sale,2024-10-17,Premium,App,4621,846,89,2010.23,4857.76,2.62,0.18307725600519367,0.10520094562647754,2.4165195027434674
463470,Membership Drive,2024-10-17,Premium,Email,4866,843,10,2036.43,9742.66,1.54,0.17324290998766953,0.011862396204033215,4.784186051079585
611505,Category Promotion,2024-10-17,Inactive,Social Media,7936,927,82,4318.97,7069.93,3.56,0.11680947580645161,0.08845738942826321,1.6369481612514094
978930,App Push Notification,2024-10-17,New Users,SMS,1465,194,75,1536.67,6191.95,3.76,0.13242320819112627,0.3865979381443299,4.029459805944022
408445,Email Campaign,2024-10-17,New Users,App,2312,487,68,2525.56,9208.83,2.82,0.2106401384083045,0.13963039014373715,3.646252712269754
848590,Referral Program,2024-10-17,Inactive,Email,9067,787,93,1057.25,9577.92,3.12,0.08679827947501931,0.1181702668360864,9.059276424686686
942963,New User Discount,2024-10-16,Inactive,Email,3217,359,12,1361.43,8734.81,1.51,0.11159465340379235,0.033426183844011144,6.415908272918916
94992,Weekend Special,2024-10-16,All,App,7529,547,79,4082.14,2765.4,3.46,0.07265241067870899,0.14442413162705667,0.6774387943578614
34191,Festival Offer,2024-10-16,Inactive,Social Media,3138,724,13,1622.33,7683.62,3.58,0.2307202039515615,0.017955801104972375,4.736163419279678
358462,Flash Sale,2024-10-16,Inactive,App,4765,411,60,2277.77,6766.63,3.26,0.08625393494228752,0.145985401459854,2.9707257536976956
511991,Membership Drive,2024-10-16,All,SMS,9683,100,92,2353.78,4471.61,2.95,0.010327377878756584,0.92,1.8997569866342645
234036,Category Promotion,2024-10-16,Inactive,SMS,2176,167,57,4239.19,8603.76,1.62,0.07674632352941177,0.3413173652694611,2.029576404926413
460964,App Push Notification,2024-10-16,All,SMS,5570,150,37,2175.55,2538.18,2.74,0.026929982046678635,0.24666666666666667,1.1666842867320906
562835,Email Campaign,2024-10-16,All,SMS,3914,241,25,3267.78,3558.02,1.95,0.06157383750638733,0.1037344398340249,1.0888187087258014
569002,Referral Program,2024-10-16,Premium,Social Media,5481,759,55,4609.27,3819.5,3.26,0.1384783798576902,0.07246376811594203,0.8286561646421233
686645,New User Discount,2024-10-15,All,Social Media,4109,649,86,2389.82,9766.72,3.23,0.15794597225602336,0.1325115562403698,4.0868015164322
914931,Weekend Special,2024-10-15,New Users,Social Media,5724,877,67,3027.31,3345.95,2.02,0.15321453529000698,0.07639680729760548,1.1052551605220475
843274,Festival Offer,2024-10-15,Premium,Social Media,1034,968,58,4438.6,2588.21,3.86,0.9361702127659575,0.05991735537190083,0.5831140449691343
308911,Flash Sale,2024-10-15,New Users,Social Media,4919,661,63,4818.43,5003.95,2.67,0.1343769058751779,0.09531013615733737,1.0385021677185307
320610,Membership Drive,2024-10-15,All,SMS,5174,376,81,3036.37,4448.69,3.69,0.0726710475454194,0.2154255319148936,1.4651343545088378
487151,Category Promotion,2024-10-15,All,Social Media,3416,685,98,4018.36,2170.94,2.3,0.20052693208430913,0.14306569343065692,0.5402552285011796
390634,App Push Notification,2024-10-15,Premium,Email,8930,361,94,1510.67,4795.86,3.29,0.04042553191489362,0.26038781163434904,3.1746576022559525
411434,Email Campaign,2024-10-15,Inactive,Email,3597,149,48,4273.24,5148.84,2.75,0.04142340839588546,0.3221476510067114,1.2049030712059234
929630,Referral Program,2024-10-15,New Users,Email,3344,810,88,2786.73,7608.13,3.25,0.24222488038277512,0.10864197530864197,2.730128143020673
786085,New User Discount,2024-10-14,New Users,Social Media,9878,792,84,1995.07,5772.9,2.48,0.0801781737193764,0.10606060606060606,2.893582681309428
874058,Weekend Special,2024-10-14,Inactive,App,4890,929,100,3933.1,7013.19,3.75,0.18997955010224948,0.10764262648008611,1.783120185095726
336128,Festival Offer,2024-10-14,Premium,Email,5261,475,32,1902.86,8899.39,1.82,0.09028701767724767,0.06736842105263158,4.676849584309934
957007,Flash Sale,2024-10-14,Premium,Email,7155,454,51,1727.08,5407.31,2.75,0.06345213137665968,0.11233480176211454,3.1308972369548607
148522,Membership Drive,2024-10-14,All,Social Media,7279,693,93,4386.41,9441.08,2.27,0.0952053853551312,0.1341991341991342,2.1523478197432526
479381,Category Promotion,2024-10-14,Premium,Email,5884,689,14,2415.08,3067.78,2.57,0.11709721278042148,0.020319303338171262,1.2702601984199282
197209,App Push Notification,2024-10-14,Premium,SMS,1558,415,49,2979.87,3609.89,2.93,0.2663671373555841,0.1180722891566265,1.211425330635229
391697,Email Campaign,2024-10-14,Inactive,Email,8221,910,13,1357.64,4046.13,2.87,0.11069212991120302,0.014285714285714285,2.9802672284257974
614584,Referral Program,2024-10-14,All,SMS,6749,792,24,4576.84,5500.51,3.45,0.11735071862498148,0.030303030303030304,1.20181391527779
142389,New User Discount,2024-10-13,All,SMS,3365,963,12,3397.73,7077.5,2.86,0.2861812778603269,0.012461059190031152,2.0830083614648602
289397,Weekend Special,2024-10-13,All,App,8092,974,18,1253.01,4088.11,3.03,0.120365793376174,0.018480492813141684,3.26263158314778
171934,Festival Offer,2024-10-13,Premium,SMS,8092,327,52,2546.42,3189.71,2.96,0.04041028175976273,0.15902140672782875,1.2526252542785556
690497,Flash Sale,2024-10-13,All,Email,9841,105,95,4278.17,7796.05,3.51,0.010669647393557566,0.9047619047619048,1.822286164411419
432807,Membership Drive,2024-10-13,New Users,App,7336,160,53,2485.13,3512.87,1.97,0.021810250817884406,0.33125,1.4135558300772997
167425,Category Promotion,2024-10-13,New Users,App,7572,763,87,2233.11,6294.83,2.14,0.10076597992604332,0.11402359108781127,2.8188624832632514
808905,App Push Notification,2024-10-13,New Users,App,6174,472,59,2242.83,6950.51,3.39,0.07644962747003563,0.125,3.0989910068975357
71699,Email Campaign,2024-10-13,Premium,SMS,3743,573,68,3512.16,7812.0,3.02,0.15308576008549293,0.11867364746945899,2.2242722427224275
652119,Referral Program,2024-10-13,New Users,App,8629,951,23,4036.51,9053.65,2.71,0.11020975779348707,0.024185068349106203,2.2429400645607216
618967,New User Discount,2024-10-12,New Users,App,1582,975,96,1487.46,7566.78,3.96,0.6163084702907712,0.09846153846153846,5.087047718930257
284634,Weekend Special,2024-10-12,New Users,App,3803,465,55,1690.55,5220.23,2.0,0.12227189061267421,0.11827956989247312,3.087888556978498
139196,Festival Offer,2024-10-12,All,Email,8047,726,47,2066.11,7037.37,3.56,0.09021995774822915,0.06473829201101929,3.406096480826287
487782,Flash Sale,2024-10-12,New Users,Email,1732,919,93,3754.68,4181.59,2.94,0.5306004618937644,0.10119695321001088,1.113700768108068
33956,Membership Drive,2024-10-12,Inactive,Social Media,9818,161,75,3600.34,7589.85,2.57,0.01639845182318191,0.4658385093167702,2.1080925690351466
907406,Category Promotion,2024-10-12,All,Social Media,6043,814,75,4668.71,4446.99,1.97,0.13470130729769983,0.09213759213759214,0.9525093655420875
313154,App Push Notification,2024-10-12,New Users,Social Media,6666,106,85,4173.34,3090.57,1.84,0.0159015901590159,0.8018867924528302,0.7405507339445144
719685,Email Campaign,2024-10-12,All,SMS,1248,502,17,2981.17,5981.93,3.99,0.40224358974358976,0.03386454183266932,2.0065712455176996
584304,Referral Program,2024-10-12,New Users,Email,7619,727,53,3264.04,7285.68,3.51,0.09541934637091481,0.07290233837689133,2.2321049987132513
14008,New User Discount,2024-10-11,Premium,Social Media,7827,694,82,4438.83,7975.61,3.6,0.08866743324389932,0.11815561959654179,1.7967820349055945
348891,Weekend Special,2024-10-11,New Users,Social Media,9723,160,100,3776.75,5915.34,2.59,0.016455826391031575,0.625,1.566251406632687
153487,Festival Offer,2024-10-11,All,Social Media,2923,886,19,4736.19,7987.64,2.61,0.3031132398221006,0.02144469525959368,1.686511732003995
40613,Flash Sale,2024-10-11,All,App,2551,550,64,4034.21,6741.3,2.4,0.21560172481379852,0.11636363636363636,1.671033486110044
98141,Membership Drive,2024-10-11,Inactive,Email,3858,293,65,2823.22,3763.71,2.45,0.07594608605495075,0.22184300341296928,1.3331267134690177
640280,Category Promotion,2024-10-11,New Users,Social Media,4483,987,78,4604.45,8741.95,2.39,0.22016506803479813,0.0790273556231003,1.8985872362605742
672292,App Push Notification,2024-10-11,Premium,SMS,4928,397,18,4151.88,6046.24,1.59,0.08056006493506493,0.04534005037783375,1.4562655953447594
570197,Email Campaign,2024-10-11,Premium,App,1141,741,30,4295.89,6285.19,2.35,0.64943032427695,0.04048582995951417,1.463070516237613
646308,Referral Program,2024-10-11,Inactive,SMS,6498,716,87,4191.4,3265.99,2.08,0.11018775007694676,0.12150837988826815,0.7792121964021568
504773,New User Discount,2024-10-10,Premium,Social Media,1828,360,66,1481.29,9900.22,2.46,0.19693654266958424,0.18333333333333332,6.683512343970458
581434,Weekend Special,2024-10-10,All,Social Media,4318,859,77,2539.79,3356.92,3.04,0.19893469198703104,0.08963911525029103,1.321731324243343
208884,Festival Offer,2024-10-10,Premium,SMS,8503,257,85,2417.7,7564.77,3.65,0.030224626602375633,0.33073929961089493,3.128911775654548
44861,Flash Sale,2024-10-10,All,SMS,1281,519,64,3766.62,6098.23,3.95,0.405152224824356,0.1233140655105973,1.6190191736888775
267822,Membership Drive,2024-10-10,New Users,Social Media,2427,594,67,4812.47,9136.15,3.65,0.24474660074165636,0.1127946127946128,1.8984326136059029
880055,Category Promotion,2024-10-10,Premium,App,3864,422,77,4521.91,9190.04,2.27,0.10921325051759834,0.18246445497630331,2.0323358934609494
117014,App Push Notification,2024-10-10,Inactive,SMS,7568,537,80,4097.25,6494.2,2.81,0.07095665961945032,0.148975791433892,1.585014338885838
560243,Email Campaign,2024-10-10,All,Social Media,3191,920,54,4674.18,7121.35,2.37,0.28831087433406455,0.058695652173913045,1.523550654874224
270705,Referral Program,2024-10-10,Premium,Social Media,3092,718,72,3281.4,7717.16,1.85,0.23221216041397155,0.10027855153203342,2.35178887060401
991219,New User Discount,2024-10-09,Inactive,App,4131,725,70,1980.81,5404.34,2.18,0.17550229968530623,0.09655172413793103,2.7283485038948716
360358,Weekend Special,2024-10-09,Inactive,Social Media,4112,540,56,1487.4,6296.6,2.01,0.13132295719844359,0.1037037037037037,4.233292994487024
921285,Festival Offer,2024-10-09,Premium,SMS,3891,190,12,1427.62,2167.81,2.22,0.04883063479825238,0.06315789473684211,1.5184783065521639
247209,Flash Sale,2024-10-09,Premium,App,3815,351,46,2246.88,5378.34,3.83,0.09200524246395805,0.13105413105413105,2.393692587054048
700286,Membership Drive,2024-10-09,Inactive,Social Media,8314,462,31,4745.57,8331.49,2.53,0.05556891989415444,0.0670995670995671,1.7556352556173442
681783,Category Promotion,2024-10-09,All,App,6641,997,13,4227.26,4278.97,3.82,0.15012799277217287,0.013039117352056168,1.0122325099473417
99247,App Push Notification,2024-10-09,New Users,App,4091,270,72,1486.72,7910.02,2.01,0.0659985333659252,0.26666666666666666,5.320450387430047
506051,Email Campaign,2024-10-09,All,App,5857,564,84,3662.32,5293.72,2.91,0.09629503158613625,0.14893617021276595,1.4454553397846175
984675,Referral Program,2024-10-09,Premium,Email,6260,630,28,2575.54,9232.77,2.43,0.10063897763578275,0.044444444444444446,3.584789985789388
920182,New User Discount,2024-10-08,Premium,App,8521,263,97,4575.74,8327.76,1.53,0.030864921957516722,0.3688212927756654,1.819981030390713
410349,Weekend Special,2024-10-08,New Users,SMS,4497,774,78,3269.78,7706.28,3.38,0.17211474316210806,0.10077519379844961,2.3568191132125094
480767,Festival Offer,2024-10-08,Premium,SMS,8249,570,76,2213.81,5793.07,2.44,0.06909928476178931,0.13333333333333333,2.616787348507776
704550,Flash Sale,2024-10-08,Inactive,SMS,7088,438,58,2353.7,2416.62,3.01,0.06179458239277652,0.1324200913242009,1.0267323788078344
678289,Membership Drive,2024-10-08,Premium,App,4046,211,27,1630.04,9065.16,1.93,0.052150271873455264,0.12796208530805686,5.561311378861869
227876,Category Promotion,2024-10-08,Premium,Social Media,9786,216,86,2972.28,2731.11,2.4,0.022072348252605765,0.39814814814814814,0.9188602688844927
981243,App Push Notification,2024-10-08,Premium,Email,2812,433,31,4413.07,8772.01,2.52,0.15398293029871976,0.07159353348729793,1.9877341623858222
703756,Email Campaign,2024-10-08,Inactive,SMS,5291,476,10,4082.16,4658.52,3.54,0.08996408996408996,0.02100840336134454,1.1411899582573932
196871,Referral Program,2024-10-08,New Users,Email,5613,857,56,1034.9,8995.1,3.66,0.15268127561019063,0.06534422403733955,8.69175765774471
645197,New User Discount,2024-10-07,All,Email,8029,981,47,4087.75,4305.53,3.19,0.1221820899240254,0.047910295616717634,1.0532762522169896
757353,Weekend Special,2024-10-07,All,Social Media,7518,977,99,2771.88,4162.21,2.35,0.12995477520617185,0.10133060388945753,1.5015837626448474
61497,Festival Offer,2024-10-07,All,SMS,4984,871,38,2497.43,8615.47,3.1,0.17475922953451042,0.04362801377726751,3.449734326888041
79554,Flash Sale,2024-10-07,Premium,App,4202,102,17,2513.73,6299.72,2.53,0.02427415516420752,0.16666666666666666,2.506124364987489
868464,Membership Drive,2024-10-07,New Users,Email,6939,424,55,3927.86,9281.61,2.76,0.061103905461882116,0.12971698113207547,2.363019557723544
476429,Category Promotion,2024-10-07,Premium,SMS,2581,723,33,3518.26,8412.23,2.72,0.28012398295234403,0.04564315352697095,2.3910199928373683
878025,App Push Notification,2024-10-07,All,Email,1081,889,55,1227.18,6710.8,2.55,0.8223866790009251,0.06186726659167604,5.4684724327319545
350110,Email Campaign,2024-10-07,Inactive,SMS,7933,711,24,3857.05,3523.62,2.12,0.08962561452161856,0.03375527426160337,0.9135531040562087
660754,Referral Program,2024-10-07,Premium,Email,5780,741,85,2377.05,4349.01,2.79,0.12820069204152248,0.11470985155195682,1.8295828863507289
719962,New User Discount,2024-10-06,Inactive,App,2358,397,41,1189.46,7674.93,2.91,0.16836301950805768,0.10327455919395466,6.452449010475342
880415,Weekend Special,2024-10-06,Inactive,App,9977,636,41,3025.67,7559.58,2.85,0.06374661721960509,0.06446540880503145,2.4984813281025358
820323,Festival Offer,2024-10-06,All,SMS,2274,820,23,1102.91,7440.51,2.8,0.3605980650835532,0.02804878048780488,6.746253094087459
178021,Flash Sale,2024-10-06,Inactive,Email,4171,561,65,4676.32,2214.84,3.12,0.13450011987532964,0.11586452762923351,0.47362883634995046
983547,Membership Drive,2024-10-06,All,SMS,7939,264,14,1753.8,2660.08,3.48,0.033253558382667844,0.05303030303030303,1.516752195233208
971866,Category Promotion,2024-10-06,New Users,SMS,8760,191,78,4339.28,5537.59,2.24,0.02180365296803653,0.4083769633507853,1.2761541085156987
452929,App Push Notification,2024-10-06,All,Email,3100,710,37,4313.18,7681.84,2.9,0.22903225806451613,0.05211267605633803,1.7810153993109492
772590,Email Campaign,2024-10-06,All,App,7054,838,11,2847.69,4782.03,3.87,0.11879784519421605,0.013126491646778043,1.6792663527280005
175213,Referral Program,2024-10-06,New Users,Email,6788,454,19,4454.21,8202.7,3.54,0.06688273423688863,0.04185022026431718,1.8415611298075305
121986,New User Discount,2024-10-05,New Users,App,5915,556,60,4173.92,6644.74,1.94,0.09399830938292476,0.1079136690647482,1.591966305056158
591904,Weekend Special,2024-10-05,New Users,Social Media,5590,976,70,1106.09,3476.56,2.83,0.17459749552772807,0.07172131147540983,3.1431077037130795
75541,Festival Offer,2024-10-05,Inactive,Social Media,3427,380,34,1833.76,9020.25,1.91,0.11088415523781733,0.08947368421052632,4.918991580141349
185728,Flash Sale,2024-10-05,Inactive,SMS,2108,412,45,4877.23,2501.9,3.27,0.1954459203036053,0.10922330097087378,0.512975602954956
801086,Membership Drive,2024-10-05,All,Social Media,1475,859,84,2772.31,2590.49,3.23,0.5823728813559322,0.09778812572759023,0.9344157038715006
608227,Category Promotion,2024-10-05,New Users,App,6540,801,95,1269.01,6385.74,3.17,0.12247706422018349,0.11860174781523096,5.032064365135026
615865,App Push Notification,2024-10-05,All,Social Media,6166,558,88,3932.73,7898.49,3.1,0.09049626986701265,0.15770609318996415,2.00839874590933
723498,Email Campaign,2024-10-05,Inactive,App,6801,104,32,2500.47,8843.86,2.5,0.015291868842817233,0.3076923076923077,3.5368790667354544
702150,Referral Program,2024-10-05,New Users,SMS,9703,566,61,4213.46,3232.52,1.63,0.05833247449242503,0.10777385159010601,0.7671889610913596
454301,New User Discount,2024-10-04,New Users,Email,5611,206,73,4129.01,7558.84,2.59,0.03671359828907503,0.35436893203883496,1.8306664309362293
609827,Weekend Special,2024-10-04,Premium,App,2256,396,85,4797.55,4184.93,2.45,0.17553191489361702,0.21464646464646464,0.8723056560119228
183687,Festival Offer,2024-10-04,New Users,Email,6759,534,22,2307.54,8842.15,3.35,0.079005770084332,0.04119850187265917,3.8318512355148773
410483,Flash Sale,2024-10-04,New Users,SMS,4886,469,46,2746.41,5753.43,2.6,0.09598853868194843,0.09808102345415778,2.094891148808809
32579,Membership Drive,2024-10-04,Premium,Email,3616,848,27,1841.76,3599.71,2.61,0.2345132743362832,0.031839622641509434,1.954494613847624
592974,Category Promotion,2024-10-04,New Users,App,4701,260,75,4980.88,3506.19,1.92,0.055307381408211016,0.28846153846153844,0.7039298276609756
419190,App Push Notification,2024-10-04,New Users,App,9171,307,32,3036.79,8952.45,1.8,0.033475084505506486,0.10423452768729642,2.9479977212780604
366900,Email Campaign,2024-10-04,Premium,App,2462,122,88,2835.74,9933.1,2.44,0.04955320877335499,0.7213114754098361,3.5028246595244985
831297,Referral Program,2024-10-04,New Users,Email,2449,354,33,1225.24,7402.01,1.75,0.1445487954267048,0.09322033898305085,6.0412735464072345
629614,New User Discount,2024-10-03,Premium,Social Media,5380,763,43,3899.44,8589.47,2.19,0.14182156133828996,0.0563564875491481,2.202744496645672
589617,Weekend Special,2024-10-03,All,SMS,8710,694,90,3191.69,2457.71,2.32,0.07967853042479908,0.12968299711815562,0.7700340571922711
845251,Festival Offer,2024-10-03,Premium,SMS,3296,228,18,2676.04,4240.85,1.86,0.0691747572815534,0.07894736842105263,1.5847483595163003
214319,Flash Sale,2024-10-03,Inactive,App,5160,547,55,4418.48,9870.04,1.6,0.10600775193798449,0.10054844606946983,2.2338089116619293
980989,Membership Drive,2024-10-03,New Users,App,9200,521,19,3255.93,3768.57,2.68,0.05663043478260869,0.036468330134357005,1.1574481023854937
175779,Category Promotion,2024-10-03,Premium,Social Media,3255,612,10,2766.51,9581.99,3.26,0.1880184331797235,0.016339869281045753,3.4635660091595546
161133,App Push Notification,2024-10-03,New Users,Email,6874,869,16,1642.59,3025.99,2.88,0.12641838812918244,0.018411967779056387,1.8422065153203173
282457,Email Campaign,2024-10-03,Inactive,SMS,3373,371,17,2077.07,3507.33,3.57,0.10999110584049808,0.04582210242587601,1.6885949919839003
310121,Referral Program,2024-10-03,All,Email,4041,178,21,3636.84,9487.96,2.4,0.04404850284583024,0.11797752808988764,2.608847241011427
304134,New User Discount,2024-10-02,New Users,SMS,4440,339,26,1426.39,2072.15,3.61,0.07635135135135135,0.07669616519174041,1.4527233084920674
884872,Weekend Special,2024-10-02,New Users,Email,5164,978,89,1058.86,4846.78,3.24,0.18938807126258714,0.09100204498977506,4.577356779933136
408124,Festival Offer,2024-10-02,All,Email,8702,580,58,3045.76,3814.41,1.88,0.06665134451850149,0.1,1.252367225257407
447012,Flash Sale,2024-10-02,Inactive,SMS,1064,821,98,1401.41,8632.02,2.04,0.7716165413533834,0.11936662606577345,6.159525049771302
168686,Membership Drive,2024-10-02,Premium,Email,2133,969,98,3282.05,9841.84,3.24,0.4542897327707454,0.10113519091847266,2.99868679636203
661265,Category Promotion,2024-10-02,All,Social Media,2330,520,63,2342.55,5905.11,1.64,0.22317596566523606,0.12115384615384615,2.5208042517769096
110650,App Push Notification,2024-10-02,Inactive,Social Media,3801,619,18,2145.8,7258.0,3.22,0.1628518810839253,0.029079159935379646,3.3824214745083414
438577,Email Campaign,2024-10-02,Premium,App,8940,135,68,4831.21,3563.69,1.6,0.015100671140939598,0.5037037037037037,0.7376392249560669
525904,Referral Program,2024-10-02,All,Social Media,9387,352,67,1874.97,7563.84,2.55,0.037498668371151594,0.1903409090909091,4.034112545800733
651862,New User Discount,2024-10-01,Premium,Social Media,2586,958,85,4044.28,3524.77,2.05,0.3704563031709203,0.08872651356993737,0.871544502358887
590741,Weekend Special,2024-10-01,All,SMS,5644,504,19,3825.87,5259.59,3.24,0.0892983699503898,0.037698412698412696,1.374743522388372
106256,Festival Offer,2024-10-01,All,Email,1091,717,26,2443.05,7152.13,1.59,0.6571952337305225,0.03626220362622036,2.927541392930967
981856,Flash Sale,2024-10-01,Premium,Social Media,4923,509,99,3284.33,6276.1,2.23,0.10339224050375787,0.1944990176817289,1.910922471249844
379072,Membership Drive,2024-10-01,All,Email,7032,876,21,2002.69,4907.77,2.9,0.12457337883959044,0.023972602739726026,2.4505889578516897
758578,Category Promotion,2024-10-01,Premium,Email,5986,993,71,1932.62,4548.25,3.6,0.1658870698296024,0.07150050352467271,2.353411431114239
96258,App Push Notification,2024-10-01,New Users,Social Media,5379,565,17,3056.0,3520.12,1.65,0.1050381111730805,0.03008849557522124,1.151871727748691
237321,Email Campaign,2024-10-01,All,SMS,8296,989,72,2633.2,4670.64,3.17,0.11921407907425265,0.07280080889787664,1.7737505696490965
120536,Referral Program,2024-10-01,Inactive,Email,8654,642,96,2129.02,5956.14,3.27,0.07418534781603883,0.14953271028037382,2.797597016467671
668849,New User Discount,2024-09-30,New Users,Email,8850,126,17,3664.15,5397.3,1.82,0.01423728813559322,0.1349206349206349,1.4730019240478693
135541,Weekend Special,2024-09-30,Premium,App,8975,766,23,2462.09,3637.45,2.41,0.08534818941504178,0.030026109660574413,1.4773830363634146
735206,Festival Offer,2024-09-30,New Users,App,1798,191,91,4376.28,8283.13,3.26,0.10622914349276974,0.47643979057591623,1.8927330975166121
625277,Flash Sale,2024-09-30,Inactive,SMS,2307,890,95,4844.96,2211.54,2.54,0.3857824013870828,0.10674157303370786,0.45646197285426504
172893,Membership Drive,2024-09-30,Inactive,Social Media,7094,972,64,3221.91,4439.82,3.88,0.13701719763180153,0.06584362139917696,1.3780086967047496
968429,Category Promotion,2024-09-30,Inactive,Social Media,6993,807,80,2023.52,5974.74,2.8,0.1154011154011154,0.09913258983890955,2.9526468727761523
436788,App Push Notification,2024-09-30,All,Social Media,2759,383,91,3820.99,5565.8,2.38,0.1388184124682856,0.23759791122715404,1.456638201094481
97177,Email Campaign,2024-09-30,New Users,App,8317,797,72,2075.05,5413.21,3.49,0.09582782253216304,0.0903387703889586,2.608713043059203
912532,Referral Program,2024-09-30,New Users,SMS,3033,987,66,1050.47,8408.81,2.45,0.3254203758654797,0.0668693009118541,8.004807371938275
430241,New User Discount,2024-09-29,All,SMS,8057,919,64,4241.62,9942.14,1.94,0.11406230606925655,0.06964091403699674,2.3439487742890686
750631,Weekend Special,2024-09-29,New Users,App,9566,424,50,4495.05,2810.25,3.33,0.04432364624712524,0.1179245283018868,0.6251877064771248
762682,Festival Offer,2024-09-29,All,App,3662,667,99,1126.11,4579.55,2.73,0.1821409066084107,0.14842578710644677,4.066698635124456
752622,Flash Sale,2024-09-29,Premium,App,7040,775,31,2463.87,2070.71,2.22,0.11008522727272728,0.04,0.8404298928109032
274506,Membership Drive,2024-09-29,New Users,Social Media,3515,912,32,3594.68,7744.51,1.59,0.2594594594594595,0.03508771929824561,2.1544365562442276
525095,Category Promotion,2024-09-29,Premium,Social Media,5607,860,93,4829.25,6140.48,3.04,0.1533797039415017,0.10813953488372093,1.271518351710928
182644,App Push Notification,2024-09-29,Inactive,Email,1185,780,48,3687.23,9066.61,3.54,0.6582278481012658,0.06153846153846154,2.4589217379984434
545911,Email Campaign,2024-09-29,Premium,Social Media,1981,534,95,4097.54,5047.88,3.58,0.2695608278647148,0.17790262172284643,1.231929401543365
828636,Referral Program,2024-09-29,Inactive,Email,7640,970,94,3022.77,8815.63,1.68,0.12696335078534032,0.09690721649484536,2.9164077981454093
866163,New User Discount,2024-09-28,New Users,Email,7632,497,44,1025.98,9484.1,1.93,0.06512054507337527,0.08853118712273642,9.243942377044387
289833,Weekend Special,2024-09-28,Premium,Email,9251,645,29,4163.77,2735.37,2.61,0.06972219219543833,0.04496124031007752,0.6569455085175213
749333,Festival Offer,2024-09-28,Inactive,App,4121,296,47,4028.86,4825.08,3.5,0.0718272264013589,0.15878378378378377,1.1976291060002084
791619,Flash Sale,2024-09-28,All,SMS,5248,634,99,2125.76,9647.1,3.11,0.12080792682926829,0.15615141955835962,4.5381886948667765
290649,Membership Drive,2024-09-28,Premium,Email,5127,864,93,2805.9,3852.16,1.76,0.16851960210649503,0.1076388888888889,1.372878577283581
729407,Category Promotion,2024-09-28,Inactive,SMS,4155,940,42,2488.64,8059.82,3.57,0.22623345367027678,0.04468085106382979,3.238644400154301
640855,App Push Notification,2024-09-28,New Users,Social Media,1108,936,93,4983.04,3228.67,2.71,0.8447653429602888,0.09935897435897435,0.6479317846134087
879023,Email Campaign,2024-09-28,Premium,Social Media,2275,926,25,3792.48,5671.63,3.74,0.40703296703296704,0.026997840172786176,1.4954937138758808
118971,Referral Program,2024-09-28,All,App,6092,533,95,2085.63,4473.29,1.73,0.08749179251477347,0.17823639774859287,2.144814756212751
336089,New User Discount,2024-09-27,Inactive,Social Media,2220,292,39,3807.42,6822.05,2.45,0.13153153153153152,0.13356164383561644,1.7917776341984861
522446,Weekend Special,2024-09-27,Premium,Email,7869,174,69,2433.89,4314.68,2.55,0.02211208539839878,0.39655172413793105,1.77275061732453
949547,Festival Offer,2024-09-27,Premium,Social Media,8779,315,100,3919.23,7389.26,2.16,0.03588107984964119,0.31746031746031744,1.885385649732218
771122,Flash Sale,2024-09-27,Inactive,App,5602,685,48,2503.68,9057.48,2.94,0.12227775794359158,0.07007299270072993,3.6176667944785277
575873,Membership Drive,2024-09-27,All,Email,8842,230,14,2229.83,4809.04,2.39,0.02601221443112418,0.06086956521739131,2.1566845903050904
390180,Category Promotion,2024-09-27,New Users,App,2419,823,77,4988.39,4884.14,1.57,0.34022323274080196,0.09356014580801944,0.9791014736217497
518789,App Push Notification,2024-09-27,All,SMS,8299,510,34,4629.47,2617.42,3.87,0.061453187130979636,0.06666666666666667,0.5653822143787518
200862,Email Campaign,2024-09-27,Inactive,Email,8770,501,78,4515.94,7063.93,3.63,0.05712656784492588,0.15568862275449102,1.5642214024101297
222562,Referral Program,2024-09-27,New Users,SMS,7188,240,77,2851.2,3571.86,2.89,0.0333889816360601,0.32083333333333336,1.252756734006734
896324,New User Discount,2024-09-26,Premium,SMS,6359,576,35,1066.47,6415.95,3.94,0.09058027991822613,0.06076388888888889,6.016062336493291
557067,Weekend Special,2024-09-26,Premium,Social Media,8414,180,100,1825.36,5457.83,1.8,0.021392916567625386,0.5555555555555556,2.9900019722137006
747205,Festival Offer,2024-09-26,All,App,2853,582,32,4012.49,6437.95,1.75,0.20399579390115669,0.054982817869415807,1.6044775189470877
184157,Flash Sale,2024-09-26,All,SMS,5611,444,77,1389.35,7382.89,3.89,0.07913027980752094,0.17342342342342343,5.313916579695542
653847,Membership Drive,2024-09-26,All,Email,3422,345,92,3307.59,5044.14,2.57,0.10081823495032145,0.26666666666666666,1.5250197273543578
689098,Category Promotion,2024-09-26,All,SMS,2079,897,37,1983.91,7661.04,2.21,0.4314574314574315,0.04124860646599777,3.861586463095604
389968,App Push Notification,2024-09-26,Premium,SMS,1592,987,57,4579.65,8806.03,1.9,0.6199748743718593,0.057750759878419454,1.9228609173190094
67480,Email Campaign,2024-09-26,New Users,App,8019,604,76,2216.38,4921.83,3.77,0.0753211123581494,0.12582781456953643,2.220661619397396
588555,Referral Program,2024-09-26,Inactive,App,1452,679,94,4925.58,4476.21,2.24,0.46763085399449034,0.13843888070692195,0.9087681044668852
278074,New User Discount,2024-09-25,Inactive,Social Media,9737,732,59,2565.95,8286.33,2.04,0.07517715928930882,0.08060109289617487,3.2293419591184556
127182,Weekend Special,2024-09-25,New Users,SMS,1452,863,44,4240.4,5750.97,1.81,0.5943526170798898,0.05098493626882966,1.3562329025563629
721622,Festival Offer,2024-09-25,All,Email,4844,230,26,3690.93,5523.68,1.55,0.047481420313790254,0.11304347826086956,1.4965550687767042
100487,Flash Sale,2024-09-25,New Users,SMS,8209,151,70,3104.65,4187.59,2.9,0.01839444512120843,0.46357615894039733,1.3488122654727586
145584,Membership Drive,2024-09-25,Inactive,App,5725,903,80,1133.26,7075.73,3.39,0.1577292576419214,0.08859357696567,6.2436951802763705
860225,Category Promotion,2024-09-25,Premium,App,4389,309,81,4860.67,3960.92,3.76,0.07040328092959672,0.2621359223300971,0.8148917741792798
616821,App Push Notification,2024-09-25,Premium,App,1537,483,85,2416.66,2232.96,3.74,0.3142485361093038,0.17598343685300208,0.923985997202751
713465,Email Campaign,2024-09-25,Inactive,Email,9053,989,42,2619.72,6716.68,2.09,0.10924555396001326,0.042467138523761376,2.563892324370544
615676,Referral Program,2024-09-25,All,Email,5649,924,100,4874.66,7073.93,2.79,0.16356877323420074,0.10822510822510822,1.4511637734734322
305241,New User Discount,2024-09-24,New Users,Social Media,9598,803,67,2805.32,8678.82,1.97,0.08366326317982913,0.08343711083437111,3.093700540401808
530806,Weekend Special,2024-09-24,Premium,Email,3678,341,72,2373.92,5821.2,3.72,0.09271343121261555,0.21114369501466276,2.4521466603760866
807153,Festival Offer,2024-09-24,Inactive,Email,8192,292,17,2976.54,5559.23,3.68,0.03564453125,0.05821917808219178,1.8676819394330328
722916,Flash Sale,2024-09-24,New Users,App,2597,634,25,4343.88,2298.7,2.34,0.24412783981517136,0.03943217665615142,0.5291812849342062
846608,Membership Drive,2024-09-24,New Users,Email,8485,181,67,3783.79,7419.36,2.96,0.02133176193282263,0.3701657458563536,1.9608276357831698
460293,Category Promotion,2024-09-24,All,Email,4442,846,61,2295.69,5534.23,3.38,0.1904547501125619,0.07210401891252956,2.4107044069539003
287769,App Push Notification,2024-09-24,Premium,Email,8770,206,17,2375.52,9175.23,1.81,0.023489167616875712,0.0825242718446602,3.862409072539907
802705,Email Campaign,2024-09-24,Inactive,SMS,2672,115,26,2033.75,8010.63,2.7,0.04303892215568862,0.22608695652173913,3.9388469575906577
789716,Referral Program,2024-09-24,New Users,Email,3941,553,63,4020.69,6541.6,1.52,0.14031971580817051,0.11392405063291139,1.626984423071662
130943,New User Discount,2024-09-23,Inactive,Email,1870,889,13,3625.54,7280.12,1.84,0.4754010695187166,0.014623172103487065,2.0080098412926075
705032,Weekend Special,2024-09-23,All,SMS,6279,465,28,3383.74,4971.84,2.77,0.0740563784042045,0.060215053763440864,1.4693327501521987
565978,Festival Offer,2024-09-23,New Users,App,1917,708,61,1361.17,4133.5,2.2,0.36932707355242567,0.08615819209039548,3.0367257579876132
363689,Flash Sale,2024-09-23,Premium,SMS,7180,215,24,3655.57,9184.06,3.0,0.029944289693593314,0.11162790697674418,2.512346911699133
679443,Membership Drive,2024-09-23,Premium,App,8002,642,20,3438.57,4762.77,3.97,0.0802299425143714,0.03115264797507788,1.3851019464486691
670881,Category Promotion,2024-09-23,Premium,SMS,3121,753,11,2406.7,9618.34,2.13,0.2412688240948414,0.014608233731739707,3.996484813229734
959518,App Push Notification,2024-09-23,All,Social Media,4203,892,13,4541.76,8000.34,2.48,0.21222935998096598,0.014573991031390135,1.761506552525893
499486,Email Campaign,2024-09-23,Inactive,SMS,4908,153,36,4547.06,4568.42,3.11,0.03117359413202934,0.23529411764705882,1.0046975408285792
752813,Referral Program,2024-09-23,All,SMS,3882,103,83,1151.86,6691.75,1.67,0.026532715095311694,0.8058252427184466,5.809516781553314
851433,New User Discount,2024-09-22,All,SMS,8425,797,49,3613.06,6005.53,3.86,0.0945994065281899,0.06148055207026349,1.6621727842881102
313691,Weekend Special,2024-09-22,All,Email,4040,966,57,2744.24,3434.18,2.51,0.2391089108910891,0.059006211180124224,1.2514138705069529
857924,Festival Offer,2024-09-22,Premium,Social Media,8964,423,44,3280.91,5890.37,2.39,0.04718875502008032,0.10401891252955082,1.7953464130378463
539488,Flash Sale,2024-09-22,New Users,App,5322,715,21,1382.87,5066.64,3.92,0.13434798947763998,0.02937062937062937,3.6638584971833943
33081,Membership Drive,2024-09-22,All,SMS,2897,706,56,3796.89,4450.19,2.42,0.24370037970314118,0.07932011331444759,1.1720618716897249
408472,Category Promotion,2024-09-22,Inactive,Social Media,2701,433,74,1069.15,8105.76,2.48,0.16031099592743428,0.17090069284064666,7.581499321891221
891650,App Push Notification,2024-09-22,Premium,Email,6100,472,88,1659.16,4606.2,3.09,0.07737704918032787,0.1864406779661017,2.776224113406784
537473,Email Campaign,2024-09-22,Inactive,Social Media,7438,436,23,1325.64,3710.11,3.79,0.05861790803979564,0.052752293577981654,2.798731178902266
361334,Referral Program,2024-09-22,New Users,Social Media,7990,308,61,1533.45,8247.88,1.73,0.038548185231539425,0.19805194805194806,5.378642929342332
68709,New User Discount,2024-09-21,New Users,SMS,2557,317,49,2291.66,2573.36,3.51,0.12397340633554947,0.15457413249211358,1.1229239939607099
368548,Weekend Special,2024-09-21,Premium,Social Media,2556,694,73,1560.45,8116.53,2.64,0.2715179968701095,0.10518731988472622,5.201403441315005
227727,Festival Offer,2024-09-21,Premium,SMS,3124,712,83,4212.47,6433.1,3.19,0.22791293213828426,0.11657303370786516,1.5271562764838682
184072,Flash Sale,2024-09-21,New Users,App,2439,448,21,1263.49,9843.34,3.88,0.1836818368183682,0.046875,7.79059588916414
199205,Membership Drive,2024-09-21,New Users,Email,6475,665,13,2740.75,5311.0,2.54,0.10270270270270271,0.019548872180451128,1.9377907507069232
70659,Category Promotion,2024-09-21,New Users,Social Media,1260,157,27,4991.0,7728.46,2.27,0.1246031746031746,0.17197452229299362,1.548479262672811
407558,App Push Notification,2024-09-21,Premium,Social Media,2503,464,44,2992.57,4813.36,2.59,0.1853775469436676,0.09482758620689655,1.6084368953775516
2552,Email Campaign,2024-09-21,All,Social Media,5937,600,98,3542.77,5648.69,1.62,0.10106114199090449,0.16333333333333333,1.5944275242253942
119508,Referral Program,2024-09-21,All,App,8121,715,71,1336.94,8793.59,3.32,0.08804334441571235,0.0993006993006993,6.577400631292354
651995,New User Discount,2024-09-20,All,Email,3762,378,97,1804.49,8799.76,3.01,0.10047846889952153,0.2566137566137566,4.876591169804211
325711,Weekend Special,2024-09-20,Premium,App,1075,304,21,3712.83,8724.96,2.37,0.2827906976744186,0.06907894736842106,2.3499486914294483
916549,Festival Offer,2024-09-20,Inactive,Email,4880,989,73,1049.48,6270.24,2.78,0.20266393442622951,0.07381193124368049,5.974616000304913
801679,Flash Sale,2024-09-20,All,Social Media,2673,338,100,4653.31,6862.3,1.89,0.12644968200523757,0.2958579881656805,1.4747136984211238
592091,Membership Drive,2024-09-20,Premium,SMS,3717,466,66,2581.56,5992.71,3.76,0.12536992198009148,0.14163090128755365,2.3213522056430995
713584,Category Promotion,2024-09-20,All,App,2525,366,56,4471.69,3178.72,2.18,0.14495049504950494,0.15300546448087432,0.7108542855162142
662773,App Push Notification,2024-09-20,Inactive,SMS,2232,775,37,1165.33,9178.63,1.9,0.3472222222222222,0.04774193548387097,7.876421271227892
166346,Email Campaign,2024-09-20,Premium,App,8471,945,28,3566.89,4468.31,2.27,0.11155707708653051,0.02962962962962963,1.2527187549938463
973220,Referral Program,2024-09-20,Premium,App,4249,238,83,2137.97,7672.91,2.32,0.05601317957166392,0.3487394957983193,3.588876364027559
120592,New User Discount,2024-09-19,New Users,Email,4768,353,45,4900.81,4433.55,1.99,0.07403523489932885,0.1274787535410765,0.9046565771780583
632927,Weekend Special,2024-09-19,Inactive,Social Media,6332,575,51,2003.25,3491.13,1.56,0.09080859128237524,0.08869565217391304,1.7427330587794834
603188,Festival Offer,2024-09-19,Premium,Social Media,5992,780,86,2239.56,2452.02,2.71,0.130173564753004,0.11025641025641025,1.0948668488453088
264150,Flash Sale,2024-09-19,New Users,App,9980,704,10,3854.33,2221.55,3.67,0.07054108216432865,0.014204545454545454,0.5763777362083683
210893,Membership Drive,2024-09-19,New Users,App,2380,701,43,3572.0,7319.34,2.18,0.29453781512605043,0.06134094151212553,2.049087346024636
23447,Category Promotion,2024-09-19,All,App,4528,552,53,1484.54,3380.76,3.42,0.12190812720848057,0.09601449275362318,2.2773114904280116
889374,App Push Notification,2024-09-19,Inactive,Email,3543,877,48,3446.31,8160.26,2.55,0.24753034151848716,0.05473204104903079,2.367825297201935
905735,Email Campaign,2024-09-19,New Users,Social Media,3188,220,41,4526.22,5735.13,3.5,0.06900878293601004,0.18636363636363637,1.2670904198205124
479724,Referral Program,2024-09-19,Premium,App,9627,720,31,3389.34,3333.86,3.57,0.0747896540978498,0.043055555555555555,0.9836310314102451
767492,New User Discount,2024-09-18,New Users,Social Media,9268,289,50,4147.19,6358.18,3.69,0.03118256365990505,0.17301038062283736,1.5331296612887282
817411,Weekend Special,2024-09-18,Inactive,Email,1925,933,20,3785.26,2208.27,3.5,0.48467532467532465,0.021436227224008574,0.5833866101668049
259682,Festival Offer,2024-09-18,New Users,Email,7353,660,26,1974.98,9558.45,3.46,0.08975928192574459,0.03939393939393939,4.839770529321816
225975,Flash Sale,2024-09-18,All,Social Media,6711,836,55,3546.51,5891.45,2.07,0.12457159886753091,0.06578947368421052,1.6611965002213442
498935,Membership Drive,2024-09-18,Premium,Email,2454,525,34,2979.57,6755.31,2.58,0.2139364303178484,0.06476190476190476,2.2672096980436773
802312,Category Promotion,2024-09-18,New Users,App,7869,531,58,4562.91,2735.78,1.64,0.06747998475028594,0.10922787193973635,0.5995691346092735
535244,App Push Notification,2024-09-18,Premium,SMS,2229,225,56,1037.53,9489.14,2.52,0.1009421265141319,0.24888888888888888,9.145894576542364
813034,Email Campaign,2024-09-18,All,SMS,5410,186,24,2346.65,6244.48,2.59,0.034380776340110906,0.12903225806451613,2.661018899281955
655512,Referral Program,2024-09-18,All,App,3646,402,82,1417.46,6289.99,1.62,0.11025781678551838,0.20398009950248755,4.4375079367319
659493,New User Discount,2024-09-17,All,Social Media,5499,366,88,3002.92,2363.1,3.94,0.06655755591925805,0.24043715846994534,0.7869340508571656
62233,Weekend Special,2024-09-17,Premium,App,3415,872,19,4807.34,5882.0,2.62,0.25534407027818445,0.021788990825688075,1.2235456614260694
855765,Festival Offer,2024-09-17,New Users,SMS,2993,898,35,1668.78,2363.95,1.71,0.300033411293017,0.03897550111358575,1.4165737844413284
995251,Flash Sale,2024-09-17,All,SMS,6986,873,91,3764.01,7547.08,3.69,0.12496421414257086,0.10423825887743414,2.005063748502262
918820,Membership Drive,2024-09-17,Inactive,SMS,6311,620,14,4722.04,8203.36,1.85,0.0982411662177151,0.02258064516129032,1.7372491550262177
353164,Category Promotion,2024-09-17,All,App,6998,283,46,3344.54,7301.58,3.92,0.04044012575021435,0.1625441696113074,2.1831343024750787
548074,App Push Notification,2024-09-17,Premium,Social Media,1896,372,81,3476.78,6836.88,2.59,0.1962025316455696,0.21774193548387097,1.966440211920225
230770,Email Campaign,2024-09-17,New Users,Social Media,9836,928,16,4083.69,9825.67,2.45,0.09434729564863766,0.017241379310344827,2.4060763672071093
887948,Referral Program,2024-09-17,All,Social Media,6893,638,51,3961.37,8436.86,2.47,0.09255766719860728,0.07993730407523511,2.1297833830215307
953820,New User Discount,2024-09-16,Inactive,Social Media,2554,757,68,3398.43,7685.6,2.05,0.29639780736100235,0.08982826948480846,2.261514875986853
194328,Weekend Special,2024-09-16,Premium,SMS,3032,528,44,4537.04,6317.38,2.53,0.1741424802110818,0.08333333333333333,1.3924012131257384
526932,Festival Offer,2024-09-16,New Users,App,2966,466,74,4368.28,2078.06,1.58,0.15711395819285232,0.15879828326180256,0.4757158423910555
239332,Flash Sale,2024-09-16,New Users,Email,3104,439,82,3771.94,4110.53,3.89,0.14143041237113402,0.1867881548974943,1.0897654787721966
536128,Membership Drive,2024-09-16,Premium,Social Media,4651,872,72,4511.18,9387.89,2.79,0.18748656202967104,0.08256880733944955,2.081027580366999
148488,Category Promotion,2024-09-16,Inactive,SMS,8567,124,65,4114.66,7749.69,3.51,0.0144741449749037,0.5241935483870968,1.8834338681689373
758009,App Push Notification,2024-09-16,Inactive,SMS,2287,229,55,4649.78,2292.71,2.25,0.10013117621337997,0.24017467248908297,0.49307924245878304
601602,Email Campaign,2024-09-16,New Users,App,5040,282,80,4494.56,5536.93,3.54,0.055952380952380955,0.28368794326241137,1.2319181410416147
359877,Referral Program,2024-09-16,New Users,Email,3890,241,46,1096.3,6333.43,1.89,0.061953727506426734,0.1908713692946058,5.7770956854875495
579732,New User Discount,2024-09-15,New Users,Social Media,9309,932,21,3901.76,3441.23,3.0,0.1001181652164572,0.022532188841201718,0.8819686500451078
770315,Weekend Special,2024-09-15,All,SMS,7745,569,80,2566.25,5070.32,1.62,0.07346675274370562,0.140597539543058,1.9757700925474913
338848,Festival Offer,2024-09-15,Premium,SMS,5986,585,81,2308.55,2644.99,2.18,0.09772803207484129,0.13846153846153847,1.1457365012670289
304320,Flash Sale,2024-09-15,All,SMS,6016,507,95,1291.54,8483.77,3.19,0.0842752659574468,0.1873767258382643,6.568724158756214
327481,Membership Drive,2024-09-15,Premium,Social Media,7171,328,89,3620.22,6344.97,3.41,0.045739785246130246,0.27134146341463417,1.7526476291496098
954270,Category Promotion,2024-09-15,Premium,Email,6581,142,95,4185.84,7955.12,2.12,0.021577267892417564,0.6690140845070423,1.9004835349655027
388343,App Push Notification,2024-09-15,All,Email,7205,762,63,1052.25,7690.23,3.44,0.10575988896599584,0.08267716535433071,7.3083677833214535
957709,Email Campaign,2024-09-15,Inactive,Social Media,4954,344,21,2423.63,7850.83,2.58,0.06943883730318934,0.061046511627906974,3.2392856995498485
456168,Referral Program,2024-09-15,New Users,SMS,7195,293,73,1933.06,8067.77,3.65,0.04072272411396803,0.24914675767918087,4.173574539848738
187270,New User Discount,2024-09-14,New Users,App,3515,632,34,3819.45,9715.99,2.24,0.179800853485064,0.05379746835443038,2.5438191362630747
308542,Weekend Special,2024-09-14,New Users,Email,7732,760,68,2173.02,5551.08,3.67,0.0982928091050181,0.08947368421052632,2.554546207582075
885829,Festival Offer,2024-09-14,New Users,SMS,9327,344,26,1184.78,6519.08,1.62,0.0368821700439584,0.0755813953488372,5.502354867570351
268619,Flash Sale,2024-09-14,Premium,Email,3996,821,22,4662.11,3163.63,3.04,0.20545545545545546,0.02679658952496955,0.6785833024102821
602385,Membership Drive,2024-09-14,Inactive,SMS,5959,727,14,1930.88,5315.57,3.0,0.12200033562678302,0.01925722145804677,2.7529261269472984
197468,Category Promotion,2024-09-14,New Users,SMS,7815,614,38,1452.62,8500.81,2.19,0.07856685860524631,0.06188925081433225,5.852053530861478
399124,App Push Notification,2024-09-14,Inactive,App,2364,893,30,4344.97,6357.39,2.14,0.37774957698815564,0.0335946248600224,1.4631608503626032
252668,Email Campaign,2024-09-14,Premium,App,1955,589,72,4987.68,2722.52,3.0,0.30127877237851663,0.12224108658743633,0.5458489718666795
596992,Referral Program,2024-09-14,New Users,App,2446,698,56,2058.06,2017.82,3.47,0.285363859362224,0.08022922636103152,0.9804476059978815
335092,New User Discount,2024-09-13,Inactive,SMS,8492,339,53,2485.5,6002.71,2.04,0.03991992463495054,0.15634218289085547,2.415091530879099
928938,Weekend Special,2024-09-13,All,Email,4954,195,86,2291.92,5622.94,3.61,0.03936213161081954,0.441025641025641,2.4533753359628605
809730,Festival Offer,2024-09-13,Premium,App,3597,238,39,2493.48,2234.52,3.88,0.06616624965248818,0.1638655462184874,0.896145146542182
430687,Flash Sale,2024-09-13,Premium,Email,2954,495,33,2847.36,5177.1,2.61,0.16756939742721733,0.06666666666666667,1.8182105529332435
812811,Membership Drive,2024-09-13,Inactive,Social Media,8446,209,70,3036.29,8859.44,3.86,0.024745441629173574,0.3349282296650718,2.9178504029588743
531923,Category Promotion,2024-09-13,All,Social Media,3858,876,69,3110.86,6860.01,3.24,0.22706065318818042,0.07876712328767123,2.2051812039114584
854027,App Push Notification,2024-09-13,Premium,SMS,7095,967,13,2503.85,6353.24,1.97,0.13629316420014095,0.01344364012409514,2.5373884218303813
571690,Email Campaign,2024-09-13,All,App,9965,864,39,1068.06,5163.44,2.08,0.08670346211741094,0.04513888888888889,4.834410051869745
737031,Referral Program,2024-09-13,Premium,Email,2101,511,78,1680.65,8173.7,2.87,0.24321751546882436,0.15264187866927592,4.863415940261208
280359,New User Discount,2024-09-12,All,Social Media,4909,557,44,4694.99,5262.26,2.66,0.11346506416785496,0.07899461400359066,1.1208245384974196
306683,Weekend Special,2024-09-12,Inactive,SMS,6087,695,93,1398.83,4143.99,2.7,0.11417775587317233,0.13381294964028778,2.9624686345016906
436990,Festival Offer,2024-09-12,New Users,App,9162,484,65,4483.26,5777.11,1.93,0.05282689369133377,0.13429752066115702,1.288595798592988
394785,Flash Sale,2024-09-12,All,App,8906,920,73,4847.74,2188.06,2.42,0.10330114529530654,0.07934782608695652,0.451356714675292
329029,Membership Drive,2024-09-12,New Users,Social Media,9296,410,97,4975.13,5145.89,3.32,0.04410499139414802,0.23658536585365852,1.034322721215325
450016,Category Promotion,2024-09-12,New Users,SMS,4649,616,40,1285.75,2689.6,1.76,0.13250161325016133,0.06493506493506493,2.09185300408322
142430,App Push Notification,2024-09-12,New Users,App,4671,904,71,2436.42,5253.8,2.69,0.1935345750374652,0.07853982300884955,2.1563605618078987
987130,Email Campaign,2024-09-12,Premium,SMS,4020,759,16,3362.31,5961.25,3.14,0.18880597014925374,0.021080368906455864,1.7729626358069304
728157,Referral Program,2024-09-12,All,Email,7376,381,93,2530.85,2270.95,2.41,0.05165401301518438,0.2440944881889764,0.8973072287966493
803870,New User Discount,2024-09-11,All,Email,5141,160,15,4286.56,7103.62,3.37,0.031122349737405176,0.09375,1.6571843156283825
505467,Weekend Special,2024-09-11,Inactive,App,4480,506,38,3670.66,5352.24,2.05,0.11294642857142857,0.07509881422924901,1.458113799698147
20834,Festival Offer,2024-09-11,All,App,4599,595,77,3419.35,5493.47,3.3,0.1293759512937595,0.12941176470588237,1.6065831225232867
443226,Flash Sale,2024-09-11,Inactive,SMS,5025,770,86,4178.33,5877.36,1.8,0.15323383084577114,0.11168831168831168,1.4066289642034018
175411,Membership Drive,2024-09-11,Inactive,SMS,1032,709,23,2471.49,5235.05,2.49,0.687015503875969,0.03244005641748942,2.118175675402288
678790,Category Promotion,2024-09-11,Inactive,SMS,4840,528,77,1833.61,8867.29,2.65,0.10909090909090909,0.14583333333333334,4.835973843947187
101853,App Push Notification,2024-09-11,All,App,9616,787,85,4932.48,7009.97,3.83,0.08184276206322795,0.10800508259212198,1.4211856915790841
910314,Email Campaign,2024-09-11,All,Social Media,2475,817,37,3298.03,3580.59,2.66,0.3301010101010101,0.04528763769889841,1.0856753880346752
601503,Referral Program,2024-09-11,Premium,App,6592,235,22,1113.34,4703.74,1.54,0.03564927184466019,0.09361702127659574,4.224890868916953
904811,New User Discount,2024-09-10,Premium,Social Media,3402,517,15,4301.06,5115.25,2.63,0.15196942974720754,0.029013539651837523,1.189299847014457
31771,Weekend Special,2024-09-10,New Users,SMS,9549,854,81,2562.95,4020.32,2.01,0.08943344852864174,0.09484777517564402,1.5686298991396634
608338,Festival Offer,2024-09-10,Inactive,Social Media,8906,761,15,4494.13,7443.03,3.96,0.0854480125757916,0.01971090670170828,1.656167044567024
428511,Flash Sale,2024-09-10,Inactive,Social Media,9911,232,88,4084.51,4219.51,2.57,0.023408334174149933,0.3793103448275862,1.0330517002039412
143053,Membership Drive,2024-09-10,New Users,SMS,5021,362,19,1323.48,9333.82,3.4,0.07209719179446325,0.052486187845303865,7.052482848248556
950893,Category Promotion,2024-09-10,Inactive,Social Media,8182,881,55,1806.74,7654.21,1.86,0.10767538499144463,0.06242905788876277,4.236475641210135
736511,App Push Notification,2024-09-10,New Users,App,8616,111,33,1237.11,4075.84,3.52,0.01288300835654596,0.2972972972972973,3.294646393610916
588295,Email Campaign,2024-09-10,New Users,Social Media,4076,273,76,4004.88,9802.82,3.49,0.0669774288518155,0.2783882783882784,2.4477187830846368
9624,Referral Program,2024-09-10,New Users,App,4172,144,57,1139.8,9098.98,2.5,0.03451581975071908,0.3958333333333333,7.982961923144411
35634,New User Discount,2024-09-09,New Users,App,7447,473,42,4306.67,4989.95,3.58,0.06351550960118169,0.08879492600422834,1.158656223950291
523181,Weekend Special,2024-09-09,Premium,SMS,8883,279,15,2100.99,6727.19,3.85,0.031408308004052685,0.053763440860215055,3.2019143356227304
113406,Festival Offer,2024-09-09,All,Email,7081,122,60,4735.99,5654.34,2.04,0.01722920491456009,0.4918032786885246,1.193908770922236
810456,Flash Sale,2024-09-09,All,SMS,6473,749,65,2685.99,5597.28,2.83,0.11571141665379268,0.08678237650200267,2.083879686819385
309090,Membership Drive,2024-09-09,All,Email,3148,389,11,1348.31,4970.71,1.82,0.1235705209656925,0.028277634961439587,3.6866225126269185
977629,Category Promotion,2024-09-09,Premium,Social Media,9516,197,76,3822.96,6746.74,3.04,0.020701975620008407,0.38578680203045684,1.7647948186745348
859199,App Push Notification,2024-09-09,Inactive,Social Media,3429,887,65,3390.47,3673.82,1.77,0.25867599883347914,0.07328072153325817,1.083572484050884
212822,Email Campaign,2024-09-09,New Users,App,3669,725,21,4864.35,4546.27,3.7,0.19760152630144454,0.028965517241379312,0.9346099684438826
512433,Referral Program,2024-09-09,All,Social Media,1825,212,69,3070.4,3746.48,1.5,0.11616438356164384,0.32547169811320753,1.2201928087545597
25450,New User Discount,2024-09-08,Premium,SMS,6787,370,16,2589.07,9052.38,2.48,0.05451598644467364,0.043243243243243246,3.496382871069534
652216,Weekend Special,2024-09-08,All,Email,8135,263,55,4992.36,7952.51,1.51,0.032329440688383525,0.20912547528517111,1.5929360062175004
819470,Festival Offer,2024-09-08,Premium,Social Media,2547,856,51,1559.86,8784.16,2.25,0.3360816647035728,0.05957943925233645,5.631377174874668
804628,Flash Sale,2024-09-08,Inactive,SMS,2852,286,36,4869.73,5326.89,3.52,0.1002805049088359,0.1258741258741259,1.0938778946676717
525112,Membership Drive,2024-09-08,All,App,7136,603,93,1337.14,8534.88,3.88,0.08450112107623318,0.15422885572139303,6.382936715676742
71446,Category Promotion,2024-09-08,Premium,App,7445,611,36,3476.88,2079.66,2.06,0.08206850235057085,0.058919803600654665,0.5981397114654518
313134,App Push Notification,2024-09-08,All,SMS,4536,282,87,1998.68,5444.3,1.71,0.062169312169312166,0.30851063829787234,2.723947805551664
662582,Email Campaign,2024-09-08,Inactive,SMS,3673,480,72,3885.23,3226.5,1.78,0.13068336509665124,0.15,0.8304527659881139
8292,Referral Program,2024-09-08,All,SMS,6368,322,49,2067.0,4930.9,2.78,0.050565326633165826,0.15217391304347827,2.3855345911949684
848267,New User Discount,2024-09-07,Inactive,Email,9978,666,88,2561.04,7416.03,2.71,0.06674684305472038,0.13213213213213212,2.895710336425827
26262,Weekend Special,2024-09-07,New Users,Email,7764,321,79,3709.35,2761.61,2.01,0.04134466769706337,0.24610591900311526,0.7444997101918126
291840,Festival Offer,2024-09-07,Premium,Email,1403,655,35,3885.11,5937.11,3.45,0.4668567355666429,0.05343511450381679,1.5281703735544165
843774,Flash Sale,2024-09-07,New Users,App,8884,327,44,4028.68,8290.14,2.51,0.03680774425934264,0.1345565749235474,2.05778071229286
107979,Membership Drive,2024-09-07,All,Email,8648,761,83,2725.14,6312.76,3.54,0.0879972247918594,0.10906701708278581,2.31649016197333
36547,Category Promotion,2024-09-07,Inactive,App,2034,897,28,3570.22,2436.29,3.36,0.4410029498525074,0.03121516164994426,0.6823921214939136
616667,App Push Notification,2024-09-07,New Users,Email,7132,368,100,4210.77,4948.8,2.32,0.051598429613011774,0.2717391304347826,1.1752719811340917
954564,Email Campaign,2024-09-07,Premium,Email,8529,188,30,3281.36,2933.9,1.84,0.022042443428303436,0.1595744680851064,0.8941109783748202
226055,Referral Program,2024-09-07,Premium,SMS,4411,738,46,3518.03,7883.29,2.24,0.16730900022670597,0.06233062330623306,2.240825120877309
706963,New User Discount,2024-09-06,All,App,5308,706,56,2954.25,8117.02,3.34,0.13300678221552373,0.07932011331444759,2.747573834306508
652341,Weekend Special,2024-09-06,Premium,Social Media,4228,203,50,3566.79,8360.63,1.53,0.048013245033112585,0.24630541871921183,2.3440208142335264
537646,Festival Offer,2024-09-06,All,App,7582,133,65,4429.24,9654.93,3.85,0.01754154576628858,0.48872180451127817,2.1798164019109376
900256,Flash Sale,2024-09-06,Premium,SMS,6071,246,23,1217.42,7351.02,3.78,0.04052050732992917,0.09349593495934959,6.038195528248263
765222,Membership Drive,2024-09-06,All,App,2109,627,92,1056.46,8834.55,1.88,0.2972972972972973,0.1467304625199362,8.36240842057437
69566,Category Promotion,2024-09-06,Premium,Email,3019,413,59,3136.9,2078.48,2.34,0.13680026498840675,0.14285714285714285,0.6625904555452835
809453,App Push Notification,2024-09-06,New Users,App,7909,301,54,2366.84,6042.05,2.5,0.03805790871159439,0.17940199335548174,2.5527919081982726
551324,Email Campaign,2024-09-06,All,Social Media,5661,302,21,3992.05,2040.23,1.78,0.05334746511217099,0.0695364238410596,0.5110732581004747
607932,Referral Program,2024-09-06,New Users,Social Media,5821,734,30,2942.04,9083.54,3.51,0.1260951726507473,0.04087193460490463,3.0874971108482554
141626,New User Discount,2024-09-05,Premium,Social Media,3107,100,79,1300.18,6920.98,3.58,0.0321853878339234,0.79,5.3230937254841635
84838,Weekend Special,2024-09-05,Premium,Social Media,4043,608,32,2677.1,5040.88,3.55,0.15038337867919863,0.05263157894736842,1.8829629076239216
595586,Festival Offer,2024-09-05,Inactive,SMS,5935,215,73,4424.8,5887.69,2.47,0.03622577927548441,0.3395348837209302,1.330611553064545
257069,Flash Sale,2024-09-05,Premium,Email,3317,504,69,2821.14,5593.48,3.88,0.1519445281881218,0.13690476190476192,1.98270202825808
613576,Membership Drive,2024-09-05,All,App,1228,811,97,3107.35,5219.54,1.7,0.6604234527687296,0.11960542540073983,1.6797399713582313
92767,Category Promotion,2024-09-05,All,Social Media,6007,655,24,2240.78,3075.23,3.9,0.1090394539703679,0.0366412213740458,1.3723926489882987
278662,App Push Notification,2024-09-05,All,SMS,7524,627,35,1359.09,6124.31,3.17,0.08333333333333333,0.05582137161084529,4.506184285073101
42409,Email Campaign,2024-09-05,Inactive,Email,7417,555,18,1233.05,5467.16,2.01,0.0748280976135904,0.032432432432432434,4.43385101982888
376246,Referral Program,2024-09-05,Premium,App,1394,445,65,1608.06,4481.89,2.66,0.31922525107604016,0.14606741573033707,2.7871410270761046
772273,New User Discount,2024-09-04,New Users,App,6459,284,64,3403.46,8555.12,1.61,0.04396965474531661,0.22535211267605634,2.513653752357895
474751,Weekend Special,2024-09-04,All,Email,4519,565,78,4355.17,6566.9,2.8,0.125027660986944,0.13805309734513274,1.507840107274802
612901,Festival Offer,2024-09-04,New Users,Social Media,7553,668,95,2622.89,5302.23,3.24,0.08844167880312459,0.14221556886227546,2.021522061542802
559313,Flash Sale,2024-09-04,All,Social Media,1753,731,87,3222.65,3488.35,3.52,0.416999429549344,0.11901504787961696,1.0824476750500365
750185,Membership Drive,2024-09-04,New Users,Social Media,7693,850,26,4094.6,4941.12,2.7,0.11049005589496945,0.03058823529411765,1.2067405851609436
84625,Category Promotion,2024-09-04,Premium,SMS,7618,145,62,1987.68,7711.53,3.42,0.019033867156734052,0.42758620689655175,3.8796637285679787
160588,App Push Notification,2024-09-04,New Users,Social Media,7457,344,21,3735.31,2098.23,3.54,0.04613115193777659,0.061046511627906974,0.5617284776899374
375918,Email Campaign,2024-09-04,New Users,App,4655,144,10,3350.61,2679.66,3.75,0.030934479054779807,0.06944444444444445,0.7997528808187165
393597,Referral Program,2024-09-04,Premium,Social Media,5909,924,36,4380.53,4416.73,2.76,0.15637163648671518,0.03896103896103896,1.0082638402202473
106263,New User Discount,2024-09-03,Inactive,SMS,1800,121,43,3868.25,3490.15,3.86,0.06722222222222222,0.35537190082644626,0.9022555419117172
91797,Weekend Special,2024-09-03,Inactive,Email,8856,303,73,2097.23,6508.66,2.55,0.03421409214092141,0.24092409240924093,3.1034555103636703
134467,Festival Offer,2024-09-03,Inactive,App,3167,343,97,3052.4,2219.36,2.81,0.10830438901168297,0.282798833819242,0.7270868824531517
300089,Flash Sale,2024-09-03,New Users,Email,4667,911,64,4767.46,9527.34,3.26,0.1952003428326548,0.07025246981339188,1.9984100548300352
909742,Membership Drive,2024-09-03,Premium,Email,9368,543,45,3166.02,9341.21,1.94,0.05796327924850555,0.08287292817679558,2.9504583041168404
34197,Category Promotion,2024-09-03,Inactive,Email,1801,237,39,1838.08,5871.67,1.95,0.13159355913381454,0.16455696202531644,3.1944583478412256
942149,App Push Notification,2024-09-03,All,SMS,5199,470,79,2522.37,6793.74,3.59,0.09040200038468936,0.16808510638297872,2.6933954970920206
235150,Email Campaign,2024-09-03,All,Social Media,8272,889,17,3752.3,5944.56,2.84,0.10747098646034817,0.019122609673790775,1.5842443301441782
265613,Referral Program,2024-09-03,All,Social Media,6446,821,67,2623.22,7004.42,3.49,0.12736580825318028,0.08160779537149818,2.670161099717142
699708,New User Discount,2024-09-02,New Users,App,8913,556,15,3563.71,8368.29,2.92,0.06238079210142489,0.02697841726618705,2.3481961214576947
564414,Weekend Special,2024-09-02,All,Email,3442,378,65,4869.53,9711.64,2.91,0.10981987216734457,0.17195767195767195,1.9943690664191411
275834,Festival Offer,2024-09-02,Premium,Social Media,6944,629,48,4600.23,2410.01,1.88,0.09058179723502305,0.07631160572337042,0.5238890229401575
560270,Flash Sale,2024-09-02,All,Email,9286,706,39,4678.69,3740.59,1.92,0.07602842989446479,0.05524079320113314,0.7994951578326412
698854,Membership Drive,2024-09-02,All,Social Media,4393,950,62,3692.83,8680.99,2.6,0.21625312997951285,0.06526315789473684,2.3507689224795074
304933,Category Promotion,2024-09-02,All,Email,4702,294,82,2940.73,8030.8,1.8,0.06252658443215653,0.2789115646258503,2.730886548578074
707038,App Push Notification,2024-09-02,All,SMS,7209,151,89,4212.55,4179.55,3.55,0.020946039672631433,0.5894039735099338,0.9921662650888416
520794,Email Campaign,2024-09-02,All,App,4094,885,12,4519.23,7795.42,2.69,0.21617000488519786,0.013559322033898305,1.7249442936075394
729973,Referral Program,2024-09-02,Inactive,Email,8164,873,96,1969.59,8899.66,2.63,0.1069328760411563,0.10996563573883161,4.518534314248143
736829,New User Discount,2024-09-01,New Users,Social Media,1422,302,88,4238.34,3731.53,3.05,0.21237693389592124,0.2913907284768212,0.880422523912664
398685,Weekend Special,2024-09-01,All,Email,2164,190,93,2353.05,6828.39,2.12,0.0878003696857671,0.48947368421052634,2.9019315356664754
41538,Festival Offer,2024-09-01,All,Social Media,8700,975,48,2673.2,4536.76,2.66,0.11206896551724138,0.04923076923076923,1.6971270387550503
212280,Flash Sale,2024-09-01,All,App,8909,592,96,3493.19,5324.42,2.29,0.06644965764956785,0.16216216216216217,1.52422857044707
303662,Membership Drive,2024-09-01,New Users,App,4875,593,55,2046.73,7664.79,1.83,0.12164102564102564,0.09274873524451939,3.744895516262526
562441,Category Promotion,2024-09-01,Premium,SMS,7368,292,31,4101.73,6904.06,2.18,0.039630836047774155,0.10616438356164383,1.6832068419910626
388717,App Push Notification,2024-09-01,Inactive,App,6810,938,95,1844.63,6778.49,2.81,0.13773861967694567,0.10127931769722814,3.6747152545496924
418170,Email Campaign,2024-09-01,Inactive,App,5648,389,88,2432.33,2998.61,3.6,0.06887393767705383,0.2262210796915167,1.2328138040479706
965389,Referral Program,2024-09-01,New Users,Email,7053,154,98,4843.93,8791.64,3.24,0.02183468027789593,0.6363636363636364,1.814980811035667
604783,New User Discount,2024-08-31,All,SMS,6198,250,98,3305.56,4885.0,2.64,0.04033559212649242,0.392,1.477813139074771
966480,Weekend Special,2024-08-31,New Users,Social Media,8359,439,65,1039.08,5569.58,1.81,0.05251824380906807,0.1480637813211845,5.3601070177464685
668481,Festival Offer,2024-08-31,All,Email,9146,264,90,1124.49,4826.22,3.5,0.028865077629564837,0.3409090909090909,4.291919003281488
27202,Flash Sale,2024-08-31,Premium,Email,6510,679,47,4842.73,9894.47,3.36,0.1043010752688172,0.06921944035346098,2.0431595401767186
964374,Membership Drive,2024-08-31,Premium,Email,9482,767,79,4083.54,6471.88,2.63,0.08089010757224215,0.10299869621903521,1.5848699902535546
106315,Category Promotion,2024-08-31,All,App,2915,535,40,3758.0,8693.91,3.12,0.1835334476843911,0.07476635514018691,2.3134406599254924
490387,App Push Notification,2024-08-31,Inactive,SMS,5523,692,70,1092.09,4661.36,2.0,0.12529422415353975,0.10115606936416185,4.268292906262304
398867,Email Campaign,2024-08-31,New Users,App,9583,168,96,4198.7,5564.01,1.54,0.017531044558071585,0.5714285714285714,1.3251744587610452
219517,Referral Program,2024-08-31,Inactive,SMS,2284,179,58,3494.49,9301.19,2.02,0.07837127845884413,0.3240223463687151,2.6616730910662216
458235,New User Discount,2024-08-30,New Users,App,4669,246,11,4396.4,7134.6,1.97,0.052687941743414006,0.044715447154471545,1.6228277681739607
632559,Weekend Special,2024-08-30,New Users,Email,7983,185,12,3247.33,6025.89,3.07,0.023174245271201304,0.06486486486486487,1.8556444833139842
764433,Festival Offer,2024-08-30,Inactive,SMS,8965,137,73,2144.45,7048.71,3.21,0.01528165086447295,0.5328467153284672,3.2869546970085572
515231,Flash Sale,2024-08-30,Inactive,Social Media,6432,650,24,3232.09,2763.84,3.29,0.10105721393034826,0.036923076923076927,0.8551247025918214
938560,Membership Drive,2024-08-30,All,Social Media,5700,262,61,4132.36,2712.71,3.89,0.04596491228070176,0.23282442748091603,0.6564553911082288
134796,Category Promotion,2024-08-30,All,App,2565,110,26,4959.67,7866.39,3.98,0.042884990253411304,0.23636363636363636,1.5860712507082124
165252,App Push Notification,2024-08-30,Premium,Social Media,5720,208,21,2380.07,2983.92,2.37,0.03636363636363636,0.10096153846153846,1.2537110253059784
926899,Email Campaign,2024-08-30,Premium,Social Media,9463,814,40,1709.36,6276.05,3.05,0.08601923280143718,0.04914004914004914,3.6715788365236115
89611,Referral Program,2024-08-30,New Users,Social Media,3326,180,60,1621.38,2629.63,3.32,0.054119061936259774,0.3333333333333333,1.6218468218431212
349974,New User Discount,2024-08-29,Inactive,App,5479,267,45,2111.78,2571.64,3.61,0.04873152035042891,0.16853932584269662,1.2177594256977524
840932,Weekend Special,2024-08-29,Inactive,Social Media,3101,981,29,2507.26,4441.74,2.04,0.3163495646565624,0.029561671763506627,1.771551414691735
270200,Festival Offer,2024-08-29,All,App,3533,612,80,1250.71,3949.22,3.8,0.17322388904613642,0.13071895424836602,3.157582493143894
541518,Flash Sale,2024-08-29,Premium,Social Media,8702,482,16,2710.84,7386.55,1.91,0.05538956561709952,0.03319502074688797,2.724819613108852
665101,Membership Drive,2024-08-29,All,Email,3334,778,61,3179.73,6061.9,2.34,0.23335332933413316,0.07840616966580977,1.9064197274611365
531087,Category Promotion,2024-08-29,All,App,2945,321,74,2394.67,9955.62,3.24,0.10899830220713073,0.23052959501557632,4.15740791006694
908997,App Push Notification,2024-08-29,Premium,Email,9581,853,40,2550.54,3123.29,2.28,0.08903037261246216,0.04689331770222743,1.224560289193661
598433,Email Campaign,2024-08-29,Inactive,App,9065,223,11,3967.19,9624.43,3.36,0.024600110314396028,0.04932735426008968,2.426006820948833
261172,Referral Program,2024-08-29,Premium,Email,8368,730,70,2215.08,6530.38,3.33,0.08723709369024857,0.0958904109589041,2.9481463423442946
106560,New User Discount,2024-08-28,Premium,Social Media,6236,987,51,1731.08,6403.47,3.15,0.1582745349583066,0.05167173252279635,3.699118469394829
597318,Weekend Special,2024-08-28,Inactive,SMS,3845,681,63,3576.19,7355.25,1.84,0.17711313394018205,0.09251101321585903,2.056727970270036
154974,Festival Offer,2024-08-28,Premium,Email,6260,301,55,4906.43,6597.35,2.74,0.048083067092651754,0.18272425249169436,1.3446334707720278
235562,Flash Sale,2024-08-28,All,Email,9389,631,93,3591.5,8002.71,2.41,0.06720630525082544,0.1473851030110935,2.228236113044689
746461,Membership Drive,2024-08-28,All,Email,9294,679,28,4134.06,6930.78,2.51,0.07305788680869378,0.041237113402061855,1.6765068721789231
799372,Category Promotion,2024-08-28,Inactive,Social Media,5214,305,65,3484.05,4879.82,2.62,0.058496355964710395,0.21311475409836064,1.400617097917653
947076,App Push Notification,2024-08-28,Inactive,SMS,6307,711,29,1798.32,5753.52,3.96,0.11273188520691295,0.040787623066104076,3.199386093687442
999377,Email Campaign,2024-08-28,All,App,2864,622,55,4677.7,9655.34,2.98,0.21717877094972068,0.08842443729903537,2.0641212561729056
131812,Referral Program,2024-08-28,All,SMS,6496,848,33,2903.65,7677.6,3.63,0.13054187192118227,0.03891509433962264,2.644120331307148
530544,New User Discount,2024-08-27,All,Social Media,3093,617,72,3554.17,4852.48,2.24,0.19948270287746525,0.1166936790923825,1.3652920372407622
523856,Weekend Special,2024-08-27,New Users,SMS,4391,161,85,1227.47,4816.83,1.96,0.036665907538146206,0.5279503105590062,3.9241936666476573
143504,Festival Offer,2024-08-27,New Users,SMS,1800,452,49,4981.39,3726.88,3.92,0.2511111111111111,0.1084070796460177,0.7481606539540169
429784,Flash Sale,2024-08-27,Inactive,App,5652,853,84,4147.33,8378.42,3.86,0.15092002830856335,0.0984759671746776,2.020196126182387
113886,Membership Drive,2024-08-27,Inactive,Social Media,7705,260,66,2509.56,9138.94,2.93,0.03374432186891629,0.25384615384615383,3.6416503291413638
742481,Category Promotion,2024-08-27,Premium,App,1273,428,29,2093.15,4304.91,2.76,0.3362136684996072,0.06775700934579439,2.0566657907937795
519542,App Push Notification,2024-08-27,Inactive,SMS,3973,156,42,2188.12,2486.77,2.1,0.039265039013340046,0.2692307692307692,1.1364870299617937
399975,Email Campaign,2024-08-27,New Users,Email,3972,780,27,4831.74,3627.61,1.85,0.19637462235649547,0.03461538461538462,0.7507875009830828
793282,Referral Program,2024-08-27,New Users,Social Media,5858,798,37,2687.45,2933.79,3.12,0.13622396722430863,0.046365914786967416,1.0916631007088504
915778,New User Discount,2024-08-26,All,App,5146,654,23,2536.68,6382.49,3.81,0.12708900116595415,0.035168195718654434,2.516080073166501
233466,Weekend Special,2024-08-26,New Users,App,4273,385,60,3909.24,8375.42,1.64,0.0901006318745612,0.15584415584415584,2.1424675896082106
930068,Festival Offer,2024-08-26,All,App,4551,784,97,2272.7,8028.78,2.13,0.17226983080641617,0.12372448979591837,3.5327055924671096
694681,Flash Sale,2024-08-26,All,Social Media,3665,203,78,1299.03,3399.25,3.97,0.05538881309686221,0.3842364532019704,2.6167601979938877
157009,Membership Drive,2024-08-26,Premium,SMS,2895,674,92,4700.08,3078.73,2.33,0.23281519861830743,0.13649851632047477,0.6550377865908665
196230,Category Promotion,2024-08-26,Inactive,Social Media,1081,341,64,2083.5,8567.09,2.59,0.3154486586493987,0.187683284457478,4.111874250059995
654429,App Push Notification,2024-08-26,Premium,Social Media,9492,448,85,2228.51,2847.47,2.32,0.0471976401179941,0.18973214285714285,1.277746117360927
132669,Email Campaign,2024-08-26,Premium,SMS,1673,1000,60,2285.82,2338.4,3.72,0.5977286312014346,0.06,1.0230026861257666
145503,Referral Program,2024-08-26,Premium,Email,4754,206,55,2813.13,7425.56,3.36,0.04333193100546908,0.2669902912621359,2.639607838955185
22459,New User Discount,2024-08-25,All,App,7793,427,30,4221.53,6827.3,3.93,0.05479276273578853,0.0702576112412178,1.6172572503334102
261354,Weekend Special,2024-08-25,New Users,Social Media,4303,543,42,3544.24,6050.64,2.83,0.12619102951429234,0.07734806629834254,1.7071755863034108
258273,Festival Offer,2024-08-25,Inactive,Email,6169,549,37,3100.54,2341.72,3.56,0.08899335386610471,0.06739526411657559,0.7552619866216852
32575,Flash Sale,2024-08-25,Inactive,Social Media,2083,323,26,3018.5,5970.93,3.32,0.15506481036965913,0.0804953560371517,1.978111644856717
176026,Membership Drive,2024-08-25,Premium,Email,3563,833,82,2371.45,9832.7,2.44,0.2337917485265226,0.09843937575030012,4.1462818107065305
192426,Category Promotion,2024-08-25,Inactive,App,1189,735,46,2554.76,2730.5,3.18,0.6181665264928511,0.06258503401360545,1.0687892404766004
868612,App Push Notification,2024-08-25,New Users,Email,9760,825,80,1543.32,9270.58,2.5,0.08452868852459017,0.09696969696969697,6.0069071871031285
91435,Email Campaign,2024-08-25,Premium,Email,8094,411,13,1047.19,6583.72,2.43,0.05077835433654559,0.031630170316301706,6.287034826535777
243,Referral Program,2024-08-25,Premium,Email,2480,639,53,3641.18,5970.43,3.99,0.25766129032258067,0.08294209702660407,1.639696472022806
571654,New User Discount,2024-08-24,All,SMS,8814,389,79,4948.12,9950.16,1.86,0.04413433174495121,0.20308483290488433,2.010897067977333
481541,Weekend Special,2024-08-24,New Users,Email,6351,682,51,1795.71,6040.66,3.6,0.10738466383246732,0.0747800586510264,3.3639396116299403
795336,Festival Offer,2024-08-24,All,Email,2624,178,38,2470.27,9543.06,3.71,0.06783536585365854,0.21348314606741572,3.8631647552696666
964221,Flash Sale,2024-08-24,All,App,2780,224,43,2319.67,3148.2,1.98,0.08057553956834532,0.19196428571428573,1.357175805179185
540439,Membership Drive,2024-08-24,All,App,5242,223,99,1680.27,3440.57,2.65,0.04254101487981687,0.4439461883408072,2.0476292500610023
128968,Category Promotion,2024-08-24,Premium,App,7657,302,38,1678.27,6093.93,2.47,0.03944103434765574,0.12582781456953643,3.6310784319567175
861794,App Push Notification,2024-08-24,Premium,Email,3989,167,46,1339.93,9062.97,2.43,0.041865129105038854,0.2754491017964072,6.763763778704857
334651,Email Campaign,2024-08-24,New Users,Social Media,9209,463,21,4637.81,4297.99,1.53,0.05027690302964491,0.04535637149028078,0.9267283480780798
544173,Referral Program,2024-08-24,Premium,App,1403,661,93,3792.42,6555.98,3.21,0.47113328581610836,0.14069591527987896,1.728706208700513
995734,New User Discount,2024-08-23,Premium,Email,9044,924,55,2419.76,2716.64,2.36,0.1021671826625387,0.05952380952380952,1.1226898535391938
685200,Weekend Special,2024-08-23,New Users,Social Media,6738,567,18,2683.84,2645.4,4.0,0.08414959928762245,0.031746031746031744,0.9856772385835221
18141,Festival Offer,2024-08-23,Premium,Social Media,7323,298,93,2738.0,4515.64,3.0,0.04069370476580637,0.31208053691275167,1.649247626004383
367221,Flash Sale,2024-08-23,New Users,Social Media,7196,315,53,3064.54,3459.03,1.78,0.04377431906614786,0.16825396825396827,1.1287273130714561
658145,Membership Drive,2024-08-23,New Users,Email,7801,320,62,4400.05,9731.72,2.25,0.0410203820023074,0.19375,2.2117294121657705
917306,Category Promotion,2024-08-23,New Users,App,6000,247,89,1802.4,3175.08,3.26,0.041166666666666664,0.3603238866396761,1.7615845539280957
609687,App Push Notification,2024-08-23,Inactive,Social Media,3042,220,35,4897.47,6835.03,1.92,0.07232084155161078,0.1590909090909091,1.3956246796815497
552004,Email Campaign,2024-08-23,All,Email,2911,559,95,3573.55,4533.25,2.02,0.19203023016145654,0.16994633273703041,1.2685564774523932
391939,Referral Program,2024-08-23,Premium,Email,6262,694,32,4026.13,7182.83,3.29,0.11082721175343341,0.04610951008645533,1.784053172649666
664533,New User Discount,2024-08-22,Inactive,Social Media,6188,610,73,2648.08,5985.68,2.19,0.09857789269553975,0.11967213114754098,2.260384882631945
926570,Weekend Special,2024-08-22,Premium,Social Media,5255,988,71,3283.04,3220.0,1.8,0.18801141769743102,0.07186234817813765,0.9807982845167893
913744,Festival Offer,2024-08-22,All,Social Media,5031,698,92,3439.36,3706.15,3.5,0.1387398131584178,0.1318051575931232,1.077569664123558
681774,Flash Sale,2024-08-22,New Users,Email,8711,282,96,2239.55,3545.06,2.28,0.03237286189874871,0.3404255319148936,1.5829340715768792
863138,Membership Drive,2024-08-22,New Users,Email,4617,718,38,1529.18,5291.55,3.72,0.1555122373835824,0.052924791086350974,3.4603839966518004
641708,Category Promotion,2024-08-22,Premium,Email,1587,657,50,3963.66,8755.82,2.38,0.41398865784499056,0.076103500761035,2.2090239828845055
10707,App Push Notification,2024-08-22,New Users,Social Media,3887,279,83,2882.64,3331.15,1.89,0.07177772060715204,0.2974910394265233,1.1555900147087392
167036,Email Campaign,2024-08-22,Inactive,Email,4812,637,95,1151.52,6441.58,3.6,0.1323773898586866,0.14913657770800628,5.593980130609976
414240,Referral Program,2024-08-22,New Users,App,9760,904,67,1993.79,9612.58,3.38,0.09262295081967213,0.07411504424778761,4.8212600123383105
655591,New User Discount,2024-08-21,Premium,Social Media,3997,175,46,4506.06,9413.23,3.37,0.043782837127845885,0.26285714285714284,2.0890156811050007
214126,Weekend Special,2024-08-21,New Users,Social Media,1911,322,20,3355.16,4343.0,1.88,0.1684981684981685,0.062111801242236024,1.294424110921685
849043,Festival Offer,2024-08-21,Premium,SMS,1017,555,75,1097.9,3816.51,3.58,0.5457227138643068,0.13513513513513514,3.476190909918936
758649,Flash Sale,2024-08-21,Premium,Social Media,6952,600,81,2882.36,3146.54,3.76,0.08630609896432681,0.135,1.09165406125536
643133,Membership Drive,2024-08-21,Inactive,SMS,9138,616,30,4831.86,2630.68,1.63,0.06741081199387175,0.048701298701298704,0.5444445824175369
364794,Category Promotion,2024-08-21,Premium,Email,3456,840,64,2940.5,6315.99,2.94,0.24305555555555555,0.0761904761904762,2.14793062404353
763730,App Push Notification,2024-08-21,All,App,1254,536,83,1877.51,2421.68,1.97,0.4274322169059011,0.15485074626865672,1.2898360061997005
479615,Email Campaign,2024-08-21,All,Social Media,3825,833,42,2206.95,8674.76,2.92,0.21777777777777776,0.05042016806722689,3.9306554294388185
674595,Referral Program,2024-08-21,All,Email,6929,386,81,2279.44,3972.66,1.53,0.05570789435705008,0.20984455958549222,1.7428227985821079
26843,New User Discount,2024-08-20,Inactive,Email,2314,983,72,3316.6,4068.95,2.09,0.4248055315471046,0.07324516785350967,1.22684375565338
910163,Weekend Special,2024-08-20,All,SMS,4131,888,48,3114.93,8649.78,2.37,0.214960058097313,0.05405405405405406,2.776877811058355
705483,Festival Offer,2024-08-20,Inactive,Social Media,3478,436,46,1245.46,2706.45,3.05,0.12535940195514664,0.10550458715596331,2.173052526777255
710085,Flash Sale,2024-08-20,Premium,App,5250,778,70,3036.32,7028.45,1.57,0.14819047619047618,0.08997429305912596,2.3147922485113557
195392,Membership Drive,2024-08-20,Inactive,App,2018,621,31,1872.63,7240.22,3.34,0.30773042616451934,0.0499194847020934,3.866337717541639
10907,Category Promotion,2024-08-20,All,SMS,8100,606,19,1790.86,3124.92,3.68,0.07481481481481482,0.03135313531353135,1.7449270183040553
536852,App Push Notification,2024-08-20,New Users,SMS,6864,496,28,3701.18,7088.25,1.94,0.07226107226107226,0.056451612903225805,1.9151324712659208
342908,Email Campaign,2024-08-20,All,Social Media,9847,686,92,2377.72,6406.71,2.4,0.06966588808774246,0.13411078717201166,2.694476220917518
456999,Referral Program,2024-08-20,Inactive,Social Media,4991,167,76,2636.96,2751.97,2.73,0.033460228411140054,0.4550898203592814,1.0436146168315028
112950,New User Discount,2024-08-19,Premium,Email,1695,476,40,4890.05,9414.42,3.72,0.2808259587020649,0.08403361344537816,1.9252195785319168
728495,Weekend Special,2024-08-19,New Users,SMS,4649,110,53,3637.97,7024.83,2.43,0.023661002366100237,0.4818181818181818,1.9309752416869848
566356,Festival Offer,2024-08-19,Premium,Social Media,3235,909,65,2047.7,4206.84,2.07,0.2809891808346213,0.07150715071507151,2.0544220344777067
252419,Flash Sale,2024-08-19,Inactive,Social Media,9745,879,39,1245.98,3051.63,2.52,0.09020010261672652,0.04436860068259386,2.4491805646960625
563651,Membership Drive,2024-08-19,Inactive,Social Media,7031,316,10,1850.67,4712.77,3.03,0.0449438202247191,0.03164556962025317,2.546520989695624
363017,Category Promotion,2024-08-19,Inactive,Email,5109,564,10,1921.9,4834.74,1.98,0.1103934233705226,0.01773049645390071,2.5156043498621155
66048,App Push Notification,2024-08-19,New Users,SMS,2693,566,24,2435.35,9907.63,2.76,0.21017452655031563,0.04240282685512368,4.068257129365389
197525,Email Campaign,2024-08-19,All,SMS,8042,852,99,3420.16,2019.53,3.4,0.10594379507585178,0.11619718309859155,0.590478223241018
76048,Referral Program,2024-08-19,All,Email,6442,145,100,3211.44,4547.59,2.33,0.022508537721204595,0.6896551724137931,1.4160594624218419
52679,New User Discount,2024-08-18,Inactive,Email,8630,536,76,4773.79,2879.94,3.77,0.06210892236384705,0.1417910447761194,0.60328166928164
176733,Weekend Special,2024-08-18,Inactive,Email,2270,735,37,3626.83,9659.02,3.16,0.3237885462555066,0.050340136054421766,2.6632127781009864
476080,Festival Offer,2024-08-18,Premium,Email,9612,745,92,2067.79,8478.72,2.33,0.07750728256346234,0.12348993288590604,4.100377697928706
118821,Flash Sale,2024-08-18,All,SMS,6409,219,26,2019.68,3815.11,3.89,0.03417069745670152,0.1187214611872146,1.8889675592173019
731878,Membership Drive,2024-08-18,Inactive,SMS,7769,532,22,2417.86,2882.53,2.96,0.068477281503411,0.041353383458646614,1.192182343063701
978000,Category Promotion,2024-08-18,All,Social Media,2526,517,16,2633.52,7624.27,1.99,0.2046714172604909,0.030947775628626693,2.895087183693308
3883,App Push Notification,2024-08-18,All,Social Media,3225,571,60,2012.46,3227.28,3.41,0.17705426356589146,0.10507880910683012,1.6036492650785605
500802,Email Campaign,2024-08-18,All,SMS,2333,319,17,4899.52,8858.98,2.86,0.1367338191170167,0.05329153605015674,1.8081322251975702
557237,Referral Program,2024-08-18,New Users,SMS,7890,835,100,3761.84,2919.05,2.5,0.10583016476552598,0.11976047904191617,0.775963358356549
252304,New User Discount,2024-08-17,New Users,SMS,7746,731,89,4497.43,8535.3,3.85,0.0943712884069197,0.12175102599179206,1.897817197821867
594455,Weekend Special,2024-08-17,New Users,SMS,3752,188,36,2833.54,6982.23,1.91,0.050106609808102345,0.19148936170212766,2.4641367335559052
772069,Festival Offer,2024-08-17,Inactive,Email,1785,472,25,4548.31,7995.06,3.45,0.26442577030812325,0.05296610169491525,1.7578089444211147
908122,Flash Sale,2024-08-17,Premium,SMS,8772,850,42,1110.2,6051.24,3.13,0.09689922480620156,0.04941176470588235,5.450585480093676
414315,Membership Drive,2024-08-17,Premium,Social Media,1484,995,86,3474.26,3391.55,2.85,0.6704851752021563,0.0864321608040201,0.9761934915636711
192038,Category Promotion,2024-08-17,All,SMS,3954,561,21,2906.44,2124.2,3.85,0.1418816388467375,0.0374331550802139,0.7308597459434909
232926,App Push Notification,2024-08-17,Premium,SMS,8650,911,26,1391.03,8788.92,2.01,0.10531791907514451,0.02854006586169045,6.318282136258744
335810,Email Campaign,2024-08-17,Inactive,Social Media,8492,815,31,3799.69,9221.25,3.76,0.09597268016957136,0.03803680981595092,2.426842716116315
113620,Referral Program,2024-08-17,Inactive,App,8545,119,61,3006.08,7090.68,3.6,0.013926272674078408,0.5126050420168067,2.3587795401319993
497133,New User Discount,2024-08-16,Inactive,App,2300,864,68,3960.94,7090.09,2.52,0.37565217391304345,0.0787037037037037,1.7900018682433967
180434,Weekend Special,2024-08-16,All,Email,8695,565,51,1619.3,7207.55,2.57,0.06497987349051179,0.09026548672566372,4.451028222071265
941443,Festival Offer,2024-08-16,Premium,App,4664,962,90,4788.16,7782.72,2.61,0.2062607204116638,0.09355509355509356,1.6254093430461807
490074,Flash Sale,2024-08-16,Premium,Email,2510,849,67,2284.0,6449.76,2.13,0.33824701195219126,0.07891637220259129,2.823887915936953
395559,Membership Drive,2024-08-16,Inactive,SMS,1633,897,61,4643.51,9680.75,3.89,0.5492957746478874,0.06800445930880714,2.084791461631395
468357,Category Promotion,2024-08-16,Premium,SMS,3870,540,26,1014.91,3603.29,1.58,0.13953488372093023,0.04814814814814815,3.5503542186006642
169017,App Push Notification,2024-08-16,Premium,Social Media,4044,852,48,4957.13,5282.71,3.64,0.21068249258160238,0.056338028169014086,1.065679132885359
810545,Email Campaign,2024-08-16,Premium,App,8605,163,71,1401.29,2220.55,3.93,0.0189424753050552,0.43558282208588955,1.5846470038321834
69822,Referral Program,2024-08-16,Premium,Email,4976,380,59,1090.23,8581.79,3.24,0.07636655948553055,0.15526315789473685,7.871540867523367
880536,New User Discount,2024-08-15,Inactive,App,3083,405,97,1672.44,6980.73,2.21,0.1313655530327603,0.23950617283950618,4.173979335581545
870316,Weekend Special,2024-08-15,All,App,6731,431,65,4181.21,3822.0,2.56,0.0640320903283316,0.15081206496519722,0.9140894621413419
821052,Festival Offer,2024-08-15,New Users,Social Media,4762,783,76,4042.22,5864.52,3.13,0.16442671146577068,0.0970625798212005,1.4508166304654375
658634,Flash Sale,2024-08-15,New Users,Social Media,5152,532,54,1398.81,5169.91,2.74,0.10326086956521739,0.10150375939849623,3.6959344013840334
514491,Membership Drive,2024-08-15,Premium,Email,5792,873,95,1508.71,2499.39,3.7,0.15072513812154695,0.10882016036655212,1.6566404411715967
751261,Category Promotion,2024-08-15,Inactive,SMS,2604,504,85,3993.12,9754.05,1.92,0.1935483870967742,0.16865079365079366,2.4427139680250027
130406,App Push Notification,2024-08-15,New Users,App,2357,728,76,2693.79,5133.79,2.54,0.30886720407297413,0.1043956043956044,1.9057870138355255
100662,Email Campaign,2024-08-15,Premium,Email,6964,666,78,2175.87,3727.82,2.2,0.09563469270534176,0.11711711711711711,1.713254927913892
317552,Referral Program,2024-08-15,Premium,Social Media,6094,947,84,3780.03,4986.89,1.9,0.15539875287167706,0.08870116156282999,1.3192725983656215
514027,New User Discount,2024-08-14,New Users,Email,3562,965,10,2188.31,5898.28,3.77,0.27091521617069064,0.010362694300518135,2.695358518674228
30737,Weekend Special,2024-08-14,Inactive,Email,6818,180,62,3922.65,8681.94,1.54,0.026400704018773834,0.34444444444444444,2.2132843868303316
558207,Festival Offer,2024-08-14,Premium,App,8104,522,92,1024.47,4315.84,3.17,0.06441263573543929,0.17624521072796934,4.212753911778774
270439,Flash Sale,2024-08-14,Inactive,Social Media,5163,985,90,4990.83,9226.6,1.8,0.19078055394150686,0.09137055837563451,1.8487105351214128
823839,Membership Drive,2024-08-14,Premium,SMS,1287,428,19,1630.81,7926.1,3.57,0.33255633255633255,0.04439252336448598,4.860222834051791
921253,Category Promotion,2024-08-14,All,Social Media,1556,768,89,2359.71,6934.27,3.76,0.493573264781491,0.11588541666666667,2.938611100516589
580558,App Push Notification,2024-08-14,Inactive,Email,6278,150,38,1668.33,6084.29,3.85,0.023892959541255178,0.25333333333333335,3.64693435950921
131786,Email Campaign,2024-08-14,All,App,6510,979,75,3836.38,6042.58,1.56,0.15038402457757297,0.07660878447395301,1.575073376464271
212925,Referral Program,2024-08-14,All,App,8953,646,28,3978.77,9632.0,2.2,0.07215458505528873,0.043343653250773995,2.420848654232338
740409,New User Discount,2024-08-13,New Users,SMS,5636,723,15,4337.02,6030.66,1.7,0.12828246983676367,0.02074688796680498,1.3905077680066034
601671,Weekend Special,2024-08-13,New Users,App,6912,692,44,2465.16,5176.52,3.72,0.10011574074074074,0.06358381502890173,2.0998718135942496
142246,Festival Offer,2024-08-13,New Users,Social Media,4322,323,26,1001.85,9085.03,3.92,0.07473391948172142,0.0804953560371517,9.068253730598393
985363,Flash Sale,2024-08-13,New Users,SMS,9681,427,46,1231.93,7599.83,3.36,0.044107013738250184,0.10772833723653395,6.169043695664526
993235,Membership Drive,2024-08-13,Inactive,Social Media,7419,570,45,1333.99,7418.99,2.88,0.07682976142337242,0.07894736842105263,5.561503459546174
790173,Category Promotion,2024-08-13,New Users,Social Media,6503,617,12,4344.13,9416.52,2.83,0.09487928648316162,0.019448946515397084,2.167642312730052
822459,App Push Notification,2024-08-13,New Users,App,4705,934,47,3029.71,6220.46,3.58,0.19851222104144528,0.05032119914346895,2.053153602159943
441866,Email Campaign,2024-08-13,All,SMS,2088,923,77,4932.54,8966.39,3.8,0.4420498084291188,0.08342361863488625,1.8178038089909052
681546,Referral Program,2024-08-13,New Users,SMS,7803,287,48,1408.86,9274.86,3.39,0.03678072536204024,0.1672473867595819,6.583237511179252
702423,New User Discount,2024-08-12,Inactive,Social Media,6709,153,100,2831.24,9694.16,1.97,0.022805187062155313,0.6535947712418301,3.4239979655557287
784022,Weekend Special,2024-08-12,Inactive,Email,7626,863,47,4048.88,3729.9,2.12,0.11316548649357461,0.054461181923522596,0.9212177194680998
194212,Festival Offer,2024-08-12,Inactive,Social Media,5986,968,70,2878.81,8007.86,1.9,0.16171065820247243,0.07231404958677685,2.781656309377833
432274,Flash Sale,2024-08-12,Premium,Social Media,7845,928,29,3726.48,7618.08,3.91,0.1182919056724028,0.03125,2.0443099117666
322036,Membership Drive,2024-08-12,All,SMS,6489,337,45,1853.35,7939.58,3.07,0.05193404222530436,0.13353115727002968,4.283907518817277
407656,Category Promotion,2024-08-12,All,Social Media,4831,230,86,3639.17,4216.04,2.21,0.047609190643759056,0.3739130434782609,1.1585169145711796
992418,App Push Notification,2024-08-12,Inactive,App,2399,747,41,2068.79,8433.09,3.89,0.3113797415589829,0.05488621151271754,4.076339309451418
749336,Email Campaign,2024-08-12,Premium,Social Media,2256,452,75,1360.78,7033.73,3.72,0.20035460992907803,0.16592920353982302,5.168895780361263
78129,Referral Program,2024-08-12,New Users,App,6191,486,51,2833.88,2014.46,2.8,0.07850104991116136,0.10493827160493827,0.7108487303626124
795641,New User Discount,2024-08-11,All,Email,8953,306,21,3183.75,2988.69,2.37,0.03417848765776835,0.06862745098039216,0.9387326266195525
396373,Weekend Special,2024-08-11,New Users,Social Media,4742,102,79,3817.42,9179.8,3.34,0.021509911429776464,0.7745098039215687,2.404713130858014
180390,Festival Offer,2024-08-11,All,App,7727,508,76,2957.52,4549.55,1.85,0.06574349682929986,0.14960629921259844,1.5382989802266764
514528,Flash Sale,2024-08-11,New Users,App,2460,611,21,4485.09,5364.8,2.59,0.2483739837398374,0.03436988543371522,1.1961409915966013
709720,Membership Drive,2024-08-11,Inactive,Social Media,4972,150,85,4745.79,9073.17,2.45,0.030168946098149636,0.5666666666666667,1.9118355426599154
953779,Category Promotion,2024-08-11,Inactive,Email,1149,577,80,3747.77,9049.95,3.76,0.5021758050478677,0.1386481802426343,2.414755974886399
711295,App Push Notification,2024-08-11,Premium,Social Media,5954,424,71,4162.18,4796.18,3.25,0.07121263016459523,0.16745283018867924,1.152324022507436
136965,Email Campaign,2024-08-11,Inactive,App,2916,467,68,2963.32,6983.76,3.18,0.16015089163237312,0.145610278372591,2.3567350134308813
978129,Referral Program,2024-08-11,Inactive,Email,7715,849,30,1562.14,6412.07,2.59,0.1100453661697991,0.0353356890459364,4.104670516086906
203187,New User Discount,2024-08-10,Inactive,App,3978,941,67,4658.08,2872.11,2.19,0.23655103066867772,0.07120085015940489,0.616586662315804
653448,Weekend Special,2024-08-10,Premium,Social Media,9035,399,58,3491.99,5785.67,2.04,0.044161593801881574,0.14536340852130325,1.6568403689586741
523526,Festival Offer,2024-08-10,Premium,App,5593,813,74,1420.1,8602.45,2.26,0.14536027176828178,0.0910209102091021,6.057636786141822
388700,Flash Sale,2024-08-10,Inactive,Email,7399,319,53,3045.31,5622.31,3.65,0.043113934315448035,0.16614420062695925,1.8462192683175114
796593,Membership Drive,2024-08-10,New Users,SMS,6359,967,91,1743.04,5445.9,2.44,0.15206793520993866,0.09410548086866598,3.124368918670828
899116,Category Promotion,2024-08-10,All,App,8372,479,24,2906.11,4989.33,2.68,0.05721452460582895,0.05010438413361169,1.7168414134358299
453389,App Push Notification,2024-08-10,Inactive,Social Media,6273,892,64,3483.92,2110.23,2.62,0.1421967160848079,0.07174887892376682,0.6057056419205952
968824,Email Campaign,2024-08-10,Premium,Email,4086,749,42,2136.35,7400.54,2.66,0.18330885952031326,0.056074766355140186,3.464104664497859
129388,Referral Program,2024-08-10,All,Social Media,5066,252,97,4515.12,4460.76,3.08,0.049743387287801026,0.38492063492063494,0.9879604528783289
260074,New User Discount,2024-08-09,All,App,8282,621,84,3813.19,3202.13,3.82,0.07498188843274571,0.13526570048309178,0.8397509696605729
963173,Weekend Special,2024-08-09,All,App,3672,241,31,1484.63,2577.67,1.73,0.0656318082788671,0.12863070539419086,1.7362373116534084
977799,Festival Offer,2024-08-09,Premium,SMS,1594,289,55,4377.58,8269.59,2.4,0.18130489335006272,0.1903114186851211,1.8890779837261684
884280,Flash Sale,2024-08-09,All,Email,8045,829,92,3368.75,5542.24,3.28,0.10304536979490367,0.11097708082026538,1.6451918367346938
816320,Membership Drive,2024-08-09,Inactive,Email,6129,389,27,3852.56,5183.14,3.9,0.06346875509871104,0.06940874035989718,1.345375542496418
669170,Category Promotion,2024-08-09,Inactive,Email,8144,848,11,2249.31,2250.44,2.3,0.10412573673870335,0.012971698113207548,1.0005023762842828
772988,App Push Notification,2024-08-09,Premium,Social Media,1861,698,39,2007.9,7919.96,2.84,0.3750671681891456,0.055873925501432664,3.9443996214950943
460602,Email Campaign,2024-08-09,All,SMS,6683,736,69,2693.65,8936.06,3.32,0.11013018105641179,0.09375,3.31745401221391
3131,Referral Program,2024-08-09,Inactive,Email,8623,201,11,3056.1,6057.81,2.94,0.023309752986199698,0.05472636815920398,1.9822028074997549
420987,New User Discount,2024-08-08,New Users,Email,8301,204,35,4919.38,8932.29,3.4,0.024575352367184677,0.1715686274509804,1.8157349096837407
77548,Weekend Special,2024-08-08,All,App,2425,467,25,2054.77,5294.5,1.68,0.19257731958762886,0.05353319057815846,2.576687415136487
473121,Festival Offer,2024-08-08,Premium,Social Media,9020,801,60,1907.55,9281.62,1.56,0.08880266075388027,0.0749063670411985,4.865728290215198
486618,Flash Sale,2024-08-08,Premium,App,4476,180,94,3607.25,3592.43,3.09,0.040214477211796246,0.5222222222222223,0.9958916071799847
569092,Membership Drive,2024-08-08,All,Social Media,7919,171,55,4968.16,9645.78,3.61,0.02159363556004546,0.3216374269005848,1.941519596792374
190944,Category Promotion,2024-08-08,Inactive,SMS,7803,155,85,1334.53,4418.33,3.71,0.0198641548122517,0.5483870967741935,3.3107760784695737
101610,App Push Notification,2024-08-08,Inactive,SMS,3940,237,20,4125.25,7838.27,1.68,0.06015228426395939,0.08438818565400844,1.9000715108175263
774901,Email Campaign,2024-08-08,New Users,Social Media,8759,124,77,3080.45,3572.36,2.2,0.014156867222285648,0.6209677419354839,1.1596877079647456
66041,Referral Program,2024-08-08,All,SMS,1399,832,69,1082.23,5046.91,1.52,0.5947105075053609,0.0829326923076923,4.663435683727119
972346,New User Discount,2024-08-07,New Users,SMS,7668,510,89,1153.13,9303.02,2.01,0.06651017214397496,0.17450980392156862,8.067624639025954
942743,Weekend Special,2024-08-07,All,App,2092,629,24,4006.46,2166.0,3.56,0.30066921606118546,0.03815580286168521,0.5406268875765639
695111,Festival Offer,2024-08-07,Inactive,Email,5291,635,89,3569.21,5271.05,3.81,0.12001512001512002,0.14015748031496064,1.4768113952387223
490223,Flash Sale,2024-08-07,All,App,4722,950,88,3983.59,7305.4,2.95,0.20118593816179586,0.09263157894736843,1.8338734658938294
442998,Membership Drive,2024-08-07,Premium,Social Media,2737,966,69,4578.32,7339.79,2.04,0.35294117647058826,0.07142857142857142,1.6031622953397753
921974,Category Promotion,2024-08-07,All,SMS,7735,690,21,2624.67,3051.7,2.34,0.0892049127343245,0.030434782608695653,1.1626985487699406
727319,App Push Notification,2024-08-07,New Users,Social Media,3448,954,30,3566.2,3713.43,3.18,0.2766821345707657,0.031446540880503145,1.0412848410072346
607753,Email Campaign,2024-08-07,Inactive,SMS,5122,943,95,2021.6,2466.25,1.62,0.18410777040218665,0.1007423117709438,1.219949544914919
444297,Referral Program,2024-08-07,New Users,SMS,2404,405,45,4884.8,9128.89,3.46,0.1684692179700499,0.1111111111111111,1.8688359810022925
84366,New User Discount,2024-08-06,New Users,App,5984,845,72,2315.12,2505.97,3.32,0.14120989304812834,0.08520710059171598,1.0824363315940426
331475,Weekend Special,2024-08-06,New Users,App,7023,147,68,2509.2,7199.28,2.82,0.02093122597180692,0.46258503401360546,2.8691535150645624
268405,Festival Offer,2024-08-06,New Users,SMS,9632,877,84,1135.33,3363.73,3.79,0.09105066445182725,0.09578107183580388,2.9627773422705297
392316,Flash Sale,2024-08-06,All,Email,2122,919,60,4893.49,4503.05,1.69,0.4330819981149859,0.06528835690968444,0.9202123637730946
115391,Membership Drive,2024-08-06,New Users,Email,5692,875,46,1273.09,8242.12,2.95,0.15372452565003514,0.052571428571428575,6.474106308273572
534512,Category Promotion,2024-08-06,Inactive,App,5280,577,19,2628.52,2588.43,2.17,0.10928030303030303,0.03292894280762565,0.9847480711579139
284422,App Push Notification,2024-08-06,All,Social Media,8614,940,92,1622.92,2155.43,2.91,0.10912468075226375,0.09787234042553192,1.3281184531585042
84657,Email Campaign,2024-08-06,Premium,Email,9689,690,61,1109.75,9731.21,3.42,0.0712147796470224,0.08840579710144927,8.768830817751745
414231,Referral Program,2024-08-06,Inactive,Social Media,5401,155,43,3789.27,6740.85,3.35,0.02869838918718756,0.27741935483870966,1.7789310342097555
898960,New User Discount,2024-08-05,Premium,SMS,7816,305,48,4930.14,7573.68,2.87,0.03902251791197543,0.15737704918032788,1.5361997833732917
530108,Weekend Special,2024-08-05,Inactive,App,8418,204,19,2287.14,3345.72,1.72,0.024233784746970778,0.09313725490196079,1.462840053516619
902344,Festival Offer,2024-08-05,All,SMS,5055,429,19,4026.88,9790.27,2.45,0.08486646884272997,0.04428904428904429,2.4312296368404325
134935,Flash Sale,2024-08-05,Inactive,App,5860,917,28,4159.03,3535.02,1.8,0.15648464163822526,0.030534351145038167,0.8499626114743102
836752,Membership Drive,2024-08-05,Premium,SMS,4816,684,20,2506.86,9535.46,1.7,0.1420265780730897,0.029239766081871343,3.8037465195503533
446966,Category Promotion,2024-08-05,New Users,SMS,6672,150,26,1561.05,7916.23,2.84,0.022482014388489208,0.17333333333333334,5.071093174465904
389548,App Push Notification,2024-08-05,New Users,App,6365,520,52,3270.32,7771.18,2.06,0.0816967792615868,0.1,2.376275104576922
71868,Email Campaign,2024-08-05,All,App,7001,419,74,1305.55,4501.37,3.34,0.05984859305813455,0.1766109785202864,3.4478725441384857
784176,Referral Program,2024-08-05,Inactive,App,9981,910,43,4447.77,4125.35,1.91,0.09117322913535718,0.04725274725274725,0.9275097408364191
326841,New User Discount,2024-08-04,Inactive,Social Media,2363,319,97,4907.75,8855.37,3.72,0.13499788404570462,0.30407523510971785,1.8043645254953902
211547,Weekend Special,2024-08-04,Inactive,App,3930,552,84,1732.79,3963.4,1.84,0.14045801526717558,0.15217391304347827,2.287293901742277
655175,Festival Offer,2024-08-04,New Users,Email,4295,535,28,1058.01,4651.7,2.29,0.12456344586728754,0.052336448598130844,4.396650315214412
222815,Flash Sale,2024-08-04,Inactive,Social Media,4353,444,26,1196.97,8951.53,2.38,0.1019986216402481,0.05855855855855856,7.478491524432526
280981,Membership Drive,2024-08-04,Inactive,Social Media,4014,677,76,3735.8,4863.25,3.26,0.16865969108121576,0.11225997045790251,1.3017961346967182
699556,Category Promotion,2024-08-04,Premium,SMS,4640,853,29,3244.16,6105.04,3.24,0.18383620689655172,0.03399765533411489,1.881855395541527
944188,App Push Notification,2024-08-04,New Users,SMS,7130,519,95,1483.22,3850.61,3.4,0.07279102384291725,0.18304431599229287,2.59611520880247
270788,Email Campaign,2024-08-04,Inactive,Social Media,1621,925,26,4151.92,3437.08,2.67,0.5706354102405923,0.02810810810810811,0.8278290525829014
314889,Referral Program,2024-08-04,Premium,Email,9251,377,38,1936.51,8825.13,2.72,0.04075235109717868,0.10079575596816977,4.557234406225632
368664,New User Discount,2024-08-03,All,App,2235,829,96,3767.67,4371.71,2.13,0.370917225950783,0.1158021712907117,1.1603218965567579
53822,Weekend Special,2024-08-03,New Users,Social Media,6996,639,53,3547.23,5476.86,3.46,0.09133790737564322,0.08294209702660407,1.5439822058338477
160294,Festival Offer,2024-08-03,Inactive,Email,7950,734,32,2475.23,4891.68,3.09,0.09232704402515723,0.043596730245231606,1.9762527118692002
601326,Flash Sale,2024-08-03,Premium,Social Media,4432,564,81,1978.23,9513.38,2.48,0.1272563176895307,0.14361702127659576,4.809036360787168
699828,Membership Drive,2024-08-03,Inactive,Social Media,3427,537,43,2792.0,5367.86,1.85,0.15669681937554714,0.08007448789571694,1.9225859598853867
960855,Category Promotion,2024-08-03,Premium,App,8400,425,25,2598.39,5006.07,3.79,0.050595238095238096,0.058823529411764705,1.9266045512798309
477556,App Push Notification,2024-08-03,All,App,1805,555,98,1845.04,4581.49,2.06,0.3074792243767313,0.17657657657657658,2.483138576941421
238827,Email Campaign,2024-08-03,New Users,SMS,3578,957,26,4530.04,6562.59,2.62,0.2674678591391839,0.027168234064785787,1.448682572339317
361838,Referral Program,2024-08-03,Inactive,Email,4809,870,78,2671.33,9372.2,2.18,0.18091079226450404,0.0896551724137931,3.5084396162211338
720320,New User Discount,2024-08-02,Inactive,Email,5281,129,75,1257.77,2499.86,1.91,0.02442719181973111,0.5813953488372093,1.9875334918148788
993475,Weekend Special,2024-08-02,Premium,Social Media,6835,313,70,2130.65,8548.17,2.16,0.04579370885149964,0.22364217252396165,4.012001032548753
488960,Festival Offer,2024-08-02,Premium,Social Media,8330,595,34,1881.66,2127.85,2.01,0.07142857142857142,0.05714285714285714,1.1308366017240095
569878,Flash Sale,2024-08-02,All,Social Media,5863,717,76,2455.64,7618.35,3.95,0.12229234180453692,0.10599721059972106,3.1023887866299624
72423,Membership Drive,2024-08-02,New Users,Social Media,2965,192,90,3434.13,4274.34,2.58,0.06475548060708262,0.46875,1.244664587537455
146183,Category Promotion,2024-08-02,New Users,Social Media,9354,631,84,3645.69,4325.89,1.71,0.06745777207611717,0.13312202852614896,1.1865764779781056
930544,App Push Notification,2024-08-02,New Users,App,8787,708,93,2127.63,5739.27,2.76,0.0805735745988392,0.13135593220338984,2.697494395172093
601456,Email Campaign,2024-08-02,New Users,SMS,7986,652,31,2397.68,3807.98,3.62,0.08164287503130478,0.04754601226993865,1.5881935871342299
512678,Referral Program,2024-08-02,All,App,2223,807,29,4597.94,3086.32,3.32,0.3630229419703104,0.03593556381660471,0.6712397290960735
403225,New User Discount,2024-08-01,Premium,SMS,2764,773,72,2397.18,8629.49,2.94,0.2796671490593343,0.09314359637774904,3.5998506578563148
408769,Weekend Special,2024-08-01,New Users,SMS,4684,355,88,2953.01,7374.36,2.1,0.07578992314261315,0.24788732394366197,2.497235024602016
355606,Festival Offer,2024-08-01,All,Social Media,7733,447,28,1522.84,2176.16,1.51,0.05780421569895254,0.06263982102908278,1.4290142102912977
92672,Flash Sale,2024-08-01,New Users,Social Media,6245,628,19,4210.78,7077.95,2.0,0.10056044835868695,0.030254777070063694,1.6809118500610338
412881,Membership Drive,2024-08-01,Inactive,SMS,1133,579,60,2998.96,3848.06,3.33,0.5110326566637247,0.10362694300518134,1.2831314855816682
725462,Category Promotion,2024-08-01,New Users,App,7644,178,60,4100.43,2725.65,3.55,0.02328623757195186,0.33707865168539325,0.6647229680789576
260331,App Push Notification,2024-08-01,Premium,SMS,7251,903,94,4266.24,3160.04,3.63,0.12453454695904013,0.10409745293466224,0.7407084458445845
717340,Email Campaign,2024-08-01,Inactive,App,7310,470,19,3829.59,3534.49,2.52,0.06429548563611491,0.04042553191489362,0.9229421426314566
873714,Referral Program,2024-08-01,All,App,6886,480,25,1619.51,3855.57,3.7,0.06970665117629973,0.052083333333333336,2.380701570228032
356016,New User Discount,2024-07-31,Inactive,Social Media,8868,328,17,4429.06,9854.82,2.94,0.03698691926026162,0.051829268292682924,2.2250364637191637
149417,Weekend Special,2024-07-31,Inactive,Email,5019,880,77,3090.85,6876.06,1.56,0.17533373181908746,0.0875,2.2246501771357394
118980,Festival Offer,2024-07-31,Inactive,App,1314,893,45,1159.56,9456.48,2.71,0.6796042617960426,0.05039193729003359,8.155231294628997
382542,Flash Sale,2024-07-31,Inactive,App,9314,386,42,4727.77,8348.7,3.65,0.04144298904874383,0.10880829015544041,1.7658853962861984
356470,Membership Drive,2024-07-31,All,SMS,7067,389,75,3237.15,5791.96,3.42,0.0550445733691807,0.1928020565552699,1.789215822559968
800174,Category Promotion,2024-07-31,All,App,7638,347,47,2074.27,8603.47,3.08,0.04543074103168369,0.13544668587896252,4.147709796699561
571624,App Push Notification,2024-07-31,Inactive,SMS,7047,190,17,4017.57,5145.17,2.47,0.026961827728111253,0.08947368421052632,1.280667169458155
884284,Email Campaign,2024-07-31,Inactive,Social Media,5415,268,78,2993.74,6379.18,2.97,0.0494921514312096,0.291044776119403,2.130839685477029
329114,Referral Program,2024-07-31,Inactive,Email,7028,515,87,2941.82,8874.55,3.82,0.07327831531018782,0.16893203883495145,3.016686948895581
142379,New User Discount,2024-07-30,Premium,Email,2371,641,51,1902.77,7149.5,3.57,0.2703500632644454,0.07956318252730109,3.7574168186380907
237279,Weekend Special,2024-07-30,Premium,Email,4151,128,54,4898.4,5129.08,1.54,0.030835943146229824,0.421875,1.0470929283031194
178296,Festival Offer,2024-07-30,New Users,Social Media,5309,948,14,4401.24,3702.92,3.15,0.1785647014503673,0.014767932489451477,0.8413356235969863
591305,Flash Sale,2024-07-30,Inactive,App,7295,895,32,4479.89,7130.71,3.17,0.12268677176148046,0.035754189944134075,1.591715421584012
346157,Membership Drive,2024-07-30,All,Social Media,3830,763,100,1368.8,5774.52,2.88,0.19921671018276763,0.1310615989515072,4.218673290473408
204245,Category Promotion,2024-07-30,Inactive,Email,9848,699,21,4603.37,3010.65,2.44,0.07097887896019496,0.030042918454935622,0.6540099970239195
521777,App Push Notification,2024-07-30,Premium,Email,8573,486,31,4756.98,2925.47,3.44,0.056689606905400675,0.06378600823045268,0.6149847171945226
444130,Email Campaign,2024-07-30,New Users,Social Media,8942,304,58,2716.61,8999.77,3.68,0.03399686870946097,0.19078947368421054,3.3128678757716417
806520,Referral Program,2024-07-30,Premium,Email,5607,811,32,2873.15,4774.69,3.81,0.1446406277866952,0.03945745992601726,1.6618310913109304
524893,New User Discount,2024-07-29,All,Social Media,9909,504,90,4711.83,6194.97,2.56,0.05086285195277021,0.17857142857142858,1.3147694207982887
829968,Weekend Special,2024-07-29,Inactive,App,7655,209,57,1404.95,9112.94,1.88,0.027302416721097324,0.2727272727272727,6.486309121321043
611183,Festival Offer,2024-07-29,All,SMS,1335,386,18,1515.91,8280.68,3.97,0.2891385767790262,0.046632124352331605,5.462514265358761
293118,Flash Sale,2024-07-29,Inactive,SMS,6888,880,74,3094.1,6538.3,1.81,0.12775842044134728,0.08409090909090909,2.1131508354610387
836270,Membership Drive,2024-07-29,All,SMS,5244,222,70,2402.28,6322.27,2.19,0.04233409610983982,0.3153153153153153,2.6317789766388597
218735,Category Promotion,2024-07-29,Premium,App,5193,757,62,1634.45,3697.08,3.61,0.1457731561717697,0.08190224570673713,2.261971917158677
953953,App Push Notification,2024-07-29,Premium,App,4868,616,79,3763.68,7692.36,3.03,0.1265406737880033,0.12824675324675325,2.043840071419462
552589,Email Campaign,2024-07-29,Premium,Social Media,2806,711,76,3935.06,2373.59,1.83,0.2533856022808268,0.10689170182841069,0.6031902944300722
355376,Referral Program,2024-07-29,Premium,Social Media,1023,865,19,1838.54,6334.89,3.07,0.8455522971652004,0.021965317919075144,3.445609015849533
267952,New User Discount,2024-07-28,Inactive,App,9629,944,55,4231.35,2816.73,2.0,0.09803717935403469,0.05826271186440678,0.6656811655854514
748049,Weekend Special,2024-07-28,New Users,App,7744,555,45,1815.25,4867.69,2.49,0.07166838842975207,0.08108108108108109,2.6815535050268555
515034,Festival Offer,2024-07-28,All,Social Media,7775,139,59,4752.07,6710.99,3.64,0.01787781350482315,0.4244604316546763,1.4122245673990492
512596,Flash Sale,2024-07-28,Inactive,SMS,2664,955,34,4917.87,3579.62,2.52,0.35848348348348347,0.0356020942408377,0.7278801594999461
153844,Membership Drive,2024-07-28,New Users,Email,5116,620,85,2532.77,7188.76,3.4,0.12118842845973417,0.13709677419354838,2.8382995692463195
826255,Category Promotion,2024-07-28,Inactive,SMS,9631,878,48,4635.93,5455.65,3.82,0.09116394974561312,0.05466970387243736,1.176818890708013
605877,App Push Notification,2024-07-28,All,SMS,9360,898,38,3771.86,9100.76,3.37,0.09594017094017095,0.042316258351893093,2.4128042928422584
854241,Email Campaign,2024-07-28,Premium,App,2215,253,96,4222.07,7119.83,3.62,0.11422121896162528,0.3794466403162055,1.6863363231779673
149503,Referral Program,2024-07-28,New Users,App,5145,523,93,3626.15,6438.12,2.11,0.10165208940719145,0.17782026768642448,1.7754698509438385
437168,New User Discount,2024-07-27,New Users,App,7840,383,34,4855.14,9860.4,3.71,0.048852040816326534,0.08877284595300261,2.030919808697586
547870,Weekend Special,2024-07-27,All,Email,7155,115,100,3814.87,4210.84,3.4,0.01607267645003494,0.8695652173913043,1.103796459643448
819189,Festival Offer,2024-07-27,All,Email,8251,220,23,1421.1,4288.71,1.78,0.026663434735183615,0.10454545454545454,3.0178805150939416
822731,Flash Sale,2024-07-27,New Users,Social Media,1300,520,76,1927.42,4111.59,2.31,0.4,0.14615384615384616,2.13320916043208
74683,Membership Drive,2024-07-27,Inactive,Email,7439,576,44,3917.82,9072.29,2.57,0.07742976206479366,0.0763888888888889,2.3156474774236693
516485,Category Promotion,2024-07-27,All,Social Media,4477,626,86,2516.4,2420.69,2.13,0.13982577618941255,0.13738019169329074,0.961965506278811
27041,App Push Notification,2024-07-27,Premium,Email,2523,957,12,3603.22,9873.97,3.37,0.3793103448275862,0.012539184952978056,2.7403183818917523
480113,Email Campaign,2024-07-27,New Users,Email,3254,974,82,1366.9,8439.56,2.74,0.2993239090350338,0.08418891170431211,6.174233667422635
794439,Referral Program,2024-07-27,Premium,SMS,9255,214,66,1734.4,9492.11,1.83,0.023122636412749864,0.308411214953271,5.472849400369004
841866,New User Discount,2024-07-26,Premium,App,8624,846,32,2783.61,2399.08,3.35,0.09809833024118739,0.037825059101654845,0.8618592403389842
263078,Weekend Special,2024-07-26,Premium,App,8803,940,60,4284.84,4882.68,2.55,0.10678177893899807,0.06382978723404255,1.1395244629904502
483473,Festival Offer,2024-07-26,Inactive,Social Media,4114,604,61,4844.62,4186.86,1.53,0.14681575109382597,0.10099337748344371,0.8642287733609653
251399,Flash Sale,2024-07-26,New Users,Email,9276,726,51,4401.47,9390.46,2.17,0.07826649417852523,0.07024793388429752,2.133482677378239
126783,Membership Drive,2024-07-26,All,SMS,7159,166,48,3918.23,3986.86,3.49,0.0231875960329655,0.2891566265060241,1.0175155618736011
576289,Category Promotion,2024-07-26,All,SMS,8268,127,96,4544.8,7695.17,3.58,0.015360425737784228,0.7559055118110236,1.6931812180954058
999216,App Push Notification,2024-07-26,Premium,Social Media,6504,442,46,3885.79,5767.99,3.03,0.06795817958179581,0.10407239819004525,1.4843802675903741
701672,Email Campaign,2024-07-26,Premium,App,3547,165,87,1393.64,8702.52,3.59,0.046518184381167185,0.5272727272727272,6.244453373898567
471493,Referral Program,2024-07-26,Inactive,Email,6334,113,22,3399.33,9732.13,2.47,0.017840227344490055,0.19469026548672566,2.8629553470831013
307715,New User Discount,2024-07-25,Inactive,Social Media,1129,691,71,3574.55,4019.62,2.84,0.6120460584588131,0.10274963820549927,1.1245107775803946
492367,Weekend Special,2024-07-25,Inactive,SMS,2707,193,92,4107.16,3062.0,2.21,0.0712966383450314,0.47668393782383417,0.7455273230163909
985046,Festival Offer,2024-07-25,Premium,Social Media,3835,847,87,3629.31,4203.62,2.26,0.2208604954367666,0.10271546635182999,1.1582422003080475
915785,Flash Sale,2024-07-25,Premium,Email,2094,314,96,2866.56,7832.03,1.6,0.14995224450811842,0.3057324840764331,2.7322051518196027
808285,Membership Drive,2024-07-25,New Users,Social Media,1483,654,25,1631.96,4492.13,3.31,0.44099797707349964,0.0382262996941896,2.752598102894679
209815,Category Promotion,2024-07-25,Inactive,Social Media,5775,339,31,1338.81,5303.28,2.08,0.0587012987012987,0.09144542772861357,3.9611894144800233
538814,App Push Notification,2024-07-25,New Users,Email,3384,288,94,3041.61,6123.9,3.63,0.0851063829787234,0.3263888888888889,2.01337449574403
691665,Email Campaign,2024-07-25,Premium,App,5437,765,89,3726.36,6169.71,1.78,0.1407025933419165,0.11633986928104575,1.6556934917721315
897533,Referral Program,2024-07-25,Premium,Email,6458,727,77,1682.87,5269.8,2.17,0.11257355218333849,0.10591471801925723,3.1314361774825152
335328,New User Discount,2024-07-24,Inactive,Email,8230,570,98,4491.39,5311.63,2.15,0.0692588092345079,0.17192982456140352,1.1826249780134879
234930,Weekend Special,2024-07-24,All,Social Media,3135,830,25,3881.66,2497.19,3.91,0.2647527910685805,0.030120481927710843,0.6433304307950722
979341,Festival Offer,2024-07-24,All,App,8090,553,56,4419.59,6470.58,3.14,0.06835599505562423,0.10126582278481013,1.464067933903371
878275,Flash Sale,2024-07-24,All,Email,5494,582,63,1753.58,5892.87,3.4,0.10593374590462322,0.10824742268041238,3.3604797043761905
258348,Membership Drive,2024-07-24,New Users,SMS,3169,172,33,3977.27,9975.81,3.73,0.05427579678131903,0.19186046511627908,2.5082053770551154
454374,Category Promotion,2024-07-24,New Users,Social Media,7356,656,68,3513.48,9177.68,1.95,0.089178901576944,0.10365853658536585,2.612133838815078
656922,App Push Notification,2024-07-24,Inactive,App,3666,343,74,4496.52,2109.29,1.83,0.09356246590289144,0.21574344023323616,0.46909387704269073
400959,Email Campaign,2024-07-24,Premium,Email,9453,385,33,3914.18,7660.34,1.71,0.04072781127684333,0.08571428571428572,1.9570740231670491
558809,Referral Program,2024-07-24,All,Social Media,3826,852,83,2081.05,9199.43,2.45,0.2226868792472556,0.09741784037558686,4.42057134619543
149455,New User Discount,2024-07-23,All,SMS,5385,858,55,1721.38,7136.35,3.82,0.15933147632311978,0.0641025641025641,4.14571448489003
179090,Weekend Special,2024-07-23,Inactive,Social Media,7563,388,33,3823.92,3005.46,3.15,0.05130239323019966,0.08505154639175258,0.7859630954622482
641032,Festival Offer,2024-07-23,Premium,Email,7685,956,17,3082.14,8221.14,1.89,0.12439817826935588,0.01778242677824268,2.667348011446592
906585,Flash Sale,2024-07-23,Inactive,SMS,9114,987,18,1571.3,9061.27,3.75,0.10829493087557604,0.0182370820668693,5.766734551008719
605995,Membership Drive,2024-07-23,Premium,Email,3932,797,23,3481.37,7664.15,3.16,0.20269582909460834,0.028858218318695106,2.201475281282943
837216,Category Promotion,2024-07-23,All,Social Media,8545,196,11,2185.45,4568.82,3.5,0.022937390286717377,0.05612244897959184,2.0905625843647764
220469,App Push Notification,2024-07-23,Premium,App,3611,373,63,1134.99,4552.32,3.89,0.10329548601495431,0.16890080428954424,4.010889963788227
451486,Email Campaign,2024-07-23,Inactive,App,8047,645,63,1257.39,8013.88,3.81,0.08015409469367465,0.09767441860465116,6.373424315447076
591766,Referral Program,2024-07-23,New Users,App,2318,798,90,4113.87,9547.25,2.28,0.3442622950819672,0.11278195488721804,2.3207466448866882
174479,New User Discount,2024-07-22,All,Social Media,3799,998,24,3398.23,7590.79,2.84,0.2627007107133456,0.02404809619238477,2.233748157128858
306822,Weekend Special,2024-07-22,New Users,Email,4804,438,74,2015.84,3411.08,3.17,0.09117402164862615,0.1689497716894977,1.692138264941662
915788,Festival Offer,2024-07-22,New Users,Social Media,4050,654,19,4875.93,9495.08,2.9,0.16148148148148148,0.0290519877675841,1.94733722592408
596227,Flash Sale,2024-07-22,New Users,Email,4091,282,27,3719.26,9449.68,3.34,0.06893180151552188,0.09574468085106383,2.540741975554277
23552,Membership Drive,2024-07-22,All,SMS,8825,282,16,1657.29,3088.76,2.66,0.031954674220963174,0.05673758865248227,1.8637414091679791
109358,Category Promotion,2024-07-22,Inactive,SMS,2484,817,88,3937.89,7277.89,1.98,0.3289049919484702,0.10771113831089352,1.848169959038978
751406,App Push Notification,2024-07-22,New Users,SMS,4209,381,89,1582.35,5557.25,1.94,0.09052031361368496,0.2335958005249344,3.512023256548804
408608,Email Campaign,2024-07-22,Inactive,Email,1846,753,15,2876.16,2056.14,3.89,0.4079089924160347,0.0199203187250996,0.7148906875834445
282735,Referral Program,2024-07-22,All,Email,5297,669,95,2929.05,9928.88,3.16,0.1262979044742307,0.14200298953662183,3.389795326129632
371941,New User Discount,2024-07-21,New Users,App,1347,547,74,1024.0,3800.89,3.1,0.4060876020786934,0.13528336380255943,3.711806640625
436061,Weekend Special,2024-07-21,All,App,4015,632,87,4323.49,2193.03,2.94,0.15740971357409714,0.13765822784810128,0.5072360523558515
246987,Festival Offer,2024-07-21,Premium,SMS,1768,256,64,2270.07,3531.3,2.74,0.14479638009049775,0.25,1.5555907967595712
951363,Flash Sale,2024-07-21,Inactive,SMS,5110,298,54,4827.04,9804.36,2.96,0.058317025440313114,0.18120805369127516,2.0311329510424607
2988,Membership Drive,2024-07-21,Inactive,App,8472,701,51,3923.89,3691.64,1.51,0.0827431539187913,0.07275320970042796,0.9408112867588031
415707,Category Promotion,2024-07-21,New Users,Email,6666,405,92,2106.13,3481.58,3.41,0.06075607560756076,0.2271604938271605,1.6530698484898843
208932,App Push Notification,2024-07-21,New Users,Social Media,9557,611,12,3257.03,3076.44,3.66,0.06393219629590875,0.019639934533551555,0.9445537805915205
702383,Email Campaign,2024-07-21,Inactive,Email,3976,687,29,3378.54,3248.42,2.41,0.1727867203219316,0.042212518195050945,0.9614863224943319
789166,Referral Program,2024-07-21,Inactive,App,2361,173,93,2182.0,2309.55,2.71,0.07327403642524354,0.5375722543352601,1.0584555453712192
733320,New User Discount,2024-07-20,New Users,Social Media,5217,673,97,2226.61,3176.98,2.27,0.12900134176729922,0.14413075780089152,1.4268237365322172
664577,Weekend Special,2024-07-20,New Users,SMS,8025,874,11,3169.96,5378.85,3.26,0.10890965732087228,0.012585812356979404,1.6968195182273593
50715,Festival Offer,2024-07-20,Inactive,Email,9611,902,63,1329.49,7553.54,1.96,0.09385079596295912,0.06984478935698447,5.681532016036225
573344,Flash Sale,2024-07-20,Premium,Email,3379,865,85,1213.41,7983.76,3.86,0.2559928973068955,0.09826589595375723,6.579606233672048
978121,Membership Drive,2024-07-20,All,Social Media,2073,565,60,1486.24,5993.41,2.26,0.2725518572117704,0.10619469026548672,4.032599041877489
317794,Category Promotion,2024-07-20,All,Email,3314,382,82,3278.02,5656.04,2.38,0.11526855763427882,0.21465968586387435,1.7254440180352775
110614,App Push Notification,2024-07-20,Inactive,Email,4130,959,66,3815.76,7480.82,2.5,0.23220338983050848,0.06882168925964546,1.96050590183869
913714,Email Campaign,2024-07-20,Premium,SMS,3892,530,33,4972.08,9082.47,3.32,0.13617677286742036,0.062264150943396226,1.8266942607520393
379833,Referral Program,2024-07-20,Inactive,App,9875,527,90,4312.88,6111.33,2.96,0.05336708860759494,0.17077798861480076,1.4169951401383762
502855,New User Discount,2024-07-19,All,App,1082,480,34,1650.2,7354.26,3.91,0.4436229205175601,0.07083333333333333,4.456587080353897
234616,Weekend Special,2024-07-19,New Users,Email,3551,739,59,4340.54,5844.89,3.99,0.20811039143903126,0.07983761840324763,1.3465813009441223
97633,Festival Offer,2024-07-19,Premium,Social Media,2598,326,10,4043.62,4715.53,3.09,0.12548113933795227,0.03067484662576687,1.1661654655976574
464736,Flash Sale,2024-07-19,All,Social Media,7155,158,92,1324.52,4773.46,3.83,0.022082459818308874,0.5822784810126582,3.603916890647178
353262,Membership Drive,2024-07-19,All,Social Media,9944,551,87,3411.38,8506.09,3.38,0.05541029766693484,0.15789473684210525,2.493445467816543
943724,Category Promotion,2024-07-19,Inactive,App,8474,678,65,4335.04,5372.35,2.55,0.08000944064196365,0.09587020648967552,1.2392849892965234
975447,App Push Notification,2024-07-19,Premium,App,2217,390,79,3183.66,8925.23,2.25,0.17591339648173207,0.20256410256410257,2.803449488952966
964738,Email Campaign,2024-07-19,New Users,App,4415,931,26,2594.55,2915.95,3.61,0.21087202718006795,0.027926960257787327,1.1238750457690156
88024,Referral Program,2024-07-19,Premium,Email,1201,866,11,1443.96,5404.69,3.82,0.7210657785179018,0.012702078521939953,3.742963794010914
760467,New User Discount,2024-07-18,Inactive,App,5229,638,18,4087.39,6210.84,2.74,0.12201185695161598,0.02821316614420063,1.5195124517112388
834572,Weekend Special,2024-07-18,Inactive,Email,4796,572,19,1237.44,3298.31,3.46,0.11926605504587157,0.033216783216783216,2.6654302430824925
342113,Festival Offer,2024-07-18,New Users,SMS,3407,705,39,3489.26,8606.84,3.13,0.20692691517464046,0.05531914893617021,2.466666284541708
882119,Flash Sale,2024-07-18,All,Social Media,2364,872,50,2932.34,3092.27,3.9,0.3688663282571912,0.05733944954128441,1.0545400601567347
752217,Membership Drive,2024-07-18,Premium,Email,9073,750,65,1530.69,8440.89,3.34,0.08266284580623828,0.08666666666666667,5.51443466671893
783705,Category Promotion,2024-07-18,New Users,App,7715,851,18,3437.52,2328.8,1.91,0.1103046014257939,0.021151586368977675,0.6774651492936768
183782,App Push Notification,2024-07-18,All,Email,2867,918,86,4764.01,8747.87,1.52,0.32019532612486923,0.09368191721132897,1.836240897899039
757777,Email Campaign,2024-07-18,New Users,Email,2090,447,25,4475.46,2201.66,2.25,0.2138755980861244,0.05592841163310962,0.4919404932677311
744292,Referral Program,2024-07-18,All,Social Media,4068,258,61,3514.21,4806.66,2.82,0.06342182890855458,0.2364341085271318,1.3677782488809718
655671,New User Discount,2024-07-17,Inactive,Social Media,3976,190,77,1307.47,5541.21,3.55,0.04778672032193159,0.4052631578947368,4.238116362134504
920261,Weekend Special,2024-07-17,Inactive,SMS,2029,989,50,1849.29,8274.93,2.56,0.4874322326269098,0.05055611729019211,4.474652434177441
799160,Festival Offer,2024-07-17,New Users,App,6115,862,99,1592.4,7968.14,2.42,0.1409648405560098,0.1148491879350348,5.003855815121828
12627,Flash Sale,2024-07-17,All,Social Media,7320,541,31,4870.47,4779.9,1.93,0.07390710382513661,0.05730129390018484,0.9814042587265704
714528,Membership Drive,2024-07-17,Premium,App,5213,944,100,1844.61,7292.98,2.07,0.1810857471705352,0.1059322033898305,3.9536704235583673
333795,Category Promotion,2024-07-17,Premium,App,8353,186,59,3201.53,8200.55,2.75,0.02226744882078295,0.3172043010752688,2.5614471830655963
70917,App Push Notification,2024-07-17,All,SMS,3656,800,80,1558.91,4051.96,3.92,0.2188183807439825,0.1,2.5992263825365156
455642,Email Campaign,2024-07-17,Inactive,App,7149,608,38,3935.11,5006.09,1.6,0.08504685970065744,0.0625,1.2721601175062451
290168,Referral Program,2024-07-17,Premium,Social Media,4761,595,54,3427.23,3819.1,3.53,0.1249737450115522,0.0907563025210084,1.1143401522512348
242571,New User Discount,2024-07-16,New Users,SMS,7831,1000,38,1512.16,8012.07,2.33,0.12769761205465457,0.038,5.29842741508835
121944,Weekend Special,2024-07-16,All,App,5323,494,61,2856.75,8592.7,2.67,0.09280480931805372,0.12348178137651822,3.0078585805548266
314278,Festival Offer,2024-07-16,Inactive,SMS,9082,730,71,1612.43,7169.62,3.99,0.08037877119577186,0.09726027397260274,4.44646899400284
787238,Flash Sale,2024-07-16,All,App,4129,192,66,3110.73,5430.74,2.48,0.04650036328408816,0.34375,1.745808861585544
89310,Membership Drive,2024-07-16,All,Social Media,3977,907,35,4993.77,9253.01,3.6,0.22806135277847625,0.03858875413450937,1.8529107267655498
160488,Category Promotion,2024-07-16,Premium,Email,1050,667,56,2106.81,8591.4,2.92,0.6352380952380953,0.08395802098950525,4.077918749199026
307740,App Push Notification,2024-07-16,Premium,Email,6777,187,44,3262.53,3007.54,3.12,0.027593330382175003,0.23529411764705882,0.9218428642801751
751465,Email Campaign,2024-07-16,New Users,SMS,4932,879,75,1460.37,9193.41,1.53,0.17822384428223845,0.08532423208191127,6.2952607900737485
733710,Referral Program,2024-07-16,All,SMS,7580,194,60,2869.34,5679.95,3.87,0.02559366754617414,0.30927835051546393,1.979531878411063
651888,New User Discount,2024-07-15,All,App,9603,621,86,3817.59,4776.77,2.03,0.06466729147141519,0.13848631239935588,1.2512527537006333
453227,Weekend Special,2024-07-15,Premium,SMS,8831,989,48,1549.72,9329.4,3.07,0.1119918469029555,0.04853387259858443,6.020055235784528
375783,Festival Offer,2024-07-15,All,Social Media,5484,383,79,3964.89,6711.24,3.63,0.06983953318745441,0.206266318537859,1.6926673879981537
439764,Flash Sale,2024-07-15,New Users,SMS,5733,258,53,3768.62,4817.59,3.55,0.04500261643118786,0.2054263565891473,1.278343266235386
790767,Membership Drive,2024-07-15,Premium,Email,7372,480,96,1825.52,3816.4,1.76,0.06511123168746609,0.2,2.090582409395679
162998,Category Promotion,2024-07-15,All,Email,4763,830,13,4454.17,4550.4,3.5,0.17425992021834977,0.01566265060240964,1.021604474009748
219890,App Push Notification,2024-07-15,Inactive,Email,9552,484,23,3512.99,5463.66,3.41,0.05067001675041876,0.047520661157024795,1.5552734280484717
114097,Email Campaign,2024-07-15,New Users,App,6379,602,97,2273.47,6322.59,3.04,0.09437215864555573,0.1611295681063123,2.7810307591479106
940058,Referral Program,2024-07-15,New Users,SMS,2413,167,56,3895.68,3198.49,1.99,0.0692084542063821,0.33532934131736525,0.8210350952850337
101172,New User Discount,2024-07-14,Premium,Social Media,8804,837,91,1266.85,6277.53,2.81,0.09507042253521127,0.1087216248506571,4.955227532857086
53177,Weekend Special,2024-07-14,Premium,SMS,7285,952,17,2561.42,7341.9,1.71,0.13067947838023336,0.017857142857142856,2.866339764661789
614094,Festival Offer,2024-07-14,New Users,Social Media,1395,534,97,3869.44,8474.09,1.91,0.3827956989247312,0.18164794007490637,2.190004238339398
351761,Flash Sale,2024-07-14,Premium,SMS,8777,709,18,4383.07,6731.98,1.63,0.08077930955907485,0.02538787023977433,1.5359051988674606
195184,Membership Drive,2024-07-14,Premium,Email,2588,348,10,2145.09,3088.18,2.57,0.13446676970633695,0.028735632183908046,1.4396505507927404
628944,Category Promotion,2024-07-14,New Users,Social Media,3131,925,43,3146.68,9853.52,3.35,0.29543276908335997,0.046486486486486484,3.131401985584807
726827,App Push Notification,2024-07-14,Inactive,Email,8767,637,46,2575.69,5082.43,2.12,0.07265883426485685,0.07221350078492936,1.9732304741642046
175775,Email Campaign,2024-07-14,Premium,Email,3092,584,82,1450.67,6823.36,1.88,0.1888745148771022,0.1404109589041096,4.703592133290134
405734,Referral Program,2024-07-14,Inactive,Social Media,2353,620,72,4657.85,5976.87,3.63,0.2634934126646834,0.11612903225806452,1.2831821548568545
366652,New User Discount,2024-07-13,New Users,App,5165,880,93,2768.65,4764.24,2.15,0.17037754114230397,0.10568181818181818,1.7207808859913676
189306,Weekend Special,2024-07-13,New Users,App,5057,538,49,3384.48,3133.76,2.56,0.10638718607870279,0.09107806691449814,0.925920673190564
15528,Festival Offer,2024-07-13,Premium,SMS,9050,710,50,3218.71,5250.64,3.82,0.07845303867403315,0.07042253521126761,1.6312870684218213
826247,Flash Sale,2024-07-13,Inactive,SMS,7954,854,79,4169.44,9343.86,2.61,0.10736736233341715,0.09250585480093677,2.241034767258913
486236,Membership Drive,2024-07-13,Inactive,App,8939,623,57,4589.37,5138.87,3.05,0.0696945967110415,0.09149277688603531,1.1197332095690693
858374,Category Promotion,2024-07-13,All,App,6372,286,54,4214.35,5341.12,3.5,0.04488386691776522,0.1888111888111888,1.26736507409209
856974,App Push Notification,2024-07-13,New Users,SMS,3773,748,66,3245.65,4944.02,2.64,0.19825072886297376,0.08823529411764706,1.5232757691063423
66358,Email Campaign,2024-07-13,Inactive,App,7532,786,17,1880.92,5275.79,3.53,0.10435475305363781,0.021628498727735368,2.8048986666099567
166886,Referral Program,2024-07-13,Premium,SMS,2629,756,26,3574.08,7522.36,1.98,0.28756181057436286,0.03439153439153439,2.104698272002865
81080,New User Discount,2024-07-12,All,SMS,7792,784,90,1798.8,3943.84,2.86,0.10061601642710473,0.11479591836734694,2.1924838781409832
467373,Weekend Special,2024-07-12,Inactive,Social Media,5335,693,76,3427.39,8500.54,2.83,0.12989690721649486,0.10966810966810966,2.4801787949430913
556175,Festival Offer,2024-07-12,Inactive,Email,5224,377,11,2967.36,5461.8,2.02,0.07216692189892802,0.029177718832891247,1.8406260109996764
184133,Flash Sale,2024-07-12,All,SMS,4938,556,52,1232.91,2892.73,1.58,0.11259619279060348,0.09352517985611511,2.3462620953678694
862372,Membership Drive,2024-07-12,Inactive,App,3247,282,70,1865.25,8709.17,3.05,0.08684939944564213,0.24822695035460993,4.669170352499665
54772,Category Promotion,2024-07-12,All,App,9679,725,83,3628.95,5918.21,1.59,0.07490443227606158,0.11448275862068966,1.6308326099836041
169545,App Push Notification,2024-07-12,All,App,4042,249,56,2741.56,7066.93,3.12,0.06160316674913409,0.2248995983935743,2.5777039349859208
124610,Email Campaign,2024-07-12,Premium,Social Media,9464,848,32,2229.1,5642.77,3.03,0.08960270498732037,0.03773584905660377,2.5314117805392313
723700,Referral Program,2024-07-12,All,App,7223,529,10,4659.41,7791.85,3.13,0.07323826664820711,0.01890359168241966,1.67228254221028
54604,New User Discount,2024-07-11,Premium,Social Media,3850,149,74,1265.22,4637.3,3.12,0.0387012987012987,0.4966442953020134,3.665212374132562
567737,Weekend Special,2024-07-11,Inactive,Email,3093,262,78,2924.72,4521.23,3.84,0.08470740381506628,0.29770992366412213,1.5458676386115593
376369,Festival Offer,2024-07-11,All,SMS,9931,889,28,3276.54,6644.46,3.48,0.08951767193636088,0.031496062992125984,2.0278891757768864
772462,Flash Sale,2024-07-11,All,App,3842,180,25,3638.26,6281.78,2.1,0.04685059864653826,0.1388888888888889,1.726589083792802
846900,Membership Drive,2024-07-11,Premium,Email,4760,422,56,3286.36,9180.9,3.0,0.08865546218487395,0.13270142180094788,2.793637945934103
809480,Category Promotion,2024-07-11,Premium,SMS,7565,915,23,3489.52,7052.61,2.74,0.1209517514871117,0.025136612021857924,2.021083128911713
888464,App Push Notification,2024-07-11,New Users,SMS,2956,141,43,4048.42,5658.82,2.2,0.04769959404600812,0.3049645390070922,1.3977848148166445
213728,Email Campaign,2024-07-11,Premium,Email,8210,935,58,2795.2,6047.38,2.31,0.11388550548112059,0.06203208556149733,2.1634874069834003
127966,Referral Program,2024-07-11,Premium,Email,4956,584,75,3771.9,6463.44,2.97,0.11783696529459241,0.1284246575342466,1.7135767120019088
69938,New User Discount,2024-07-10,Inactive,App,4510,809,96,3110.1,6764.98,2.06,0.17937915742793792,0.11866501854140915,2.175164785698209
628694,Weekend Special,2024-07-10,Inactive,App,7696,740,30,4977.55,4373.22,1.74,0.09615384615384616,0.04054054054054054,0.8785888639993571
969239,Festival Offer,2024-07-10,All,App,7977,149,37,4514.95,5177.34,2.63,0.018678701266140154,0.2483221476510067,1.1467103733153192
274150,Flash Sale,2024-07-10,Premium,SMS,3703,115,43,2486.13,3557.85,3.34,0.031055900621118012,0.3739130434782609,1.4310796297860529
692762,Membership Drive,2024-07-10,Inactive,Social Media,7660,129,10,2003.11,2964.52,3.13,0.016840731070496082,0.07751937984496124,1.4799586642770493
705971,Category Promotion,2024-07-10,Inactive,SMS,9304,336,36,2194.51,9169.32,2.53,0.03611349957007739,0.10714285714285714,4.178299483711625
253036,App Push Notification,2024-07-10,Inactive,App,1209,216,25,2752.45,8394.96,2.29,0.17866004962779156,0.11574074074074074,3.0499954585914364
182648,Email Campaign,2024-07-10,Premium,Social Media,8244,433,63,2518.04,7213.87,2.65,0.05252304706453178,0.14549653579676675,2.8648750615558134
288525,Referral Program,2024-07-10,New Users,App,2875,845,50,1552.18,9404.18,3.04,0.29391304347826086,0.05917159763313609,6.058691646587381
817895,New User Discount,2024-07-09,All,Email,1355,296,82,3472.55,8513.25,1.75,0.21845018450184503,0.27702702702702703,2.4515845704165526
782906,Weekend Special,2024-07-09,All,Email,4620,643,61,1129.88,9626.29,2.44,0.13917748917748918,0.09486780715396578,8.519745459694835
715842,Festival Offer,2024-07-09,New Users,Social Media,3036,616,22,2107.4,8586.18,3.71,0.2028985507246377,0.03571428571428571,4.074300085413306
436135,Flash Sale,2024-07-09,New Users,SMS,6498,327,62,4013.69,3495.04,1.89,0.050323176361957524,0.18960244648318042,0.8707797562841176
720481,Membership Drive,2024-07-09,Premium,Email,5610,684,11,3656.24,8520.82,2.53,0.12192513368983957,0.01608187134502924,2.3304870577423804
796370,Category Promotion,2024-07-09,All,SMS,9355,721,35,4009.72,7498.45,3.45,0.07707108498129342,0.04854368932038835,1.870068234190916
921510,App Push Notification,2024-07-09,Premium,Social Media,1406,747,45,3243.81,2431.46,2.02,0.531294452347084,0.060240963855421686,0.7495691794525574
336324,Email Campaign,2024-07-09,Premium,SMS,7441,940,20,4885.9,9464.14,3.08,0.12632710657169735,0.02127659574468085,1.9370310485273952
227674,Referral Program,2024-07-09,Inactive,Email,6464,990,56,2653.22,8806.88,3.38,0.1531559405940594,0.05656565656565657,3.3193176592970053
779698,New User Discount,2024-07-08,Inactive,Social Media,6314,968,20,2430.17,3313.77,2.28,0.15331010452961671,0.02066115702479339,1.363595962422382
27136,Weekend Special,2024-07-08,Inactive,Social Media,3081,663,98,4462.35,5634.3,3.03,0.21518987341772153,0.1478129713423831,1.2626306766614004
367050,Festival Offer,2024-07-08,All,App,2827,368,70,1859.92,7222.11,1.64,0.1301733286169084,0.19021739130434784,3.8830218504021676
884549,Flash Sale,2024-07-08,All,Email,3824,512,18,1011.12,4223.28,3.7,0.13389121338912133,0.03515625,4.176833610253976
986752,Membership Drive,2024-07-08,Premium,Email,3575,737,47,3896.84,4303.13,3.83,0.20615384615384616,0.06377204884667571,1.1042614015458678
69862,Category Promotion,2024-07-08,All,Social Media,7266,643,72,2974.19,9085.9,2.78,0.08849435728048445,0.1119751166407465,3.054915792198884
575066,App Push Notification,2024-07-08,Inactive,App,7977,302,56,3983.37,9691.47,1.82,0.0378588441770089,0.18543046357615894,2.432982625264537
867631,Email Campaign,2024-07-08,Inactive,Email,1298,897,19,4730.77,3047.53,2.42,0.6910631741140215,0.021181716833890748,0.6441932285864669
992548,Referral Program,2024-07-08,All,SMS,2955,130,69,3239.74,7024.88,2.4,0.043993231810490696,0.5307692307692308,2.168346842647867
370831,New User Discount,2024-07-07,All,SMS,3971,252,53,4938.28,9863.18,2.43,0.06346008562075044,0.21031746031746032,1.9972905546060573
972938,Weekend Special,2024-07-07,Premium,SMS,8867,168,29,4295.72,7068.8,1.52,0.018946656140746587,0.17261904761904762,1.645544867915041
666778,Festival Offer,2024-07-07,All,App,9556,312,30,3153.14,7350.63,2.32,0.03264964420259523,0.09615384615384616,2.3312095244740165
709437,Flash Sale,2024-07-07,Inactive,Email,6563,173,55,4805.06,2820.35,2.2,0.026359896388846563,0.3179190751445087,0.5869541691466911
89439,Membership Drive,2024-07-07,Inactive,Social Media,3764,559,78,3072.25,5487.27,1.52,0.14851222104144526,0.13953488372093023,1.7860753519407602
687834,Category Promotion,2024-07-07,All,Email,3896,881,13,1827.35,7296.21,3.1,0.22612936344969198,0.014755959137343927,3.992781897282951
497519,App Push Notification,2024-07-07,Inactive,App,3319,572,50,2778.66,5632.85,3.65,0.17234106658632117,0.08741258741258741,2.027182166943779
338168,Email Campaign,2024-07-07,All,Email,1945,665,47,4974.13,5464.2,1.59,0.34190231362467866,0.07067669172932331,1.0985237619442998
804688,Referral Program,2024-07-07,New Users,Email,7284,154,16,2848.33,8076.66,3.34,0.02114222954420648,0.1038961038961039,2.8355773382999865
780485,New User Discount,2024-07-06,All,App,1819,995,78,4986.38,7138.51,2.13,0.5470038482682793,0.07839195979899498,1.4316016829844496
547115,Weekend Special,2024-07-06,Inactive,SMS,4656,535,29,3311.28,7686.73,2.14,0.11490549828178694,0.05420560747663551,2.3213772317653594
227016,Festival Offer,2024-07-06,New Users,Social Media,4233,297,86,3920.5,5730.42,3.24,0.07016300496102056,0.2895622895622896,1.4616554010967988
425704,Flash Sale,2024-07-06,Premium,Email,3559,724,58,4851.57,3589.65,1.69,0.2034279291935937,0.08011049723756906,0.7398945083756393
731367,Membership Drive,2024-07-06,All,App,2501,541,43,1026.38,4163.05,1.55,0.21631347461015593,0.07948243992606285,4.056051364991523
614126,Category Promotion,2024-07-06,All,Social Media,8922,765,75,1243.83,6716.25,2.51,0.08574310692669805,0.09803921568627451,5.399652685656401
751624,App Push Notification,2024-07-06,Inactive,SMS,7284,596,50,2584.0,5175.76,1.56,0.08182317408017573,0.08389261744966443,2.0030030959752323
962131,Email Campaign,2024-07-06,Inactive,Email,5284,969,68,2809.88,7560.78,3.34,0.18338380015140046,0.07017543859649122,2.6907839480689564
590925,Referral Program,2024-07-06,Premium,Email,8234,914,29,1899.6,8064.61,1.7,0.11100315763905756,0.03172866520787746,4.2454253527058325
377293,New User Discount,2024-07-05,Inactive,Social Media,7771,575,49,4311.66,2839.56,2.15,0.07399305108737614,0.08521739130434783,0.6585769749933901
102043,Weekend Special,2024-07-05,Inactive,App,7307,390,42,2870.92,8166.53,2.53,0.053373477487340906,0.1076923076923077,2.844568988338233
682120,Festival Offer,2024-07-05,New Users,App,9806,804,91,4579.07,2116.41,1.69,0.08199061798898634,0.11318407960199005,0.4621921045103045
556237,Flash Sale,2024-07-05,Inactive,App,8061,906,83,4928.0,2849.73,3.36,0.11239300334946037,0.09161147902869757,0.5782731331168831
536075,Membership Drive,2024-07-05,All,Email,3374,447,72,3431.27,7819.18,1.79,0.13248369887374037,0.1610738255033557,2.278800560725329
799187,Category Promotion,2024-07-05,Inactive,SMS,8219,111,29,4629.74,3194.92,1.96,0.013505292614673318,0.26126126126126126,0.6900862683433627
660547,App Push Notification,2024-07-05,Inactive,App,5188,873,40,2262.6,8709.88,3.41,0.16827293754818812,0.045819014891179836,3.84950057456024
548705,Email Campaign,2024-07-05,All,SMS,3026,884,51,1266.83,5419.23,3.63,0.29213483146067415,0.057692307692307696,4.277787864196458
461527,Referral Program,2024-07-05,Inactive,App,7153,641,98,4563.68,8629.79,2.59,0.08961274989514889,0.15288611544461778,1.8909717596325772
303557,New User Discount,2024-07-04,New Users,SMS,2155,682,89,2401.05,7405.77,3.08,0.31647331786542926,0.13049853372434017,3.084388080214906
698668,Weekend Special,2024-07-04,Premium,App,1929,563,56,3292.83,4768.12,2.98,0.2918610679108346,0.0994671403197158,1.4480310249845878
184088,Festival Offer,2024-07-04,New Users,Email,3280,568,86,1233.29,5501.87,3.61,0.17317073170731706,0.15140845070422534,4.461132418166044
895095,Flash Sale,2024-07-04,Inactive,App,1306,440,66,3135.58,7797.98,2.86,0.33690658499234305,0.15,2.4869338368021228
635618,Membership Drive,2024-07-04,New Users,App,7959,389,63,4901.15,2434.26,3.56,0.048875486870209824,0.16195372750642673,0.49667118941472926
133861,Category Promotion,2024-07-04,All,App,3083,637,99,3039.8,6757.26,3.04,0.20661693156016867,0.1554160125588697,2.222929140075005
273112,App Push Notification,2024-07-04,New Users,SMS,4825,890,60,4971.96,6051.97,3.51,0.1844559585492228,0.06741573033707865,1.217220170717383
429218,Email Campaign,2024-07-04,Premium,Social Media,4915,743,68,2927.68,7764.72,3.39,0.15116988809766022,0.09152086137281291,2.652175101103946
299733,Referral Program,2024-07-04,Inactive,App,7883,566,69,4658.57,4550.79,3.09,0.07180007611315489,0.12190812720848057,0.9768641450058709
814579,New User Discount,2024-07-03,Premium,SMS,4921,712,97,3667.84,2493.24,3.34,0.14468603942288152,0.13623595505617977,0.6797570232071191
703493,Weekend Special,2024-07-03,Premium,App,7636,748,93,4831.1,8736.93,3.7,0.09795704557359874,0.12433155080213903,1.8084763304423424
304163,Festival Offer,2024-07-03,New Users,SMS,9383,716,99,4343.35,3781.41,3.86,0.0763082169881701,0.138268156424581,0.870620603911727
5891,Flash Sale,2024-07-03,Premium,SMS,2333,976,96,4851.75,2280.15,1.77,0.41834547792541793,0.09836065573770492,0.4699644458185191
521813,Membership Drive,2024-07-03,All,App,2775,654,34,4022.17,3607.6,2.77,0.23567567567567568,0.05198776758409786,0.8969287722796401
630300,Category Promotion,2024-07-03,Inactive,Social Media,7652,490,50,4462.33,3602.84,1.74,0.06403554626241506,0.10204081632653061,0.8073898613504604
222013,App Push Notification,2024-07-03,All,App,5590,525,65,4865.84,8038.75,3.45,0.09391771019677997,0.12380952380952381,1.6520785722506288
162388,Email Campaign,2024-07-03,Inactive,Social Media,1465,213,61,2476.41,7904.47,2.89,0.1453924914675768,0.2863849765258216,3.191906832875009
1966,Referral Program,2024-07-03,All,App,1515,924,96,3621.59,5330.49,3.92,0.6099009900990099,0.1038961038961039,1.4718645677727185
55594,New User Discount,2024-07-02,Premium,Email,4990,531,26,2983.34,6924.21,2.7,0.10641282565130261,0.04896421845574388,2.3209590593093647
922544,Weekend Special,2024-07-02,New Users,Email,2546,293,25,1171.18,2739.18,2.96,0.11508248232521602,0.08532423208191127,2.338820676582592
758868,Festival Offer,2024-07-02,All,Email,3963,196,12,1571.37,8652.94,3.17,0.049457481705778454,0.061224489795918366,5.506621610441845
221516,Flash Sale,2024-07-02,New Users,Social Media,5859,658,41,1160.27,4796.48,3.75,0.11230585424133811,0.06231003039513678,4.13393434286847
423614,Membership Drive,2024-07-02,All,Social Media,4714,852,37,2305.05,8529.82,2.15,0.1807382265591854,0.04342723004694836,3.7004923971280443
119485,Category Promotion,2024-07-02,All,SMS,4253,931,40,4987.84,5521.58,2.18,0.21890430284505055,0.04296455424274973,1.1070082440495284
186094,App Push Notification,2024-07-02,Inactive,SMS,5915,402,50,2214.75,2233.47,2.87,0.06796280642434488,0.12437810945273632,1.0084524212665085
304479,Email Campaign,2024-07-02,Premium,App,7675,417,88,2789.71,9339.14,2.54,0.054332247557003256,0.21103117505995203,3.347709977022701
130880,Referral Program,2024-07-02,Premium,SMS,7911,867,72,2811.38,2963.7,3.16,0.10959423587409936,0.08304498269896193,1.0541797978217102
244611,New User Discount,2024-07-01,New Users,Social Media,6321,187,84,4371.65,8343.1,3.89,0.029583926593893372,0.44919786096256686,1.9084556174442147
88954,Weekend Special,2024-07-01,All,SMS,7738,665,43,3656.55,9710.03,3.09,0.08593951925562161,0.06466165413533835,2.655516812295743
403916,Festival Offer,2024-07-01,Premium,App,6960,997,25,1658.6,2594.59,2.83,0.1432471264367816,0.025075225677031094,1.564325334619559
759311,Flash Sale,2024-07-01,New Users,Social Media,7954,845,83,1246.38,7315.92,2.84,0.10623585617299472,0.09822485207100591,5.869734751841332
571275,Membership Drive,2024-07-01,Inactive,Email,4154,845,58,3219.98,7299.54,2.91,0.2034183919114107,0.06863905325443787,2.2669519686457678
51824,Category Promotion,2024-07-01,Premium,Social Media,1672,432,17,4330.69,6671.78,2.37,0.2583732057416268,0.03935185185185185,1.5405812930502993
943235,App Push Notification,2024-07-01,Inactive,Social Media,6764,228,49,4512.66,4955.98,1.87,0.033707865168539325,0.2149122807017544,1.0982391760070556
275526,Email Campaign,2024-07-01,All,App,4561,692,18,3934.35,3673.46,3.12,0.15172111379083533,0.02601156069364162,0.9336891735610711
912695,Referral Program,2024-07-01,Inactive,Email,1111,233,34,4448.72,6160.27,2.96,0.20972097209720972,0.1459227467811159,1.3847286410473125
251216,New User Discount,2024-06-30,Premium,Email,2114,546,46,1765.54,7031.51,3.82,0.2582781456953642,0.08424908424908426,3.9826398722203975
762137,Weekend Special,2024-06-30,New Users,SMS,6175,682,79,1510.5,4191.05,1.64,0.11044534412955466,0.1158357771260997,2.774611055941741
594632,Festival Offer,2024-06-30,All,App,6917,204,13,4736.98,6076.13,3.95,0.0294925545756831,0.06372549019607843,1.2827012146979722
23520,Flash Sale,2024-06-30,New Users,App,2732,634,48,1120.18,7095.81,3.02,0.23206442166910687,0.07570977917981073,6.33452659394026
465937,Membership Drive,2024-06-30,New Users,SMS,7461,762,17,3075.9,4295.43,2.01,0.10213108162444713,0.02230971128608924,1.3964790792938653
677909,Category Promotion,2024-06-30,Inactive,App,6879,281,67,1482.59,8928.52,3.67,0.04084896060473906,0.23843416370106763,6.022244855287032
316186,App Push Notification,2024-06-30,New Users,App,7950,768,37,4374.78,4830.83,3.2,0.09660377358490566,0.048177083333333336,1.1042452420464572
720847,Email Campaign,2024-06-30,Premium,App,3938,998,77,4701.87,6442.54,3.86,0.25342813610970033,0.07715430861723446,1.3702080236161358
403077,Referral Program,2024-06-30,All,Social Media,7565,420,76,4381.73,8518.67,2.99,0.05551883674818242,0.18095238095238095,1.944133937965142
606513,New User Discount,2024-06-29,Inactive,Email,3160,477,90,3344.65,6653.97,3.14,0.1509493670886076,0.18867924528301888,1.9894368618540057
456050,Weekend Special,2024-06-29,New Users,Email,1044,882,94,4013.88,6635.48,1.65,0.8448275862068966,0.10657596371882086,1.653133626316681
436310,Festival Offer,2024-06-29,New Users,Email,6525,988,58,3159.26,3091.38,3.81,0.1514176245210728,0.058704453441295545,0.9785139557997758
669182,Flash Sale,2024-06-29,Premium,SMS,7621,643,26,1998.75,9531.89,2.95,0.0843721296417793,0.04043545878693624,4.768925578486554
594914,Membership Drive,2024-06-29,Premium,Email,6930,939,70,2594.55,4301.0,3.7,0.1354978354978355,0.07454739084132056,1.6577055751479062
424670,Category Promotion,2024-06-29,Premium,App,1444,152,71,2805.14,9714.68,2.36,0.10526315789473684,0.46710526315789475,3.463171178622101
65645,App Push Notification,2024-06-29,New Users,Social Media,7384,986,65,4132.36,3756.11,2.97,0.13353196099674972,0.06592292089249494,0.9089503334656227
33915,Email Campaign,2024-06-29,Inactive,App,5404,569,80,3626.89,3659.99,2.8,0.10529237601776462,0.140597539543058,1.0091262762311513
803902,Referral Program,2024-06-29,Premium,SMS,5077,473,41,2580.18,2398.48,1.99,0.09316525507189286,0.08668076109936575,0.9295785565348155
131270,New User Discount,2024-06-28,New Users,Email,7761,945,68,1487.79,3090.76,1.83,0.12176265945110167,0.07195767195767196,2.077416839742168
331187,Weekend Special,2024-06-28,New Users,SMS,2132,512,46,4171.41,3832.22,2.93,0.2401500938086304,0.08984375,0.9186869667570438
290631,Festival Offer,2024-06-28,New Users,Email,5334,360,22,1139.89,8894.52,3.05,0.06749156355455568,0.06111111111111111,7.802963443841072
38412,Flash Sale,2024-06-28,Inactive,App,3952,731,54,3131.76,7342.56,1.53,0.18496963562753035,0.07387140902872777,2.344547474902291
832797,Membership Drive,2024-06-28,Inactive,SMS,7466,103,38,3591.2,2103.74,2.01,0.01379587463166354,0.36893203883495146,0.5858041880151481
193101,Category Promotion,2024-06-28,Premium,Email,1897,860,94,3452.59,2721.55,1.52,0.4533473906167633,0.10930232558139535,0.78826330378064
818942,App Push Notification,2024-06-28,New Users,Email,1498,220,59,4045.16,3284.97,3.29,0.14686248331108145,0.2681818181818182,0.812074182479803
282366,Email Campaign,2024-06-28,Premium,Email,5310,774,44,1266.95,6411.71,3.85,0.14576271186440679,0.056847545219638244,5.060744307194443
975633,Referral Program,2024-06-28,Inactive,Email,1204,498,56,3227.61,2448.78,3.64,0.41362126245847175,0.11244979919678715,0.7586976121650385
203140,New User Discount,2024-06-27,Premium,Email,4338,488,35,4529.84,5374.49,1.73,0.11249423697556478,0.07172131147540983,1.1864635395510656
813083,Weekend Special,2024-06-27,All,Email,8328,580,55,4854.84,9204.49,2.23,0.06964457252641691,0.09482758620689655,1.8959409578894464
628968,Festival Offer,2024-06-27,Inactive,SMS,5139,514,42,2816.39,3514.78,2.65,0.10001945903872349,0.08171206225680934,1.247973469583403
104067,Flash Sale,2024-06-27,Inactive,Social Media,8835,929,89,1586.68,7113.0,3.07,0.10514997170345218,0.09580193756727665,4.482945521466206
997019,Membership Drive,2024-06-27,Premium,Social Media,4463,248,12,2672.66,6233.93,2.69,0.05556800358503249,0.04838709677419355,2.3324814978336192
549440,Category Promotion,2024-06-27,Premium,App,8080,427,26,4881.88,9391.55,1.58,0.052846534653465345,0.06088992974238876,1.9237568313846303
691873,App Push Notification,2024-06-27,All,Social Media,5652,128,43,3702.41,8025.93,3.98,0.02264685067232838,0.3359375,2.1677582979734824
107594,Email Campaign,2024-06-27,All,Email,3925,618,39,1791.31,6558.83,1.78,0.15745222929936306,0.06310679611650485,3.6614712138044228
558647,Referral Program,2024-06-27,Premium,App,7824,283,77,1351.43,9797.02,1.89,0.036170756646216766,0.27208480565371024,7.249372886498006
675663,New User Discount,2024-06-26,Premium,Social Media,2017,666,58,4614.46,2352.58,2.61,0.330193356470005,0.08708708708708708,0.5098278021697014
780455,Weekend Special,2024-06-26,All,App,9298,184,82,4161.56,9147.46,2.42,0.019789201978920198,0.44565217391304346,2.198084372206576
562182,Festival Offer,2024-06-26,All,Email,7412,685,17,1043.7,5438.85,1.94,0.09241770102536427,0.024817518248175182,5.211123886174188
319024,Flash Sale,2024-06-26,Premium,App,4392,130,56,1103.91,8439.46,1.79,0.02959927140255009,0.4307692307692308,7.645061644518121
539170,Membership Drive,2024-06-26,New Users,Email,2867,348,36,3892.36,3876.93,2.13,0.12138123474014649,0.10344827586206896,0.9960358240244992
579100,Category Promotion,2024-06-26,Premium,Email,9588,472,23,2439.33,2489.44,1.53,0.049228201919065497,0.048728813559322036,1.0205425260214895
695056,App Push Notification,2024-06-26,New Users,Social Media,6103,748,86,2302.33,7127.26,3.27,0.12256267409470752,0.11497326203208556,3.095672644668662
509838,Email Campaign,2024-06-26,Inactive,Social Media,2310,333,46,1001.64,5810.57,1.69,0.14415584415584415,0.13813813813813813,5.801056267720938
917018,Referral Program,2024-06-26,Inactive,Social Media,1152,690,99,1005.0,4625.85,2.33,0.5989583333333334,0.14347826086956522,4.602835820895523
709741,New User Discount,2024-06-25,All,App,4332,460,65,3744.78,7675.11,2.7,0.1061865189289012,0.14130434782608695,2.0495489721692595
147381,Weekend Special,2024-06-25,New Users,Email,8409,376,72,3483.01,6200.81,3.99,0.044713996908074684,0.19148936170212766,1.7803020950270025
268193,Festival Offer,2024-06-25,Premium,SMS,5799,673,24,1759.2,7800.62,2.28,0.11605449215381962,0.03566121842496285,4.43418599363347
874292,Flash Sale,2024-06-25,All,SMS,9338,718,51,3121.12,6324.27,1.87,0.07689012636538874,0.07103064066852367,2.0262822320192755
666231,Membership Drive,2024-06-25,Inactive,Social Media,3335,363,43,2568.98,9083.77,1.64,0.1088455772113943,0.1184573002754821,3.535944226891607
854434,Category Promotion,2024-06-25,Premium,Social Media,8922,341,36,1539.19,4216.18,2.34,0.03822013001569155,0.10557184750733138,2.739219979339783
937934,App Push Notification,2024-06-25,Inactive,App,2142,297,17,4271.51,5178.49,1.96,0.13865546218487396,0.05723905723905724,1.2123324070410697
160804,Email Campaign,2024-06-25,New Users,Social Media,5862,627,50,3294.6,2783.4,2.36,0.10696008188331628,0.07974481658692185,0.8448370060098344
263743,Referral Program,2024-06-25,Inactive,App,1915,755,93,3763.84,4407.4,2.1,0.39425587467362927,0.12317880794701987,1.1709849515388537
608413,New User Discount,2024-06-24,All,Social Media,8190,822,75,4622.25,8360.96,3.9,0.10036630036630037,0.09124087591240876,1.8088506679647356
296374,Weekend Special,2024-06-24,Premium,Email,5930,860,69,4851.63,7365.3,3.64,0.14502529510961215,0.08023255813953488,1.518108347091596
551476,Festival Offer,2024-06-24,Inactive,App,7483,531,79,2613.74,6458.45,2.2,0.07096084458105038,0.1487758945386064,2.470961151453473
335027,Flash Sale,2024-06-24,All,Email,8302,559,53,3655.67,8143.15,3.42,0.06733317272946278,0.09481216457960644,2.227539684927797
907176,Membership Drive,2024-06-24,Premium,SMS,4824,255,75,1681.34,3927.97,3.6,0.05286069651741294,0.29411764705882354,2.3362139721888493
481432,Category Promotion,2024-06-24,Premium,Email,5516,566,67,4108.23,6037.21,3.84,0.10261058738216099,0.11837455830388692,1.4695404103470353
7847,App Push Notification,2024-06-24,All,SMS,4556,955,78,1163.12,3696.71,3.11,0.20961369622475856,0.08167539267015707,3.178270513790495
800383,Email Campaign,2024-06-24,Inactive,Social Media,3913,588,33,3438.17,8343.04,3.23,0.15026833631484796,0.05612244897959184,2.426593216740301
125844,Referral Program,2024-06-24,Inactive,App,4513,176,31,2615.18,5040.28,2.67,0.038998448925326834,0.17613636363636365,1.9273166665392056
634113,New User Discount,2024-06-23,New Users,App,8484,946,53,2318.47,5748.4,2.06,0.1115040075436115,0.056025369978858354,2.479393738111772
614117,Weekend Special,2024-06-23,Premium,SMS,1972,385,13,4477.51,8058.4,2.02,0.19523326572008112,0.033766233766233764,1.7997503076486707
728034,Festival Offer,2024-06-23,New Users,App,6781,797,72,4823.82,7398.63,2.02,0.11753428697832179,0.0903387703889586,1.53376991678794
261225,Flash Sale,2024-06-23,All,App,9883,691,100,2077.51,6378.87,2.26,0.06991804108064353,0.1447178002894356,3.070440094151171
337094,Membership Drive,2024-06-23,New Users,SMS,8815,872,10,2548.59,9641.1,2.66,0.09892229154849688,0.011467889908256881,3.782915259025579
286120,Category Promotion,2024-06-23,New Users,Social Media,6234,938,69,3395.14,6242.52,2.21,0.15046519088867502,0.07356076759061833,1.8386635013578234
758184,App Push Notification,2024-06-23,All,Social Media,1736,662,44,1487.89,2878.17,3.69,0.3813364055299539,0.06646525679758308,1.9343970320386588
465005,Email Campaign,2024-06-23,Premium,SMS,3781,785,17,1003.74,2537.58,3.54,0.20761703253107644,0.02165605095541401,2.528124813198637
974675,Referral Program,2024-06-23,Premium,App,2911,748,77,4334.34,9047.32,2.55,0.25695637238062524,0.10294117647058823,2.08735816756415
323930,New User Discount,2024-06-22,Inactive,App,6643,911,98,4653.49,8463.58,3.81,0.13713683576697275,0.10757409440175632,1.8187596835923145
414375,Weekend Special,2024-06-22,All,SMS,2920,756,38,2289.65,8191.09,1.8,0.2589041095890411,0.05026455026455026,3.5774419671128777
208480,Festival Offer,2024-06-22,Premium,SMS,7569,635,35,1637.0,8332.56,2.45,0.08389483419209935,0.05511811023622047,5.09014050091631
901057,Flash Sale,2024-06-22,All,Social Media,6447,190,14,1781.82,5566.88,3.29,0.029471071816348688,0.07368421052631578,3.1242661997283676
929469,Membership Drive,2024-06-22,Premium,SMS,6249,835,29,1468.29,8753.86,1.63,0.13362137942070731,0.03473053892215569,5.96194212315006
572560,Category Promotion,2024-06-22,Premium,Email,3292,232,49,1464.95,9553.86,2.09,0.07047387606318348,0.21120689655172414,6.521628724529847
754004,App Push Notification,2024-06-22,Premium,SMS,2490,917,27,4603.79,6266.45,2.03,0.3682730923694779,0.029443838604143947,1.3611502696691204
516036,Email Campaign,2024-06-22,New Users,App,5904,693,79,3829.55,3327.78,3.33,0.1173780487804878,0.113997113997114,0.8689741614550013
345842,Referral Program,2024-06-22,Premium,App,4740,589,34,4973.04,2934.5,2.08,0.12426160337552743,0.057724957555178265,0.5900817206376784
503189,New User Discount,2024-06-21,All,Email,7381,175,34,4470.77,7587.44,1.9,0.023709524454680938,0.19428571428571428,1.6971215249274731
733405,Weekend Special,2024-06-21,New Users,Email,8045,437,66,2813.81,6769.39,2.8,0.054319453076445,0.15102974828375287,2.4057736663100924
637524,Festival Offer,2024-06-21,Inactive,Email,8059,298,81,3677.63,8321.77,2.69,0.036977292468048144,0.27181208053691275,2.2628078409192875
821373,Flash Sale,2024-06-21,Inactive,Email,3211,412,46,1645.04,7723.1,2.0,0.12830893802553722,0.11165048543689321,4.694779458250256
567412,Membership Drive,2024-06-21,All,Social Media,7170,312,25,3692.45,4329.54,3.67,0.04351464435146443,0.08012820512820513,1.172538558409728
372223,Category Promotion,2024-06-21,Inactive,Email,3986,492,50,3888.91,4894.63,2.39,0.12343201204214752,0.1016260162601626,1.258612310390315
402032,App Push Notification,2024-06-21,All,SMS,5473,334,91,3286.49,8320.97,2.87,0.0610268591266216,0.27245508982035926,2.531871388624338
544562,Email Campaign,2024-06-21,Inactive,App,3626,517,26,4898.32,2826.17,2.29,0.14258135686707116,0.05029013539651837,0.5769672050825589
688809,Referral Program,2024-06-21,All,Social Media,1939,166,15,3686.11,9021.3,2.58,0.08561113976276431,0.09036144578313253,2.4473767738890047
482783,New User Discount,2024-06-20,New Users,SMS,8120,243,37,4961.69,7083.77,3.66,0.029926108374384235,0.1522633744855967,1.427692983640655
100438,Weekend Special,2024-06-20,Premium,Email,7651,575,30,1819.94,8889.88,3.55,0.07515357469611815,0.05217391304347826,4.884710484961042
156818,Festival Offer,2024-06-20,Premium,SMS,8842,731,49,2006.5,5537.53,1.73,0.08267360325718164,0.06703146374829001,2.7597956640917016
992276,Flash Sale,2024-06-20,All,Social Media,2292,975,71,2306.65,7002.08,2.42,0.42539267015706805,0.07282051282051281,3.035605748596449
791007,Membership Drive,2024-06-20,Premium,Social Media,8837,613,80,4690.93,8167.9,2.31,0.06936743238655653,0.13050570962479607,1.7412112310352104
856955,Category Promotion,2024-06-20,New Users,App,9042,228,54,4882.17,6162.55,2.7,0.025215660252156602,0.23684210526315788,1.2622563327372869
502211,App Push Notification,2024-06-20,Inactive,Social Media,8187,627,31,2061.34,3802.35,1.85,0.07658482960791499,0.049441786283891544,1.844601084731291
244847,Email Campaign,2024-06-20,New Users,Social Media,7058,534,72,1964.28,5347.66,3.1,0.07565882686313403,0.1348314606741573,2.7224530107723948
404966,Referral Program,2024-06-20,All,Email,8314,748,68,4915.11,6474.87,2.26,0.08996872744767861,0.09090909090909091,1.3173397950401924
696282,New User Discount,2024-06-19,All,App,4809,452,56,4390.68,3236.03,3.65,0.09399043460178831,0.12389380530973451,0.7370225113194312
424370,Weekend Special,2024-06-19,Premium,App,5015,384,33,2029.69,8689.53,3.2,0.07657028913260219,0.0859375,4.281210431149584
705062,Festival Offer,2024-06-19,Inactive,Email,2525,981,90,3110.52,9400.26,2.27,0.3885148514851485,0.09174311926605505,3.0220863392616026
546510,Flash Sale,2024-06-19,New Users,SMS,8521,853,57,1430.37,7319.07,2.39,0.10010562140593827,0.0668229777256741,5.11690681432077
633588,Membership Drive,2024-06-19,New Users,Social Media,3967,491,14,1227.33,6454.6,2.79,0.12377111167128813,0.028513238289205704,5.2590582809839255
399272,Category Promotion,2024-06-19,Inactive,Social Media,6403,402,95,2811.47,3664.74,2.22,0.06278307043573325,0.236318407960199,1.303496035881585
233151,App Push Notification,2024-06-19,Inactive,App,6735,722,99,3116.17,7836.34,2.66,0.10720118782479585,0.1371191135734072,2.514734433615624
584545,Email Campaign,2024-06-19,Premium,Email,9595,219,76,3139.81,7330.31,2.5,0.022824387701928087,0.3470319634703196,2.334634898290024
397862,Referral Program,2024-06-19,Premium,Social Media,4450,581,60,3597.88,2802.28,2.95,0.130561797752809,0.10327022375215146,0.7788697788697789
362364,New User Discount,2024-06-18,Premium,Social Media,6232,943,24,3811.42,7948.0,2.08,0.1513157894736842,0.02545068928950159,2.085312035934114
539033,Weekend Special,2024-06-18,Inactive,App,2741,419,62,3911.23,2955.67,2.4,0.15286391827800072,0.14797136038186157,0.7556881083444339
676015,Festival Offer,2024-06-18,Inactive,Social Media,7727,610,94,4262.46,3880.45,2.83,0.07894396272809628,0.1540983606557377,0.910378044603351
226154,Flash Sale,2024-06-18,Inactive,SMS,7178,474,58,1539.4,4674.56,3.2,0.06603510727222067,0.12236286919831224,3.0366116668832013
108908,Membership Drive,2024-06-18,Inactive,Social Media,7143,707,48,2205.06,4584.15,2.8,0.09897802043959121,0.06789250353606789,2.078923022502789
272500,Category Promotion,2024-06-18,All,App,9834,124,50,1448.38,5272.86,1.83,0.012609314622737441,0.4032258064516129,3.640522514809649
83441,App Push Notification,2024-06-18,New Users,Social Media,6234,216,14,4251.45,3850.69,1.52,0.03464870067372473,0.06481481481481481,0.9057356901762929
596814,Email Campaign,2024-06-18,Inactive,Email,2352,804,36,4421.23,6058.77,3.14,0.34183673469387754,0.04477611940298507,1.3703810930442435
956713,Referral Program,2024-06-18,All,Email,5320,418,54,2313.02,9477.86,2.32,0.07857142857142857,0.1291866028708134,4.097612644940381
96443,New User Discount,2024-06-17,Premium,SMS,8087,288,23,3386.38,6585.01,2.59,0.035612711759614196,0.0798611111111111,1.9445573148908273
46328,Weekend Special,2024-06-17,Inactive,Social Media,9716,876,77,2058.48,3654.76,1.81,0.09016055990119391,0.08789954337899543,1.7754653919396837
853731,Festival Offer,2024-06-17,Inactive,App,5178,218,20,4346.45,8248.94,2.5,0.042101197373503284,0.09174311926605505,1.8978568716998931
306730,Flash Sale,2024-06-17,Inactive,Email,2520,281,63,3634.05,8481.23,2.51,0.11150793650793651,0.22419928825622776,2.3338231449759905
709860,Membership Drive,2024-06-17,New Users,App,4777,165,18,1347.85,3956.09,3.27,0.034540506594096715,0.10909090909090909,2.9351114738286905
958569,Category Promotion,2024-06-17,New Users,Email,6554,262,54,2766.46,7891.14,3.67,0.039975587427525175,0.20610687022900764,2.852432350368341
704835,App Push Notification,2024-06-17,Inactive,Email,5758,563,32,1431.46,5825.97,1.69,0.09777700590482806,0.056838365896980464,4.069949561985665
952949,Email Campaign,2024-06-17,All,SMS,1867,252,32,3601.37,6013.29,2.84,0.13497589716122121,0.12698412698412698,1.6697229110033127
66920,Referral Program,2024-06-17,Inactive,Social Media,1844,424,66,3701.77,9927.17,3.33,0.2299349240780911,0.15566037735849056,2.681736034383552
502555,New User Discount,2024-06-16,New Users,App,9249,700,12,1593.91,8503.44,1.96,0.07568385771434749,0.017142857142857144,5.33495617694851
596296,Weekend Special,2024-06-16,All,App,1334,902,90,2481.0,6132.47,1.97,0.6761619190404797,0.09977827050997783,2.4717734784361145
366737,Festival Offer,2024-06-16,Inactive,Email,9644,459,76,4939.87,9933.28,1.55,0.04759435918705931,0.1655773420479303,2.0108383418996856
342656,Flash Sale,2024-06-16,All,SMS,3372,116,81,2118.14,5915.73,2.49,0.03440094899169632,0.6982758620689655,2.7928890441613867
40100,Membership Drive,2024-06-16,All,SMS,7337,294,16,1919.72,8444.14,1.9,0.04007087365408205,0.05442176870748299,4.3986310503615105
87706,Category Promotion,2024-06-16,All,SMS,5168,446,96,1129.17,9219.79,1.77,0.08630030959752322,0.21524663677130046,8.165103571649974
308000,App Push Notification,2024-06-16,New Users,Social Media,4400,401,40,1804.59,3354.44,2.75,0.09113636363636364,0.09975062344139651,1.8588377415368589
428184,Email Campaign,2024-06-16,All,App,2536,230,81,4318.81,5181.51,3.6,0.09069400630914827,0.3521739130434783,1.1997540989300293
373268,Referral Program,2024-06-16,New Users,Email,6134,546,10,2054.83,2564.13,1.8,0.08901206390609716,0.018315018315018316,1.2478550537027395
122101,New User Discount,2024-06-15,All,App,3479,954,57,3021.8,4040.04,3.2,0.2742167289450992,0.059748427672955975,1.3369647230127737
618357,Weekend Special,2024-06-15,Premium,App,5190,593,77,1721.69,4378.18,2.31,0.1142581888246628,0.12984822934232715,2.542954887349058
589864,Festival Offer,2024-06-15,New Users,SMS,2172,426,94,3879.69,4710.66,2.3,0.19613259668508287,0.22065727699530516,1.2141846384633823
925095,Flash Sale,2024-06-15,New Users,App,4406,329,92,1816.05,6484.66,3.59,0.07467090331366319,0.2796352583586626,3.570749704027973
289839,Membership Drive,2024-06-15,Premium,Email,8135,506,24,2226.15,3841.39,3.29,0.06220036877688998,0.04743083003952569,1.7255755452238168
56268,Category Promotion,2024-06-15,All,SMS,2829,908,95,1635.16,2569.2,2.15,0.32096147048427004,0.10462555066079295,1.5712223880231901
254950,App Push Notification,2024-06-15,Inactive,SMS,3649,709,99,4749.37,7122.19,1.64,0.19429980816662099,0.13963328631875882,1.4996073163387986
727821,Email Campaign,2024-06-15,Premium,Email,2701,978,20,1421.95,7018.42,2.39,0.36208811551277303,0.02044989775051125,4.935771299975386
409984,Referral Program,2024-06-15,New Users,Email,7777,948,28,4731.42,7969.46,1.5,0.1218979040761219,0.029535864978902954,1.6843695972879178
382434,New User Discount,2024-06-14,All,SMS,5051,126,55,1804.81,4267.67,2.59,0.024945555335577112,0.4365079365079365,2.3646090170156415
616474,Weekend Special,2024-06-14,All,Email,8476,616,96,2359.49,8603.51,1.99,0.0726757904672015,0.15584415584415584,3.6463430656624953
941075,Festival Offer,2024-06-14,Inactive,Social Media,7447,134,88,4941.09,4202.73,3.99,0.017993823015979588,0.6567164179104478,0.8505673849292361
814469,Flash Sale,2024-06-14,New Users,SMS,5349,124,70,2643.77,5842.61,1.74,0.02318190315946906,0.5645161290322581,2.2099539672513115
761712,Membership Drive,2024-06-14,New Users,Social Media,4335,449,51,2927.23,2265.16,2.73,0.1035755478662053,0.11358574610244988,0.7738237173027059
480269,Category Promotion,2024-06-14,All,Social Media,8583,248,87,4772.71,9982.95,1.93,0.028894325993242456,0.35080645161290325,2.091673284150933
886789,App Push Notification,2024-06-14,Inactive,Social Media,2073,179,46,3028.51,2627.73,3.14,0.08634828750602991,0.2569832402234637,0.8676642969645139
974288,Email Campaign,2024-06-14,New Users,SMS,7432,278,59,4961.52,4296.48,3.46,0.037405812701829924,0.21223021582733814,0.8659604314806751
60550,Referral Program,2024-06-14,Premium,Email,9811,210,12,3460.17,2660.14,2.3,0.021404545917847313,0.05714285714285714,0.7687888167344379
165799,New User Discount,2024-06-13,All,App,5023,244,34,1671.9,4680.2,3.85,0.048576547879753136,0.13934426229508196,2.799330103475088
340263,Weekend Special,2024-06-13,Premium,Social Media,8305,328,33,1803.95,4342.73,2.87,0.0394942805538832,0.10060975609756098,2.407344992932176
351998,Festival Offer,2024-06-13,Inactive,Email,9923,616,20,2271.38,9558.91,2.12,0.06207800060465585,0.032467532467532464,4.2084151485000305
677124,Flash Sale,2024-06-13,Premium,App,7560,408,28,1445.97,9099.79,1.86,0.05396825396825397,0.06862745098039216,6.293208019530143
661716,Membership Drive,2024-06-13,Premium,SMS,8754,128,75,2729.67,2025.61,3.65,0.01462188713730866,0.5859375,0.7420713859184443
327527,Category Promotion,2024-06-13,All,App,9436,309,73,2501.44,9452.52,2.63,0.03274692666384061,0.23624595469255663,3.7788313931175646
684140,App Push Notification,2024-06-13,New Users,Email,3071,941,61,1588.88,4070.75,3.47,0.3064148485835233,0.06482465462274177,2.562024822516489
638621,Email Campaign,2024-06-13,Inactive,App,3096,404,15,1909.56,8978.79,3.44,0.13049095607235142,0.03712871287128713,4.702020360711368
33189,Referral Program,2024-06-13,Inactive,SMS,9405,260,35,3337.63,6089.44,2.42,0.02764486975013291,0.1346153846153846,1.824480244964241
479531,New User Discount,2024-06-12,All,App,8723,937,16,1465.37,7069.76,1.67,0.10741717299094349,0.017075773745997867,4.824556255416721
517589,Weekend Special,2024-06-12,Inactive,Social Media,3505,650,15,1373.24,8840.4,2.08,0.18544935805991442,0.023076923076923078,6.437621974308933
949012,Festival Offer,2024-06-12,All,SMS,5302,834,32,3486.68,3409.51,2.15,0.15729913240286683,0.03836930455635491,0.9778671974485759
329803,Flash Sale,2024-06-12,All,Social Media,1307,711,10,3105.23,9568.06,2.43,0.5439938791124713,0.014064697609001406,3.081272562740924
884946,Membership Drive,2024-06-12,All,Email,6403,619,15,1731.81,4547.21,2.55,0.09667343432765892,0.024232633279483037,2.6256979691767572
534939,Category Promotion,2024-06-12,All,Email,1197,908,67,4173.14,9028.71,2.53,0.758563074352548,0.07378854625550661,2.1635291411263458
366772,App Push Notification,2024-06-12,All,Social Media,5046,811,27,1418.9,3627.07,2.74,0.16072136345620294,0.03329223181257707,2.5562548453026994
533021,Email Campaign,2024-06-12,Inactive,Social Media,4953,582,82,2190.85,9890.89,1.94,0.1175045427013931,0.140893470790378,4.514635871921857
454551,Referral Program,2024-06-12,Inactive,Email,5645,397,20,3046.6,7455.61,3.2,0.07032772364924712,0.05037783375314862,2.4471903105100767
593053,New User Discount,2024-06-11,New Users,App,8235,271,52,3295.3,9339.1,3.72,0.032908318154219796,0.1918819188191882,2.834066701059084
305542,Weekend Special,2024-06-11,Inactive,SMS,1790,506,78,2694.62,5617.12,2.62,0.28268156424581004,0.1541501976284585,2.0845685105877636
35694,Festival Offer,2024-06-11,Inactive,App,2368,640,93,3856.19,7217.4,3.34,0.2702702702702703,0.1453125,1.8716401422129094
925543,Flash Sale,2024-06-11,New Users,Email,5049,180,66,1154.8,3635.85,2.59,0.035650623885918005,0.36666666666666664,3.1484672670592313
420800,Membership Drive,2024-06-11,New Users,Email,6732,959,29,4145.05,6497.65,3.99,0.1424539512774807,0.03023983315954119,1.5675685456146486
559123,Category Promotion,2024-06-11,Inactive,SMS,8081,836,72,4176.09,6158.94,2.96,0.1034525430021037,0.0861244019138756,1.4748101693210633
269055,App Push Notification,2024-06-11,New Users,Social Media,3849,480,79,3021.42,4742.55,3.02,0.12470771628994544,0.16458333333333333,1.5696427507595767
738777,Email Campaign,2024-06-11,All,SMS,2682,833,45,3854.34,4134.43,2.07,0.3105891126025354,0.05402160864345738,1.0726687318710857
997672,Referral Program,2024-06-11,Inactive,App,8949,778,48,1557.76,5176.91,2.95,0.0869370879427869,0.061696658097686374,3.323303974938373
387569,New User Discount,2024-06-10,All,App,3541,479,33,2858.44,6749.31,2.89,0.13527252188647274,0.06889352818371608,2.361186521319321
725889,Weekend Special,2024-06-10,All,SMS,5476,321,34,3391.98,9478.39,3.06,0.058619430241051866,0.1059190031152648,2.794353150667162
102220,Festival Offer,2024-06-10,New Users,Social Media,8134,542,72,4827.8,2122.7,2.75,0.06663388246865011,0.13284132841328414,0.43968267119598986
972880,Flash Sale,2024-06-10,Premium,App,2686,573,21,3764.41,2938.68,2.4,0.2133283693224125,0.03664921465968586,0.7806482290717536
966908,Membership Drive,2024-06-10,All,App,4621,828,30,2344.47,4609.71,3.04,0.17918199523912573,0.036231884057971016,1.9662055816453188
780511,Category Promotion,2024-06-10,Premium,SMS,6298,478,23,3960.47,5612.42,2.59,0.07589711019371229,0.04811715481171548,1.4171095854784912
344444,App Push Notification,2024-06-10,All,App,8820,813,20,3961.21,5302.11,2.2,0.09217687074829932,0.024600246002460024,1.3385076782094358
807142,Email Campaign,2024-06-10,New Users,Social Media,9263,753,24,3493.33,8458.35,3.97,0.08129115837201771,0.03187250996015936,2.4212857073336904
654809,Referral Program,2024-06-10,New Users,SMS,6756,673,20,4965.22,7409.79,2.08,0.09961515689757253,0.029717682020802376,1.492338708053218
808327,New User Discount,2024-06-09,Premium,Social Media,7819,101,18,3540.78,5825.03,2.04,0.012917252845632434,0.1782178217821782,1.6451262151277402
384485,Weekend Special,2024-06-09,All,App,1650,113,25,4786.99,2548.86,2.87,0.06848484848484848,0.22123893805309736,0.5324556767404988
308132,Festival Offer,2024-06-09,All,App,1550,180,66,1681.47,8836.41,3.04,0.11612903225806452,0.36666666666666664,5.25516958375707
348245,Flash Sale,2024-06-09,New Users,Email,3667,764,44,2934.13,4935.82,3.91,0.20834469593673302,0.05759162303664921,1.6822090364094295
25291,Membership Drive,2024-06-09,New Users,Email,1432,983,90,2871.1,3458.28,1.88,0.6864525139664804,0.09155645981688708,1.2045139493573893
976693,Category Promotion,2024-06-09,Premium,SMS,5669,240,49,2458.19,7492.08,2.68,0.04233550890809667,0.20416666666666666,3.0478034651511883
375231,App Push Notification,2024-06-09,All,SMS,2454,768,36,2924.82,5370.16,1.51,0.31295843520782396,0.046875,1.8360651253752367
65236,Email Campaign,2024-06-09,Premium,SMS,7079,890,63,2827.12,7304.56,2.16,0.1257239723124735,0.07078651685393259,2.5837460029995194
969401,Referral Program,2024-06-09,Inactive,Email,7518,415,25,1221.96,6326.84,1.66,0.05520085129023677,0.060240963855421686,5.1776162885855515
676008,New User Discount,2024-06-08,Inactive,Email,7222,122,84,1816.73,5457.83,1.57,0.01689282747161451,0.6885245901639344,3.0042053579783454
641598,Weekend Special,2024-06-08,Inactive,Email,4746,124,68,4014.48,7456.39,3.12,0.026127265065318164,0.5483870967741935,1.8573738068193142
565487,Festival Offer,2024-06-08,New Users,App,7525,121,22,2225.67,5581.15,2.38,0.016079734219269105,0.18181818181818182,2.507626916838525
878794,Flash Sale,2024-06-08,Inactive,SMS,3860,988,53,4893.48,5807.62,2.33,0.2559585492227979,0.053643724696356275,1.1868077523561964
784473,Membership Drive,2024-06-08,Inactive,App,7019,613,99,4591.25,9426.05,3.58,0.08733437811654082,0.16150081566068517,2.0530465559488156
594934,Category Promotion,2024-06-08,Premium,SMS,8582,345,95,4085.63,6226.65,2.37,0.040200419482638076,0.2753623188405797,1.5240366846728655
933590,App Push Notification,2024-06-08,New Users,App,1037,811,60,2507.04,4518.31,3.51,0.7820636451301832,0.07398273736128237,1.8022488671899932
929968,Email Campaign,2024-06-08,Inactive,Social Media,6472,687,30,4714.39,8678.56,3.23,0.1061495673671199,0.043668122270742356,1.840865944480622
890988,Referral Program,2024-06-08,Premium,Social Media,1098,722,39,1919.2,6066.41,3.43,0.6575591985428051,0.054016620498614956,3.160905585660692
704329,New User Discount,2024-06-07,Inactive,SMS,7018,497,30,3185.37,2718.84,1.87,0.07081789683670561,0.060362173038229376,0.8535397771687434
981287,Weekend Special,2024-06-07,Premium,Social Media,6495,456,28,2681.53,9586.18,2.57,0.07020785219399538,0.06140350877192982,3.5748919460158937
146905,Festival Offer,2024-06-07,New Users,Social Media,9781,554,59,2921.25,4715.48,3.0,0.05664042531438503,0.10649819494584838,1.6141994009413776
235115,Flash Sale,2024-06-07,Inactive,Email,6167,804,100,3259.39,8399.93,3.02,0.1303713312793903,0.12437810945273632,2.5771478712274383
128851,Membership Drive,2024-06-07,Premium,Social Media,2570,866,91,1388.23,5569.03,2.42,0.3369649805447471,0.10508083140877598,4.011604705272181
320418,Category Promotion,2024-06-07,Premium,SMS,7590,953,68,3132.26,7771.38,2.83,0.12555994729907774,0.07135362014690451,2.481077560611188
919298,App Push Notification,2024-06-07,Premium,SMS,4261,377,16,2117.69,4160.18,3.36,0.08847688336071345,0.042440318302387266,1.9644896089607073
707155,Email Campaign,2024-06-07,Premium,SMS,9062,682,29,1547.79,8395.27,3.87,0.07525932465239461,0.04252199413489736,5.424036852544596
754781,Referral Program,2024-06-07,Inactive,Email,2194,139,35,1335.58,9851.91,2.84,0.0633546034639927,0.2517985611510791,7.376503092289492
744858,New User Discount,2024-06-06,Premium,App,6332,989,37,3657.88,8777.23,2.79,0.1561907770056854,0.03741152679474216,2.399540170809321
375841,Weekend Special,2024-06-06,New Users,App,4981,727,47,1713.11,2545.72,1.92,0.14595462758482233,0.06464924346629987,1.4860224970959248
624823,Festival Offer,2024-06-06,Inactive,App,6728,159,26,3038.14,7181.02,1.63,0.02363258026159334,0.16352201257861634,2.363623796138427
508505,Flash Sale,2024-06-06,All,App,2977,907,10,2944.7,6826.89,3.46,0.3046691299966409,0.011025358324145534,2.3183651984922067
281824,Membership Drive,2024-06-06,New Users,SMS,1890,576,79,1548.34,3110.04,1.54,0.3047619047619048,0.1371527777777778,2.008628595786455
405953,Category Promotion,2024-06-06,Inactive,SMS,2474,293,48,4888.58,4937.64,2.4,0.11843168957154405,0.16382252559726962,1.0100356340696073
672603,App Push Notification,2024-06-06,New Users,Email,7179,543,92,2799.67,5515.45,1.7,0.07563727538654409,0.1694290976058932,1.9700357542138893
18694,Email Campaign,2024-06-06,All,Email,1630,984,12,2678.92,3340.67,2.68,0.603680981595092,0.012195121951219513,1.2470211876427815
339441,Referral Program,2024-06-06,Inactive,SMS,3926,697,20,3245.81,8853.3,3.17,0.17753438614365766,0.028694404591104734,2.7276088249158144
481626,New User Discount,2024-06-05,New Users,Social Media,3978,259,96,1085.61,8925.35,3.98,0.06510809451985923,0.37065637065637064,8.221506802627095
297626,Weekend Special,2024-06-05,Premium,Social Media,1366,905,62,4880.16,4900.71,3.97,0.6625183016105417,0.06850828729281767,1.0042109275105735
412097,Festival Offer,2024-06-05,All,SMS,1967,628,91,3008.33,5466.2,2.26,0.31926792069140825,0.1449044585987261,1.8170214039018326
687063,Flash Sale,2024-06-05,Inactive,Social Media,4071,519,17,3692.65,8849.1,2.77,0.12748710390567428,0.03275529865125241,2.396409082907939
718667,Membership Drive,2024-06-05,All,Social Media,6928,614,51,2853.89,7300.29,3.41,0.08862586605080831,0.08306188925081433,2.558013798709831
363025,Category Promotion,2024-06-05,All,App,1036,346,25,4369.75,4444.4,2.21,0.333976833976834,0.07225433526011561,1.0170833571714628
211677,App Push Notification,2024-06-05,All,App,3290,634,44,4335.94,3974.74,2.54,0.19270516717325228,0.0694006309148265,0.9166962642471991
348287,Email Campaign,2024-06-05,Premium,Social Media,1287,273,19,4745.85,4524.7,3.38,0.21212121212121213,0.0695970695970696,0.9534013927958109
432669,Referral Program,2024-06-05,Inactive,SMS,7687,956,100,2724.67,5754.35,2.55,0.12436581241056328,0.10460251046025104,2.111943831730081
234550,New User Discount,2024-06-04,Inactive,SMS,2592,184,73,2469.58,2234.18,1.82,0.07098765432098765,0.3967391304347826,0.9046801480413673
722587,Weekend Special,2024-06-04,All,App,8171,533,30,2917.86,7377.55,3.89,0.06523069391751316,0.05628517823639775,2.528411232889858
918271,Festival Offer,2024-06-04,Inactive,SMS,7037,880,44,4910.55,2034.19,2.16,0.1250532897541566,0.05,0.4142489130545458
195122,Flash Sale,2024-06-04,All,SMS,4763,343,68,2407.11,3641.06,3.99,0.07201343690951081,0.19825072886297376,1.5126271753264287
973637,Membership Drive,2024-06-04,All,Email,2282,998,82,3833.86,4764.6,2.14,0.43733567046450483,0.08216432865731463,1.2427683848653837
152034,Category Promotion,2024-06-04,All,App,5838,260,14,4527.48,3310.02,3.54,0.044535799931483384,0.05384615384615385,0.7310954438230539
5729,App Push Notification,2024-06-04,Inactive,Email,8765,129,26,3726.59,9818.5,1.91,0.014717626925270963,0.20155038759689922,2.6347143098650507
830680,Email Campaign,2024-06-04,Inactive,Social Media,7306,399,10,3053.81,6673.01,3.01,0.05461264713933753,0.02506265664160401,2.1851424941302833
354764,Referral Program,2024-06-04,Premium,Email,2233,388,63,4997.04,3859.06,3.9,0.17375727720555306,0.16237113402061856,0.772269183356547
49547,New User Discount,2024-06-03,Premium,App,3026,753,38,1095.88,9553.84,3.02,0.2488433575677462,0.05046480743691899,8.717961820637296
124508,Weekend Special,2024-06-03,Premium,Social Media,4152,824,35,1928.86,5590.53,2.94,0.19845857418111754,0.04247572815533981,2.8983596528519437
702001,Festival Offer,2024-06-03,New Users,App,9906,746,98,3766.66,9983.15,3.35,0.075307894205532,0.13136729222520108,2.6503984962805243
488006,Flash Sale,2024-06-03,New Users,App,3201,653,75,3663.37,9926.03,2.17,0.20399875039050297,0.11485451761102604,2.7095352093837097
603959,Membership Drive,2024-06-03,New Users,Email,8271,752,40,1525.76,4664.93,2.21,0.09092008221496796,0.05319148936170213,3.0574467806208054
745651,Category Promotion,2024-06-03,Inactive,Email,3741,826,92,1071.88,6597.82,1.99,0.22079657845495856,0.11138014527845036,6.155371869985445
172480,App Push Notification,2024-06-03,All,Social Media,5433,351,40,4331.18,3667.32,2.96,0.06460519050248481,0.11396011396011396,0.8467253727621572
33724,Email Campaign,2024-06-03,All,SMS,8430,407,94,3823.75,8414.96,2.96,0.04827995255041519,0.23095823095823095,2.2007087283425952
943447,Referral Program,2024-06-03,Inactive,SMS,9746,242,33,2643.68,5576.64,2.18,0.024830699774266364,0.13636363636363635,2.1094232282273198
420285,New User Discount,2024-06-02,New Users,Email,2184,105,80,2927.73,3922.66,1.86,0.04807692307692308,0.7619047619047619,1.3398298340352424
858509,Weekend Special,2024-06-02,Inactive,App,4746,737,68,4369.56,8198.02,2.78,0.15528866413822165,0.09226594301221167,1.8761660212927618
952449,Festival Offer,2024-06-02,New Users,App,1685,135,50,3684.59,9597.45,3.24,0.08011869436201781,0.37037037037037035,2.604753853210262
769859,Flash Sale,2024-06-02,Inactive,Social Media,4619,486,91,2900.85,3778.16,1.86,0.1052175795626759,0.18724279835390947,1.3024320457796852
204496,Membership Drive,2024-06-02,All,App,4808,813,38,4662.18,5822.25,1.51,0.16909317803660565,0.046740467404674045,1.2488256566670526
649620,Category Promotion,2024-06-02,New Users,SMS,9293,599,62,1378.69,3965.39,1.7,0.06445711826105671,0.10350584307178631,2.8762013215443645
111747,App Push Notification,2024-06-02,New Users,App,5559,183,94,3507.19,2744.81,2.35,0.03291958985429034,0.5136612021857924,0.7826236958932935
563343,Email Campaign,2024-06-02,All,Email,1949,409,63,1500.05,7895.21,3.29,0.20985120574653668,0.15403422982885084,5.263297890070331
118663,Referral Program,2024-06-02,Premium,SMS,3415,711,10,2963.69,5601.87,2.18,0.208199121522694,0.014064697609001406,1.8901673251925808
271495,New User Discount,2024-06-01,New Users,SMS,6942,305,100,2047.84,3509.55,2.97,0.04393546528377989,0.32786885245901637,1.713781350105477
824636,Weekend Special,2024-06-01,New Users,Email,5422,139,89,1173.15,6427.89,3.43,0.02563629656953154,0.6402877697841727,5.479171461449942
812857,Festival Offer,2024-06-01,Premium,App,7733,620,89,2661.21,6946.81,3.47,0.08017586964955387,0.1435483870967742,2.610395271323947
673246,Flash Sale,2024-06-01,New Users,Social Media,2545,655,11,1180.0,9174.31,3.21,0.25736738703339884,0.016793893129770993,7.774838983050847
884572,Membership Drive,2024-06-01,Inactive,App,6228,252,85,1703.76,6520.52,1.82,0.04046242774566474,0.3373015873015873,3.8271352772690994
431185,Category Promotion,2024-06-01,All,Email,2060,811,74,2139.41,9822.99,3.86,0.39368932038834953,0.09124537607891492,4.5914481095255235
219845,App Push Notification,2024-06-01,Inactive,Email,4208,623,41,3648.4,7627.63,3.58,0.1480513307984791,0.06581059390048154,2.090678105470891
132038,Email Campaign,2024-06-01,All,SMS,7918,900,53,3043.36,4177.74,2.28,0.11366506693609497,0.058888888888888886,1.372739340728668
541547,Referral Program,2024-06-01,Premium,Email,5673,981,67,3117.59,3188.92,1.99,0.17292437863564253,0.06829765545361875,1.0228798527067382
775730,New User Discount,2024-05-31,Premium,Social Media,4731,211,73,4532.65,7797.87,2.69,0.0445994504333122,0.3459715639810427,1.720377703992146
664086,Weekend Special,2024-05-31,New Users,Email,1839,275,78,3678.48,7503.51,2.6,0.14953779227841218,0.28363636363636363,2.039839825145169
681561,Festival Offer,2024-05-31,All,Email,1005,965,36,1889.78,9872.14,2.26,0.9601990049751243,0.03730569948186528,5.223962577654541
655452,Flash Sale,2024-05-31,All,Email,8106,947,65,3846.49,9915.58,1.74,0.11682704169750802,0.06863780359028511,2.5778254980514705
804483,Membership Drive,2024-05-31,New Users,Email,2394,956,38,3105.31,3706.84,3.52,0.3993316624895572,0.0397489539748954,1.1937101287794134
911776,Category Promotion,2024-05-31,New Users,SMS,9390,550,69,2436.13,6675.19,3.9,0.058572949946751864,0.12545454545454546,2.7400795524048385
999008,App Push Notification,2024-05-31,Inactive,Social Media,9416,275,95,3133.47,4146.24,2.76,0.029205607476635514,0.34545454545454546,1.3232103706114946
617674,Email Campaign,2024-05-31,Premium,SMS,4049,906,40,4336.37,2714.01,3.79,0.22375895282785874,0.04415011037527594,0.6258714085744529
180547,Referral Program,2024-05-31,Inactive,App,4350,223,75,2835.05,7092.4,2.01,0.051264367816091956,0.336322869955157,2.5016842736459672
484910,New User Discount,2024-05-30,Inactive,Social Media,7822,146,69,3143.17,5513.92,1.82,0.01866530299156226,0.4726027397260274,1.754254462851198
139432,Weekend Special,2024-05-30,Premium,Social Media,3725,539,83,3265.29,4586.61,2.49,0.14469798657718122,0.15398886827458255,1.4046562479902243
916073,Festival Offer,2024-05-30,New Users,Social Media,6976,999,97,1802.42,5517.86,3.59,0.1432052752293578,0.0970970970970971,3.0613619467160813
696401,Flash Sale,2024-05-30,Premium,Email,5937,413,68,3664.01,2980.37,3.51,0.06956375273707259,0.16464891041162227,0.8134175397992909
694431,Membership Drive,2024-05-30,Inactive,App,2235,766,24,4290.47,5220.15,2.05,0.34272930648769573,0.031331592689295036,1.216684885338902
580451,Category Promotion,2024-05-30,New Users,Social Media,5317,577,13,3816.91,6395.96,2.02,0.10851984201617454,0.022530329289428077,1.6756905454936062
489018,App Push Notification,2024-05-30,New Users,Email,7706,570,81,3652.09,7212.39,2.45,0.07396833636127692,0.14210526315789473,1.9748664463362076
344638,Email Campaign,2024-05-30,Inactive,Email,3995,650,87,3227.51,9128.77,2.55,0.16270337922403003,0.13384615384615384,2.8284250087528777
323250,Referral Program,2024-05-30,New Users,App,8369,527,70,2306.91,6267.08,1.56,0.06297048631855658,0.13282732447817835,2.7166556129194466
273062,New User Discount,2024-05-29,All,Email,9985,117,16,3230.73,2233.02,2.85,0.01171757636454682,0.13675213675213677,0.6911812500580364
16093,Weekend Special,2024-05-29,Inactive,Social Media,3736,419,54,2562.77,5829.56,1.62,0.11215203426124197,0.1288782816229117,2.2747105670817125
269827,Festival Offer,2024-05-29,All,Email,6147,368,67,2499.88,9309.53,3.52,0.05986660159427363,0.18206521739130435,3.723990751556075
627356,Flash Sale,2024-05-29,All,App,3096,460,32,4239.04,5571.6,1.58,0.14857881136950904,0.06956521739130435,1.3143541934022798
386172,Membership Drive,2024-05-29,Inactive,Email,9309,442,54,1722.77,3993.35,2.33,0.04748093243098077,0.12217194570135746,2.3179820869878163
573841,Category Promotion,2024-05-29,All,Social Media,4863,475,26,4923.46,9663.19,1.75,0.09767633148262389,0.05473684210526316,1.9626827474987103
3645,App Push Notification,2024-05-29,All,App,2629,264,34,4888.62,7441.19,3.93,0.100418410041841,0.12878787878787878,1.5221453089010804
557702,Email Campaign,2024-05-29,Inactive,Social Media,7270,807,83,4689.12,6369.69,3.95,0.1110041265474553,0.10285006195786865,1.3583977377418364
120282,Referral Program,2024-05-29,Inactive,Email,7974,581,16,2079.43,8487.78,3.43,0.07286180085277151,0.027538726333907058,4.081782026805423
829717,New User Discount,2024-05-28,All,App,2151,804,80,2462.83,3762.8,2.14,0.3737796373779637,0.09950248756218906,1.5278358636203069
971055,Weekend Special,2024-05-28,Inactive,Email,2396,133,30,1595.61,9937.91,3.65,0.05550918196994992,0.22556390977443608,6.228282600384806
379543,Festival Offer,2024-05-28,Inactive,App,8203,349,39,1592.96,9765.37,2.74,0.042545410215774716,0.11174785100286533,6.1303297006830055
971881,Flash Sale,2024-05-28,New Users,Social Media,9986,102,70,1033.75,5378.34,3.98,0.010214300020028039,0.6862745098039216,5.202747279322854
715825,Membership Drive,2024-05-28,All,App,7300,277,73,3040.87,2648.77,3.24,0.03794520547945206,0.26353790613718414,0.8710566383962485
339915,Category Promotion,2024-05-28,Premium,Social Media,7977,197,65,2422.6,6155.28,3.09,0.02469600100288329,0.3299492385786802,2.5407743746388176
452767,App Push Notification,2024-05-28,New Users,Social Media,3867,922,11,1472.07,4442.87,2.93,0.23842772174812515,0.01193058568329718,3.0181105518079985
810883,Email Campaign,2024-05-28,New Users,App,2925,405,51,3047.29,9304.89,3.33,0.13846153846153847,0.1259259259259259,3.0534967134732827
782119,Referral Program,2024-05-28,All,SMS,1274,928,86,1761.91,7911.94,1.7,0.728414442700157,0.09267241379310345,4.49054719026511
44404,New User Discount,2024-05-27,New Users,Email,7325,645,72,3234.22,8283.14,1.72,0.08805460750853242,0.11162790697674418,2.561093555787794
749872,Weekend Special,2024-05-27,Inactive,App,1662,751,22,4568.29,3605.13,1.96,0.4518652226233454,0.02929427430093209,0.7891639979073133
549357,Festival Offer,2024-05-27,New Users,Social Media,5315,211,82,3458.17,4736.48,3.58,0.039698965192850426,0.3886255924170616,1.369649265362894
950816,Flash Sale,2024-05-27,All,Email,2764,755,85,1218.6,4121.19,1.83,0.2731548480463097,0.11258278145695365,3.3819054652880354
61742,Membership Drive,2024-05-27,All,Email,6045,237,24,3696.9,7584.04,3.15,0.039205955334987594,0.10126582278481013,2.0514593307906623
7791,Category Promotion,2024-05-27,Inactive,App,6379,914,32,1669.01,5909.45,2.17,0.14328264618278727,0.0350109409190372,3.54069178734699
693503,App Push Notification,2024-05-27,Premium,SMS,7196,704,26,1291.65,8579.35,2.73,0.09783212896053363,0.036931818181818184,6.64216312468548
410635,Email Campaign,2024-05-27,Premium,App,9418,250,60,1144.67,8763.74,3.54,0.02654491399447866,0.24,7.656127967012326
358868,Referral Program,2024-05-27,All,Email,3435,643,39,1429.25,8011.51,3.67,0.18719068413391557,0.060653188180404355,5.60539443764212
608814,New User Discount,2024-05-26,Premium,Email,1823,778,36,4264.61,9634.91,1.94,0.4267690619857378,0.04627249357326478,2.259271070508206
608980,Weekend Special,2024-05-26,New Users,Social Media,6551,809,30,4525.56,6718.52,3.93,0.12349259655014502,0.037082818294190356,1.4845720750581144
657945,Festival Offer,2024-05-26,New Users,App,5502,747,71,2875.67,7928.05,2.63,0.13576881134133043,0.09504685408299866,2.7569401217803153
808540,Flash Sale,2024-05-26,Premium,App,5146,274,42,3665.72,8329.97,3.79,0.05324523902059852,0.15328467153284672,2.272396691509444
160290,Membership Drive,2024-05-26,New Users,Email,6523,891,84,4306.26,7850.85,1.91,0.13659359190556492,0.09427609427609428,1.8231249390422315
320050,Category Promotion,2024-05-26,Inactive,SMS,4542,836,56,3737.8,8891.49,2.43,0.18405988551298988,0.06698564593301436,2.378803039220932
329703,App Push Notification,2024-05-26,New Users,SMS,5943,137,48,1714.06,4778.36,3.1,0.023052330472825174,0.35036496350364965,2.787743719589746
275505,Email Campaign,2024-05-26,Inactive,App,6710,147,70,3825.87,6963.08,3.04,0.021907600596125187,0.47619047619047616,1.8199991113132439
213026,Referral Program,2024-05-26,New Users,App,2354,494,54,3595.07,8444.42,2.64,0.20985556499575192,0.10931174089068826,2.348888895070193
988913,New User Discount,2024-05-25,All,Social Media,8337,788,85,2498.77,4983.59,2.26,0.09451841189876455,0.10786802030456853,1.994417253288618
790470,Weekend Special,2024-05-25,Premium,App,5801,774,80,2445.35,2687.3,1.56,0.13342527150491296,0.10335917312661498,1.098942891610608
472,Festival Offer,2024-05-25,New Users,Social Media,4729,128,95,1542.65,4316.4,3.29,0.027067033199407908,0.7421875,2.7980423297572354
131361,Flash Sale,2024-05-25,New Users,Email,2736,929,58,2490.17,7904.75,2.82,0.339546783625731,0.062432723358449946,3.1743816687214124
843277,Membership Drive,2024-05-25,All,App,4582,844,78,4810.79,7872.62,2.24,0.184199039720646,0.0924170616113744,1.6364505621737802
744948,Category Promotion,2024-05-25,Inactive,Email,3437,198,84,3443.8,6996.61,2.18,0.05760837940064009,0.42424242424242425,2.0316539868749635
892639,App Push Notification,2024-05-25,New Users,App,1064,628,45,1946.69,9885.29,2.54,0.5902255639097744,0.07165605095541401,5.0779990650797
991446,Email Campaign,2024-05-25,New Users,Email,8227,780,75,1220.27,4263.89,2.55,0.09480977269964751,0.09615384615384616,3.494218492628681
373538,Referral Program,2024-05-25,Premium,Social Media,7124,366,47,4783.58,9384.1,3.0,0.05137563166760247,0.1284153005464481,1.9617315901479646
925116,New User Discount,2024-05-24,All,Social Media,9333,842,70,4076.17,9622.29,2.69,0.09021750776813457,0.0831353919239905,2.3606203862939967
613250,Weekend Special,2024-05-24,Inactive,Email,2785,856,14,4829.15,7696.86,2.75,0.3073608617594255,0.016355140186915886,1.59383328329002
199117,Festival Offer,2024-05-24,Premium,App,1938,312,17,1452.15,7388.71,3.9,0.1609907120743034,0.05448717948717949,5.0881176187033015
645069,Flash Sale,2024-05-24,New Users,Email,8439,857,88,3198.98,2743.41,2.4,0.10155231662519255,0.10268378063010501,0.8575889814878492
552392,Membership Drive,2024-05-24,Premium,SMS,8596,911,78,4247.28,7032.0,3.48,0.10597952536063285,0.08562019758507135,1.6556478499180654
949753,Category Promotion,2024-05-24,Premium,Email,5628,519,27,3937.98,3494.56,3.51,0.09221748400852879,0.05202312138728324,0.887399123408448
548790,App Push Notification,2024-05-24,Inactive,Email,2602,933,51,3340.26,4627.14,2.44,0.3585703305149885,0.05466237942122187,1.3852634226078209
489885,Email Campaign,2024-05-24,Inactive,SMS,1874,759,60,2766.37,8482.11,3.61,0.4050160085378869,0.07905138339920949,3.0661516716852772
911007,Referral Program,2024-05-24,New Users,Social Media,1715,356,95,3492.91,7487.3,2.54,0.2075801749271137,0.26685393258426965,2.1435708334884094
65480,New User Discount,2024-05-23,Inactive,Email,3026,283,65,3422.84,9159.2,3.23,0.09352280237937871,0.22968197879858657,2.675906557127999
958949,Weekend Special,2024-05-23,Premium,Email,8060,565,97,2289.46,8452.7,1.79,0.07009925558312655,0.17168141592920355,3.692005975208128
738594,Festival Offer,2024-05-23,All,Social Media,7438,381,19,3214.33,5308.32,3.74,0.05122344716321592,0.049868766404199474,1.6514545799591205
649710,Flash Sale,2024-05-23,All,Email,9855,643,62,4593.58,6699.8,1.88,0.065246067985794,0.09642301710730948,1.4585138388794796
33374,Membership Drive,2024-05-23,Premium,App,3337,552,91,3872.99,5162.94,3.3,0.1654180401558286,0.16485507246376813,1.3330630856263506
209876,Category Promotion,2024-05-23,Premium,SMS,1954,225,20,1610.39,3579.8,2.01,0.11514841351074719,0.08888888888888889,2.222939784772633
886732,App Push Notification,2024-05-23,Premium,Social Media,3556,507,66,1106.28,9955.44,3.83,0.14257592800899888,0.1301775147928994,8.999023755287993
879576,Email Campaign,2024-05-23,Inactive,App,9516,321,83,4457.59,2799.69,2.38,0.03373266078184111,0.2585669781931464,0.6280725683609304
794687,Referral Program,2024-05-23,All,SMS,3102,924,26,4011.77,3489.08,1.73,0.2978723404255319,0.02813852813852814,0.8697108757481111
933658,New User Discount,2024-05-22,Premium,Email,8018,568,43,1772.38,9892.51,3.58,0.0708406086305812,0.07570422535211267,5.581483654746725
721244,Weekend Special,2024-05-22,Premium,SMS,8217,523,24,2910.79,8144.76,2.66,0.0636485335280516,0.045889101338432124,2.7981269689671877
680731,Festival Offer,2024-05-22,New Users,App,2465,379,16,3727.22,9602.36,3.26,0.15375253549695742,0.04221635883905013,2.5762793717569665
218750,Flash Sale,2024-05-22,Inactive,Email,5213,779,36,2564.76,4318.59,3.58,0.14943410704009208,0.04621309370988447,1.683818368970196
798121,Membership Drive,2024-05-22,All,SMS,4163,603,87,3682.54,7164.34,1.76,0.1448474657698775,0.14427860696517414,1.9454887115958008
508628,Category Promotion,2024-05-22,Premium,Email,4137,617,47,2503.06,6237.3,2.94,0.14914189025864152,0.07617504051863858,2.491869951179756
936816,App Push Notification,2024-05-22,New Users,App,6688,118,13,2756.57,8694.93,3.11,0.017643540669856458,0.11016949152542373,3.1542569207384537
884609,Email Campaign,2024-05-22,Premium,Email,9791,536,60,2933.89,7914.72,3.42,0.05474415279338168,0.11194029850746269,2.6976880523809688
417952,Referral Program,2024-05-22,Premium,Social Media,9493,342,25,3781.73,9391.76,2.61,0.03602654587590856,0.07309941520467836,2.4834559844304063
338782,New User Discount,2024-05-21,Premium,Social Media,6236,811,78,3271.61,8214.63,2.0,0.13005131494547786,0.09617755856966707,2.510883020897967
80427,Weekend Special,2024-05-21,Premium,App,8669,575,99,1518.55,8652.12,3.51,0.06632829622793864,0.17217391304347826,5.697619439596985
522615,Festival Offer,2024-05-21,Inactive,Email,6886,563,25,1602.69,6427.92,3.32,0.08176009294220157,0.04440497335701599,4.010706998858169
45555,Flash Sale,2024-05-21,All,SMS,5272,299,77,3058.7,2446.48,2.74,0.05671471927162367,0.25752508361204013,0.7998430705855429
795684,Membership Drive,2024-05-21,New Users,Email,1520,549,11,2950.59,4998.41,3.35,0.3611842105263158,0.020036429872495445,1.694037463693702
445847,Category Promotion,2024-05-21,Inactive,Email,8107,996,87,2741.34,8685.97,2.04,0.12285679042802516,0.08734939759036145,3.1685124792984447
666328,App Push Notification,2024-05-21,New Users,Social Media,8350,668,15,4723.86,6597.46,3.95,0.08,0.02245508982035928,1.3966247941302241
780719,Email Campaign,2024-05-21,All,Email,3001,973,16,2827.72,7230.19,2.95,0.3242252582472509,0.01644398766700925,2.556897429731374
781833,Referral Program,2024-05-21,Premium,Social Media,7567,118,89,3009.1,5028.1,3.65,0.015594026694859257,0.7542372881355932,1.6709647402877938
183130,New User Discount,2024-05-20,Premium,Email,2783,871,19,1889.25,9407.35,2.45,0.3129716133668703,0.021814006888633754,4.979409818711129
374512,Weekend Special,2024-05-20,New Users,SMS,1193,917,95,2289.5,3875.24,1.59,0.768650461022632,0.10359869138495092,1.6926141078838173
822897,Festival Offer,2024-05-20,Inactive,App,4781,422,78,3691.04,8905.87,2.31,0.08826605312696088,0.1848341232227488,2.4128348649703066
32912,Flash Sale,2024-05-20,All,Social Media,8487,605,18,3082.51,2968.77,2.3,0.07128549546365029,0.02975206611570248,0.9631014984541817
517115,Membership Drive,2024-05-20,Premium,SMS,5599,116,38,1673.58,3286.24,1.92,0.020717985354527593,0.3275862068965517,1.9635989913837402
221171,Category Promotion,2024-05-20,Premium,Email,8422,944,74,4922.14,2067.33,1.53,0.11208739016860603,0.07838983050847458,0.420006338706335
351815,App Push Notification,2024-05-20,Premium,Email,8078,491,55,2980.42,8602.8,1.6,0.06078237187422629,0.1120162932790224,2.886438824058354
606624,Email Campaign,2024-05-20,New Users,Email,1427,498,33,4947.46,3416.68,2.92,0.34898388227049754,0.06626506024096386,0.6905927486023131
694211,Referral Program,2024-05-20,Premium,SMS,5837,666,23,1340.98,7832.65,3.39,0.11409970875449717,0.03453453453453453,5.840989425643932
717298,New User Discount,2024-05-19,New Users,Email,2785,537,13,2416.87,7211.83,2.91,0.19281867145421902,0.024208566108007448,2.9839544534873617
718252,Weekend Special,2024-05-19,All,SMS,7027,784,95,1766.0,9367.79,1.81,0.11156965988330725,0.1211734693877551,5.304524348810872
49798,Festival Offer,2024-05-19,Premium,SMS,6100,207,23,3806.35,7093.69,3.28,0.033934426229508194,0.1111111111111111,1.8636462753031118
623568,Flash Sale,2024-05-19,New Users,Email,9669,301,64,2766.78,9193.8,1.62,0.031130416795945807,0.21262458471760798,3.3229241211805776
292697,Membership Drive,2024-05-19,New Users,SMS,2158,981,62,2123.16,6862.45,1.9,0.4545875810936052,0.06320081549439348,3.232186928917274
514496,Category Promotion,2024-05-19,Inactive,SMS,9160,673,49,2078.95,4469.6,3.38,0.07347161572052402,0.07280832095096583,2.149931455782968
185421,App Push Notification,2024-05-19,Inactive,App,5199,168,11,4365.19,8912.6,1.86,0.03231390652048471,0.06547619047619048,2.041743887436744
376984,Email Campaign,2024-05-19,All,Email,7267,542,68,4496.15,6865.99,2.78,0.07458373469106921,0.12546125461254612,1.5270820590950036
984432,Referral Program,2024-05-19,New Users,Social Media,4686,672,33,1243.06,7553.23,3.57,0.14340588988476313,0.049107142857142856,6.076319727124998
313063,New User Discount,2024-05-18,New Users,SMS,6579,576,78,3856.16,3678.96,3.98,0.08755129958960328,0.13541666666666666,0.9540475498941953
418594,Weekend Special,2024-05-18,All,SMS,2274,118,32,1407.95,4758.64,2.07,0.051890941072999124,0.2711864406779661,3.37983593167371
914451,Festival Offer,2024-05-18,All,Social Media,1973,243,39,4295.73,7166.15,2.15,0.12316269640141916,0.16049382716049382,1.6682030760778728
487105,Flash Sale,2024-05-18,Inactive,Social Media,6341,455,67,4827.38,6339.97,1.73,0.07175524365242075,0.14725274725274726,1.3133355981919799
149671,Membership Drive,2024-05-18,New Users,App,4394,878,81,2795.66,4236.71,1.92,0.1998179335457442,0.09225512528473805,1.5154596767847308
930503,Category Promotion,2024-05-18,Premium,Email,8519,788,24,2984.84,7466.85,3.56,0.09249911961497828,0.030456852791878174,2.5015913750820813
688730,App Push Notification,2024-05-18,All,Social Media,7417,479,27,4260.38,9406.21,2.19,0.0645813671295672,0.05636743215031315,2.2078335735309995
518904,Email Campaign,2024-05-18,New Users,Social Media,2314,489,29,2673.92,9730.27,2.62,0.21132238547968885,0.05930470347648262,3.638953297032073
613185,Referral Program,2024-05-18,All,Social Media,5478,868,96,3121.0,9462.12,1.5,0.15845198977729097,0.11059907834101383,3.03175905158603
645779,New User Discount,2024-05-17,New Users,Email,1198,145,46,4213.0,2912.51,1.61,0.12103505843071787,0.31724137931034485,0.6913149774507478
633802,Weekend Special,2024-05-17,Inactive,Email,1023,337,26,2816.21,8762.34,2.23,0.32942326490713586,0.0771513353115727,3.111394391753456
833782,Festival Offer,2024-05-17,New Users,App,4998,560,22,1281.09,8631.46,2.97,0.11204481792717087,0.039285714285714285,6.73759064546597
880265,Flash Sale,2024-05-17,Premium,Social Media,5925,603,45,3907.02,4782.3,1.95,0.10177215189873418,0.07462686567164178,1.2240275196953176
930624,Membership Drive,2024-05-17,Inactive,App,8441,298,55,4332.1,4105.22,3.59,0.035303873948584294,0.18456375838926176,0.9476281710948501
108743,Category Promotion,2024-05-17,Inactive,Email,6500,477,31,4956.83,7196.46,1.51,0.07338461538461538,0.0649895178197065,1.45182707496525
776354,App Push Notification,2024-05-17,Premium,App,7971,135,59,1804.32,3916.74,3.74,0.016936394429808054,0.43703703703703706,2.170756850226124
203881,Email Campaign,2024-05-17,Premium,SMS,4119,786,44,2539.56,2814.12,2.74,0.1908230152949745,0.05597964376590331,1.1081132164626943
932003,Referral Program,2024-05-17,New Users,Email,7796,217,21,2286.16,6587.17,3.44,0.02783478707029246,0.0967741935483871,2.881325016621759
989817,New User Discount,2024-05-16,New Users,SMS,2873,871,82,2721.56,3248.23,3.41,0.3031674208144796,0.09414466130884042,1.193517688384603
195211,Weekend Special,2024-05-16,Premium,Email,1901,986,46,3353.97,6360.19,2.55,0.518674381904261,0.04665314401622718,1.8963169020593507
412947,Festival Offer,2024-05-16,Inactive,Email,6828,639,89,1785.55,7382.44,3.91,0.09358523725834798,0.13928012519561817,4.134546778303604
106405,Flash Sale,2024-05-16,Premium,App,8780,633,26,2425.6,4750.77,3.84,0.07209567198177677,0.04107424960505529,1.9585958113456468
246119,Membership Drive,2024-05-16,Premium,Social Media,7154,738,32,3189.75,9783.08,3.07,0.10315907184791726,0.04336043360433604,3.0670366016145465
8105,Category Promotion,2024-05-16,Premium,App,1680,950,83,3277.2,9286.64,2.6,0.5654761904761905,0.08736842105263158,2.833711705114122
831418,App Push Notification,2024-05-16,All,Social Media,5965,670,13,4087.14,4109.14,3.07,0.11232187761944677,0.019402985074626865,1.0053827370728676
173726,Email Campaign,2024-05-16,New Users,SMS,9909,460,66,2206.92,5477.36,2.64,0.04642244424260773,0.14347826086956522,2.4819023797872144
752226,Referral Program,2024-05-16,All,Social Media,5011,590,65,2763.16,8207.03,3.61,0.11774096986629415,0.11016949152542373,2.970160975115448
46844,New User Discount,2024-05-15,New Users,Email,9978,399,72,2185.91,3110.04,3.16,0.03998797354179194,0.18045112781954886,1.4227667195813185
8162,Weekend Special,2024-05-15,Premium,App,7758,355,69,3383.19,6928.02,2.51,0.045759216292858985,0.19436619718309858,2.047777393525046
707644,Festival Offer,2024-05-15,New Users,App,5029,675,81,2515.56,4695.21,2.14,0.13422151521177172,0.12,1.8664671087153557
927607,Flash Sale,2024-05-15,All,Email,1517,661,51,3102.36,8895.97,2.88,0.4357284113381674,0.07715582450832073,2.867484753542464
447921,Membership Drive,2024-05-15,New Users,Email,8150,682,11,1794.54,6159.26,2.93,0.08368098159509202,0.016129032258064516,3.432222185072498
768402,Category Promotion,2024-05-15,All,Email,9696,849,48,1679.06,9244.4,2.34,0.0875618811881188,0.05653710247349823,5.505699617643205
106316,App Push Notification,2024-05-15,New Users,SMS,6028,426,18,1037.23,8739.17,2.12,0.07067020570670206,0.04225352112676056,8.425489042931654
381531,Email Campaign,2024-05-15,Inactive,App,1113,472,98,1612.32,8259.65,2.17,0.42407906558849956,0.2076271186440678,5.122835417286891
406361,Referral Program,2024-05-15,Inactive,SMS,9175,313,89,1455.83,2503.48,1.88,0.03411444141689373,0.28434504792332266,1.719623857181127
363182,New User Discount,2024-05-14,All,Social Media,4898,709,37,4894.32,9670.09,3.28,0.14475296039199673,0.05218617771509168,1.975778044753919
280150,Weekend Special,2024-05-14,New Users,Social Media,9505,724,45,4833.67,3853.36,1.59,0.07617043661230931,0.062154696132596686,0.7971913680495358
276123,Festival Offer,2024-05-14,Premium,Social Media,2190,495,44,3546.51,5822.77,1.95,0.22602739726027396,0.08888888888888889,1.6418309831355333
869237,Flash Sale,2024-05-14,Premium,Email,6207,956,86,2270.96,6258.52,3.85,0.15401965522796843,0.0899581589958159,2.755891781449255
964903,Membership Drive,2024-05-14,All,Social Media,3841,339,53,4063.44,6371.91,2.64,0.08825826607654257,0.15634218289085547,1.5681073179375111
429549,Category Promotion,2024-05-14,Inactive,Email,7542,595,33,3920.16,6872.61,2.27,0.07889154070538319,0.05546218487394958,1.7531452797844986
324787,App Push Notification,2024-05-14,New Users,Email,3820,595,26,1486.86,9624.45,2.23,0.15575916230366493,0.043697478991596636,6.473003510754208
855064,Email Campaign,2024-05-14,Inactive,App,6033,728,52,4793.07,2393.32,3.38,0.12066965025692027,0.07142857142857142,0.4993292399234729
371629,Referral Program,2024-05-14,New Users,Social Media,2156,984,78,3272.31,9215.23,3.21,0.45640074211502785,0.07926829268292683,2.8161237780039174
892912,New User Discount,2024-05-13,Inactive,Social Media,7442,809,90,4674.92,2294.04,2.55,0.10870733673743617,0.11124845488257108,0.49071214052860795
367975,Weekend Special,2024-05-13,All,SMS,2277,851,21,4653.63,3575.12,2.89,0.37373737373737376,0.024676850763807285,0.7682432853492864
783240,Festival Offer,2024-05-13,Premium,Email,1738,408,50,2593.18,5126.23,3.43,0.23475258918296893,0.12254901960784313,1.9768122536808088
664489,Flash Sale,2024-05-13,New Users,App,7384,840,38,1694.97,2945.88,2.66,0.11375947995666305,0.04523809523809524,1.7380130621780916
155149,Membership Drive,2024-05-13,All,Email,7015,705,51,4011.58,3535.33,1.79,0.10049893086243764,0.07234042553191489,0.8812811909521934
967044,Category Promotion,2024-05-13,New Users,SMS,7716,298,85,4001.2,4474.49,3.12,0.03862104717470192,0.28523489932885904,1.1182870138958312
129322,App Push Notification,2024-05-13,Premium,Email,9677,697,41,3052.87,2131.59,3.64,0.07202645447969412,0.058823529411764705,0.698224948982433
551380,Email Campaign,2024-05-13,Inactive,SMS,5145,520,13,4473.62,2207.32,2.71,0.1010689990281827,0.025,0.49340802303280124
231866,Referral Program,2024-05-13,New Users,SMS,9202,653,13,2189.76,8146.73,2.97,0.07096283416648555,0.019908116385911178,3.7203757489405227
228459,New User Discount,2024-05-12,New Users,Email,5016,102,56,3885.63,7064.75,3.67,0.02033492822966507,0.5490196078431373,1.8181736295015223
726479,Weekend Special,2024-05-12,New Users,SMS,9974,948,35,2569.02,5344.41,2.17,0.09504712251854823,0.03691983122362869,2.0803302426606254
434449,Festival Offer,2024-05-12,All,Social Media,9225,944,87,4030.94,6254.95,2.3,0.10233062330623306,0.09216101694915255,1.551734831081584
66738,Flash Sale,2024-05-12,Premium,App,9952,614,21,3998.43,4392.53,3.5,0.06169614147909968,0.03420195439739414,1.098563686246852
821359,Membership Drive,2024-05-12,Inactive,Email,6991,176,70,3908.03,3549.53,3.36,0.025175225289658133,0.3977272727272727,0.9082658014396
565445,Category Promotion,2024-05-12,New Users,Social Media,3609,722,100,4367.89,4572.39,3.44,0.20005541701302298,0.13850415512465375,1.0468189446162792
800636,App Push Notification,2024-05-12,New Users,Email,1931,811,38,4948.62,8229.91,2.02,0.4199896426721906,0.0468557336621455,1.6630717250465787
431165,Email Campaign,2024-05-12,New Users,Email,2904,658,28,1422.53,4919.18,2.69,0.2265840220385675,0.0425531914893617,3.458050093846879
92735,Referral Program,2024-05-12,All,App,9980,135,74,3000.88,5665.49,1.68,0.013527054108216433,0.5481481481481482,1.8879428700914398
969592,New User Discount,2024-05-11,All,App,7947,311,92,1585.33,6687.52,1.91,0.039134264502327924,0.2958199356913183,4.2183772463777265
660087,Weekend Special,2024-05-11,New Users,Email,1655,536,57,4948.68,7736.11,3.3,0.3238670694864048,0.10634328358208955,1.563267376350865
179157,Festival Offer,2024-05-11,Inactive,App,2347,522,74,2792.6,5769.82,3.47,0.2224115892628888,0.1417624521072797,2.0661104347203323
883118,Flash Sale,2024-05-11,Premium,SMS,6213,465,78,2132.39,4495.25,3.49,0.0748430709802028,0.16774193548387098,2.1080806043922546
888709,Membership Drive,2024-05-11,Premium,App,5619,496,34,2621.46,2126.96,2.65,0.08827193450791956,0.06854838709677419,0.8113646593882798
328453,Category Promotion,2024-05-11,Premium,App,9264,642,64,3546.45,9105.04,1.68,0.06930051813471502,0.09968847352024922,2.5673673673673676
277648,App Push Notification,2024-05-11,New Users,SMS,6731,842,20,4499.04,9866.11,2.28,0.12509285395929282,0.023752969121140142,2.192936715388172
158408,Email Campaign,2024-05-11,Premium,SMS,5113,588,97,2891.97,8877.06,1.74,0.11500097789947193,0.1649659863945578,3.0695546634301185
889390,Referral Program,2024-05-11,Inactive,Email,3159,225,95,4582.42,9372.71,3.71,0.07122507122507123,0.4222222222222222,2.0453624940533603
981273,New User Discount,2024-05-10,Premium,App,7820,685,12,1833.5,7603.79,3.99,0.08759590792838874,0.017518248175182483,4.147144805017725
908643,Weekend Special,2024-05-10,Premium,App,2355,421,66,4566.66,9352.59,3.98,0.17876857749469213,0.15676959619952494,2.048015398562626
307396,Festival Offer,2024-05-10,New Users,Email,2994,776,87,4696.38,6383.52,1.58,0.259185036740147,0.11211340206185567,1.3592426507224713
531634,Flash Sale,2024-05-10,Premium,Social Media,6247,559,17,2682.82,6156.99,3.63,0.0894829518168721,0.03041144901610018,2.2949694724208105
488693,Membership Drive,2024-05-10,New Users,SMS,5446,382,84,3587.56,7863.76,2.62,0.07014322438486963,0.2198952879581152,2.1919521903466426
749135,Category Promotion,2024-05-10,Inactive,App,5381,711,52,3890.82,8095.53,2.82,0.13213157405686676,0.07313642756680731,2.0806745107715083
993421,App Push Notification,2024-05-10,Inactive,Social Media,4392,407,51,1199.37,6366.79,3.97,0.09266848816029144,0.12530712530712532,5.308445267098561
867267,Email Campaign,2024-05-10,Inactive,SMS,4440,769,50,3874.02,9449.99,1.93,0.1731981981981982,0.06501950585175553,2.43932400968503
838148,Referral Program,2024-05-10,Inactive,SMS,6262,424,10,3098.76,6177.8,2.25,0.06770999680613222,0.02358490566037736,1.9936361641430764
726641,New User Discount,2024-05-09,Premium,SMS,2383,556,23,2624.59,7396.3,3.06,0.23331934536298782,0.04136690647482014,2.818078252222252
344028,Weekend Special,2024-05-09,All,SMS,7817,367,59,3066.1,4377.37,3.9,0.04694895740053729,0.16076294277929154,1.4276670689149082
425851,Festival Offer,2024-05-09,All,SMS,8807,963,19,1372.58,2123.42,3.86,0.10934483933234927,0.01973001038421599,1.5470282242200821
809949,Flash Sale,2024-05-09,Premium,App,6005,401,98,3242.6,8134.15,3.8,0.06677768526228144,0.24438902743142144,2.5085271078763953
356614,Membership Drive,2024-05-09,New Users,SMS,3142,155,21,3490.29,4287.76,3.69,0.049331635900700194,0.13548387096774195,1.2284824470172966
391766,Category Promotion,2024-05-09,Inactive,Social Media,9308,296,91,3012.24,6660.58,1.51,0.03180060163300387,0.30743243243243246,2.211171752582796
657561,App Push Notification,2024-05-09,Premium,Social Media,2429,183,37,2990.74,9491.19,2.82,0.07533964594483326,0.20218579234972678,3.173525615733899
510224,Email Campaign,2024-05-09,All,Email,3470,387,44,2573.48,8936.86,3.97,0.11152737752161383,0.11369509043927649,3.4726751325054015
23172,Referral Program,2024-05-09,Inactive,Email,4780,407,56,4593.9,5955.91,2.24,0.08514644351464436,0.1375921375921376,1.2964822917346916
752632,New User Discount,2024-05-08,All,Email,2039,945,47,1690.12,2253.98,2.81,0.4634624816086317,0.04973544973544974,1.3336212813291366
713740,Weekend Special,2024-05-08,All,App,2440,486,20,1385.38,6073.69,3.84,0.19918032786885245,0.0411522633744856,4.384132873291082
624296,Festival Offer,2024-05-08,Premium,SMS,5556,698,74,3576.55,6908.13,3.76,0.12562994960403168,0.10601719197707736,1.931506619507626
459051,Flash Sale,2024-05-08,Premium,SMS,3156,516,92,1828.73,3397.56,2.47,0.1634980988593156,0.17829457364341086,1.8578795120110678
475354,Membership Drive,2024-05-08,Inactive,Email,1204,780,66,1048.49,6226.58,3.38,0.6478405315614618,0.08461538461538462,5.938616486566396
200353,Category Promotion,2024-05-08,New Users,Social Media,1546,523,61,4545.58,9823.07,2.11,0.3382923673997413,0.11663479923518165,2.1610157559651353
745023,App Push Notification,2024-05-08,New Users,App,6919,474,88,3246.22,3097.33,3.75,0.06850700968348027,0.18565400843881857,0.9541343470251554
937553,Email Campaign,2024-05-08,All,Email,5719,626,31,1298.75,2730.31,1.94,0.10945969575100542,0.04952076677316294,2.102259865255053
333794,Referral Program,2024-05-08,Inactive,App,5819,565,50,1766.21,4372.36,3.59,0.09709572091424644,0.08849557522123894,2.475560663794226
836685,New User Discount,2024-05-07,Inactive,Email,4705,541,58,1367.34,3902.0,2.66,0.11498405951115834,0.10720887245841035,2.8537159740810627
250155,Weekend Special,2024-05-07,New Users,App,7207,685,61,3068.68,5364.98,1.97,0.09504648258637435,0.08905109489051095,1.7483022015980811
489503,Festival Offer,2024-05-07,Inactive,App,6590,431,86,2450.5,5163.35,1.96,0.065402124430956,0.19953596287703015,2.1070597837176086
695157,Flash Sale,2024-05-07,All,Email,6508,586,51,4083.1,9686.0,2.06,0.09004302397049785,0.08703071672354949,2.3722171879209424
587224,Membership Drive,2024-05-07,Premium,Email,9305,572,81,1290.72,3506.35,2.41,0.06147232670607201,0.14160839160839161,2.7165845419610757
77524,Category Promotion,2024-05-07,Inactive,App,6654,453,94,2484.5,3835.14,2.32,0.06807935076645627,0.20750551876379691,1.5436264842020526
740172,App Push Notification,2024-05-07,All,SMS,9543,748,21,4855.95,3226.27,2.24,0.07838206014880017,0.02807486631016043,0.6643952264747371
99102,Email Campaign,2024-05-07,New Users,App,2291,464,63,3622.89,3242.82,1.94,0.20253164556962025,0.13577586206896552,0.8950920397803964
285480,Referral Program,2024-05-07,Premium,SMS,9181,467,58,1191.65,3256.6,2.94,0.050865918745234724,0.12419700214132762,2.7328494104812653
17745,New User Discount,2024-05-06,Premium,Email,7898,1000,95,4112.95,6845.6,3.14,0.12661433274246645,0.095,1.664401463669629
648081,Weekend Special,2024-05-06,All,SMS,6287,369,72,4312.12,7722.03,2.06,0.05869254016223954,0.1951219512195122,1.790773447863232
49074,Festival Offer,2024-05-06,Premium,App,2765,104,31,3793.29,6954.05,3.72,0.037613019891500905,0.2980769230769231,1.8332502919629134
432381,Flash Sale,2024-05-06,Premium,Social Media,7640,151,18,1904.3,9054.74,1.83,0.01976439790575916,0.11920529801324503,4.754891561203592
673868,Membership Drive,2024-05-06,Inactive,App,6320,237,96,1971.0,7683.01,2.49,0.0375,0.4050632911392405,3.898026382546931
832240,Category Promotion,2024-05-06,Premium,App,8598,670,32,3103.54,3798.91,3.67,0.07792509886020005,0.04776119402985075,1.2240570445362393
967603,App Push Notification,2024-05-06,All,Social Media,2349,973,94,2366.16,9187.75,3.61,0.41421881651766707,0.09660842754367935,3.8829791730060523
519439,Email Campaign,2024-05-06,Inactive,Social Media,2883,544,100,4013.81,7227.33,3.67,0.18869233437391605,0.18382352941176472,1.8006158736960642
42773,Referral Program,2024-05-06,All,Social Media,5068,235,41,3758.25,8305.39,2.66,0.046369376479873714,0.17446808510638298,2.209908867158917
641016,New User Discount,2024-05-05,Premium,Email,4000,874,47,2933.53,8801.33,2.42,0.2185,0.05377574370709382,3.000252255814667
289721,Weekend Special,2024-05-05,Inactive,Social Media,3153,181,35,1781.14,3313.47,3.31,0.05740564541706311,0.19337016574585636,1.8603085664237509
673107,Festival Offer,2024-05-05,Premium,Email,5916,708,91,4405.48,9774.33,3.08,0.11967545638945233,0.1285310734463277,2.218675377030426
873144,Flash Sale,2024-05-05,Inactive,Social Media,2564,390,62,2129.83,6759.51,2.19,0.15210608424336974,0.15897435897435896,3.173732175807459
709736,Membership Drive,2024-05-05,All,Email,9470,924,10,2377.14,2214.91,3.25,0.09757127771911299,0.010822510822510822,0.9317541247044768
332518,Category Promotion,2024-05-05,New Users,App,8743,536,18,3808.7,7359.54,1.68,0.061306187807388765,0.033582089552238806,1.9322971092498753
950610,App Push Notification,2024-05-05,All,SMS,3566,285,73,2932.0,3002.92,3.71,0.07992148065058889,0.256140350877193,1.0241882673942702
536747,Email Campaign,2024-05-05,All,Email,5634,388,13,4396.36,3780.21,2.86,0.06886758963436279,0.03350515463917526,0.8598499667907088
88083,Referral Program,2024-05-05,All,SMS,4270,745,13,4930.79,5009.44,2.54,0.17447306791569087,0.0174496644295302,1.0159507908469028
867821,New User Discount,2024-05-04,All,Email,2186,688,29,4677.36,4763.96,1.85,0.31473010064043916,0.04215116279069767,1.0185147177040041
792848,Weekend Special,2024-05-04,All,Social Media,2196,772,75,2026.36,8056.64,2.37,0.35154826958105645,0.09715025906735751,3.9759174085552424
885029,Festival Offer,2024-05-04,All,SMS,1663,672,30,2106.78,2349.74,2.85,0.40408899579073965,0.044642857142857144,1.1153229098434576
982853,Flash Sale,2024-05-04,New Users,Social Media,7904,279,79,4233.7,2297.14,3.74,0.035298582995951414,0.2831541218637993,0.54258450055507
60066,Membership Drive,2024-05-04,New Users,SMS,5712,944,34,2190.42,3599.22,2.63,0.16526610644257703,0.036016949152542374,1.643164324650067
867731,Category Promotion,2024-05-04,New Users,Email,7974,790,99,1208.07,4094.01,3.86,0.09907198394783046,0.12531645569620253,3.3888847500558748
109552,App Push Notification,2024-05-04,Inactive,SMS,2653,905,53,2109.34,9851.67,1.7,0.341123256690539,0.05856353591160221,4.670498829017607
332189,Email Campaign,2024-05-04,New Users,App,4344,857,86,2154.5,7312.28,1.76,0.19728360957642727,0.10035005834305717,3.393956834532374
645061,Referral Program,2024-05-04,Inactive,App,4733,453,26,1682.03,9614.03,2.99,0.095710965560955,0.05739514348785872,5.715730397198624
710929,New User Discount,2024-05-03,Inactive,App,3713,921,98,4677.57,5273.95,2.29,0.24804740102343117,0.10640608034744843,1.1274978247252312
621330,Weekend Special,2024-05-03,Premium,SMS,7703,967,44,1439.61,4310.91,3.5,0.12553550564715046,0.045501551189245086,2.9944985100131287
397113,Festival Offer,2024-05-03,Premium,SMS,4601,232,29,4184.08,3620.19,3.94,0.05042382090849815,0.125,0.8652296323206058
637332,Flash Sale,2024-05-03,Inactive,SMS,3622,859,67,3733.88,8295.8,3.0,0.23716178906681393,0.0779976717112922,2.221763955992158
777061,Membership Drive,2024-05-03,All,Social Media,6795,524,61,2343.29,2332.14,1.75,0.07711552612214864,0.11641221374045801,0.9952417327774198
530489,Category Promotion,2024-05-03,Premium,Social Media,6630,171,77,4692.49,4003.21,2.91,0.025791855203619908,0.4502923976608187,0.8531099693339784
64362,App Push Notification,2024-05-03,All,App,5559,276,58,4143.46,6518.69,3.92,0.0496492174851592,0.21014492753623187,1.5732479618483102
240599,Email Campaign,2024-05-03,All,App,6881,523,88,4412.3,9164.4,3.02,0.07600639441941578,0.1682600382409178,2.0770119892119756
138074,Referral Program,2024-05-03,Premium,Email,4332,600,46,1225.59,3413.9,2.0,0.13850415512465375,0.07666666666666666,2.7855155476138025
395882,New User Discount,2024-05-02,Inactive,App,5448,481,56,4829.0,9925.57,3.74,0.08828928046989722,0.11642411642411643,2.055408987367985
167452,Weekend Special,2024-05-02,All,Email,2790,301,20,2553.75,6047.59,3.18,0.10788530465949821,0.0664451827242525,2.3681213901125795
576154,Festival Offer,2024-05-02,Inactive,Email,2521,214,65,3102.32,3626.8,1.81,0.08488694962316541,0.3037383177570093,1.1690605740220221
507734,Flash Sale,2024-05-02,Inactive,Email,4140,462,48,2292.37,3003.05,2.68,0.11159420289855072,0.1038961038961039,1.310019761207833
967889,Membership Drive,2024-05-02,New Users,App,7122,430,68,4670.71,2192.18,3.34,0.060376298792474026,0.15813953488372093,0.4693462021833939
306936,Category Promotion,2024-05-02,All,SMS,8559,568,34,2477.91,9712.97,1.57,0.06636289286131558,0.05985915492957746,3.919823560984862
55823,App Push Notification,2024-05-02,Premium,Email,9047,817,57,1084.64,9928.87,2.22,0.09030617884381563,0.06976744186046512,9.154069553031421
266273,Email Campaign,2024-05-02,Premium,SMS,4306,883,36,3256.59,2954.32,3.81,0.20506270320483047,0.04077010192525481,0.9071820523922263
479664,Referral Program,2024-05-02,All,Social Media,5145,841,84,3655.35,6967.58,2.54,0.16345966958211855,0.09988109393579073,1.9061321077325017
400126,New User Discount,2024-05-01,New Users,App,8142,399,33,4227.27,3449.14,2.3,0.04900515843773029,0.08270676691729323,0.8159261178017964
933345,Weekend Special,2024-05-01,Inactive,SMS,2182,940,20,3262.98,5655.72,2.1,0.4307974335472044,0.02127659574468085,1.733299008881452
586093,Festival Offer,2024-05-01,New Users,App,7260,722,25,3191.74,3663.54,2.97,0.09944903581267217,0.03462603878116344,1.1478190579433163
967854,Flash Sale,2024-05-01,New Users,Email,7685,709,60,4888.37,2157.85,2.21,0.0922576447625244,0.0846262341325811,0.4414252603628612
680773,Membership Drive,2024-05-01,New Users,SMS,4077,156,28,4215.31,8802.75,2.73,0.03826342899190582,0.1794871794871795,2.0882805772291952
51357,Category Promotion,2024-05-01,All,Email,2017,921,19,2454.62,2987.01,2.5,0.45661874070401587,0.02062975027144408,1.216893042507598
576805,App Push Notification,2024-05-01,Inactive,SMS,2965,268,85,1216.59,2030.94,3.09,0.09038785834738618,0.31716417910447764,1.6693709466623925
557719,Email Campaign,2024-05-01,All,Social Media,5123,532,36,4442.26,3539.8,2.39,0.10384540308413039,0.06766917293233082,0.7968466501285382
740664,Referral Program,2024-05-01,New Users,App,3710,425,34,4547.69,2635.02,3.5,0.11455525606469003,0.08,0.5794194415186612
576271,New User Discount,2024-04-30,Premium,Email,6379,670,81,3853.97,8603.64,3.34,0.1050321366985421,0.1208955223880597,2.2324096970137286
417147,Weekend Special,2024-04-30,Inactive,Email,2808,176,45,4139.19,2173.3,2.33,0.06267806267806268,0.2556818181818182,0.5250544188597287
862116,Festival Offer,2024-04-30,All,Email,1277,951,44,3783.83,7756.57,1.92,0.7447141738449491,0.046267087276550996,2.0499256044801166
309247,Flash Sale,2024-04-30,Inactive,App,5947,362,33,2061.57,6748.64,3.68,0.060871027408777534,0.09116022099447514,3.273543949514205
738391,Membership Drive,2024-04-30,Inactive,SMS,2764,662,25,1978.51,7094.7,3.04,0.23950795947901593,0.0377643504531722,3.5858802836477954
282850,Category Promotion,2024-04-30,Premium,SMS,6750,431,85,3242.3,4771.73,2.07,0.06385185185185185,0.19721577726218098,1.471711439410295
421723,App Push Notification,2024-04-30,Inactive,Email,5537,697,76,4286.01,2134.64,2.23,0.12588044067184395,0.10903873744619799,0.49804830133387457
146669,Email Campaign,2024-04-30,All,App,6204,743,46,1712.03,3625.3,3.33,0.11976144422952933,0.06191117092866756,2.1175446691938813
522202,Referral Program,2024-04-30,All,Email,2290,715,76,3431.33,9891.28,3.57,0.31222707423580787,0.1062937062937063,2.8826373447030744
174414,New User Discount,2024-04-29,All,Social Media,2991,426,80,1600.34,2589.69,2.7,0.1424272818455366,0.18779342723004694,1.6182123798692778
631708,Weekend Special,2024-04-29,All,Social Media,2359,753,55,3990.72,2839.09,2.8,0.3192030521407376,0.07304116865869854,0.7114230013631626
785360,Festival Offer,2024-04-29,New Users,App,2945,670,21,1701.86,6398.28,3.98,0.22750424448217318,0.03134328358208955,3.759580694064142
953303,Flash Sale,2024-04-29,Inactive,Social Media,1576,838,18,4039.49,4204.84,2.1,0.5317258883248731,0.021479713603818614,1.0409333851550568
440723,Membership Drive,2024-04-29,New Users,SMS,9351,752,69,3405.99,4121.16,3.99,0.0804192065019784,0.09175531914893617,1.2099741925255212
598149,Category Promotion,2024-04-29,Premium,Email,2882,170,45,1754.14,4294.09,1.93,0.05898681471200555,0.2647058823529412,2.4479745060257447
547717,App Push Notification,2024-04-29,Premium,Social Media,7162,968,32,3082.67,3364.09,3.47,0.13515777715721866,0.03305785123966942,1.0912909912510909
745105,Email Campaign,2024-04-29,New Users,Email,6602,666,73,3269.02,4724.26,3.25,0.100878521660103,0.10960960960960961,1.4451609350814618
910471,Referral Program,2024-04-29,Premium,App,9131,887,70,2941.51,5744.38,2.52,0.09714160551965831,0.07891770011273957,1.9528677447977398
999683,New User Discount,2024-04-28,All,App,9867,690,27,2386.45,4623.96,2.79,0.06993006993006994,0.0391304347826087,1.9375893062917724
104811,Weekend Special,2024-04-28,Inactive,SMS,8639,718,24,4387.39,5292.53,2.84,0.08311147123509666,0.033426183844011144,1.2063048874159807
585110,Festival Offer,2024-04-28,All,App,1329,343,90,1361.1,5076.93,3.67,0.2580887885628292,0.26239067055393583,3.730019836896628
314259,Flash Sale,2024-04-28,Premium,App,4176,230,47,2515.35,5267.94,3.37,0.05507662835249042,0.20434782608695654,2.094316894269187
387534,Membership Drive,2024-04-28,All,App,5545,192,47,2287.97,5424.81,1.56,0.03462578899909829,0.24479166666666666,2.3710144800849666
54305,Category Promotion,2024-04-28,Premium,Social Media,1319,967,46,2704.68,3320.39,2.56,0.733131159969674,0.047569803516028956,1.2276461540736798
128692,App Push Notification,2024-04-28,All,SMS,5521,449,25,3762.9,3844.97,3.98,0.08132584676689006,0.0556792873051225,1.0218103058811023
626312,Email Campaign,2024-04-28,Inactive,Social Media,3931,691,34,3362.64,4540.16,3.32,0.17578224370389214,0.049204052098408106,1.3501772416910522
791839,Referral Program,2024-04-28,New Users,Email,4602,579,64,2120.95,3253.72,2.96,0.1258148631029987,0.11053540587219343,1.5340861406445225
299494,New User Discount,2024-04-27,Premium,Email,2136,576,15,3653.29,3135.41,3.23,0.2696629213483146,0.026041666666666668,0.8582428441213262
523855,Weekend Special,2024-04-27,All,Email,2035,799,49,4969.57,8494.26,2.58,0.39262899262899265,0.06132665832290363,1.7092545230271434
988951,Festival Offer,2024-04-27,All,Email,6499,915,32,2694.79,7183.66,3.64,0.14079089090629326,0.034972677595628415,2.6657587418685686
25586,Flash Sale,2024-04-27,Inactive,App,1213,936,17,4561.49,7794.53,2.92,0.7716405605935697,0.018162393162393164,1.70876840681444
536328,Membership Drive,2024-04-27,Inactive,Social Media,9231,400,82,4567.94,9622.12,2.91,0.04333225002708266,0.205,2.106446231780628
141194,Category Promotion,2024-04-27,Inactive,Email,4433,240,98,2962.64,2056.62,2.16,0.054139408978118655,0.4083333333333333,0.694184916155861
524798,App Push Notification,2024-04-27,Inactive,Email,9949,716,32,1419.18,7935.94,3.18,0.07196703186249874,0.0446927374301676,5.591919277329161
209190,Email Campaign,2024-04-27,New Users,Social Media,3198,796,77,2148.08,6097.88,2.91,0.2489055659787367,0.09673366834170855,2.838758333022979
695652,Referral Program,2024-04-27,Inactive,SMS,7745,193,48,4453.89,9142.1,2.03,0.024919302775984507,0.24870466321243523,2.052610190193292
195538,New User Discount,2024-04-26,Premium,App,5285,357,46,1904.93,4379.56,2.55,0.06754966887417219,0.12885154061624648,2.299066107416021
109153,Weekend Special,2024-04-26,New Users,Social Media,9827,195,91,1545.18,9459.01,3.92,0.019843288897934262,0.4666666666666667,6.121623370739979
906499,Festival Offer,2024-04-26,Inactive,App,7352,695,70,1938.09,2009.07,2.7,0.09453210010881392,0.10071942446043165,1.036623686206523
464790,Flash Sale,2024-04-26,All,SMS,1293,256,67,3884.89,9946.6,3.3,0.19798917246713071,0.26171875,2.5603298935104983
210315,Membership Drive,2024-04-26,Premium,App,9104,356,72,1704.88,3964.45,2.67,0.03910369068541301,0.20224719101123595,2.3253542771338744
755032,Category Promotion,2024-04-26,All,Social Media,1669,291,75,2509.9,5951.57,3.03,0.1743559017375674,0.25773195876288657,2.3712378979242197
739866,App Push Notification,2024-04-26,Premium,SMS,9578,926,75,2591.9,5337.7,3.84,0.09667989141783254,0.08099352051835854,2.0593772907905397
581482,Email Campaign,2024-04-26,New Users,SMS,3965,463,79,2730.34,6282.89,3.12,0.1167717528373266,0.17062634989200864,2.301138319769699
270063,Referral Program,2024-04-26,Inactive,Social Media,7143,937,28,4386.68,5935.49,2.86,0.13117737645247096,0.029882604055496264,1.3530711152853638
613714,New User Discount,2024-04-25,Premium,SMS,7897,108,51,4358.06,4297.98,3.25,0.013676079523869823,0.4722222222222222,0.9862140493705913
362939,Weekend Special,2024-04-25,New Users,App,9982,889,14,1133.34,9160.54,2.9,0.08906030855539972,0.015748031496062992,8.082781865989025
851624,Festival Offer,2024-04-25,All,App,7800,696,71,3207.71,5792.97,2.08,0.08923076923076922,0.10201149425287356,1.8059519096177648
95641,Flash Sale,2024-04-25,All,App,5483,935,35,1205.57,4051.59,1.68,0.17052708371329564,0.0374331550802139,3.3607256318587893
809776,Membership Drive,2024-04-25,Premium,Email,3371,561,23,3007.85,7155.07,1.54,0.16641946010086028,0.040998217468805706,2.378798809781073
785334,Category Promotion,2024-04-25,New Users,Email,8640,820,32,2411.16,9706.69,3.64,0.09490740740740741,0.03902439024390244,4.02573450123592
7705,App Push Notification,2024-04-25,Premium,SMS,8726,504,56,2248.38,3033.39,1.87,0.05775842310336924,0.1111111111111111,1.3491447175299547
450969,Email Campaign,2024-04-25,Inactive,Email,1083,329,30,1365.32,5193.67,2.91,0.30378578024007385,0.0911854103343465,3.803994667916679
206025,Referral Program,2024-04-25,New Users,App,8808,719,77,2020.59,8455.88,2.57,0.08163033605812897,0.1070931849791377,4.184856898232694
155153,New User Discount,2024-04-24,New Users,Social Media,7616,904,34,4997.55,2220.57,3.82,0.11869747899159663,0.03761061946902655,0.4443317225440466
192818,Weekend Special,2024-04-24,All,Social Media,1263,204,45,2886.58,3010.34,3.4,0.16152019002375298,0.22058823529411764,1.0428742664329416
996450,Festival Offer,2024-04-24,All,Social Media,5619,789,32,4110.78,4045.17,1.65,0.1404164442071543,0.04055766793409379,0.9840395253455549
145107,Flash Sale,2024-04-24,Inactive,Email,5591,118,54,4438.04,2320.89,1.58,0.021105347880522266,0.4576271186440678,0.5229538264639345
359337,Membership Drive,2024-04-24,New Users,Email,5187,609,42,1394.82,7812.67,3.73,0.11740890688259109,0.06896551724137931,5.601203022612237
355742,Category Promotion,2024-04-24,Premium,SMS,9494,174,79,4096.65,5262.99,1.94,0.018327364651358754,0.4540229885057471,1.2847057961993336
273880,App Push Notification,2024-04-24,Premium,Email,7276,865,25,1085.78,3128.73,3.76,0.11888400219901045,0.028901734104046242,2.8815505903590046
505252,Email Campaign,2024-04-24,Inactive,Social Media,6813,911,54,3981.42,3483.49,2.53,0.13371495670042566,0.059275521405049394,0.8749365804160324
913397,Referral Program,2024-04-24,All,SMS,5054,271,46,3860.49,5079.09,1.5,0.05362089434111595,0.16974169741697417,1.315659411111025
485822,New User Discount,2024-04-23,All,Email,3056,418,20,1141.03,5844.08,2.04,0.13678010471204188,0.04784688995215311,5.121758411260002
362667,Weekend Special,2024-04-23,New Users,SMS,5651,575,83,2640.38,4112.44,2.54,0.10175190231817377,0.1443478260869565,1.557518236011483
948031,Festival Offer,2024-04-23,Inactive,SMS,7348,450,62,2338.22,2677.35,2.94,0.06124115405552531,0.13777777777777778,1.1450376782338703
506171,Flash Sale,2024-04-23,Inactive,Social Media,7202,649,76,1693.78,8798.24,2.96,0.0901138572618717,0.11710323574730354,5.194440836472269
461382,Membership Drive,2024-04-23,Premium,Social Media,4577,189,94,4650.11,6711.99,2.2,0.04129342363993883,0.4973544973544973,1.4434045646232025
78977,Category Promotion,2024-04-23,All,Social Media,2012,134,66,3816.32,3377.54,3.35,0.06660039761431412,0.4925373134328358,0.8850253647492872
295825,App Push Notification,2024-04-23,New Users,Social Media,3964,152,53,3177.05,9479.93,2.78,0.03834510595358224,0.34868421052631576,2.983878125934436
261232,Email Campaign,2024-04-23,All,SMS,4905,873,31,1779.18,9278.28,1.94,0.1779816513761468,0.035509736540664374,5.214919232455401
729173,Referral Program,2024-04-23,Premium,SMS,1097,641,50,1825.16,8366.95,3.52,0.5843208751139471,0.078003120124805,4.58422823204541
410617,New User Discount,2024-04-22,All,App,1405,705,29,4776.95,3776.58,3.37,0.501779359430605,0.04113475177304964,0.7905839500099436
772322,Weekend Special,2024-04-22,New Users,Social Media,8377,415,63,1927.78,6380.8,3.84,0.04954040826071386,0.15180722891566265,3.3099212565749205
391738,Festival Offer,2024-04-22,All,SMS,7949,267,24,1712.81,3324.72,3.62,0.03358913070826519,0.0898876404494382,1.9410909557977825
348825,Flash Sale,2024-04-22,All,Email,9601,383,40,1717.05,3936.95,3.49,0.03989167795021352,0.10443864229765012,2.292856934859206
474151,Membership Drive,2024-04-22,All,Social Media,9824,901,18,2241.4,7013.97,1.98,0.09171416938110749,0.01997780244173141,3.129280806638708
742464,Category Promotion,2024-04-22,New Users,App,6464,604,82,3711.89,8032.84,2.53,0.09344059405940594,0.1357615894039735,2.16408352618208
165997,App Push Notification,2024-04-22,Premium,App,8725,540,59,4920.08,3229.58,2.8,0.061891117478510026,0.10925925925925926,0.656408025885758
695850,Email Campaign,2024-04-22,Premium,SMS,9580,911,48,4621.81,4166.76,2.71,0.09509394572025053,0.052689352360043906,0.9015429020232333
338999,Referral Program,2024-04-22,Premium,SMS,3733,463,36,1661.24,4129.94,1.65,0.12402893115456737,0.07775377969762419,2.486058606823818
128751,New User Discount,2024-04-21,All,SMS,7065,641,89,4170.42,5416.33,2.06,0.09072894550601557,0.13884555382215288,1.2987492866425923
350721,Weekend Special,2024-04-21,All,Email,9752,159,25,1635.95,6564.98,3.59,0.016304347826086956,0.15723270440251572,4.012946605947614
947165,Festival Offer,2024-04-21,Premium,Social Media,3566,604,36,2225.29,8515.17,2.73,0.1693774537296691,0.059602649006622516,3.8265439560686474
914178,Flash Sale,2024-04-21,New Users,Email,5034,176,39,4869.02,2472.44,3.8,0.03496225665474772,0.2215909090909091,0.5077900686380421
928278,Membership Drive,2024-04-21,New Users,SMS,1644,311,34,2973.73,5955.16,2.43,0.18917274939172748,0.10932475884244373,2.00258934065971
196569,Category Promotion,2024-04-21,Premium,SMS,4686,868,82,2732.5,4297.1,1.67,0.18523260776781902,0.0944700460829493,1.5725892040256177
676429,App Push Notification,2024-04-21,New Users,App,6308,302,67,2253.58,5178.12,3.8,0.04787571337983513,0.22185430463576158,2.2977307217848932
459974,Email Campaign,2024-04-21,Inactive,App,3660,771,29,3543.53,3912.56,3.02,0.21065573770491802,0.03761348897535668,1.1041419149830818
917074,Referral Program,2024-04-21,All,Email,1607,168,40,3750.79,6904.27,2.79,0.104542626011201,0.23809523809523808,1.8407508818142313
574033,New User Discount,2024-04-20,Inactive,Social Media,7382,242,69,4197.23,2007.02,3.17,0.032782443782172856,0.28512396694214875,0.47817727405932015
911703,Weekend Special,2024-04-20,New Users,Social Media,8408,658,61,4201.03,8428.51,1.95,0.07825880114176974,0.09270516717325228,2.006296075010176
2793,Festival Offer,2024-04-20,All,Social Media,5617,410,72,3287.67,9873.5,2.3,0.072992700729927,0.17560975609756097,3.003190709529849
931901,Flash Sale,2024-04-20,New Users,SMS,5502,266,71,4818.39,2252.0,1.57,0.04834605597964377,0.2669172932330827,0.4673760322431351
639047,Membership Drive,2024-04-20,All,App,8930,466,43,4274.4,8473.7,3.84,0.05218365061590145,0.09227467811158799,1.9824302826127647
488877,Category Promotion,2024-04-20,New Users,SMS,7456,249,83,1989.67,4492.69,2.93,0.03339592274678112,0.3333333333333333,2.258007609302045
341092,App Push Notification,2024-04-20,Premium,App,2650,703,80,4798.71,5767.89,1.68,0.26528301886792455,0.11379800853485064,1.2019667785717412
472731,Email Campaign,2024-04-20,Premium,App,1297,538,70,4118.8,6117.89,2.65,0.41480339244410175,0.13011152416356878,1.4853573856463047
537972,Referral Program,2024-04-20,Inactive,Email,5560,816,79,3484.35,7811.52,2.02,0.14676258992805755,0.09681372549019608,2.2418872960523486
963788,New User Discount,2024-04-19,New Users,SMS,2157,193,53,3195.16,2635.49,2.65,0.08947612424663885,0.27461139896373055,0.8248381927665593
872057,Weekend Special,2024-04-19,Inactive,Social Media,8776,830,56,3550.26,2814.38,3.93,0.09457611668185961,0.06746987951807229,0.7927250398562359
692733,Festival Offer,2024-04-19,New Users,App,1070,743,38,1747.31,6837.64,2.39,0.694392523364486,0.05114401076716016,3.9132380630798203
849257,Flash Sale,2024-04-19,Inactive,App,3679,663,93,3039.83,2069.32,3.87,0.18021201413427562,0.14027149321266968,0.6807354358631897
947666,Membership Drive,2024-04-19,Premium,SMS,1944,259,56,2143.73,7308.57,2.38,0.1332304526748971,0.21621621621621623,3.409277287718136
281411,Category Promotion,2024-04-19,Premium,Social Media,7086,264,84,2394.64,2646.76,3.76,0.03725656223539373,0.3181818181818182,1.1052851368055325
499174,App Push Notification,2024-04-19,Premium,Email,7361,629,95,2327.28,7119.06,3.03,0.08545034642032333,0.151033386327504,3.0589615344952046
125913,Email Campaign,2024-04-19,All,SMS,3154,485,90,1180.27,5645.51,3.29,0.15377298668357642,0.18556701030927836,4.783236039211367
458083,Referral Program,2024-04-19,Premium,Social Media,5168,298,13,1762.77,4785.67,3.32,0.0576625386996904,0.0436241610738255,2.7148578657453895
610621,New User Discount,2024-04-18,Premium,Email,5109,762,44,3233.06,5854.56,2.84,0.1491485613623018,0.05774278215223097,1.8108417412606015
538435,Weekend Special,2024-04-18,All,App,1998,425,25,4237.44,9893.98,3.78,0.21271271271271272,0.058823529411764705,2.3348955973417915
54300,Festival Offer,2024-04-18,Premium,SMS,6453,576,34,1773.13,2714.8,2.24,0.08926080892608089,0.059027777777777776,1.5310778115535804
336758,Flash Sale,2024-04-18,All,App,2347,318,21,2564.6,2262.19,3.76,0.13549211759693225,0.0660377358490566,0.8820829759026749
699873,Membership Drive,2024-04-18,New Users,SMS,1795,261,42,3699.09,2292.58,3.34,0.14540389972144846,0.16091954022988506,0.6197686458020756
179095,Category Promotion,2024-04-18,Inactive,App,2118,138,75,2907.29,3537.4,2.3,0.06515580736543909,0.5434782608695652,1.2167344846919297
170727,App Push Notification,2024-04-18,All,App,5875,536,79,3839.61,9104.3,2.2,0.0912340425531915,0.14738805970149255,2.371152278486617
640006,Email Campaign,2024-04-18,Inactive,Email,1684,487,46,3772.34,6487.5,3.53,0.28919239904988125,0.0944558521560575,1.7197548471240662
609856,Referral Program,2024-04-18,Premium,SMS,1885,313,86,4200.98,7616.73,2.3,0.1660477453580902,0.2747603833865815,1.8130840899028322
907380,New User Discount,2024-04-17,Premium,App,6029,981,45,1841.5,2434.98,3.33,0.16271355116934816,0.045871559633027525,1.322280749389085
536629,Weekend Special,2024-04-17,All,Social Media,9775,698,75,4222.13,3916.38,2.44,0.07140664961636829,0.10744985673352435,0.9275839445966846
617379,Festival Offer,2024-04-17,All,Email,7501,518,74,2991.03,8763.88,3.13,0.06905745900546593,0.14285714285714285,2.9300541953775117
813829,Flash Sale,2024-04-17,New Users,Social Media,2135,174,74,3299.6,9666.45,2.37,0.08149882903981265,0.42528735632183906,2.929582373621045
71878,Membership Drive,2024-04-17,All,SMS,4423,933,38,2250.37,5591.61,2.92,0.21094279900520008,0.04072883172561629,2.4847513964370305
318106,Category Promotion,2024-04-17,All,App,1436,145,97,4140.79,6807.94,2.38,0.100974930362117,0.6689655172413793,1.6441162193687677
76348,App Push Notification,2024-04-17,All,Email,2373,841,33,3580.03,3312.83,3.61,0.35440370838600926,0.039239001189060645,0.9253637539350228
494504,Email Campaign,2024-04-17,New Users,Social Media,4872,378,58,3927.04,4799.35,3.85,0.07758620689655173,0.15343915343915343,1.222129135430248
354914,Referral Program,2024-04-17,All,SMS,6450,894,86,2633.28,5433.36,2.47,0.1386046511627907,0.09619686800894854,2.063343055049216
639650,New User Discount,2024-04-16,Premium,App,8837,156,14,4483.44,6521.1,3.37,0.01765304967749236,0.08974358974358974,1.4544858412290564
117716,Weekend Special,2024-04-16,New Users,Social Media,7651,759,62,2265.65,8144.28,2.34,0.09920271859887596,0.08168642951251646,3.5946770242535253
755669,Festival Offer,2024-04-16,Inactive,App,8683,177,99,3769.05,3899.14,3.56,0.020384659679834157,0.559322033898305,1.0345153287963809
123123,Flash Sale,2024-04-16,All,Email,8428,851,67,2546.46,2484.18,2.95,0.10097294731846226,0.07873090481786134,0.975542517848307
724487,Membership Drive,2024-04-16,All,SMS,6663,869,96,2773.97,2575.08,2.6,0.13042173195257392,0.11047180667433831,0.9283013154432096
45874,Category Promotion,2024-04-16,All,App,7757,544,42,3514.07,2952.19,3.03,0.07013020497615058,0.07720588235294118,0.8401056325002063
305567,App Push Notification,2024-04-16,New Users,Social Media,6345,630,25,4617.6,5542.81,3.65,0.09929078014184398,0.03968253968253968,1.200365990990991
998934,Email Campaign,2024-04-16,All,Email,2519,487,56,1972.22,4217.21,3.08,0.19333068678046844,0.11498973305954825,2.1383060713307844
340926,Referral Program,2024-04-16,New Users,SMS,2432,814,73,3996.11,4723.57,3.17,0.3347039473684211,0.08968058968058969,1.182042035879893
292228,New User Discount,2024-04-15,All,Email,1328,418,61,4139.28,6454.85,2.19,0.3147590361445783,0.145933014354067,1.5594137144624187
411026,Weekend Special,2024-04-15,All,Social Media,6629,158,82,2833.15,4014.36,1.58,0.023834665862120984,0.5189873417721519,1.4169246245345286
698387,Festival Offer,2024-04-15,Premium,SMS,2225,210,86,1752.05,3821.54,3.84,0.09438202247191012,0.4095238095238095,2.1811820438914413
941626,Flash Sale,2024-04-15,New Users,SMS,1799,459,50,3855.35,5988.39,2.79,0.25514174541411894,0.10893246187363835,1.553267537318272
697870,Membership Drive,2024-04-15,Inactive,App,2582,698,11,1780.42,6449.37,1.9,0.2703330751355538,0.015759312320916905,3.6223868525404117
119823,Category Promotion,2024-04-15,New Users,App,9699,943,14,3149.37,7402.6,1.69,0.09722651819775234,0.014846235418875928,2.3505018464010266
505473,App Push Notification,2024-04-15,Inactive,SMS,3673,950,46,1104.18,6788.63,3.47,0.25864416008712227,0.04842105263157895,6.148118966110598
134824,Email Campaign,2024-04-15,New Users,App,9719,407,64,2733.76,8036.93,3.7,0.04187673628974174,0.15724815724815724,2.9398813355963944
204110,Referral Program,2024-04-15,All,Email,7271,922,16,4941.54,3971.22,2.45,0.1268051162151011,0.01735357917570499,0.8036401607596012
837590,New User Discount,2024-04-14,New Users,App,6605,118,90,2908.83,5403.49,3.78,0.01786525359576079,0.7627118644067796,1.85761629246123
671919,Weekend Special,2024-04-14,All,Email,9961,805,20,3111.4,3742.69,3.49,0.08081517919887561,0.024844720496894408,1.202895802532622
982147,Festival Offer,2024-04-14,All,App,5449,649,91,3855.63,3562.97,2.68,0.11910442282987704,0.14021571648690292,0.9240954137196774
231491,Flash Sale,2024-04-14,New Users,Email,8672,407,30,2822.22,6823.41,2.23,0.04693265682656827,0.07371007371007371,2.4177456045240984
465849,Membership Drive,2024-04-14,Inactive,App,3801,453,33,4754.59,3831.33,1.84,0.11917916337805841,0.0728476821192053,0.8058171156713828
382929,Category Promotion,2024-04-14,New Users,SMS,9801,803,22,2844.73,2470.84,1.81,0.0819304152637486,0.0273972602739726,0.868567491466677
799959,App Push Notification,2024-04-14,New Users,Email,4145,694,49,1612.43,9047.55,2.89,0.16743063932448735,0.07060518731988473,5.611127304751213
38835,Email Campaign,2024-04-14,Premium,Social Media,5413,695,47,1257.43,7720.25,3.61,0.12839460557916127,0.06762589928057554,6.139705589973199
811741,Referral Program,2024-04-14,Premium,SMS,5516,275,89,1424.12,6969.97,3.19,0.049854967367657724,0.3236363636363636,4.894229418869197
659631,New User Discount,2024-04-13,Premium,SMS,9228,558,29,2016.76,2042.67,3.17,0.06046814044213264,0.05197132616487455,1.0128473392966937
747757,Weekend Special,2024-04-13,Premium,SMS,6525,702,51,2938.15,5066.37,3.56,0.10758620689655173,0.07264957264957266,1.7243401460102445
709852,Festival Offer,2024-04-13,New Users,Email,5904,743,92,3338.33,9198.56,2.88,0.12584688346883469,0.12382234185733512,2.7554375990390403
383424,Flash Sale,2024-04-13,Inactive,SMS,7504,304,80,3046.85,5965.67,3.28,0.04051172707889126,0.2631578947368421,1.9579795526527397
367617,Membership Drive,2024-04-13,All,App,3432,782,93,1219.99,4972.37,2.76,0.22785547785547786,0.11892583120204604,4.075746522512479
797353,Category Promotion,2024-04-13,New Users,Social Media,3048,836,98,1194.42,8101.18,1.64,0.2742782152230971,0.11722488038277512,6.7825220609165955
849197,App Push Notification,2024-04-13,Inactive,Email,2576,712,90,4775.11,9242.51,1.98,0.27639751552795033,0.12640449438202248,1.9355595996741437
634464,Email Campaign,2024-04-13,All,App,6125,911,39,4517.04,4755.12,3.52,0.14873469387755103,0.042810098792535674,1.0527070825142129
109155,Referral Program,2024-04-13,Premium,App,3426,523,57,2953.35,8349.84,2.56,0.15265615878575597,0.1089866156787763,2.827243638579918
704017,New User Discount,2024-04-12,Inactive,Email,5459,852,51,2061.32,7967.31,3.86,0.15607254075838065,0.05985915492957746,3.8651495158442164
868777,Weekend Special,2024-04-12,Premium,Social Media,7017,507,25,1255.24,6367.69,3.05,0.07225309961522018,0.04930966469428008,5.0728864599598475
414655,Festival Offer,2024-04-12,Premium,SMS,4674,782,87,2923.6,7112.3,3.74,0.16730851519041506,0.11125319693094629,2.4327199343275416
548732,Flash Sale,2024-04-12,New Users,App,6437,986,28,4845.58,4183.92,3.67,0.15317694578219668,0.028397565922920892,0.8634508149695186
217662,Membership Drive,2024-04-12,All,App,5570,735,51,1177.04,2236.59,2.8,0.1319569120287253,0.06938775510204082,1.9001818120029907
341199,Category Promotion,2024-04-12,Inactive,Social Media,3681,271,32,3771.22,8224.87,3.03,0.07362129856017387,0.11808118081180811,2.1809573559749897
505899,App Push Notification,2024-04-12,Premium,Email,7458,680,75,4594.28,9039.48,3.02,0.09117725931885223,0.11029411764705882,1.9675509546653664
302555,Email Campaign,2024-04-12,All,SMS,6994,490,75,2335.24,4461.11,3.32,0.07006005147269088,0.15306122448979592,1.910343262362755
170475,Referral Program,2024-04-12,Inactive,SMS,5026,362,26,2732.96,5233.55,2.28,0.07202546756864306,0.0718232044198895,1.9149749721913238
533057,New User Discount,2024-04-11,Inactive,SMS,2124,291,55,2190.09,4548.86,2.99,0.1370056497175141,0.18900343642611683,2.0770196658584803
191408,Weekend Special,2024-04-11,Premium,Email,3099,505,40,1887.86,4771.28,2.88,0.16295579219102937,0.07920792079207921,2.527348426260422
232867,Festival Offer,2024-04-11,New Users,Email,6912,542,44,3856.94,7520.15,2.43,0.07841435185185185,0.08118081180811808,1.9497710620336328
224500,Flash Sale,2024-04-11,All,App,1986,985,85,3456.43,8559.69,1.56,0.4959718026183283,0.08629441624365482,2.476454029157252
826051,Membership Drive,2024-04-11,Inactive,Social Media,7544,457,49,4403.04,5397.69,2.61,0.060577942735949096,0.10722100656455143,1.2259007413060066
892996,Category Promotion,2024-04-11,Premium,SMS,6325,639,37,3648.81,2985.66,2.71,0.10102766798418972,0.057902973395931145,0.8182558149095184
47386,App Push Notification,2024-04-11,All,App,9049,285,95,1967.28,7385.59,2.32,0.03149519283898773,0.3333333333333333,3.7542139400593713
368536,Email Campaign,2024-04-11,New Users,Email,1939,885,71,1461.25,8034.35,3.31,0.4564208354822073,0.08022598870056497,5.498272027373824
596969,Referral Program,2024-04-11,All,Social Media,5776,692,61,1027.21,9771.28,1.75,0.11980609418282548,0.08815028901734104,9.5124463352187
663434,New User Discount,2024-04-10,Inactive,SMS,3243,768,41,3514.97,9725.51,3.5,0.23681776133209992,0.053385416666666664,2.7668827898957886
370180,Weekend Special,2024-04-10,New Users,Email,7602,128,24,3014.51,3523.73,3.38,0.016837674296237833,0.1875,1.168922975873359
201550,Festival Offer,2024-04-10,Inactive,App,9206,436,19,3288.75,7071.4,2.4,0.04736041711927004,0.04357798165137615,2.150178639300646
441693,Flash Sale,2024-04-10,New Users,SMS,4370,807,38,2897.25,8231.88,2.54,0.18466819221967964,0.04708798017348203,2.8412736215376646
408889,Membership Drive,2024-04-10,Inactive,Email,9489,331,16,2624.81,4563.91,2.89,0.03488249552112973,0.04833836858006042,1.738758233929313
732023,Category Promotion,2024-04-10,Inactive,SMS,6010,117,86,1060.48,6281.67,3.28,0.019467554076539103,0.7350427350427351,5.923421469523235
911833,App Push Notification,2024-04-10,All,App,2596,628,38,1991.56,5270.89,3.62,0.24191063174114022,0.06050955414012739,2.6466137098555906
579796,Email Campaign,2024-04-10,Premium,App,6528,532,96,2528.62,2365.46,2.43,0.08149509803921569,0.18045112781954886,0.935474685796996
575716,Referral Program,2024-04-10,All,SMS,5896,556,99,4290.81,9271.76,2.83,0.09430122116689281,0.17805755395683454,2.1608414262109017
826902,New User Discount,2024-04-09,Premium,Email,3397,607,26,1547.67,6327.21,1.52,0.17868707683249926,0.042833607907743,4.088216480257419
233637,Weekend Special,2024-04-09,All,App,3401,165,95,3893.39,4224.71,1.91,0.04851514260511614,0.5757575757575758,1.085098076483476
355744,Festival Offer,2024-04-09,New Users,Email,7341,178,67,1668.83,4774.38,1.66,0.02424737774145212,0.37640449438202245,2.860914532936249
168643,Flash Sale,2024-04-09,Inactive,App,7579,926,15,4530.05,4918.83,3.79,0.12217970708536746,0.016198704103671708,1.0858224522908135
706383,Membership Drive,2024-04-09,All,SMS,5721,653,80,4507.42,7378.33,3.48,0.11414088446075861,0.1225114854517611,1.6369297735733523
908052,Category Promotion,2024-04-09,Premium,App,4392,623,98,1293.64,5943.4,3.04,0.1418488160291439,0.15730337078651685,4.594322995578367
794753,App Push Notification,2024-04-09,New Users,SMS,6692,360,79,4736.48,5215.26,2.53,0.05379557680812911,0.21944444444444444,1.101083505050164
716412,Email Campaign,2024-04-09,New Users,App,5355,314,46,2782.53,3425.08,2.03,0.058636788048552754,0.1464968152866242,1.230922937039313
903555,Referral Program,2024-04-09,Premium,App,3834,774,60,4530.61,2035.46,2.6,0.20187793427230047,0.07751937984496124,0.449268420808677
121794,New User Discount,2024-04-08,New Users,Social Media,8776,614,37,3177.01,8400.49,1.57,0.06996353691886964,0.06026058631921824,2.6441496879141075
64474,Weekend Special,2024-04-08,Premium,Email,2844,936,92,4336.07,2814.73,3.97,0.3291139240506329,0.09829059829059829,0.6491431180769683
376382,Festival Offer,2024-04-08,Premium,Email,2316,223,95,3337.13,7620.7,1.9,0.096286701208981,0.4260089686098655,2.2836089693838715
149632,Flash Sale,2024-04-08,Premium,App,9739,446,40,3871.81,2270.68,2.29,0.045795256186466786,0.08968609865470852,0.5864647283828494
731872,Membership Drive,2024-04-08,New Users,Email,4530,246,54,1544.38,8379.51,3.99,0.054304635761589407,0.21951219512195122,5.425808415027389
829120,Category Promotion,2024-04-08,New Users,Social Media,4721,946,83,3425.57,9447.22,2.51,0.20038127515356915,0.08773784355179703,2.757853437530104
657226,App Push Notification,2024-04-08,New Users,SMS,1012,843,87,3657.33,2150.85,1.84,0.8330039525691699,0.10320284697508897,0.5880929530559178
604482,Email Campaign,2024-04-08,All,Social Media,6801,741,35,2634.23,4265.15,2.71,0.10895456550507278,0.04723346828609987,1.619125892575819
933051,Referral Program,2024-04-08,New Users,SMS,3376,760,31,3633.35,7568.34,2.06,0.22511848341232227,0.04078947368421053,2.0830198026614557
937331,New User Discount,2024-04-07,Inactive,Social Media,3300,951,15,2750.4,2657.46,1.61,0.2881818181818182,0.015772870662460567,0.9662085514834206
868790,Weekend Special,2024-04-07,Premium,SMS,5387,572,13,1426.22,9566.19,2.1,0.10618154817152405,0.022727272727272728,6.707373336511899
95306,Festival Offer,2024-04-07,New Users,Social Media,7803,979,23,2415.44,9470.83,3.09,0.1254645649109317,0.02349336057201226,3.9209543602821846
673837,Flash Sale,2024-04-07,All,App,1110,352,15,4567.37,4036.37,2.98,0.3171171171171171,0.04261363636363636,0.8837405333923023
739087,Membership Drive,2024-04-07,All,Social Media,6217,225,69,2492.47,3520.59,2.53,0.03619108894965417,0.30666666666666664,1.4124904211484994
422346,Category Promotion,2024-04-07,Premium,Email,7096,258,53,3735.67,2461.03,2.52,0.03635851183765502,0.2054263565891473,0.6587921309965816
137535,App Push Notification,2024-04-07,Premium,App,3385,493,27,4849.52,3742.89,3.99,0.14564254062038404,0.05476673427991886,0.771806281858823
134790,Email Campaign,2024-04-07,All,Social Media,2066,165,27,4086.14,7750.12,2.51,0.07986447241045498,0.16363636363636364,1.8966848908750067
955022,Referral Program,2024-04-07,All,App,9832,609,72,3547.41,7729.93,3.68,0.06194060211554109,0.11822660098522167,2.1790348451405395
589887,New User Discount,2024-04-06,Premium,SMS,7911,196,93,3161.79,5291.11,2.51,0.024775628871192012,0.4744897959183674,1.6734539612055195
533259,Weekend Special,2024-04-06,All,Social Media,3581,763,44,4729.09,9727.71,3.08,0.21306897514660708,0.057667103538663174,2.056994051709737
612895,Festival Offer,2024-04-06,All,Email,3650,413,74,1958.79,6726.12,2.61,0.11315068493150685,0.1791767554479419,3.433813731946763
312305,Flash Sale,2024-04-06,New Users,SMS,7628,796,46,3483.54,4648.03,2.04,0.10435238594651285,0.05778894472361809,1.3342835161932975
136787,Membership Drive,2024-04-06,New Users,SMS,4166,465,18,3962.9,4849.16,2.08,0.1116178588574172,0.03870967741935484,1.2236392540816068
209823,Category Promotion,2024-04-06,Inactive,Social Media,4001,486,70,4533.51,7492.06,3.77,0.12146963259185203,0.1440329218106996,1.6525958914836407
696799,App Push Notification,2024-04-06,Premium,App,7898,237,50,1219.35,9493.29,3.3,0.03000759685996455,0.2109704641350211,7.785533275925699
860333,Email Campaign,2024-04-06,Premium,Social Media,7445,398,24,3145.0,9862.35,3.31,0.05345869711215581,0.06030150753768844,3.135882352941177
834005,Referral Program,2024-04-06,New Users,Email,2046,927,50,2443.69,3535.34,3.41,0.4530791788856305,0.05393743257820928,1.4467219655520955
899996,New User Discount,2024-04-05,New Users,Social Media,9485,867,70,1912.12,8669.81,1.78,0.09140748550342646,0.08073817762399077,4.534134886931782
27552,Weekend Special,2024-04-05,Premium,Email,9813,247,98,2585.08,7930.87,1.95,0.02517069193926424,0.3967611336032389,3.067939870332833
861325,Festival Offer,2024-04-05,New Users,SMS,4256,830,13,1237.22,8994.03,3.87,0.1950187969924812,0.01566265060240964,7.269547857292964
60737,Flash Sale,2024-04-05,All,App,6464,663,64,2382.59,5045.79,3.13,0.10256806930693069,0.09653092006033183,2.1177751942214145
333454,Membership Drive,2024-04-05,All,SMS,2023,165,48,2565.72,5305.89,1.95,0.08156203657933762,0.2909090909090909,2.0679926102614474
464900,Category Promotion,2024-04-05,All,Email,4353,369,99,1819.47,4778.97,2.61,0.08476912474155755,0.2682926829268293,2.6265725733317944
794762,App Push Notification,2024-04-05,Inactive,SMS,8010,472,32,2231.01,7477.24,3.36,0.05892634207240949,0.06779661016949153,3.3515044755514314
541891,Email Campaign,2024-04-05,All,App,4421,102,17,3748.53,9671.29,3.23,0.023071703234562316,0.16666666666666666,2.580022035304506
75143,Referral Program,2024-04-05,Premium,SMS,5406,539,37,1770.23,9639.69,3.65,0.0997040325564188,0.0686456400742115,5.445444942182655
955916,New User Discount,2024-04-04,Premium,Social Media,9572,507,84,1203.73,7550.79,1.71,0.05296698704554952,0.16568047337278108,6.272826962857119
16465,Weekend Special,2024-04-04,All,SMS,4012,638,50,4597.52,6344.82,1.99,0.15902293120638086,0.07836990595611286,1.3800527240773284
876921,Festival Offer,2024-04-04,Inactive,Social Media,9132,825,35,4947.34,9713.09,2.1,0.09034165571616294,0.04242424242424243,1.9632954274418173
550740,Flash Sale,2024-04-04,New Users,Email,5781,960,65,4065.02,5566.58,3.18,0.1660612350804359,0.06770833333333333,1.3693856364790333
486159,Membership Drive,2024-04-04,All,App,8942,658,66,4048.53,5065.57,3.57,0.07358532766718855,0.10030395136778116,1.2512121683672839
499278,Category Promotion,2024-04-04,Inactive,SMS,4172,424,45,1212.57,8568.42,1.51,0.10162991371045062,0.10613207547169812,7.066330191246691
422021,App Push Notification,2024-04-04,New Users,Email,7822,756,76,4910.53,9120.96,1.63,0.09665047302480184,0.10052910052910052,1.8574288315110588
705845,Email Campaign,2024-04-04,New Users,SMS,8817,110,32,1144.54,4206.95,1.99,0.012475898831802201,0.2909090909090909,3.6756688276512834
385434,Referral Program,2024-04-04,New Users,SMS,9237,266,90,3779.96,6235.64,1.94,0.028797228537403918,0.3383458646616541,1.6496576683351147
738308,New User Discount,2024-04-03,New Users,Social Media,9925,901,99,1248.5,5705.73,3.09,0.09078085642317381,0.10987791342952276,4.570068081698038
92221,Weekend Special,2024-04-03,Inactive,Email,8972,640,92,1349.36,4183.07,3.93,0.07133303611234953,0.14375,3.1000400189719572
391571,Festival Offer,2024-04-03,New Users,Social Media,1297,809,32,3562.59,3371.07,3.19,0.6237471087124132,0.03955500618046971,0.9462413581130582
23436,Flash Sale,2024-04-03,Inactive,App,6051,681,29,4343.26,2970.99,3.33,0.11254338125929599,0.042584434654919234,0.6840460851986756
870977,Membership Drive,2024-04-03,Inactive,Social Media,5367,520,96,2238.53,7094.1,2.2,0.09688839202534004,0.18461538461538463,3.1690886429933927
678701,Category Promotion,2024-04-03,Premium,SMS,5135,259,94,2016.82,7663.97,2.26,0.0504381694255112,0.36293436293436293,3.8000267748237326
366815,App Push Notification,2024-04-03,Premium,Email,1849,932,48,1603.23,2501.33,1.82,0.5040562466197945,0.05150214592274678,1.5601816333277196
397676,Email Campaign,2024-04-03,Inactive,App,9474,980,12,4056.38,8935.6,1.68,0.10344099641123074,0.012244897959183673,2.202850817724178
336113,Referral Program,2024-04-03,New Users,App,1496,746,74,1486.49,9735.5,3.57,0.49866310160427807,0.09919571045576407,6.549320883423366
615906,New User Discount,2024-04-02,Inactive,App,3358,868,22,3054.66,2341.67,1.73,0.258487194758785,0.02534562211981567,0.7665894076591176
110083,Weekend Special,2024-04-02,All,Email,2599,434,96,1356.61,4632.28,2.98,0.1669873028087726,0.22119815668202766,3.4145996270114476
513293,Festival Offer,2024-04-02,Inactive,Email,1097,782,76,4737.75,4077.31,2.01,0.7128532360984503,0.09718670076726342,0.8606004960160414
691779,Flash Sale,2024-04-02,New Users,Email,4914,206,45,2554.32,7878.57,2.86,0.04192104192104192,0.21844660194174756,3.084409940806163
811323,Membership Drive,2024-04-02,All,App,3228,841,10,3511.84,5095.48,3.85,0.26053283767038415,0.011890606420927468,1.4509430953574194
819722,Category Promotion,2024-04-02,Inactive,Email,6910,142,96,2289.85,2726.12,3.96,0.020549927641099856,0.676056338028169,1.1905233967290434
277194,App Push Notification,2024-04-02,Premium,SMS,3588,877,32,4670.88,8361.12,3.28,0.24442586399108138,0.036488027366020526,1.7900524098242732
881510,Email Campaign,2024-04-02,Premium,SMS,1722,461,55,4814.66,9892.36,2.46,0.2677119628339141,0.1193058568329718,2.0546331412810046
268310,Referral Program,2024-04-02,Inactive,SMS,7418,880,62,4582.89,6820.65,3.13,0.11863035858722028,0.07045454545454545,1.4882857760059698
214474,New User Discount,2024-04-01,All,Email,2477,780,69,4311.04,6496.72,3.7,0.31489705288655634,0.08846153846153847,1.5069959916864608
139591,Weekend Special,2024-04-01,Premium,SMS,2424,211,55,3123.32,4895.99,3.99,0.08704620462046204,0.26066350710900477,1.5675595199979508
775189,Festival Offer,2024-04-01,All,SMS,6711,284,13,2779.99,2585.09,3.18,0.04231858143346744,0.045774647887323945,0.9298918341432885
93783,Flash Sale,2024-04-01,All,SMS,1868,574,34,1958.7,8191.12,1.5,0.30728051391862954,0.059233449477351915,4.181916577321693
558128,Membership Drive,2024-04-01,All,Email,4595,322,29,3952.09,2691.11,1.6,0.07007616974972797,0.09006211180124224,0.6809333795536033
971565,Category Promotion,2024-04-01,All,Email,1252,731,77,2608.76,9164.83,3.45,0.5838658146964856,0.10533515731874145,3.513098176911636
85799,App Push Notification,2024-04-01,Inactive,App,4730,869,30,4878.43,8407.82,1.6,0.18372093023255814,0.03452243958573072,1.7234684109436846
419331,Email Campaign,2024-04-01,Inactive,Email,5502,894,97,3347.33,6657.33,1.8,0.1624863685932388,0.10850111856823266,1.9888478279703525
493997,Referral Program,2024-04-01,Premium,Social Media,8154,116,79,1874.29,7789.98,3.17,0.014226146676477803,0.6810344827586207,4.156229825693996
355295,New User Discount,2024-03-31,All,App,2937,852,89,3872.53,7741.22,3.52,0.2900919305413687,0.10446009389671361,1.9990084001931554
46335,Weekend Special,2024-03-31,Premium,App,4376,118,88,2452.93,3756.15,3.59,0.02696526508226691,0.7457627118644068,1.5312911497678288
831926,Festival Offer,2024-03-31,Inactive,Email,6489,966,16,4405.44,5865.16,3.96,0.1488673139158576,0.016563146997929608,1.331344882690492
548235,Flash Sale,2024-03-31,New Users,SMS,3845,362,33,3910.98,6008.41,2.09,0.094148244473342,0.09116022099447514,1.536292693902807
616611,Membership Drive,2024-03-31,All,Email,7664,764,85,2883.9,7410.05,2.68,0.09968684759916492,0.11125654450261781,2.569454558063733
172828,Category Promotion,2024-03-31,Inactive,Email,8250,932,89,1849.9,7766.43,3.6,0.11296969696969697,0.09549356223175966,4.198297205254338
591365,App Push Notification,2024-03-31,Inactive,Social Media,9219,708,60,3166.69,4103.08,2.78,0.07679791734461439,0.0847457627118644,1.2956999264215947
1604,Email Campaign,2024-03-31,Premium,App,6379,502,89,3522.99,6315.41,3.53,0.0786957203323405,0.17729083665338646,1.7926278530452826
481412,Referral Program,2024-03-31,Premium,App,8858,135,12,1032.94,8122.27,3.28,0.01524046060058704,0.08888888888888889,7.863254400061959
918979,New User Discount,2024-03-30,All,SMS,6749,615,64,2142.89,6912.39,1.59,0.0911246110534894,0.1040650406504065,3.225732538767739
975017,Weekend Special,2024-03-30,All,App,3734,221,62,3750.76,8216.2,2.78,0.059185859667916445,0.28054298642533937,2.190542716676087
240482,Festival Offer,2024-03-30,All,Email,7488,773,20,3308.74,2197.59,2.82,0.1032318376068376,0.0258732212160414,0.6641773001202875
312796,Flash Sale,2024-03-30,Premium,Email,6977,413,73,1302.75,4966.35,2.08,0.05919449620180593,0.17675544794188863,3.812204951065055
888861,Membership Drive,2024-03-30,Premium,Email,8539,997,73,1448.16,3747.96,1.89,0.116758402623258,0.0732196589769308,2.58808418959231
207330,Category Promotion,2024-03-30,All,Email,7177,345,80,1291.92,8301.93,1.7,0.04807022432771353,0.2318840579710145,6.426040312093628
837665,App Push Notification,2024-03-30,Premium,Social Media,8887,165,74,4383.41,8230.54,3.86,0.018566445369641048,0.4484848484848485,1.8776568926931319
232119,Email Campaign,2024-03-30,Premium,Email,1699,666,25,3099.95,6431.8,3.24,0.39199529134785166,0.03753753753753754,2.0748076581880355
431898,Referral Program,2024-03-30,All,Email,1185,800,59,1789.62,3237.07,2.65,0.6751054852320675,0.07375,1.808802986108783
540343,New User Discount,2024-03-29,New Users,SMS,3745,768,22,4035.3,6452.21,2.28,0.20507343124165553,0.028645833333333332,1.5989418382772036
17641,Weekend Special,2024-03-29,New Users,SMS,8099,674,64,4597.61,5540.33,3.68,0.08322015063588098,0.09495548961424333,1.2050456650303092
629145,Festival Offer,2024-03-29,Premium,Email,5988,879,50,1284.69,7807.86,2.86,0.1467935871743487,0.05688282138794084,6.077621838731522
923842,Flash Sale,2024-03-29,Premium,App,7604,793,48,3017.08,4874.88,3.74,0.1042872172540768,0.0605296343001261,1.6157609344134065
262063,Membership Drive,2024-03-29,Inactive,SMS,7850,664,65,1152.04,2894.01,2.62,0.0845859872611465,0.09789156626506024,2.512074233533558
506700,Category Promotion,2024-03-29,Inactive,Social Media,1789,653,15,4707.06,6662.8,3.4,0.3650083845723868,0.022970903522205207,1.4154907734339481
413373,App Push Notification,2024-03-29,Inactive,App,6929,268,82,1970.09,5730.36,3.74,0.03867801991629384,0.30597014925373134,2.908679298915278
963433,Email Campaign,2024-03-29,Premium,Social Media,7464,734,57,2036.31,3866.16,2.74,0.09833869239013933,0.0776566757493188,1.89861072233599
849917,Referral Program,2024-03-29,All,App,8627,194,29,1822.32,5144.43,2.92,0.022487539121363163,0.14948453608247422,2.82301132622152
111010,New User Discount,2024-03-28,New Users,SMS,5893,262,80,3923.61,6947.31,3.23,0.044459528253860514,0.3053435114503817,1.770642342128805
233488,Weekend Special,2024-03-28,Inactive,App,6198,152,26,1013.03,3583.59,1.96,0.02452404001290739,0.17105263157894737,3.537496421626211
876984,Festival Offer,2024-03-28,New Users,App,7149,431,31,4194.82,4228.99,2.88,0.06028815218911736,0.07192575406032482,1.0081457607239406
300232,Flash Sale,2024-03-28,New Users,Email,9717,296,15,1078.82,9747.82,2.89,0.03046207677266646,0.05067567567567568,9.035631523331046
985659,Membership Drive,2024-03-28,Inactive,SMS,9434,762,31,3524.13,9767.11,1.83,0.08077167691329235,0.04068241469816273,2.7714953761637626
842494,Category Promotion,2024-03-28,New Users,Social Media,9687,749,16,2233.04,9962.06,1.61,0.07732011974811603,0.021361815754339118,4.461209830544907
23162,App Push Notification,2024-03-28,Inactive,Social Media,1821,631,88,2508.33,7230.66,1.85,0.34651290499725423,0.13946117274167988,2.8826589802777147
394528,Email Campaign,2024-03-28,Premium,Social Media,7379,563,80,4417.7,9426.92,3.49,0.0762976013009893,0.14209591474245115,2.133897729587795
362901,Referral Program,2024-03-28,Inactive,App,4875,444,23,1196.79,4615.81,2.7,0.09107692307692308,0.0518018018018018,3.856825341120832
328730,New User Discount,2024-03-27,All,Social Media,1193,482,55,1959.62,9576.12,1.75,0.40402347024308466,0.11410788381742738,4.886722936079445
171571,Weekend Special,2024-03-27,Premium,SMS,3972,699,62,3848.47,4772.15,2.66,0.17598187311178248,0.08869814020028613,1.2400122646142493
51281,Festival Offer,2024-03-27,New Users,Email,8387,732,92,4988.66,4619.99,1.99,0.08727793012996304,0.12568306010928962,0.9260983911511308
57219,Flash Sale,2024-03-27,Premium,Email,9351,445,74,3158.94,8779.02,3.4,0.04758849320928243,0.1662921348314607,2.7791031168683165
933572,Membership Drive,2024-03-27,New Users,SMS,5668,833,89,4846.54,3920.06,2.64,0.1469654199011997,0.10684273709483794,0.8088368196692899
730069,Category Promotion,2024-03-27,All,Email,5941,799,20,3699.9,3821.61,2.26,0.13448914324187847,0.025031289111389236,1.0328954836617206
662344,App Push Notification,2024-03-27,All,SMS,5036,388,73,1793.06,4621.48,2.19,0.07704527402700556,0.18814432989690721,2.5774262991757104
36917,Email Campaign,2024-03-27,All,App,9733,246,44,1675.77,2682.32,3.72,0.025274838179389705,0.17886178861788618,1.6006492537758763
165491,Referral Program,2024-03-27,All,Social Media,7600,252,34,4675.36,5647.83,2.09,0.03315789473684211,0.1349206349206349,1.2079989562301086
409294,New User Discount,2024-03-26,All,Social Media,8049,180,56,1652.06,6398.53,1.7,0.02236302646291465,0.3111111111111111,3.8730615110831326
26622,Weekend Special,2024-03-26,Inactive,Social Media,2245,819,88,3905.88,9876.04,1.62,0.3648106904231626,0.10744810744810745,2.5285057400636988
411777,Festival Offer,2024-03-26,All,SMS,5113,250,67,1410.51,5775.58,3.38,0.048894973596714256,0.268,4.094674975718003
417415,Flash Sale,2024-03-26,New Users,Email,6483,502,24,1161.23,2350.27,3.38,0.07743328705846059,0.04780876494023904,2.0239487440042025
830348,Membership Drive,2024-03-26,Inactive,Email,1442,398,61,4396.0,7176.23,2.18,0.27600554785020803,0.15326633165829145,1.6324454049135577
550041,Category Promotion,2024-03-26,Inactive,App,8263,663,31,4539.81,8148.18,2.79,0.0802372019847513,0.04675716440422323,1.7948284179293845
436035,App Push Notification,2024-03-26,All,App,3980,254,76,2640.97,6511.7,1.93,0.06381909547738693,0.2992125984251969,2.4656470917882447
179518,Email Campaign,2024-03-26,Inactive,SMS,8918,116,28,4857.56,3563.92,2.67,0.013007400762502803,0.2413793103448276,0.7336852246807039
915655,Referral Program,2024-03-26,Premium,SMS,6409,547,38,3593.8,9735.93,2.3,0.08534872835075674,0.06946983546617916,2.7090906561300017
921820,New User Discount,2024-03-25,Inactive,Social Media,7959,208,56,3676.43,4008.43,1.79,0.02613393642417389,0.2692307692307692,1.0903049969671665
338641,Weekend Special,2024-03-25,All,SMS,1235,906,31,2206.57,2902.95,3.01,0.7336032388663968,0.03421633554083885,1.3155938855327498
490836,Festival Offer,2024-03-25,Premium,Social Media,8648,844,39,4735.08,2710.45,3.17,0.09759481961147086,0.0462085308056872,0.5724190509980823
425282,Flash Sale,2024-03-25,Inactive,SMS,1120,399,32,1030.3,4298.01,3.13,0.35625,0.08020050125313283,4.171610210618267
283840,Membership Drive,2024-03-25,New Users,Social Media,5645,383,47,3391.22,2038.2,1.53,0.06784765279007972,0.1227154046997389,0.6010226408195282
935100,Category Promotion,2024-03-25,New Users,Email,5720,403,80,4432.67,3579.21,3.79,0.07045454545454545,0.19851116625310175,0.8074614171594096
490580,App Push Notification,2024-03-25,Premium,App,8382,426,65,4561.83,3639.58,3.87,0.05082319255547602,0.15258215962441316,0.7978333256609738
468081,Email Campaign,2024-03-25,New Users,Email,7219,470,40,1036.96,5590.68,2.38,0.06510597035600499,0.0851063829787234,5.391413362135473
303217,Referral Program,2024-03-25,All,SMS,4058,425,16,4007.24,6718.79,1.63,0.10473139477575161,0.03764705882352941,1.676662740439804
196863,New User Discount,2024-03-24,Premium,Email,4450,442,69,4336.01,2222.39,3.68,0.09932584269662921,0.15610859728506787,0.5125426371249143
776458,Weekend Special,2024-03-24,Inactive,App,1399,999,45,4826.6,7276.64,2.31,0.7140814867762688,0.04504504504504504,1.5076119835909336
259144,Festival Offer,2024-03-24,Inactive,App,5555,187,96,3832.19,6495.92,3.12,0.033663366336633666,0.5133689839572193,1.6950934061202603
517328,Flash Sale,2024-03-24,Premium,Email,1424,367,45,2384.97,2171.8,1.83,0.2577247191011236,0.1226158038147139,0.9106194207893602
73962,Membership Drive,2024-03-24,Premium,Email,5615,633,50,4676.65,2678.89,2.99,0.11273374888691007,0.07898894154818326,0.5728224263094309
294729,Category Promotion,2024-03-24,New Users,SMS,2026,476,65,4032.92,9828.4,2.12,0.2349457058242843,0.13655462184873948,2.4370431349989583
495970,App Push Notification,2024-03-24,Inactive,Social Media,6868,845,32,3844.36,7566.56,3.92,0.12303436225975539,0.0378698224852071,1.9682235794774683
507330,Email Campaign,2024-03-24,New Users,SMS,8744,588,48,1417.98,7441.58,3.94,0.06724611161939616,0.08163265306122448,5.248014781590713
576493,Referral Program,2024-03-24,New Users,Social Media,8042,930,67,4062.45,6111.86,1.83,0.11564287490673962,0.07204301075268817,1.5044763627860036
558344,New User Discount,2024-03-23,Premium,Social Media,5575,158,35,3758.85,5741.52,3.61,0.02834080717488789,0.22151898734177214,1.5274671774611916
26716,Weekend Special,2024-03-23,Inactive,Social Media,1632,668,83,2733.1,8441.65,2.59,0.40931372549019607,0.12425149700598802,3.088672203724708
582106,Festival Offer,2024-03-23,Inactive,Social Media,1533,339,73,1720.96,4321.16,1.73,0.22113502935420742,0.2153392330383481,2.510900892525102
43680,Flash Sale,2024-03-23,New Users,Email,2410,953,98,1468.31,9219.99,3.91,0.3954356846473029,0.10283315844700944,6.279321124285744
18616,Membership Drive,2024-03-23,Premium,SMS,5483,174,56,1713.38,4795.15,2.5,0.03173445194236732,0.3218390804597701,2.7986494531277355
993106,Category Promotion,2024-03-23,New Users,Email,9844,119,100,4427.22,3238.31,3.21,0.012088581877285657,0.8403361344537815,0.7314545019221994
147387,App Push Notification,2024-03-23,Premium,App,1508,653,73,3629.17,3447.31,2.46,0.4330238726790451,0.11179173047473201,0.949889368643519
234282,Email Campaign,2024-03-23,New Users,Email,1512,686,51,2458.92,9792.05,3.94,0.4537037037037037,0.07434402332361516,3.982256437785694
177706,Referral Program,2024-03-23,All,Email,6742,558,68,1729.06,9872.92,2.47,0.08276475823197864,0.12186379928315412,5.709992712803489
65468,New User Discount,2024-03-22,New Users,SMS,6566,617,67,3180.92,4394.76,3.52,0.09396893085592446,0.1085899513776337,1.3816002917394967
166794,Weekend Special,2024-03-22,All,App,4118,727,71,3802.91,2787.33,2.39,0.17654201068479844,0.09766162310866575,0.7329466119366486
629004,Festival Offer,2024-03-22,All,Social Media,6895,969,14,1032.29,2720.77,3.68,0.1405366207396664,0.014447884416924664,2.635664396632729
46863,Flash Sale,2024-03-22,All,SMS,6698,887,53,4771.62,6089.03,2.52,0.1324275903254703,0.05975197294250282,1.2760928154379434
729324,Membership Drive,2024-03-22,All,Social Media,8498,509,28,1764.3,6930.76,1.77,0.05989644622264062,0.0550098231827112,3.9283341835288788
170674,Category Promotion,2024-03-22,New Users,Social Media,7241,254,41,4224.48,2876.98,2.17,0.03507802789669935,0.16141732283464566,0.6810258303980609
752197,App Push Notification,2024-03-22,Premium,Email,2570,279,91,2777.74,9048.38,2.76,0.1085603112840467,0.32616487455197135,3.25746110147098
244348,Email Campaign,2024-03-22,All,SMS,1362,937,46,4380.99,9341.48,1.83,0.6879588839941263,0.04909284951974386,2.1322760380644556
451804,Referral Program,2024-03-22,Premium,Social Media,8259,555,25,4768.81,8200.17,3.07,0.06719941881583727,0.04504504504504504,1.7195421918675726
967975,New User Discount,2024-03-21,New Users,SMS,8668,486,73,4317.76,3415.1,2.01,0.05606829718504845,0.15020576131687244,0.7909425257540946
731517,Weekend Special,2024-03-21,New Users,Social Media,5020,604,25,4799.5,7544.47,1.91,0.12031872509960159,0.041390728476821195,1.5719283258672778
381919,Festival Offer,2024-03-21,Premium,Email,3502,329,70,2827.64,7409.71,2.39,0.09394631639063393,0.2127659574468085,2.6204573425188498
243538,Flash Sale,2024-03-21,Inactive,SMS,7904,223,83,4769.06,3244.6,2.08,0.028213562753036436,0.3721973094170404,0.68034371553304
914343,Membership Drive,2024-03-21,All,Email,2005,722,46,2094.66,7978.4,2.47,0.3600997506234414,0.06371191135734072,3.808923643932667
809322,Category Promotion,2024-03-21,Inactive,Social Media,4777,811,99,1196.88,7198.13,3.12,0.16977182332007537,0.1220715166461159,6.014078270169106
182422,App Push Notification,2024-03-21,New Users,Email,2109,937,18,2351.5,8164.92,2.15,0.4442863916548127,0.0192102454642476,3.472217733361684
571373,Email Campaign,2024-03-21,New Users,Email,2971,442,20,1289.51,2641.87,3.19,0.14877145742174352,0.04524886877828054,2.0487394436646476
632679,Referral Program,2024-03-21,New Users,Email,9931,560,77,3929.23,8476.79,2.69,0.05638908468432182,0.1375,2.1573667105259813
220016,New User Discount,2024-03-20,Premium,SMS,6215,617,83,3293.65,7007.84,2.65,0.0992759452936444,0.13452188006482982,2.1276820548631457
304235,Weekend Special,2024-03-20,Inactive,Email,4087,464,87,3608.03,3746.11,2.65,0.11353070712013702,0.1875,1.038270191766698
495308,Festival Offer,2024-03-20,New Users,Email,3426,637,47,3865.72,7015.8,3.31,0.18593111500291887,0.07378335949764521,1.8148753660378922
39894,Flash Sale,2024-03-20,Premium,Email,5559,987,80,3334.39,3608.22,2.62,0.17754991905018888,0.08105369807497467,1.0821229670194548
82548,Membership Drive,2024-03-20,Premium,Email,9360,846,42,4633.27,8996.5,2.19,0.09038461538461538,0.04964539007092199,1.9417171889399925
959986,Category Promotion,2024-03-20,All,Email,9349,680,42,3953.12,9492.35,3.86,0.07273505187720612,0.061764705882352944,2.4012299145991016
171869,App Push Notification,2024-03-20,Inactive,SMS,9764,934,26,1118.46,9686.32,1.67,0.09565751741089717,0.027837259100642397,8.66040806108399
666701,Email Campaign,2024-03-20,Premium,Social Media,7128,767,30,3485.45,8650.34,2.45,0.10760381593714927,0.03911342894393742,2.4818430905621947
622127,Referral Program,2024-03-20,New Users,Email,9195,904,33,4167.29,8796.73,3.78,0.09831430125067972,0.03650442477876106,2.1108994094483466
374455,New User Discount,2024-03-19,Inactive,App,8771,503,33,3316.29,6152.35,2.91,0.057348078896363015,0.06560636182902585,1.855190589484032
752177,Weekend Special,2024-03-19,Inactive,Social Media,8640,913,18,1975.76,3535.63,3.15,0.10567129629629629,0.019715224534501644,1.7895037858849254
270761,Festival Offer,2024-03-19,New Users,Social Media,2626,355,44,4095.33,8028.15,3.9,0.13518659558263518,0.12394366197183099,1.9603182161144523
486620,Flash Sale,2024-03-19,Premium,App,1522,956,90,4510.68,7902.93,2.83,0.6281208935611038,0.09414225941422594,1.7520484716273377
539620,Membership Drive,2024-03-19,New Users,Email,8202,243,27,3321.52,7560.76,2.06,0.0296269202633504,0.1111111111111111,2.2762951901539057
436295,Category Promotion,2024-03-19,New Users,App,1894,601,83,2611.81,4164.06,2.48,0.31731784582893346,0.13810316139767054,1.5943196480601578
103601,App Push Notification,2024-03-19,New Users,Email,4920,549,85,4019.69,4253.31,3.39,0.11158536585365854,0.15482695810564662,1.0581189096671635
768487,Email Campaign,2024-03-19,All,Social Media,4674,673,26,2386.97,6244.16,2.23,0.14398801882755669,0.03863298662704309,2.6159356841518746
481810,Referral Program,2024-03-19,All,App,9717,151,93,3297.1,4659.47,3.93,0.015539775650921066,0.6158940397350994,1.4132025112978073
904981,New User Discount,2024-03-18,All,App,8856,624,50,4809.1,7618.15,2.83,0.07046070460704607,0.08012820512820513,1.5841113721902225
775865,Weekend Special,2024-03-18,New Users,Social Media,4799,215,35,4829.48,9478.46,2.54,0.04480100020837675,0.16279069767441862,1.9626253758168581
943871,Festival Offer,2024-03-18,All,Social Media,3583,677,79,4930.41,6335.02,3.64,0.1889478090985208,0.11669128508124077,1.284887058074278
575160,Flash Sale,2024-03-18,Premium,Social Media,1080,268,88,1166.62,9934.29,2.26,0.24814814814814815,0.3283582089552239,8.515446332139001
764055,Membership Drive,2024-03-18,Premium,App,9129,559,85,3853.18,2146.19,2.79,0.061233431920254135,0.1520572450805009,0.5569918872204258
160497,Category Promotion,2024-03-18,Inactive,Social Media,6403,364,81,4086.05,5726.96,2.55,0.05684835233484304,0.22252747252747251,1.401588331028744
518398,App Push Notification,2024-03-18,All,Social Media,2894,165,30,2701.94,2464.14,2.38,0.057014512785072566,0.18181818181818182,0.9119891633418951
949672,Email Campaign,2024-03-18,All,Social Media,5638,224,47,4446.59,9028.29,3.01,0.039730400851365734,0.20982142857142858,2.0303850816018567
748860,Referral Program,2024-03-18,Inactive,SMS,2000,250,70,3960.95,3973.5,1.95,0.125,0.28,1.0031684318155998
841363,New User Discount,2024-03-17,All,SMS,8690,229,81,3569.72,6958.56,3.52,0.026352128883774452,0.3537117903930131,1.949329359165425
673065,Weekend Special,2024-03-17,Inactive,SMS,2244,558,73,3373.86,7705.63,3.75,0.24866310160427807,0.13082437275985664,2.283921087419158
951796,Festival Offer,2024-03-17,Premium,Email,3869,842,54,4168.65,6522.81,3.21,0.21762729387438615,0.06413301662707839,1.5647295887157715
664932,Flash Sale,2024-03-17,Inactive,SMS,9273,610,14,3069.41,3812.98,3.95,0.06578237894963873,0.022950819672131147,1.242251768255137
157297,Membership Drive,2024-03-17,New Users,Email,7363,320,84,4658.28,2730.62,3.81,0.043460545973108784,0.2625,0.5861863176966606
164801,Category Promotion,2024-03-17,All,SMS,4767,787,45,2545.12,5262.99,2.43,0.16509335011537654,0.05717916137229987,2.0678749921418245
313052,App Push Notification,2024-03-17,All,Email,6498,301,31,3609.64,5966.57,2.57,0.046321945213911975,0.10299003322259136,1.6529543112332532
571580,Email Campaign,2024-03-17,All,Social Media,5169,586,55,3175.83,7319.27,3.02,0.11336815631650222,0.09385665529010238,2.3046794066433027
873529,Referral Program,2024-03-17,Inactive,Social Media,2208,758,19,4888.46,4754.87,2.2,0.3432971014492754,0.025065963060686015,0.972672375349292
579876,New User Discount,2024-03-16,Inactive,App,1138,446,56,1319.59,3569.7,3.86,0.39191564147627417,0.12556053811659193,2.7051584204184635
510307,Weekend Special,2024-03-16,Premium,App,5731,423,61,1716.16,4228.37,1.75,0.0738091083580527,0.14420803782505912,2.463855351482379
591422,Festival Offer,2024-03-16,All,Social Media,1235,895,92,3485.59,5891.55,1.62,0.7246963562753036,0.10279329608938548,1.6902590379247129
270543,Flash Sale,2024-03-16,All,App,5933,144,86,2996.43,9355.24,1.57,0.024271026462160797,0.5972222222222222,3.1221286664464047
746538,Membership Drive,2024-03-16,Inactive,Email,7185,822,13,2230.63,6235.43,3.26,0.11440501043841336,0.015815085158150853,2.795367228092512
44489,Category Promotion,2024-03-16,All,SMS,6667,138,78,1790.29,8926.84,2.03,0.02069896505174741,0.5652173913043478,4.986253623714594
745972,App Push Notification,2024-03-16,New Users,App,7777,664,35,2471.22,7683.54,3.51,0.08537996656808539,0.05271084337349398,3.109209216500352
641544,Email Campaign,2024-03-16,All,Social Media,2446,764,41,2355.08,8951.39,2.05,0.312346688470973,0.05366492146596859,3.800885744857924
599023,Referral Program,2024-03-16,Premium,Email,6355,151,66,2002.28,2814.77,2.03,0.023760818253343825,0.4370860927152318,1.4057824080548176
850144,New User Discount,2024-03-15,All,App,1741,654,53,2732.94,3525.89,1.84,0.3756461803561172,0.08103975535168195,1.2901454111689243
550961,Weekend Special,2024-03-15,All,Email,9666,232,94,2945.26,4051.92,2.73,0.02400165528657149,0.4051724137931034,1.3757427188092053
817297,Festival Offer,2024-03-15,All,App,8577,997,80,4836.63,2881.32,1.65,0.11624110994520229,0.0802407221664995,0.5957288442572618
42413,Flash Sale,2024-03-15,Premium,App,4998,512,42,4436.58,3213.25,2.64,0.10244097639055623,0.08203125,0.7242628330831407
348048,Membership Drive,2024-03-15,All,App,9515,585,37,3637.61,2319.59,3.06,0.061481870730425645,0.06324786324786325,0.6376686890568258
2160,Category Promotion,2024-03-15,Premium,App,1020,679,50,3036.79,2364.06,3.75,0.6656862745098039,0.07363770250368189,0.7784733221592537
748154,App Push Notification,2024-03-15,New Users,SMS,2935,337,50,4319.2,8080.02,2.69,0.11482112436115843,0.14836795252225518,1.870721429894425
829478,Email Campaign,2024-03-15,All,Social Media,8535,260,100,2000.22,4218.16,3.31,0.03046280023432923,0.38461538461538464,2.108848026717061
807552,Referral Program,2024-03-15,Premium,Social Media,4678,464,88,4022.87,4534.37,1.76,0.09918768704574604,0.1896551724137931,1.1271480311320028
849840,New User Discount,2024-03-14,Premium,App,9956,522,19,2187.45,4806.09,1.76,0.05243069505825633,0.03639846743295019,2.1971199341699243
204027,Weekend Special,2024-03-14,New Users,SMS,2715,568,89,4657.15,3768.93,3.22,0.20920810313075505,0.15669014084507044,0.8092782066285175
866260,Festival Offer,2024-03-14,New Users,Social Media,6688,101,40,4601.1,7895.09,2.0,0.015101674641148326,0.39603960396039606,1.715913585881637
135884,Flash Sale,2024-03-14,All,App,9855,565,60,2749.42,3199.97,2.28,0.05733130390664637,0.10619469026548672,1.163870925504288
561147,Membership Drive,2024-03-14,Premium,SMS,8400,346,56,4874.31,9677.5,3.89,0.04119047619047619,0.16184971098265896,1.9854092168942885
867075,Category Promotion,2024-03-14,Inactive,Email,2543,818,65,4015.45,5083.81,2.81,0.32166732206055837,0.07946210268948656,1.2660623342340211
267540,App Push Notification,2024-03-14,All,Email,1295,859,76,1451.85,4795.73,3.54,0.6633204633204633,0.08847497089639116,3.3031855907979475
313369,Email Campaign,2024-03-14,New Users,Social Media,3923,720,46,2959.96,3220.59,2.49,0.1835330104511853,0.06388888888888888,1.088051865565751
236134,Referral Program,2024-03-14,New Users,App,4718,177,79,2369.8,3029.96,2.48,0.03751589656634167,0.4463276836158192,1.2785720313950544
916532,New User Discount,2024-03-13,All,Social Media,6082,267,83,3480.71,8641.83,2.34,0.04390003288391976,0.31086142322097376,2.482777938983713
894145,Weekend Special,2024-03-13,Inactive,App,7301,340,68,4052.07,5530.66,2.28,0.04656896315573209,0.2,1.364897447477462
77413,Festival Offer,2024-03-13,New Users,SMS,1435,247,72,3257.92,6781.99,3.68,0.17212543554006968,0.291497975708502,2.0816932275807876
512576,Flash Sale,2024-03-13,All,Email,5832,685,13,1719.06,6200.13,1.79,0.11745541838134431,0.01897810218978102,3.6066978464975046
12188,Membership Drive,2024-03-13,All,Email,3946,823,97,1367.61,2995.36,2.62,0.20856563608717688,0.11786148238153099,2.1902150466872867
565330,Category Promotion,2024-03-13,All,Social Media,6899,423,34,4207.54,3852.69,1.93,0.06131323380200029,0.08037825059101655,0.9156633092020515
662758,App Push Notification,2024-03-13,Premium,Email,1525,995,39,4490.35,3136.61,1.94,0.6524590163934426,0.03919597989949749,0.6985223868963444
424253,Email Campaign,2024-03-13,New Users,Email,4749,496,97,4375.28,5372.09,2.09,0.10444304064013477,0.19556451612903225,1.2278277047411823
448004,Referral Program,2024-03-13,Premium,Email,2159,382,75,2388.84,2231.23,1.61,0.17693376563223714,0.19633507853403143,0.9340223706903769
937487,New User Discount,2024-03-12,Premium,Social Media,5363,580,78,3129.09,7697.48,3.79,0.10814842438933432,0.13448275862068965,2.4599739860470615
417513,Weekend Special,2024-03-12,Premium,App,8111,718,22,3046.05,4911.12,2.67,0.08852176057206262,0.03064066852367688,1.6122913281134583
324114,Festival Offer,2024-03-12,New Users,SMS,9634,972,40,1902.96,9042.31,1.59,0.10089267178741955,0.0411522633744856,4.7517078656408955
673536,Flash Sale,2024-03-12,Inactive,SMS,6997,939,67,1368.64,2353.05,2.59,0.13420037158782336,0.07135250266240682,1.7192614566284778
12695,Membership Drive,2024-03-12,New Users,Email,2355,127,40,3706.77,3900.23,3.58,0.053927813163481955,0.31496062992125984,1.0521909910784861
827353,Category Promotion,2024-03-12,Premium,Social Media,9405,597,83,3808.29,5823.49,1.59,0.0634768740031898,0.1390284757118928,1.5291613821426413
317173,App Push Notification,2024-03-12,Inactive,Email,3476,990,88,1234.44,6061.31,2.16,0.2848101265822785,0.08888888888888889,4.910169793590616
841238,Email Campaign,2024-03-12,All,Email,2261,792,12,3941.71,7485.64,3.35,0.3502874834144184,0.015151515151515152,1.8990844075287123
351472,Referral Program,2024-03-12,Inactive,SMS,4437,231,49,4390.95,2272.89,1.77,0.052062204192021636,0.21212121212121213,0.5176305810815427
794791,New User Discount,2024-03-11,All,Email,4447,188,100,2819.8,6868.98,3.94,0.04227569147740049,0.5319148936170213,2.435981275267749
422123,Weekend Special,2024-03-11,Inactive,Email,9610,122,66,2737.36,9434.29,2.27,0.012695109261186265,0.5409836065573771,3.446492240699068
114729,Festival Offer,2024-03-11,All,App,6866,632,78,1635.02,3510.0,3.83,0.09204777162831343,0.12341772151898735,2.1467627307311226
526159,Flash Sale,2024-03-11,Inactive,Email,7023,241,79,3837.53,7509.16,2.15,0.03431581945037733,0.3278008298755187,1.9567690676033802
231907,Membership Drive,2024-03-11,Inactive,SMS,3545,841,23,2402.72,3252.91,3.91,0.2372355430183357,0.027348394768133173,1.3538448092162216
705620,Category Promotion,2024-03-11,Premium,App,3451,288,47,3988.62,4172.21,2.28,0.08345407128368589,0.16319444444444445,1.0460284509429327
145252,App Push Notification,2024-03-11,New Users,App,1243,150,93,2712.62,9106.36,3.65,0.12067578439259855,0.62,3.35703489615206
490363,Email Campaign,2024-03-11,New Users,App,9379,677,47,3070.48,2785.88,1.99,0.07218253545154067,0.06942392909896603,0.9073109090435372
683689,Referral Program,2024-03-11,New Users,App,4751,576,53,2824.48,6219.47,2.49,0.12123763418227741,0.0920138888888889,2.201987622500425
200252,New User Discount,2024-03-10,New Users,SMS,5646,155,60,3885.79,8206.45,2.35,0.02745306411618845,0.3870967741935484,2.1119128928737787
3150,Weekend Special,2024-03-10,Inactive,SMS,5161,567,59,4543.32,6666.36,3.53,0.1098624297616741,0.10405643738977072,1.4672882385568262
712731,Festival Offer,2024-03-10,New Users,SMS,2605,102,44,4049.95,5521.79,3.99,0.03915547024952015,0.43137254901960786,1.3634217706391438
307151,Flash Sale,2024-03-10,Premium,Social Media,1057,325,31,1154.77,6488.55,2.34,0.3074739829706717,0.09538461538461539,5.618911125159123
516987,Membership Drive,2024-03-10,Premium,Email,5226,164,30,1382.59,2452.79,1.62,0.03138155376961347,0.18292682926829268,1.7740544919318093
868614,Category Promotion,2024-03-10,Inactive,Email,3592,399,73,3158.22,5524.82,3.04,0.11108017817371937,0.18295739348370926,1.7493461506798134
165974,App Push Notification,2024-03-10,Inactive,App,1717,236,63,1465.3,5645.18,2.42,0.1374490390215492,0.2669491525423729,3.85257626424623
39018,Email Campaign,2024-03-10,Premium,Social Media,1647,760,10,4785.12,9106.99,3.03,0.461445051608986,0.013157894736842105,1.9031894706924801
956088,Referral Program,2024-03-10,All,Email,7724,146,41,1227.5,5103.58,2.27,0.018902123252200934,0.2808219178082192,4.157702647657841
525361,New User Discount,2024-03-09,Inactive,Email,9436,799,57,4872.77,7498.33,1.52,0.08467571004662992,0.07133917396745933,1.5388228871873697
486379,Weekend Special,2024-03-09,Inactive,SMS,4771,786,52,4744.12,2079.61,3.04,0.16474533640746175,0.06615776081424936,0.4383552692596309
157257,Festival Offer,2024-03-09,All,Email,7755,820,13,4293.32,8973.84,1.58,0.10573823339780787,0.015853658536585366,2.0901866154863837
743218,Flash Sale,2024-03-09,Premium,App,9791,943,89,4234.28,4946.05,2.88,0.09631294045552037,0.09437963944856839,1.1680970554616135
275662,Membership Drive,2024-03-09,Premium,SMS,8994,103,69,2021.37,5701.5,2.82,0.011452079163887036,0.6699029126213593,2.820611763309043
591744,Category Promotion,2024-03-09,All,App,9048,235,80,4637.6,2165.87,2.75,0.025972590627763043,0.3404255319148936,0.46702389166810415
573637,App Push Notification,2024-03-09,Premium,SMS,9112,571,44,2846.82,5104.19,3.49,0.06266461808604039,0.07705779334500876,1.7929444081466335
798031,Email Campaign,2024-03-09,All,SMS,2569,487,98,1847.17,8706.56,3.86,0.18956792526274815,0.20123203285420946,4.7134589669602684
532617,Referral Program,2024-03-09,Premium,Social Media,4456,958,41,4045.24,9905.61,3.79,0.21499102333931777,0.04279749478079332,2.4487076168533886
843128,New User Discount,2024-03-08,New Users,App,4696,503,25,3143.04,2285.83,3.33,0.10711243611584327,0.04970178926441352,0.7272672317246996
247519,Weekend Special,2024-03-08,Inactive,Email,9068,402,60,3073.38,5849.12,2.98,0.0443317159241288,0.14925373134328357,1.9031554835392954
259725,Festival Offer,2024-03-08,New Users,Social Media,4488,931,71,2935.19,9276.91,1.68,0.20744206773618537,0.07626208378088077,3.160582449517748
214821,Flash Sale,2024-03-08,Inactive,SMS,9891,1000,13,1473.14,8473.82,3.23,0.10110201193003741,0.013,5.752216354182222
613617,Membership Drive,2024-03-08,Premium,Social Media,7542,770,26,3375.29,9514.86,3.33,0.1020949350304959,0.033766233766233764,2.8189755546930786
741704,Category Promotion,2024-03-08,New Users,Email,5323,636,69,3436.98,3699.66,3.3,0.11948149539733233,0.10849056603773585,1.0764275614056527
441650,App Push Notification,2024-03-08,All,SMS,7467,408,94,2408.69,2629.15,3.71,0.05464041783848935,0.23039215686274508,1.0915269295758276
92354,Email Campaign,2024-03-08,New Users,Email,7327,695,45,4550.85,3360.15,1.9,0.09485464719530504,0.06474820143884892,0.7383565707505191
503333,Referral Program,2024-03-08,All,Email,4604,439,19,3350.09,9910.92,3.96,0.09535186794092095,0.04328018223234624,2.9584041025763486
813630,New User Discount,2024-03-07,New Users,App,3192,243,35,4696.13,3620.02,2.34,0.07612781954887218,0.1440329218106996,0.7708517438827289
174070,Weekend Special,2024-03-07,New Users,Social Media,9580,573,72,4307.3,9512.07,2.68,0.05981210855949896,0.1256544502617801,2.2083602256634083
449624,Festival Offer,2024-03-07,Inactive,App,5643,341,72,2692.79,6083.63,2.6,0.06042884990253411,0.21114369501466276,2.259229275212698
578745,Flash Sale,2024-03-07,Premium,SMS,7538,325,63,4894.66,8779.62,2.93,0.043114884584770495,0.19384615384615383,1.793713965832152
365015,Membership Drive,2024-03-07,Premium,Email,3691,656,25,1017.87,9009.81,3.16,0.17772961257111894,0.038109756097560975,8.851631347814553
436730,Category Promotion,2024-03-07,New Users,App,5026,805,44,1213.33,4361.29,2.28,0.16016713091922005,0.0546583850931677,3.594479655163888
744662,App Push Notification,2024-03-07,Premium,App,7509,430,29,4546.24,6419.55,3.44,0.05726461579438008,0.06744186046511629,1.4120569965509961
837486,Email Campaign,2024-03-07,Premium,Social Media,6704,329,43,2124.88,8993.65,2.57,0.049075178997613364,0.13069908814589665,4.232544896652987
974253,Referral Program,2024-03-07,Inactive,Email,7239,753,55,2507.52,7716.18,3.14,0.10401989225031082,0.07304116865869854,3.0772157350689127
777445,New User Discount,2024-03-06,New Users,Social Media,7544,857,26,1173.06,9523.47,3.45,0.11360021208907742,0.030338389731621937,8.118484987980155
119836,Weekend Special,2024-03-06,Premium,Email,7945,840,88,4335.85,2977.36,3.91,0.10572687224669604,0.10476190476190476,0.6866842718267467
513196,Festival Offer,2024-03-06,All,SMS,7723,570,91,1327.46,3243.37,3.95,0.07380551599119513,0.15964912280701754,2.4432901933014928
131818,Flash Sale,2024-03-06,New Users,App,4591,501,28,3228.33,7505.28,1.77,0.10912655194946634,0.05588822355289421,2.3248180948044346
758065,Membership Drive,2024-03-06,New Users,App,5597,625,77,1784.61,6829.9,3.38,0.11166696444523852,0.1232,3.8271106852477574
545625,Category Promotion,2024-03-06,Inactive,Social Media,8917,405,25,3876.64,6615.64,2.13,0.045418862846248735,0.06172839506172839,1.706539683849932
654713,App Push Notification,2024-03-06,Premium,App,7788,345,20,4935.87,3271.1,2.02,0.04429892141756549,0.057971014492753624,0.6627200473270163
212002,Email Campaign,2024-03-06,Inactive,App,1410,614,69,1543.53,2013.97,2.01,0.43546099290780144,0.11237785016286644,1.3047818960434847
771929,Referral Program,2024-03-06,All,Social Media,9125,612,42,3523.93,8209.9,1.61,0.06706849315068493,0.06862745098039216,2.3297568339893244
734593,New User Discount,2024-03-05,Premium,App,1039,543,40,3280.08,5679.3,3.42,0.5226179018286814,0.07366482504604052,1.7314516719104414
592600,Weekend Special,2024-03-05,New Users,Social Media,2823,741,68,2073.59,7566.97,2.27,0.2624867162592986,0.09176788124156546,3.649212235784316
426480,Festival Offer,2024-03-05,New Users,SMS,6554,735,46,4317.33,5962.84,1.95,0.11214525480622521,0.06258503401360545,1.3811406586941466
765291,Flash Sale,2024-03-05,All,App,9078,721,34,3515.24,6387.18,2.75,0.07942278034809429,0.047156726768377254,1.816996848010378
378958,Membership Drive,2024-03-05,All,Social Media,4572,339,64,2584.31,9137.6,3.5,0.07414698162729659,0.1887905604719764,3.5357987238373108
841308,Category Promotion,2024-03-05,Premium,SMS,7955,727,19,4683.69,4171.4,2.19,0.09138906348208674,0.026134800550206328,0.8906225646872444
274702,App Push Notification,2024-03-05,Premium,Email,8415,894,17,4450.57,9045.85,2.09,0.10623885918003564,0.01901565995525727,2.03251493628906
652615,Email Campaign,2024-03-05,Inactive,Email,1061,234,47,2219.8,9557.58,2.68,0.22054665409990576,0.20085470085470086,4.305604108478241
154480,Referral Program,2024-03-05,All,App,2578,991,54,4010.7,7047.85,2.9,0.3844065166795966,0.054490413723511606,1.757261824619144
69760,New User Discount,2024-03-04,New Users,SMS,3537,131,91,1202.8,9377.14,3.68,0.037037037037037035,0.6946564885496184,7.796092450947788
599016,Weekend Special,2024-03-04,Inactive,App,6517,886,44,3796.38,7523.7,1.8,0.13595212521098665,0.04966139954853273,1.981808986455518
402445,Festival Offer,2024-03-04,Inactive,Social Media,2915,622,11,4990.92,4719.56,3.34,0.21337907375643225,0.017684887459807074,0.945629262741138
959105,Flash Sale,2024-03-04,All,Email,5885,919,24,1604.55,9654.92,4.0,0.15615972812234494,0.026115342763873776,6.017213548970116
943988,Membership Drive,2024-03-04,All,Email,6879,451,70,4419.69,8218.24,1.96,0.06556185492077336,0.15521064301552107,1.8594607314087641
484945,Category Promotion,2024-03-04,New Users,Email,3199,585,86,1137.8,9165.48,2.73,0.18286964676461395,0.147008547008547,8.055440323431183
658832,App Push Notification,2024-03-04,Premium,Social Media,3891,710,42,1120.78,8629.15,3.13,0.18247237214083784,0.059154929577464786,7.699236246185692
797519,Email Campaign,2024-03-04,Inactive,App,6790,236,76,2300.24,9153.69,3.67,0.03475699558173785,0.3220338983050847,3.979449970437868
494260,Referral Program,2024-03-04,All,App,8222,586,20,4828.36,3839.77,2.82,0.0712721965458526,0.034129692832764506,0.7952534608024258
129510,New User Discount,2024-03-03,All,Social Media,9020,143,33,4428.7,5900.99,3.84,0.015853658536585366,0.23076923076923078,1.3324429290762527
202249,Weekend Special,2024-03-03,Premium,Social Media,2264,595,19,3156.38,8638.2,2.27,0.2628091872791519,0.031932773109243695,2.73674272426007
486644,Festival Offer,2024-03-03,Inactive,Social Media,5925,579,64,3978.39,8774.49,2.35,0.09772151898734177,0.11053540587219343,2.205537918605265
950792,Flash Sale,2024-03-03,Inactive,Social Media,1679,971,50,4424.73,3629.33,3.11,0.5783204288266826,0.05149330587023687,0.8202376190185616
792259,Membership Drive,2024-03-03,Premium,Social Media,3834,220,63,1256.57,4471.89,3.11,0.05738132498695879,0.2863636363636364,3.558806910876434
822275,Category Promotion,2024-03-03,Premium,SMS,3635,884,55,4499.89,8043.1,3.83,0.24319119669876205,0.06221719457013575,1.787399247537162
10502,App Push Notification,2024-03-03,New Users,Email,2115,449,75,3543.62,9807.18,2.04,0.21229314420803783,0.16703786191536749,2.7675597270587704
36422,Email Campaign,2024-03-03,New Users,App,7580,819,98,3602.13,2330.65,3.06,0.10804749340369393,0.11965811965811966,0.6470199576361764
708738,Referral Program,2024-03-03,Premium,Email,1232,376,59,1791.35,2274.25,2.67,0.3051948051948052,0.15691489361702127,1.2695732268959166
79393,New User Discount,2024-03-02,Inactive,Email,4653,192,100,4915.55,7798.99,2.47,0.041263700838168924,0.5208333333333334,1.586595599678571
251911,Weekend Special,2024-03-02,New Users,App,6717,954,76,1225.46,8219.73,2.49,0.14202769093345244,0.07966457023060797,6.707464951936415
650301,Festival Offer,2024-03-02,Inactive,App,7959,803,19,3832.65,3341.81,1.63,0.10089207186832516,0.023661270236612703,0.8719319530872894
514372,Flash Sale,2024-03-02,Inactive,Email,6818,499,15,3581.64,3353.6,3.62,0.07318861836315635,0.03006012024048096,0.9363308428541115
787538,Membership Drive,2024-03-02,Inactive,SMS,4434,944,85,3861.63,6044.9,2.53,0.2129003157419937,0.09004237288135593,1.5653752430968269
742672,Category Promotion,2024-03-02,All,Email,2863,566,15,4193.66,2317.1,3.31,0.19769472581208522,0.026501766784452298,0.5525245251164853
39447,App Push Notification,2024-03-02,Premium,SMS,2090,841,38,2510.46,6998.9,1.92,0.40239234449760763,0.04518430439952437,2.787895445456211
983532,Email Campaign,2024-03-02,Premium,Social Media,5275,742,10,1803.24,8282.53,1.78,0.14066350710900474,0.013477088948787063,4.593137907322376
833829,Referral Program,2024-03-02,New Users,Email,3668,741,30,4906.12,2838.45,3.85,0.20201744820065431,0.04048582995951417,0.578552909427409
754576,New User Discount,2024-03-01,New Users,App,4561,133,92,3405.29,7165.56,3.4,0.029160271870203903,0.6917293233082706,2.104243691433035
102659,Weekend Special,2024-03-01,Inactive,Email,6076,114,63,2480.67,5174.57,2.58,0.018762343647136272,0.5526315789473685,2.085956616559236
752510,Festival Offer,2024-03-01,Inactive,Email,4707,968,11,1150.33,8096.02,3.16,0.20565115785001062,0.011363636363636364,7.037997791937967
43642,Flash Sale,2024-03-01,Inactive,Social Media,1500,570,56,3318.46,5605.21,1.5,0.38,0.09824561403508772,1.6890997631431448
608586,Membership Drive,2024-03-01,Inactive,App,8770,365,48,2432.4,9561.27,2.9,0.04161915621436716,0.13150684931506848,3.930796743956586
474850,Category Promotion,2024-03-01,New Users,App,4710,566,27,4846.93,8794.9,1.87,0.12016985138004246,0.04770318021201413,1.8145300220964609
86556,App Push Notification,2024-03-01,New Users,Email,7199,695,71,4503.02,4207.51,3.14,0.09654118627587165,0.10215827338129496,0.9343751526753157
113928,Email Campaign,2024-03-01,Inactive,App,6944,706,69,2924.18,8642.95,3.85,0.1016705069124424,0.09773371104815864,2.955683302669467
184611,Referral Program,2024-03-01,All,SMS,5980,872,61,4618.56,9891.07,2.53,0.14581939799331103,0.06995412844036697,2.141591751541606
43467,New User Discount,2024-02-29,New Users,Email,7316,104,64,3465.52,5375.64,2.86,0.014215418261344996,0.6153846153846154,1.5511784667236086
143548,Weekend Special,2024-02-29,All,Email,6967,196,69,3091.8,4986.59,2.84,0.02813262523324243,0.3520408163265306,1.612843650947668
457174,Festival Offer,2024-02-29,New Users,Email,2216,167,67,3620.47,4904.13,1.73,0.07536101083032491,0.40119760479041916,1.3545561764080356
321811,Flash Sale,2024-02-29,Premium,Social Media,2689,645,89,2878.49,7604.76,2.38,0.23986612123465972,0.13798449612403102,2.6419268435881316
551837,Membership Drive,2024-02-29,Premium,App,7969,978,25,1251.88,2658.27,3.69,0.12272556155101016,0.02556237218813906,2.123422372751382
225577,Category Promotion,2024-02-29,Inactive,App,3826,296,57,4628.33,4963.16,3.04,0.07736539466806064,0.19256756756756757,1.0723435882921053
876048,App Push Notification,2024-02-29,All,Social Media,5090,618,26,1666.03,2996.54,1.9,0.12141453831041257,0.042071197411003236,1.7986110694285218
702634,Email Campaign,2024-02-29,All,App,4640,376,63,3136.53,2167.48,2.44,0.08103448275862069,0.1675531914893617,0.691043924336767
892667,Referral Program,2024-02-29,All,Social Media,3707,544,97,3045.95,6386.71,3.5,0.14674939304019421,0.17830882352941177,2.0967875375498615
140497,New User Discount,2024-02-28,All,Email,6519,372,92,3323.24,2385.54,1.98,0.057063966866083754,0.24731182795698925,0.7178356062156209
781273,Weekend Special,2024-02-28,New Users,App,3782,534,54,3500.2,3219.96,3.47,0.14119513484928609,0.10112359550561797,0.919936003656934
531774,Festival Offer,2024-02-28,New Users,SMS,1961,310,35,4159.94,8058.7,3.93,0.1580826109127996,0.11290322580645161,1.9372154406073165
724346,Flash Sale,2024-02-28,Inactive,SMS,4928,553,93,2923.81,6840.59,3.82,0.11221590909090909,0.16817359855334538,2.3396150912679006
221563,Membership Drive,2024-02-28,New Users,App,1973,467,83,1749.56,2413.08,2.49,0.2366953877344146,0.1777301927194861,1.379249639909463
588079,Category Promotion,2024-02-28,Inactive,App,2975,816,72,4891.95,8602.31,3.61,0.2742857142857143,0.08823529411764706,1.758462371855804
918240,App Push Notification,2024-02-28,New Users,SMS,1776,959,79,2006.36,5866.91,2.97,0.5399774774774775,0.08237747653806048,2.9241561833369882
522712,Email Campaign,2024-02-28,New Users,SMS,2880,319,63,4708.64,8753.95,3.16,0.11076388888888888,0.1974921630094044,1.8591249277923136
156216,Referral Program,2024-02-28,Inactive,SMS,1197,889,79,3709.75,3528.88,3.45,0.7426900584795322,0.08886389201349831,0.9512446930386145
858121,New User Discount,2024-02-27,Premium,Social Media,6804,256,100,1496.49,7144.9,3.19,0.0376249265138154,0.390625,4.774438853584053
962466,Weekend Special,2024-02-27,Premium,Social Media,8112,917,81,1920.23,8996.6,2.62,0.11304240631163708,0.08833151581243184,4.685167922592607
805693,Festival Offer,2024-02-27,Inactive,SMS,3486,326,37,4154.24,8107.27,2.03,0.09351692484222604,0.11349693251533742,1.9515651478970886
929588,Flash Sale,2024-02-27,Inactive,Social Media,9306,481,19,4886.48,3327.02,3.51,0.05168708360197722,0.0395010395010395,0.6808622976048199
745320,Membership Drive,2024-02-27,All,Email,1481,549,72,1172.84,2294.15,3.98,0.37069547602970965,0.13114754098360656,1.9560639132362472
222313,Category Promotion,2024-02-27,All,Social Media,6397,143,44,3524.6,5808.56,1.52,0.022354228544630296,0.3076923076923077,1.6480054474266586
642607,App Push Notification,2024-02-27,All,Social Media,6009,850,64,3168.61,9652.32,2.13,0.14145448493925777,0.07529411764705882,3.0462316283796365
783828,Email Campaign,2024-02-27,New Users,Email,9781,484,65,2427.9,3449.89,3.44,0.04948369287393927,0.13429752066115702,1.4209357881296594
815270,Referral Program,2024-02-27,Inactive,SMS,4192,747,71,3084.85,3851.73,1.76,0.17819656488549618,0.09504685408299866,1.2485955556996289
638620,New User Discount,2024-02-26,Premium,Email,9612,918,37,4836.36,5909.37,3.48,0.09550561797752809,0.04030501089324619,1.2218631367392006
172129,Weekend Special,2024-02-26,New Users,Social Media,3732,641,13,4628.44,6518.93,3.84,0.1717577706323687,0.0202808112324493,1.408450795516416
794677,Festival Offer,2024-02-26,All,Social Media,7983,376,53,3069.32,9497.35,1.54,0.04710008768633346,0.14095744680851063,3.094284727561805
553680,Flash Sale,2024-02-26,New Users,Email,9025,292,24,2252.52,3926.14,3.03,0.032354570637119114,0.0821917808219178,1.7429989522845524
98553,Membership Drive,2024-02-26,New Users,Social Media,1394,132,20,2156.66,2996.69,2.49,0.09469153515064563,0.15151515151515152,1.3895050680218488
884042,Category Promotion,2024-02-26,New Users,Email,8471,261,51,4485.07,6871.79,3.75,0.030811002242946525,0.19540229885057472,1.5321477702689146
437596,App Push Notification,2024-02-26,All,Email,4100,662,79,4759.21,3976.85,2.01,0.16146341463414635,0.11933534743202417,0.835611372475684
958791,Email Campaign,2024-02-26,New Users,Email,3511,794,72,2094.33,9954.72,3.85,0.22614639703788095,0.0906801007556675,4.753176433513343
23268,Referral Program,2024-02-26,All,SMS,1047,981,92,2280.38,8026.94,3.34,0.9369627507163324,0.09378185524974515,3.5200010524561693
800479,New User Discount,2024-02-25,New Users,Social Media,9263,861,71,2491.66,3991.03,3.29,0.09295044801900032,0.08246225319396051,1.6017554562018896
202225,Weekend Special,2024-02-25,Premium,Email,3139,172,30,3360.09,2871.2,3.86,0.0547945205479452,0.1744186046511628,0.8545009211062798
531965,Festival Offer,2024-02-25,New Users,SMS,5760,861,14,3297.56,5683.89,3.27,0.14947916666666666,0.016260162601626018,1.7236653768240762
685577,Flash Sale,2024-02-25,New Users,Email,8671,834,83,3678.07,8867.25,1.85,0.09618267789182332,0.09952038369304557,2.4108431867800233
424533,Membership Drive,2024-02-25,Inactive,SMS,7078,897,86,3454.09,2756.82,2.81,0.1267307148912122,0.09587513935340022,0.7981320695175864
953439,Category Promotion,2024-02-25,New Users,App,6148,320,84,4982.21,9378.37,2.1,0.05204944697462589,0.2625,1.8823714777177198
984163,App Push Notification,2024-02-25,Inactive,App,8394,185,24,2350.96,7267.18,2.99,0.02203955206099595,0.12972972972972974,3.091154251880083
425779,Email Campaign,2024-02-25,All,App,1035,368,63,3386.5,9557.96,2.88,0.35555555555555557,0.17119565217391305,2.822371179684039
78425,Referral Program,2024-02-25,Premium,Email,8930,994,56,4798.03,4466.82,3.31,0.11131019036954087,0.056338028169014086,0.9309695854340219
808747,New User Discount,2024-02-24,Inactive,App,5262,370,44,1209.96,7507.52,3.13,0.07031546940326872,0.11891891891891893,6.2047670997388344
902698,Weekend Special,2024-02-24,New Users,Email,4157,228,53,4953.25,4460.75,3.72,0.05484724560981477,0.2324561403508772,0.9005703326099026
500036,Festival Offer,2024-02-24,Premium,Social Media,1344,471,16,4132.1,8662.44,2.1,0.35044642857142855,0.03397027600849257,2.0963771447932045
634868,Flash Sale,2024-02-24,All,Email,7309,590,89,3180.79,7452.11,2.81,0.08072239704473937,0.15084745762711865,2.3428487891372898
332730,Membership Drive,2024-02-24,New Users,App,5176,698,73,4909.64,8832.05,1.84,0.1348531684698609,0.10458452722063037,1.7989200837535948
137341,Category Promotion,2024-02-24,New Users,App,9797,189,88,3160.22,3947.84,2.4,0.01929161988363785,0.4656084656084656,1.2492294840232643
174580,App Push Notification,2024-02-24,Inactive,SMS,6261,138,19,2310.85,5280.85,2.87,0.022041207474844275,0.13768115942028986,2.2852413614038127
673417,Email Campaign,2024-02-24,Premium,SMS,4444,632,57,3759.3,3412.86,2.56,0.1422142214221422,0.09018987341772151,0.9078445455270928
738249,Referral Program,2024-02-24,New Users,App,1135,451,73,1649.09,6562.98,1.72,0.3973568281938326,0.16186252771618626,3.97975853349423
477804,New User Discount,2024-02-23,New Users,Email,9471,410,68,1835.79,4825.94,2.53,0.04329004329004329,0.16585365853658537,2.6288083059609213
559650,Weekend Special,2024-02-23,All,Social Media,2332,512,77,3632.33,7956.22,3.25,0.2195540308747856,0.150390625,2.190390190318611
285195,Festival Offer,2024-02-23,New Users,Email,2080,271,26,3076.49,8918.89,3.21,0.13028846153846155,0.0959409594095941,2.899047290906195
629710,Flash Sale,2024-02-23,New Users,SMS,2730,585,99,4072.13,9460.65,2.65,0.21428571428571427,0.16923076923076924,2.3232681667824946
202246,Membership Drive,2024-02-23,Inactive,Social Media,3269,691,32,3133.68,2813.17,3.2,0.2113796267971857,0.04630969609261939,0.8977208904546732
934573,Category Promotion,2024-02-23,Premium,App,6259,394,62,1345.3,9582.62,2.27,0.06294935293177824,0.15736040609137056,7.123035754106891
918248,App Push Notification,2024-02-23,All,SMS,4370,333,63,2700.7,4156.82,3.62,0.07620137299771167,0.1891891891891892,1.5391639204650647
711201,Email Campaign,2024-02-23,Premium,App,5825,974,39,1896.5,8440.25,1.82,0.16721030042918456,0.04004106776180698,4.45043501186396
566545,Referral Program,2024-02-23,All,Email,8813,777,90,1016.29,6861.97,2.88,0.08816521048451152,0.11583011583011583,6.7519802418601
829033,New User Discount,2024-02-22,All,Social Media,3786,272,52,2916.59,5707.56,3.93,0.07184363444268357,0.19117647058823528,1.9569291535663222
425677,Weekend Special,2024-02-22,New Users,App,7918,715,90,4918.34,6855.19,3.77,0.09030058095478656,0.1258741258741259,1.3938015671954358
813967,Festival Offer,2024-02-22,New Users,Email,4008,137,59,2518.73,5752.22,1.64,0.03418163672654691,0.4306569343065693,2.283777935705693
655740,Flash Sale,2024-02-22,All,Email,2262,496,46,4278.39,4837.19,3.2,0.21927497789566755,0.09274193548387097,1.1306098789497916
602442,Membership Drive,2024-02-22,Premium,Email,8807,634,82,4279.64,9683.21,2.79,0.07198819121153628,0.12933753943217666,2.2626225570375076
480278,Category Promotion,2024-02-22,New Users,SMS,6277,850,92,4954.1,2399.68,2.33,0.1354150071690298,0.10823529411764705,0.4843826325669647
328427,App Push Notification,2024-02-22,Inactive,Social Media,8342,237,82,3559.09,3050.78,2.92,0.028410453128746103,0.3459915611814346,0.8571797847202516
298455,Email Campaign,2024-02-22,Inactive,App,3568,387,41,1262.41,9644.91,2.44,0.10846412556053811,0.10594315245478036,7.640077312442075
407771,Referral Program,2024-02-22,Premium,Email,4251,109,28,2742.1,8839.95,3.26,0.02564102564102564,0.25688073394495414,3.2237883374056384
76704,New User Discount,2024-02-21,All,Email,3386,117,53,1357.95,3215.39,2.49,0.03455404607206143,0.452991452991453,2.367826503184948
513451,Weekend Special,2024-02-21,Inactive,App,2580,238,76,1248.06,4534.83,2.75,0.09224806201550388,0.31932773109243695,3.6335031969616844
723660,Festival Offer,2024-02-21,Inactive,SMS,9774,237,52,1937.13,4772.09,1.58,0.024248004910988337,0.21940928270042195,2.463484639647313
222388,Flash Sale,2024-02-21,Premium,SMS,6192,621,79,1353.85,7900.48,3.23,0.1002906976744186,0.12721417069243157,5.835565239871478
613453,Membership Drive,2024-02-21,Inactive,SMS,3893,438,32,2211.93,7052.88,1.55,0.11250963267403032,0.0730593607305936,3.188563833394366
281093,Category Promotion,2024-02-21,Premium,Email,8403,143,26,2918.53,6977.77,3.85,0.017017731762465786,0.18181818181818182,2.390850873556208
869401,App Push Notification,2024-02-21,Premium,Email,7586,963,46,3564.37,9855.76,3.71,0.12694437121012392,0.04776739356178609,2.7650776995654214
609693,Email Campaign,2024-02-21,Inactive,Social Media,2382,688,75,1303.08,5687.18,3.22,0.28883291351805207,0.10901162790697674,4.3644135432974185
526116,Referral Program,2024-02-21,Premium,Email,3319,979,62,1451.48,9766.5,1.53,0.2949683639650497,0.06332992849846783,6.7286493785653265
253770,New User Discount,2024-02-20,All,App,4975,161,36,4814.62,4219.2,2.37,0.032361809045226134,0.2236024844720497,0.8763308423094658
463037,Weekend Special,2024-02-20,Premium,Email,1726,400,33,4775.27,7903.94,3.63,0.23174971031286212,0.0825,1.6551818012384638
715213,Festival Offer,2024-02-20,New Users,Social Media,2869,934,82,2325.99,4082.07,3.43,0.32554897176716624,0.08779443254817987,1.7549817497065767
423517,Flash Sale,2024-02-20,New Users,Social Media,8557,641,64,1238.17,9051.14,2.49,0.07490943087530677,0.0998439937597504,7.310094736587059
767952,Membership Drive,2024-02-20,Premium,SMS,5402,944,80,4634.11,7512.24,2.11,0.17475009255831173,0.0847457627118644,1.6210750284304862
417740,Category Promotion,2024-02-20,New Users,App,1623,966,48,3275.09,3112.22,1.82,0.5951940850277264,0.049689440993788817,0.9502700689141366
51598,App Push Notification,2024-02-20,All,Social Media,8113,471,100,4989.51,6583.31,2.92,0.05805497349932207,0.21231422505307856,1.3194301644850897
175990,Email Campaign,2024-02-20,Premium,SMS,4745,146,93,3483.7,2295.22,3.62,0.03076923076923077,0.636986301369863,0.6588454803800556
497376,Referral Program,2024-02-20,Inactive,Social Media,1292,896,28,3310.94,7851.11,3.84,0.6934984520123839,0.03125,2.3712631458135753
736607,New User Discount,2024-02-19,New Users,Social Media,8837,750,35,1204.62,8976.17,2.4,0.0848704311417902,0.04666666666666667,7.451453570420548
22032,Weekend Special,2024-02-19,Premium,App,1505,711,86,3742.63,9624.84,2.17,0.47242524916943524,0.1209563994374121,2.5716782048986944
111220,Festival Offer,2024-02-19,New Users,Email,2878,279,28,2993.24,2143.27,2.11,0.0969423210562891,0.1003584229390681,0.7160368029292673
982228,Flash Sale,2024-02-19,Premium,App,8812,497,65,2797.34,5066.46,2.36,0.05640036314117113,0.13078470824949698,1.8111706120814772
991793,Membership Drive,2024-02-19,New Users,Social Media,2971,640,78,3611.45,8684.07,1.81,0.21541568495456076,0.121875,2.4045937227429426
51194,Category Promotion,2024-02-19,All,Email,7154,116,80,2565.35,4523.49,3.7,0.016214705060106235,0.6896551724137931,1.7633032529674313
910671,App Push Notification,2024-02-19,Premium,SMS,5605,472,14,3707.94,8691.95,3.29,0.08421052631578947,0.029661016949152543,2.344145266644013
986053,Email Campaign,2024-02-19,Premium,Social Media,4710,700,65,3821.21,5360.95,1.99,0.14861995753715498,0.09285714285714286,1.4029456638080606
237396,Referral Program,2024-02-19,New Users,App,5014,249,41,3242.59,9934.24,2.02,0.04966094934184284,0.1646586345381526,3.0636744084204293
195911,New User Discount,2024-02-18,Premium,App,1276,904,100,2357.11,8718.11,2.3,0.7084639498432602,0.11061946902654868,3.6986436780633913
510031,Weekend Special,2024-02-18,Inactive,App,5587,464,25,1538.17,7917.89,2.13,0.08304993735457311,0.05387931034482758,5.1476039709524954
805438,Festival Offer,2024-02-18,Premium,SMS,3032,780,46,4982.72,7799.25,3.53,0.25725593667546176,0.05897435897435897,1.5652595369597329
220582,Flash Sale,2024-02-18,Premium,SMS,6497,489,76,4793.47,8327.46,1.68,0.07526550715714946,0.1554192229038855,1.7372508850582142
805803,Membership Drive,2024-02-18,New Users,App,7243,951,18,3805.65,2164.51,2.76,0.13129918542040592,0.01892744479495268,0.5687622350978151
205135,Category Promotion,2024-02-18,Inactive,Email,7416,937,84,1536.33,8572.43,3.12,0.12634843581445523,0.08964781216648879,5.579810327208348
994906,App Push Notification,2024-02-18,New Users,App,5342,184,82,1653.48,5282.98,2.24,0.03444402845376263,0.44565217391304346,3.1950673730556156
654178,Email Campaign,2024-02-18,Premium,SMS,6904,578,43,3891.58,5980.96,3.58,0.08371958285052143,0.07439446366782007,1.5368976097112228
333338,Referral Program,2024-02-18,Inactive,Social Media,3157,454,70,4033.43,3470.53,2.49,0.14380741210009504,0.15418502202643172,0.8604413613227453
872374,New User Discount,2024-02-17,Premium,Social Media,2877,413,17,1427.16,8282.02,2.05,0.1435523114355231,0.04116222760290557,5.803147509739623
539039,Weekend Special,2024-02-17,All,App,7617,837,37,4400.3,4380.95,1.65,0.10988578180385979,0.04420549581839905,0.9956025725518713
674340,Festival Offer,2024-02-17,New Users,SMS,2879,560,26,1159.76,7101.05,1.91,0.1945119833275443,0.04642857142857143,6.122861626543423
512522,Flash Sale,2024-02-17,New Users,Social Media,1804,254,52,1539.93,4570.06,1.63,0.14079822616407983,0.2047244094488189,2.967706324313443
511881,Membership Drive,2024-02-17,Inactive,Email,1579,926,68,2181.96,9241.89,3.3,0.5864471184293857,0.0734341252699784,4.235590936589121
482417,Category Promotion,2024-02-17,All,Social Media,4629,963,68,4988.24,2115.72,2.37,0.20803629293583928,0.07061266874350987,0.42414158099850846
718186,App Push Notification,2024-02-17,Premium,Social Media,6800,122,88,4327.97,5645.5,2.89,0.017941176470588235,0.7213114754098361,1.304422165588024
165013,Email Campaign,2024-02-17,All,Social Media,4574,145,62,4133.55,9645.07,1.66,0.031700918233493657,0.42758620689655175,2.3333623640696253
867965,Referral Program,2024-02-17,Inactive,App,4382,350,69,4168.34,7368.48,2.19,0.07987220447284345,0.19714285714285715,1.7677252815269386
876134,New User Discount,2024-02-16,New Users,Social Media,4927,159,93,1989.93,2246.1,3.13,0.03227115892023544,0.5849056603773585,1.128733171518596
174517,Weekend Special,2024-02-16,New Users,SMS,6518,639,11,3056.96,9530.6,3.77,0.09803620742559067,0.017214397496087636,3.1176724589134306
23915,Festival Offer,2024-02-16,Inactive,Email,8430,128,42,1478.19,5756.36,2.77,0.015183867141162514,0.328125,3.8941949275803514
226277,Flash Sale,2024-02-16,Premium,App,5372,532,24,1158.1,6201.6,1.66,0.09903201787043932,0.045112781954887216,5.354977981176065
375989,Membership Drive,2024-02-16,New Users,Social Media,4371,109,43,2116.82,8937.53,3.45,0.02493708533516358,0.3944954128440367,4.222149261628291
168573,Category Promotion,2024-02-16,All,Email,8720,523,15,4508.09,6723.48,2.41,0.059977064220183486,0.028680688336520075,1.4914254151980106
575186,App Push Notification,2024-02-16,Premium,App,4608,551,33,3311.6,8090.78,3.6,0.11957465277777778,0.05989110707803993,2.4431634255344847
38495,Email Campaign,2024-02-16,Inactive,Email,4014,396,66,3527.15,7139.79,2.07,0.09865470852017937,0.16666666666666666,2.024237698992104
928014,Referral Program,2024-02-16,Premium,App,1103,902,40,2827.19,3033.56,2.55,0.8177697189483227,0.04434589800443459,1.07299474036057
63274,New User Discount,2024-02-15,New Users,App,7181,884,91,2822.59,8390.19,1.57,0.1231026319454115,0.10294117647058823,2.972514605380165
3703,Weekend Special,2024-02-15,All,SMS,9050,949,10,1971.95,3783.17,2.5,0.10486187845303867,0.01053740779768177,1.9184918481705926
571011,Festival Offer,2024-02-15,New Users,SMS,8122,217,84,1338.34,2493.62,2.83,0.026717557251908396,0.3870967741935484,1.8632186141040394
135759,Flash Sale,2024-02-15,All,Social Media,1454,134,28,2617.6,2589.83,2.78,0.0921595598349381,0.208955223880597,0.9893910452322738
326425,Membership Drive,2024-02-15,All,Social Media,8377,688,91,2580.44,5170.87,1.63,0.08212964068282201,0.13226744186046513,2.003871432778906
37283,Category Promotion,2024-02-15,Premium,Email,5911,963,81,4538.43,4404.72,1.69,0.16291659617661985,0.08411214953271028,0.9705382698422141
485208,App Push Notification,2024-02-15,New Users,SMS,1191,165,27,3463.61,8349.32,3.39,0.1385390428211587,0.16363636363636364,2.4105831776672315
537092,Email Campaign,2024-02-15,New Users,SMS,8629,197,10,4594.21,6740.74,1.86,0.02282999188782014,0.050761421319796954,1.4672250506615936
45116,Referral Program,2024-02-15,All,App,6942,294,68,3067.05,9737.26,3.54,0.04235090751944685,0.23129251700680273,3.174796628682284
404515,New User Discount,2024-02-14,All,Email,3240,630,48,1503.28,2429.95,2.48,0.19444444444444445,0.0761904761904762,1.6164320685434515
364324,Weekend Special,2024-02-14,New Users,Email,1154,585,55,3970.2,4930.39,2.56,0.5069324090121318,0.09401709401709402,1.241849277114503
669920,Festival Offer,2024-02-14,Inactive,Email,8954,599,99,2510.29,2120.29,3.87,0.06689747598838508,0.1652754590984975,0.8446394639663146
673790,Flash Sale,2024-02-14,Inactive,SMS,1608,820,51,4749.94,3789.9,2.33,0.5099502487562189,0.06219512195121951,0.7978837627422664
707984,Membership Drive,2024-02-14,All,App,1113,274,52,4945.45,3409.44,2.83,0.24618149146451032,0.1897810218978102,0.68940945717781
982984,Category Promotion,2024-02-14,Inactive,Social Media,1757,337,15,2197.37,9911.16,2.22,0.19180421172453044,0.04451038575667656,4.510464782899557
861025,App Push Notification,2024-02-14,Premium,App,4720,391,31,1644.63,2687.01,1.95,0.08283898305084746,0.0792838874680307,1.6338082121814634
821428,Email Campaign,2024-02-14,Inactive,SMS,9648,826,73,2761.54,4603.44,1.68,0.08561359867330016,0.08837772397094432,1.666982915329852
578874,Referral Program,2024-02-14,All,SMS,7395,296,20,1891.11,6570.1,1.78,0.04002704530087897,0.06756756756756757,3.4742029813178505
168936,New User Discount,2024-02-13,Inactive,Email,3452,511,41,2103.5,6440.26,3.6,0.14803012746234068,0.08023483365949119,3.061687663418113
263758,Weekend Special,2024-02-13,All,Email,8049,812,30,3087.55,3041.5,3.96,0.10088209715492608,0.03694581280788178,0.9850852617771372
811537,Festival Offer,2024-02-13,All,SMS,4205,932,100,1636.28,6087.02,2.39,0.221640903686088,0.1072961373390558,3.720035690713081
474641,Flash Sale,2024-02-13,Premium,App,2224,290,58,3194.45,4646.73,1.79,0.1303956834532374,0.2,1.4546259919547966
96526,Membership Drive,2024-02-13,All,SMS,5764,696,62,4914.33,5460.72,2.84,0.12074947952810548,0.08908045977011494,1.1111830096879942
59928,Category Promotion,2024-02-13,Premium,Social Media,6732,232,83,2894.85,4069.94,3.46,0.0344622697563874,0.3577586206896552,1.4059243138677306
966482,App Push Notification,2024-02-13,Inactive,SMS,4171,552,64,1753.79,9531.45,2.27,0.13234236394150084,0.11594202898550725,5.434772692283569
142575,Email Campaign,2024-02-13,All,SMS,5636,284,65,1545.72,4210.05,1.51,0.050390347764371894,0.22887323943661972,2.7236821675335765
427214,Referral Program,2024-02-13,Inactive,Social Media,7486,502,81,1718.92,6432.26,2.64,0.06705850921720545,0.16135458167330677,3.742035696832895
49107,New User Discount,2024-02-12,New Users,SMS,2036,780,44,1727.02,5449.99,2.64,0.3831041257367387,0.05641025641025641,3.155719099952519
270031,Weekend Special,2024-02-12,All,App,1476,290,36,3186.21,6756.41,2.21,0.19647696476964768,0.12413793103448276,2.120516224605409
245137,Festival Offer,2024-02-12,New Users,SMS,2072,154,78,2206.57,4369.8,3.1,0.07432432432432433,0.5064935064935064,1.9803586561949087
326388,Flash Sale,2024-02-12,New Users,Social Media,8869,538,81,1019.55,8538.88,1.87,0.06066072837974969,0.15055762081784388,8.375145897699966
754740,Membership Drive,2024-02-12,Inactive,SMS,4109,261,55,4700.48,8382.4,3.41,0.06351910440496471,0.210727969348659,1.7833072367077405
453747,Category Promotion,2024-02-12,New Users,SMS,8606,323,71,2345.45,8908.45,1.72,0.03753195445038345,0.21981424148606812,3.7981837174103057
639737,App Push Notification,2024-02-12,New Users,SMS,6316,868,61,1455.9,4715.67,1.57,0.13742875237492083,0.07027649769585254,3.2390067999175765
489372,Email Campaign,2024-02-12,Inactive,SMS,1351,150,85,1048.58,2684.65,3.37,0.11102886750555144,0.5666666666666667,2.560271986877492
993367,Referral Program,2024-02-12,Premium,Social Media,4129,152,53,2673.11,3524.68,2.73,0.03681278759990313,0.34868421052631576,1.3185690076353012
559470,New User Discount,2024-02-11,New Users,App,5285,103,67,4453.24,8408.24,2.67,0.019489120151371806,0.6504854368932039,1.8881174156344593
156146,Weekend Special,2024-02-11,All,App,6193,516,48,1584.15,2354.4,2.91,0.08331987728080091,0.09302325581395349,1.4862228955591326
458719,Festival Offer,2024-02-11,Inactive,Email,5236,762,73,1574.26,5418.52,2.46,0.1455309396485867,0.09580052493438321,3.441947327633301
933370,Flash Sale,2024-02-11,Inactive,SMS,2057,156,63,4657.35,5467.69,3.26,0.07583859990277103,0.40384615384615385,1.1739916476107657
150363,Membership Drive,2024-02-11,Premium,Social Media,6609,239,18,3273.48,5955.17,1.95,0.03616280829172341,0.07531380753138076,1.8192168579004606
269345,Category Promotion,2024-02-11,All,SMS,3169,453,63,1958.26,8435.62,3.65,0.14294730198800884,0.1390728476821192,4.307711948362322
833241,App Push Notification,2024-02-11,Premium,Social Media,9264,394,74,2267.87,6680.68,3.45,0.04253022452504318,0.18781725888324874,2.945794952973495
762397,Email Campaign,2024-02-11,New Users,SMS,9186,373,11,4476.46,7234.38,3.93,0.04060526888743741,0.029490616621983913,1.616093967107938
253478,Referral Program,2024-02-11,All,Email,1317,494,77,2371.75,8168.56,2.2,0.37509491268033407,0.15587044534412955,3.444106672288395
260104,New User Discount,2024-02-10,All,Social Media,1217,558,44,4641.27,5679.49,2.99,0.45850451930977815,0.07885304659498207,1.2236930840050244
299739,Weekend Special,2024-02-10,All,App,2934,135,32,3414.0,4020.88,3.63,0.046012269938650305,0.23703703703703705,1.1777621558289397
911228,Festival Offer,2024-02-10,All,App,5164,994,83,1891.55,5715.13,3.93,0.1924864446165763,0.08350100603621731,3.021400438793582
352007,Flash Sale,2024-02-10,Inactive,SMS,5521,396,51,4035.3,7435.43,1.57,0.07172613656946206,0.12878787878787878,1.8425965851361732
459371,Membership Drive,2024-02-10,New Users,App,5453,934,67,1980.26,8425.95,1.61,0.17128186319457178,0.07173447537473233,4.254971569389879
456390,Category Promotion,2024-02-10,Inactive,SMS,8561,196,66,1839.8,2427.61,3.55,0.022894521668029435,0.336734693877551,1.31949668442222
458463,App Push Notification,2024-02-10,New Users,SMS,2968,520,14,4438.01,9058.71,3.16,0.1752021563342318,0.026923076923076925,2.0411648464063847
226900,Email Campaign,2024-02-10,New Users,App,3742,890,74,2043.25,4816.4,2.29,0.23784072688401925,0.08314606741573034,2.357225009176557
340905,Referral Program,2024-02-10,Premium,Social Media,2956,949,41,4878.01,9060.87,2.66,0.321041948579161,0.04320337197049526,1.8574931170702809
991753,New User Discount,2024-02-09,New Users,SMS,5853,907,90,2326.79,7625.66,1.93,0.15496326670083718,0.09922822491730982,3.277330571302094
489155,Weekend Special,2024-02-09,Premium,App,1940,943,77,3433.51,4119.79,1.74,0.4860824742268041,0.0816542948038176,1.1998770937029453
167955,Festival Offer,2024-02-09,Premium,App,4545,418,19,1485.68,5519.82,3.24,0.09196919691969196,0.045454545454545456,3.715349200366162
760297,Flash Sale,2024-02-09,New Users,App,1946,381,41,3602.14,8773.32,3.9,0.19578622816032887,0.10761154855643044,2.435585513056128
865385,Membership Drive,2024-02-09,New Users,Social Media,2858,726,74,1753.74,2068.88,3.32,0.2540237928621414,0.10192837465564739,1.1796959640539648
701730,Category Promotion,2024-02-09,All,Email,1583,305,71,2940.64,8325.66,3.91,0.19267214150347442,0.23278688524590163,2.8312408183252624
967030,App Push Notification,2024-02-09,Inactive,App,6180,389,13,4015.1,2903.03,2.96,0.06294498381877023,0.033419023136246784,0.7230280690393764
611398,Email Campaign,2024-02-09,New Users,SMS,9619,899,16,1598.64,8914.28,2.37,0.09346085871712236,0.017797552836484983,5.576164740029025
766713,Referral Program,2024-02-09,Inactive,Social Media,1386,467,29,1528.7,8776.21,1.57,0.33694083694083693,0.06209850107066381,5.740962909661803
199888,New User Discount,2024-02-08,Inactive,App,5367,458,64,3615.63,3592.19,3.01,0.08533631451462642,0.13973799126637554,0.9935170357586368
386930,Weekend Special,2024-02-08,All,Social Media,9406,611,53,2441.45,6922.84,3.79,0.06495853710397619,0.0867430441898527,2.8355444510434378
129426,Festival Offer,2024-02-08,Inactive,Social Media,2632,824,21,4248.01,4984.15,3.07,0.3130699088145897,0.025485436893203883,1.1732905525175317
34599,Flash Sale,2024-02-08,All,Email,2801,171,54,1360.63,5629.26,2.62,0.06104962513388076,0.3157894736842105,4.137245246687196
934324,Membership Drive,2024-02-08,All,Social Media,9519,940,61,3688.77,9841.53,1.72,0.09874986868368527,0.06489361702127659,2.6679706243544596
802454,Category Promotion,2024-02-08,Inactive,SMS,5140,256,33,2503.83,9827.21,2.86,0.049805447470817124,0.12890625,3.9248710974786625
828961,App Push Notification,2024-02-08,Premium,Email,6453,678,72,4243.84,3513.21,2.94,0.10506741050674105,0.10619469026548672,0.8278375245061077
165387,Email Campaign,2024-02-08,New Users,App,5393,747,99,4650.71,5070.35,2.46,0.13851288707583906,0.13253012048192772,1.090231384025235
521328,Referral Program,2024-02-08,All,SMS,8618,539,97,3614.14,9768.38,3.9,0.06254351357623579,0.17996289424860853,2.702822801551683
952072,New User Discount,2024-02-07,Premium,App,6326,329,20,2477.25,4434.61,4.0,0.05200758773316472,0.060790273556231005,1.7901342214148752
457471,Weekend Special,2024-02-07,All,Social Media,6583,663,18,4755.62,3096.53,2.68,0.10071396020051648,0.027149321266968326,0.6511306622480351
684718,Festival Offer,2024-02-07,Inactive,SMS,1535,489,86,3590.36,5897.36,2.71,0.31856677524429966,0.17586912065439672,1.6425539500217248
465629,Flash Sale,2024-02-07,New Users,Email,1247,869,57,2702.94,8394.26,1.95,0.6968724939855654,0.06559263521288838,3.1056035280102408
791173,Membership Drive,2024-02-07,New Users,SMS,1009,634,98,2572.38,3157.19,3.61,0.6283448959365708,0.15457413249211358,1.227341994573119
927550,Category Promotion,2024-02-07,New Users,SMS,7177,284,88,1973.5,6671.14,3.53,0.03957085133063954,0.30985915492957744,3.3803597669115786
39386,App Push Notification,2024-02-07,New Users,Social Media,7171,142,92,2292.93,2477.85,3.07,0.019801980198019802,0.647887323943662,1.0806479046460207
950342,Email Campaign,2024-02-07,Inactive,App,1078,142,10,3125.22,7051.83,2.38,0.13172541743970315,0.07042253521126761,2.256426747556972
951888,Referral Program,2024-02-07,All,Social Media,7761,500,73,1514.56,3569.29,2.85,0.06442468754026542,0.146,2.3566514367208957
71320,New User Discount,2024-02-06,Premium,SMS,3618,573,67,1784.75,5049.29,3.91,0.1583747927031509,0.1169284467713787,2.8291301302703458
212759,Weekend Special,2024-02-06,New Users,Email,9421,933,44,3372.53,7641.4,2.43,0.09903407281604926,0.04715969989281887,2.2657767314152872
652574,Festival Offer,2024-02-06,Premium,Social Media,9908,663,57,3160.43,6679.25,3.27,0.06691562373839322,0.08597285067873303,2.1133991260682885
152682,Flash Sale,2024-02-06,Premium,Social Media,6302,961,67,1501.58,6017.53,2.15,0.15249127261186926,0.06971904266389178,4.007465469705243
239444,Membership Drive,2024-02-06,All,Social Media,4359,724,55,3081.79,7400.23,3.73,0.16609314062858455,0.07596685082872928,2.401276530847332
603068,Category Promotion,2024-02-06,New Users,Social Media,4653,531,49,1370.09,7525.75,2.33,0.11411992263056092,0.09227871939736347,5.4928873285696564
317486,App Push Notification,2024-02-06,Premium,App,7645,990,13,1277.74,9932.91,3.38,0.12949640287769784,0.013131313131313131,7.773811573559566
666472,Email Campaign,2024-02-06,New Users,Email,4485,899,46,2335.85,2902.47,2.57,0.2004459308807135,0.05116796440489433,1.24257550784511
822630,Referral Program,2024-02-06,New Users,Social Media,6746,417,57,2237.44,6629.42,1.62,0.06181440853839312,0.1366906474820144,2.962948727116705
288880,New User Discount,2024-02-05,Premium,Social Media,5846,665,31,1315.12,7760.38,1.97,0.11375299349982894,0.04661654135338346,5.9008911734290415
380901,Weekend Special,2024-02-05,Premium,App,4565,569,36,4630.21,6206.79,1.81,0.12464403066812706,0.0632688927943761,1.3404985950961188
913385,Festival Offer,2024-02-05,Premium,App,9182,752,18,1054.3,3110.95,2.18,0.08189936832934001,0.023936170212765957,2.9507255999241204
186544,Flash Sale,2024-02-05,All,App,4647,449,11,3554.73,5152.28,2.78,0.09662147622121799,0.024498886414253896,1.449415286111744
476911,Membership Drive,2024-02-05,All,Email,6364,164,65,4108.66,5285.59,3.64,0.025769956002514142,0.39634146341463417,1.2864510570356273
788001,Category Promotion,2024-02-05,All,App,1966,851,56,3525.18,8224.17,3.91,0.4328585961342828,0.06580493537015276,2.332978741511072
561353,App Push Notification,2024-02-05,All,Email,8657,843,72,2442.36,8669.66,2.23,0.09737784451888645,0.08540925266903915,3.5497060220442522
280581,Email Campaign,2024-02-05,Premium,Email,8666,740,95,2495.45,3971.69,2.5,0.08539118393722595,0.12837837837837837,1.5915726622452866
840541,Referral Program,2024-02-05,Premium,Social Media,1932,454,88,3978.55,7397.89,2.33,0.2349896480331263,0.19383259911894274,1.8594437672016186
215823,New User Discount,2024-02-04,Premium,SMS,4657,736,94,1341.58,4044.92,3.01,0.15804165771956194,0.12771739130434784,3.015041965443731
185268,Weekend Special,2024-02-04,All,Email,9562,881,93,2007.62,6934.65,3.89,0.09213553649864045,0.10556186152099886,3.4541646327492255
715807,Festival Offer,2024-02-04,Inactive,App,2171,465,19,2084.11,9400.47,2.61,0.21418701059419623,0.04086021505376344,4.510544069171012
385198,Flash Sale,2024-02-04,New Users,Email,8610,877,93,4217.88,2720.84,1.8,0.10185830429732869,0.10604332953249715,0.645072880214705
791713,Membership Drive,2024-02-04,Premium,SMS,2840,396,81,3345.54,4037.54,2.75,0.13943661971830987,0.20454545454545456,1.206842542608966
349776,Category Promotion,2024-02-04,All,Social Media,3184,636,81,3219.79,4161.19,3.23,0.19974874371859297,0.12735849056603774,1.292379316663509
710286,App Push Notification,2024-02-04,All,App,9913,677,15,3678.35,4072.89,3.33,0.0682941591849087,0.022156573116691284,1.1072600486631234
158988,Email Campaign,2024-02-04,Premium,Social Media,7751,780,44,2113.77,6012.06,2.88,0.1006321764933557,0.05641025641025641,2.844235654777956
549778,Referral Program,2024-02-04,Premium,SMS,9678,248,52,2143.44,9972.95,3.15,0.025625129158917133,0.20967741935483872,4.652777777777778
257666,New User Discount,2024-02-03,All,Email,2011,256,57,4869.06,6622.63,2.91,0.1272998508204873,0.22265625,1.3601454900945973
255343,Weekend Special,2024-02-03,New Users,Social Media,3376,1000,76,2802.04,9258.1,2.13,0.2962085308056872,0.076,3.3040570441535455
815304,Festival Offer,2024-02-03,New Users,Social Media,5576,799,55,4452.21,2553.47,2.75,0.14329268292682926,0.0688360450563204,0.5735286520626834
156392,Flash Sale,2024-02-03,Premium,SMS,1642,372,30,1793.48,9832.31,3.96,0.22655298416565164,0.08064516129032258,5.482252380846176
917704,Membership Drive,2024-02-03,New Users,SMS,8859,961,53,1497.98,9415.62,2.55,0.1084772547691613,0.055150884495317375,6.285544533304851
376291,Category Promotion,2024-02-03,Premium,App,1786,883,27,1919.98,4961.39,2.87,0.4944008958566629,0.030577576443941108,2.5840842092105127
696082,App Push Notification,2024-02-03,All,Email,4746,631,58,3498.12,5415.96,3.09,0.13295406658238518,0.0919175911251981,1.5482487736269768
879636,Email Campaign,2024-02-03,New Users,App,5772,709,19,1602.09,9150.17,1.63,0.12283437283437283,0.02679830747531735,5.7113957393155195
141009,Referral Program,2024-02-03,Premium,App,8935,198,79,2070.02,4893.72,3.87,0.022160044767767208,0.398989898989899,2.3640931005497534
821056,New User Discount,2024-02-02,New Users,Social Media,7157,233,68,1005.23,7465.65,1.88,0.032555540030739134,0.2918454935622318,7.426807795230942
256875,Weekend Special,2024-02-02,Inactive,App,4080,302,93,1810.32,9236.31,3.82,0.07401960784313726,0.3079470198675497,5.102031685005966
284324,Festival Offer,2024-02-02,New Users,SMS,9645,792,78,4873.1,2880.42,3.86,0.08211508553654744,0.09848484848484848,0.5910857564999692
51639,Flash Sale,2024-02-02,All,Email,1542,346,95,2065.86,8298.23,1.84,0.2243839169909209,0.2745664739884393,4.01684044417337
744196,Membership Drive,2024-02-02,All,Email,4172,477,65,2430.33,8414.56,1.78,0.11433365292425696,0.13626834381551362,3.4623117025259944
795171,Category Promotion,2024-02-02,All,Email,8545,692,26,3098.49,2176.08,3.8,0.08098303101228789,0.03757225433526012,0.7023033800335002
628065,App Push Notification,2024-02-02,Premium,Social Media,6200,346,40,4837.34,3600.84,1.73,0.05580645161290323,0.11560693641618497,0.7443843103854598
6116,Email Campaign,2024-02-02,Inactive,App,5924,837,33,1894.16,3095.61,1.97,0.1412896691424713,0.03942652329749104,1.6342917177007221
248921,Referral Program,2024-02-02,Premium,Email,3048,156,90,4358.09,5344.89,3.42,0.051181102362204724,0.5769230769230769,1.2264294679549987
268057,New User Discount,2024-02-01,Premium,Social Media,1793,480,34,3831.38,6711.92,3.96,0.26770775237032907,0.07083333333333333,1.7518283229541314
727511,Weekend Special,2024-02-01,Inactive,Email,2114,694,89,3524.33,9190.98,1.91,0.3282876064333018,0.1282420749279539,2.6078658922405107
380831,Festival Offer,2024-02-01,All,Email,7422,850,35,3522.68,4145.0,2.96,0.11452438695769335,0.041176470588235294,1.1766609513211532
392154,Flash Sale,2024-02-01,New Users,Social Media,4317,621,24,4149.66,8031.67,2.46,0.1438498957609451,0.03864734299516908,1.935500739819648
430047,Membership Drive,2024-02-01,Premium,App,1610,934,12,1183.09,8356.91,1.75,0.5801242236024845,0.01284796573875803,7.063629985884422
428461,Category Promotion,2024-02-01,New Users,App,7819,875,17,3344.6,9394.36,2.25,0.11190689346463742,0.019428571428571427,2.8088142079770377
770860,App Push Notification,2024-02-01,All,App,4481,895,30,1417.55,3331.12,2.16,0.19973220263334077,0.0335195530726257,2.349913583295122
727614,Email Campaign,2024-02-01,New Users,SMS,1090,226,75,2254.51,3728.33,2.44,0.20733944954128442,0.33185840707964603,1.653720764157178
870966,Referral Program,2024-02-01,Premium,Email,7498,509,78,4755.23,2119.9,3.94,0.06788476927180581,0.15324165029469547,0.4458038833032262
661983,New User Discount,2024-01-31,Premium,App,5637,306,23,4011.03,9507.32,2.29,0.054284193720063864,0.07516339869281045,2.3702939145306816
571618,Weekend Special,2024-01-31,Inactive,Email,4773,972,80,2786.99,8795.33,2.18,0.20364550597108735,0.0823045267489712,3.155852730006208
866265,Festival Offer,2024-01-31,All,Social Media,4189,292,15,2767.17,3593.81,3.84,0.06970637383623776,0.05136986301369863,1.2987311946862679
718238,Flash Sale,2024-01-31,New Users,Social Media,2841,489,35,3286.25,4120.72,2.29,0.17212249208025343,0.07157464212678936,1.2539277291745912
87648,Membership Drive,2024-01-31,All,Email,7404,383,31,4060.89,5647.77,1.94,0.05172879524581307,0.08093994778067885,1.3907714811285212
50840,Category Promotion,2024-01-31,All,App,2846,132,29,1576.42,9130.17,3.87,0.046380885453267746,0.2196969696969697,5.791711599700587
310731,App Push Notification,2024-01-31,Premium,App,8335,358,67,4475.74,2299.61,2.1,0.04295140971805639,0.1871508379888268,0.5137943669650159
573283,Email Campaign,2024-01-31,All,Social Media,5463,903,83,1424.37,7611.28,3.9,0.16529379461834157,0.09191583610188261,5.343611561602674
998954,Referral Program,2024-01-31,Inactive,App,2088,160,54,1610.06,6302.15,3.89,0.07662835249042145,0.3375,3.91423300994994
514235,New User Discount,2024-01-30,New Users,SMS,3100,168,64,2067.92,9501.86,3.23,0.05419354838709677,0.38095238095238093,4.594887616542226
463287,Weekend Special,2024-01-30,New Users,Email,9682,851,68,2819.2,3798.08,2.62,0.08789506300351167,0.0799059929494712,1.3472190692395005
520029,Festival Offer,2024-01-30,All,Email,9077,102,81,3068.93,6961.2,3.65,0.011237192905144872,0.7941176470588235,2.26828243068431
668197,Flash Sale,2024-01-30,Inactive,SMS,3441,871,79,3648.86,3795.51,3.37,0.25312409183376927,0.09070034443168772,1.0401906348832237
575245,Membership Drive,2024-01-30,Inactive,App,5258,169,40,4053.44,4516.01,3.09,0.03214149866869532,0.23668639053254437,1.1141178850556566
651159,Category Promotion,2024-01-30,Premium,SMS,9218,592,39,1991.13,3485.67,3.99,0.06422217400737687,0.06587837837837837,1.7505989061487697
847682,App Push Notification,2024-01-30,New Users,Social Media,4643,509,55,2169.74,9742.35,2.79,0.1096273960801206,0.10805500982318271,4.490100196336889
397099,Email Campaign,2024-01-30,New Users,SMS,1288,911,78,4152.54,3123.54,3.51,0.7072981366459627,0.08562019758507135,0.7521998583999191
676217,Referral Program,2024-01-30,Inactive,Social Media,4135,346,79,4930.93,9575.27,3.39,0.08367593712212817,0.22832369942196531,1.9418791181379578
632134,New User Discount,2024-01-29,Premium,Social Media,7199,276,64,2569.44,4358.1,3.35,0.038338658146964855,0.2318840579710145,1.6961283392490194
484219,Weekend Special,2024-01-29,New Users,SMS,9620,586,61,2333.17,6587.38,2.57,0.06091476091476092,0.10409556313993173,2.8233604923773234
443256,Festival Offer,2024-01-29,Premium,Social Media,8062,621,51,3503.02,5100.34,3.58,0.07702803274621682,0.0821256038647343,1.4559836940696884
712998,Flash Sale,2024-01-29,New Users,App,5649,579,25,1215.83,4660.14,2.63,0.10249601699415826,0.04317789291882556,3.832887821488202
82236,Membership Drive,2024-01-29,All,Email,4659,995,80,4483.58,8309.98,1.78,0.21356514273449237,0.08040201005025126,1.8534251647121274
101448,Category Promotion,2024-01-29,Inactive,SMS,3358,528,27,1294.04,4264.3,2.01,0.15723645026801666,0.05113636363636364,3.2953386294086737
43531,App Push Notification,2024-01-29,New Users,App,8040,513,59,2721.11,5736.21,1.99,0.06380597014925374,0.11500974658869395,2.1080404687792846
490117,Email Campaign,2024-01-29,Premium,Email,7312,676,55,4393.26,5675.83,2.58,0.09245076586433261,0.08136094674556213,1.2919403814024208
165375,Referral Program,2024-01-29,New Users,Social Media,7580,825,41,1300.37,9699.51,2.13,0.10883905013192612,0.0496969696969697,7.459038581326854
823389,New User Discount,2024-01-28,Premium,Email,6791,324,39,2506.68,3872.1,3.84,0.04771020468266824,0.12037037037037036,1.5447125281248504
147727,Weekend Special,2024-01-28,New Users,Social Media,4971,262,30,3338.79,5867.08,2.48,0.052705693019513174,0.11450381679389313,1.7572473860290705
952231,Festival Offer,2024-01-28,Inactive,Email,4758,640,41,1699.36,2765.41,2.39,0.13451029844472467,0.0640625,1.6273244044816872
650676,Flash Sale,2024-01-28,All,SMS,1459,587,26,1863.35,3684.43,2.12,0.4023303632625086,0.044293015332197615,1.977315050849277
422615,Membership Drive,2024-01-28,All,SMS,6429,626,25,1819.32,3636.35,3.3,0.09737128635868719,0.039936102236421724,1.998741287953741
133692,Category Promotion,2024-01-28,New Users,Social Media,2248,891,91,1791.34,3550.14,1.63,0.3963523131672598,0.10213243546576879,1.9818348275592574
907493,App Push Notification,2024-01-28,Premium,App,1650,518,75,4815.24,6718.68,3.09,0.31393939393939396,0.14478764478764478,1.3952949385700402
640488,Email Campaign,2024-01-28,Premium,SMS,7790,981,49,3360.95,7718.86,1.72,0.12593068035943517,0.04994903160040775,2.2966304169951948
56597,Referral Program,2024-01-28,Premium,SMS,4946,416,80,2868.11,4311.14,2.39,0.0841083704003235,0.19230769230769232,1.5031292384183312
519276,New User Discount,2024-01-27,Inactive,Social Media,2388,767,15,3251.25,9317.81,1.96,0.3211892797319933,0.01955671447196871,2.8659161860822757
338845,Weekend Special,2024-01-27,Premium,SMS,2430,667,97,2509.83,6977.65,1.73,0.2744855967078189,0.1454272863568216,2.780128534601945
511002,Festival Offer,2024-01-27,All,App,9687,648,93,4592.76,8431.15,2.13,0.06689377516258904,0.14351851851851852,1.8357480033792315
308799,Flash Sale,2024-01-27,Premium,SMS,2440,178,80,4527.05,2217.52,1.65,0.07295081967213114,0.449438202247191,0.4898377530621486
982855,Membership Drive,2024-01-27,Inactive,Social Media,2427,592,67,2170.23,2769.67,1.61,0.24392253811289658,0.11317567567567567,1.276210355584431
219590,Category Promotion,2024-01-27,Inactive,Email,7262,761,97,1123.52,2145.33,3.18,0.1047920683007436,0.12746386333771353,1.90947201651951
566022,App Push Notification,2024-01-27,Inactive,Social Media,3609,632,39,4827.3,2746.65,2.04,0.17511776115267388,0.061708860759493674,0.5689826611149089
427696,Email Campaign,2024-01-27,Inactive,SMS,9788,370,52,1782.74,2287.25,2.45,0.03780138945647732,0.14054054054054055,1.2829969597361366
701056,Referral Program,2024-01-27,New Users,App,6381,366,55,4303.32,4554.14,2.08,0.05735778091208275,0.15027322404371585,1.0582852309379736
983545,New User Discount,2024-01-26,Inactive,App,2027,321,41,2286.03,4200.9,2.58,0.15836211149481993,0.1277258566978193,1.837639925985223
814923,Weekend Special,2024-01-26,All,Email,5084,622,30,1340.59,6128.43,3.57,0.12234461054287962,0.04823151125401929,4.571442424604093
798547,Festival Offer,2024-01-26,Inactive,SMS,4215,360,77,3810.19,3270.37,3.44,0.08540925266903915,0.21388888888888888,0.8583220259357145
537485,Flash Sale,2024-01-26,Premium,SMS,8625,378,12,3617.16,7283.86,3.44,0.04382608695652174,0.031746031746031744,2.0136958276659036
181056,Membership Drive,2024-01-26,New Users,SMS,3807,506,56,2131.66,4020.78,2.12,0.1329130548988705,0.11067193675889328,1.886220128913617
527224,Category Promotion,2024-01-26,Premium,Social Media,3837,951,65,2905.54,8309.5,3.69,0.24784988272087569,0.0683491062039958,2.8598814678166535
480513,App Push Notification,2024-01-26,Premium,Email,8006,613,23,1764.14,9034.27,2.19,0.07656757431926055,0.037520391517128875,5.1210618204904375
519640,Email Campaign,2024-01-26,New Users,App,2693,472,56,4224.12,3039.56,3.34,0.17526921648718902,0.11864406779661017,0.7195723606336941
952220,Referral Program,2024-01-26,Premium,SMS,4145,212,69,1642.93,8374.55,2.87,0.051145958986731,0.32547169811320753,5.097326118580828
989545,New User Discount,2024-01-25,New Users,Social Media,3848,422,55,3188.79,5705.68,3.73,0.10966735966735967,0.13033175355450238,1.7892931174520743
92014,Weekend Special,2024-01-25,Inactive,App,2090,305,37,4579.67,5863.75,2.31,0.145933014354067,0.12131147540983607,1.2803870147849081
67208,Festival Offer,2024-01-25,Inactive,App,6898,665,36,4333.08,8167.11,3.86,0.0964047550014497,0.05413533834586466,1.8848278822454236
481401,Flash Sale,2024-01-25,All,App,2124,327,47,2662.49,7003.86,2.12,0.153954802259887,0.1437308868501529,2.6305676265450764
171569,Membership Drive,2024-01-25,All,App,2045,150,55,4628.94,2793.4,1.88,0.07334963325183375,0.36666666666666664,0.6034642920409425
123320,Category Promotion,2024-01-25,Premium,SMS,6254,466,36,3782.4,8349.81,3.09,0.07451231212024305,0.07725321888412018,2.2075428299492383
831284,App Push Notification,2024-01-25,New Users,Email,4259,794,24,1877.1,5013.21,2.37,0.18642873914064334,0.030226700251889168,2.6707207927121623
489333,Email Campaign,2024-01-25,New Users,Social Media,3501,997,88,3639.02,3107.34,3.48,0.2847757783490431,0.08826479438314945,0.8538947298998082
748477,Referral Program,2024-01-25,All,Social Media,2610,766,56,4622.33,5973.15,3.73,0.2934865900383142,0.0731070496083551,1.29223789733749
22970,New User Discount,2024-01-24,New Users,Social Media,7294,677,20,1030.24,5705.55,2.68,0.0928160131615026,0.029542097488921712,5.53807850597919
754604,Weekend Special,2024-01-24,Inactive,App,3475,461,44,4364.65,7451.5,2.48,0.13266187050359712,0.09544468546637744,1.7072388393112852
771743,Festival Offer,2024-01-24,New Users,Email,1882,217,98,1743.58,2541.18,2.57,0.1153028692879915,0.45161290322580644,1.4574496151596141
149502,Flash Sale,2024-01-24,All,SMS,1119,151,91,3540.21,3172.87,2.44,0.13494191242180517,0.6026490066225165,0.8962377938031925
39416,Membership Drive,2024-01-24,Premium,SMS,1867,823,72,1922.26,4140.24,1.85,0.44081414033208355,0.08748481166464156,2.153839751126278
195934,Category Promotion,2024-01-24,New Users,Email,7985,411,64,3685.87,4196.61,3.6,0.05147150907952411,0.15571776155717762,1.138567014029252
30242,App Push Notification,2024-01-24,New Users,Social Media,3303,571,58,1456.14,7310.01,3.71,0.1728731456251892,0.10157618213660245,5.020128559067122
234195,Email Campaign,2024-01-24,All,App,4528,992,94,2890.44,6643.35,2.18,0.21908127208480566,0.09475806451612903,2.2983870967741935
775294,Referral Program,2024-01-24,Inactive,SMS,4672,675,22,1475.71,8973.73,2.83,0.1444777397260274,0.03259259259259259,6.080957640728869
144186,New User Discount,2024-01-23,New Users,Email,2467,372,88,3584.36,5519.34,3.88,0.15079043372517228,0.23655913978494625,1.539839748239574
911657,Weekend Special,2024-01-23,Premium,Email,1429,352,36,1141.99,9029.82,1.94,0.2463261021693492,0.10227272727272728,7.907092006059598
685193,Festival Offer,2024-01-23,New Users,SMS,5627,455,24,1870.2,5724.79,2.83,0.08086013861738049,0.05274725274725275,3.0610576408940218
150268,Flash Sale,2024-01-23,All,SMS,6844,221,48,1468.16,4959.62,3.19,0.03229105786090006,0.2171945701357466,3.3781195510026154
668474,Membership Drive,2024-01-23,Inactive,SMS,5088,712,74,2677.92,3455.4,3.55,0.139937106918239,0.10393258426966293,1.2903298082093566
324412,Category Promotion,2024-01-23,New Users,Social Media,3108,536,82,1999.66,2766.71,2.37,0.17245817245817247,0.15298507462686567,1.3835902103357571
904936,App Push Notification,2024-01-23,Premium,Email,3233,254,56,1140.7,5280.02,2.71,0.07856480049489638,0.2204724409448819,4.628754273691593
146007,Email Campaign,2024-01-23,New Users,App,8836,421,57,1589.0,7130.13,2.1,0.04764599366229063,0.13539192399049882,4.487180616740088
434842,Referral Program,2024-01-23,New Users,SMS,7127,674,96,4215.54,7881.17,3.98,0.09456994527851831,0.142433234421365,1.8695517063057165
76407,New User Discount,2024-01-22,New Users,Email,2288,705,22,4923.25,2398.11,2.11,0.3081293706293706,0.031205673758865248,0.4870989691768649
126544,Weekend Special,2024-01-22,Inactive,SMS,7749,489,92,3966.18,7440.33,2.93,0.06310491676345335,0.18813905930470348,1.875943603164758
193975,Festival Offer,2024-01-22,Premium,SMS,1293,211,14,3056.63,5321.67,2.22,0.16318638824439288,0.06635071090047394,1.741025246758685
779336,Flash Sale,2024-01-22,Inactive,App,9958,941,17,4860.58,2280.41,3.11,0.09449688692508536,0.018065887353878853,0.46916417382287706
57325,Membership Drive,2024-01-22,Inactive,Social Media,7439,173,30,1089.39,9691.22,2.73,0.023255813953488372,0.17341040462427745,8.896006021718575
981064,Category Promotion,2024-01-22,New Users,Social Media,7112,231,92,1103.41,7178.46,2.94,0.03248031496062992,0.39826839826839827,6.5057050416436315
58459,App Push Notification,2024-01-22,All,App,5070,203,88,4098.57,5500.96,3.76,0.040039447731755426,0.43349753694581283,1.3421656821769545
746951,Email Campaign,2024-01-22,All,Email,6888,798,66,2490.68,8226.59,3.14,0.11585365853658537,0.08270676691729323,3.3029493953458497
274731,Referral Program,2024-01-22,Inactive,SMS,6414,565,83,4303.44,6179.95,2.66,0.08808855628313066,0.14690265486725665,1.4360488353503245
702015,New User Discount,2024-01-21,Premium,Social Media,4073,698,44,4239.44,3164.85,3.12,0.1713724527375399,0.06303724928366762,0.7465254844979526
396622,Weekend Special,2024-01-21,New Users,Email,5611,901,83,4659.83,9418.14,2.92,0.16057743717697381,0.09211986681465038,2.0211338181865
424066,Festival Offer,2024-01-21,All,App,3230,749,37,2002.95,6803.4,2.92,0.23188854489164087,0.049399198931909215,3.3966898824234253
756332,Flash Sale,2024-01-21,Premium,Social Media,1711,853,57,1441.64,7532.42,3.03,0.49853886616014026,0.0668229777256741,5.2248966454870835
799847,Membership Drive,2024-01-21,Inactive,Social Media,8518,351,48,4671.6,8530.4,2.42,0.041206856069499885,0.13675213675213677,1.826012501070297
822582,Category Promotion,2024-01-21,Inactive,SMS,7045,623,94,1595.55,9828.14,3.9,0.08843151171043293,0.1508828250401284,6.1597192190780605
841684,App Push Notification,2024-01-21,Premium,App,1543,908,16,1729.1,6688.51,2.55,0.5884640311082308,0.01762114537444934,3.868203111445261
775086,Email Campaign,2024-01-21,Premium,App,4183,993,68,3528.84,3913.31,3.29,0.23738943342098973,0.06847935548841894,1.1089508166989719
754300,Referral Program,2024-01-21,Inactive,SMS,8576,122,66,2062.71,3777.19,1.85,0.014225746268656716,0.5409836065573771,1.8311784012294505
449822,New User Discount,2024-01-20,Inactive,App,3016,649,98,1709.46,5833.62,1.87,0.21518567639257294,0.1510015408320493,3.4125513319995786
312110,Weekend Special,2024-01-20,Inactive,SMS,5496,526,99,3221.52,7884.88,2.7,0.09570596797671034,0.188212927756654,2.4475651245374856
722136,Festival Offer,2024-01-20,Premium,Email,2822,925,55,1823.31,6615.58,3.97,0.32778171509567683,0.05945945945945946,3.628335280341796
844551,Flash Sale,2024-01-20,Premium,Email,4808,208,18,4854.56,3271.21,2.21,0.04326123128119801,0.08653846153846154,0.67384273754985
484254,Membership Drive,2024-01-20,All,App,5901,585,74,4356.5,2753.63,2.94,0.09913573970513473,0.1264957264957265,0.6320739125444738
117816,Category Promotion,2024-01-20,Premium,Email,5633,876,82,4289.46,4461.97,3.5,0.1555121604828688,0.09360730593607305,1.0402171835149414
175472,App Push Notification,2024-01-20,New Users,SMS,2906,596,89,4577.3,4359.12,3.78,0.2050929112181693,0.1493288590604027,0.9523343455749022
610198,Email Campaign,2024-01-20,New Users,App,7758,931,53,4293.73,5883.83,2.25,0.120005155968033,0.05692803437164339,1.3703306914966709
544595,Referral Program,2024-01-20,Inactive,Social Media,8117,646,79,1727.52,9404.79,2.13,0.07958605396082297,0.12229102167182662,5.444099055293138
79110,New User Discount,2024-01-19,All,Email,6797,933,82,1481.47,7297.06,1.62,0.13726644107694572,0.08788853161843516,4.925553673040966
61001,Weekend Special,2024-01-19,All,SMS,1823,393,38,2446.83,8409.55,2.18,0.21557871640153592,0.09669211195928754,3.4369163366478257
326662,Festival Offer,2024-01-19,All,Email,5456,563,30,4521.5,6368.59,1.66,0.10318914956011731,0.05328596802841918,1.408512661727303
127093,Flash Sale,2024-01-19,Premium,Email,5560,821,20,4933.56,5928.46,1.67,0.1476618705035971,0.024360535931790498,1.2016596534753807
350227,Membership Drive,2024-01-19,Premium,SMS,3893,407,42,3110.13,2248.77,2.51,0.1045466221423067,0.10319410319410319,0.7230469465906569
856112,Category Promotion,2024-01-19,Premium,Email,3541,203,92,1535.59,7574.02,3.35,0.057328438294267155,0.45320197044334976,4.932319173737782
894649,App Push Notification,2024-01-19,New Users,App,2282,636,42,4331.98,5993.75,3.82,0.2787028921998247,0.0660377358490566,1.3836051874662396
284835,Email Campaign,2024-01-19,New Users,Email,8116,784,78,1403.75,7632.99,2.54,0.09659931000492854,0.09948979591836735,5.437570792520035
71078,Referral Program,2024-01-19,Inactive,Social Media,7034,297,38,1826.24,3322.4,2.61,0.04222348592550469,0.12794612794612795,1.8192570527422465
741266,New User Discount,2024-01-18,New Users,SMS,6589,160,48,2490.98,9719.69,3.46,0.024282895735316435,0.3,3.9019542509373824
250629,Weekend Special,2024-01-18,New Users,SMS,4571,829,94,1837.23,3839.93,2.21,0.18136075257055348,0.11338962605548854,2.090064934711495
238928,Festival Offer,2024-01-18,Inactive,App,6696,477,86,2991.02,8294.33,3.85,0.07123655913978495,0.18029350104821804,2.773077411719079
197296,Flash Sale,2024-01-18,Inactive,Email,2875,606,28,3536.31,5894.97,2.87,0.21078260869565218,0.0462046204620462,1.666983380981871
416285,Membership Drive,2024-01-18,Premium,App,8269,212,39,3252.6,8254.13,1.77,0.025637924779296165,0.18396226415094338,2.537702145975527
501490,Category Promotion,2024-01-18,Inactive,SMS,4065,765,38,2928.03,6464.15,3.75,0.1881918819188192,0.04967320261437908,2.207678883071553
833561,App Push Notification,2024-01-18,All,SMS,1452,521,61,1017.16,3521.31,2.46,0.35881542699724517,0.11708253358925144,3.461903731959574
721672,Email Campaign,2024-01-18,New Users,SMS,5960,297,95,3195.01,5159.67,3.93,0.04983221476510067,0.31986531986531985,1.6149151332859677
630017,Referral Program,2024-01-18,Premium,SMS,6879,310,45,4306.27,3149.0,2.71,0.045064689635121384,0.14516129032258066,0.7312593032949628
932966,New User Discount,2024-01-17,All,App,7828,830,41,3179.42,5070.31,3.58,0.1060296371997956,0.04939759036144578,1.5947279692522536
854453,Weekend Special,2024-01-17,Premium,Social Media,9700,894,84,3820.86,3129.44,3.94,0.09216494845360824,0.09395973154362416,0.8190407395193752
43278,Festival Offer,2024-01-17,Inactive,App,8266,805,59,3810.12,8723.62,2.25,0.09738688603919671,0.07329192546583851,2.2895919288631332
765753,Flash Sale,2024-01-17,Premium,App,2938,793,13,1616.2,4148.32,1.81,0.26991150442477874,0.01639344262295082,2.5667120405890356
93593,Membership Drive,2024-01-17,All,Social Media,2271,303,28,1583.49,7333.4,3.24,0.1334214002642008,0.0924092409240924,4.631162811258675
951717,Category Promotion,2024-01-17,New Users,App,2396,725,25,3537.65,8547.07,3.31,0.30258764607679467,0.034482758620689655,2.41603041567142
105853,App Push Notification,2024-01-17,All,Email,4132,183,59,3234.9,7372.54,3.91,0.044288480154888676,0.3224043715846995,2.2790627221861572
687004,Email Campaign,2024-01-17,All,App,7989,719,49,3518.56,8986.91,2.29,0.08999874827888346,0.06815020862308763,2.5541443090355145
242958,Referral Program,2024-01-17,New Users,Email,8371,759,73,2316.8,3182.6,2.98,0.09067017082785808,0.09617918313570488,1.3737051104972373
148234,New User Discount,2024-01-16,New Users,SMS,2054,550,39,4818.36,4395.44,3.09,0.26777020447906524,0.07090909090909091,0.9122273968736251
222915,Weekend Special,2024-01-16,New Users,SMS,6411,720,25,3504.42,5283.15,3.77,0.11230697239120262,0.034722222222222224,1.5075675860770112
88903,Festival Offer,2024-01-16,All,Social Media,1951,673,37,2232.42,2087.52,1.77,0.34495130702203997,0.0549777117384844,0.9350928588706425
832031,Flash Sale,2024-01-16,Premium,Email,3638,158,14,2944.18,7561.4,3.3,0.0434304562946674,0.08860759493670886,2.5682532997303156
665953,Membership Drive,2024-01-16,Premium,Social Media,9972,955,22,3567.81,3200.42,3.46,0.09576815082230244,0.023036649214659685,0.8970264672165839
490812,Category Promotion,2024-01-16,All,Email,1918,308,57,3150.05,9714.45,3.52,0.16058394160583941,0.18506493506493507,3.083903430104284
447080,App Push Notification,2024-01-16,Inactive,SMS,5967,320,78,2173.06,7394.68,3.17,0.05362828892240657,0.24375,3.4028880932878063
143947,Email Campaign,2024-01-16,Inactive,SMS,2929,907,65,4402.84,3449.92,2.13,0.3096620006828269,0.07166482910694598,0.7835669704100081
855664,Referral Program,2024-01-16,All,Email,7546,128,17,1950.4,7012.29,3.76,0.016962629207527165,0.1328125,3.5953086546349464
206956,New User Discount,2024-01-15,All,App,6097,896,34,4494.18,9745.84,2.49,0.14695752009184845,0.03794642857142857,2.1685468761820843
518663,Weekend Special,2024-01-15,Inactive,Email,5560,161,34,2575.73,7750.67,3.82,0.0289568345323741,0.2111801242236025,3.0091158622992316
852534,Festival Offer,2024-01-15,Premium,App,3810,500,48,2032.86,4901.26,3.01,0.13123359580052493,0.096,2.411016990840491
274268,Flash Sale,2024-01-15,Premium,App,7052,783,49,1934.25,3134.36,1.82,0.1110323312535451,0.06257982120051085,1.620452371720305
886791,Membership Drive,2024-01-15,Premium,Social Media,4608,680,23,4207.51,9354.21,3.16,0.14756944444444445,0.033823529411764704,2.223217532459816
935956,Category Promotion,2024-01-15,New Users,App,1197,646,57,3431.85,6518.24,1.71,0.5396825396825397,0.08823529411764706,1.89933709223888
534114,App Push Notification,2024-01-15,Inactive,SMS,5579,637,48,3748.5,9011.59,1.94,0.11417816813048934,0.07535321821036106,2.4040522875816994
226117,Email Campaign,2024-01-15,Premium,Email,3658,340,58,1583.43,2837.99,3.0,0.09294696555494805,0.17058823529411765,1.7923053118862216
775591,Referral Program,2024-01-15,Inactive,SMS,2277,804,82,1871.36,7015.18,3.93,0.3530961791831357,0.10199004975124377,3.7487068228454175
248007,New User Discount,2024-01-14,Premium,App,4452,727,74,2163.57,5532.55,2.88,0.1632973944294699,0.10178817056396149,2.5571393576357595
812711,Weekend Special,2024-01-14,New Users,App,8527,629,33,1485.25,6754.76,3.66,0.07376568546968452,0.05246422893481717,4.547894293889918
861338,Festival Offer,2024-01-14,Premium,Social Media,1085,638,48,4352.75,6022.57,3.81,0.5880184331797235,0.07523510971786834,1.3836241456550455
143075,Flash Sale,2024-01-14,All,App,3921,251,99,4676.31,5020.39,3.08,0.06401428207090028,0.3944223107569721,1.0735793820341253
267079,Membership Drive,2024-01-14,New Users,Email,1147,800,99,4727.2,9748.57,3.59,0.6974716652136007,0.12375,2.062229226603486
757376,Category Promotion,2024-01-14,All,App,6406,459,52,4317.64,4416.16,1.83,0.07165157664689353,0.11328976034858387,1.0228180209558924
44684,App Push Notification,2024-01-14,Premium,SMS,2745,236,84,1456.71,7139.62,3.95,0.08597449908925318,0.3559322033898305,4.901195158954081
858661,Email Campaign,2024-01-14,New Users,App,3348,694,87,4341.3,9213.32,3.36,0.2072879330943847,0.12536023054755044,2.122249095892935
518410,Referral Program,2024-01-14,All,Social Media,1991,967,80,2373.01,3215.78,3.49,0.48568558513309895,0.0827300930713547,1.355148103042128
76427,New User Discount,2024-01-13,Premium,Email,7880,481,100,2961.8,8880.71,2.33,0.061040609137055835,0.2079002079002079,2.9984165034776145
818893,Weekend Special,2024-01-13,New Users,Social Media,9192,793,83,2186.96,8027.68,3.88,0.08627067014795474,0.10466582597730138,3.670702710611991
701915,Festival Offer,2024-01-13,New Users,App,8480,852,42,4513.72,4785.34,3.53,0.10047169811320755,0.04929577464788732,1.0601765284510336
614369,Flash Sale,2024-01-13,Inactive,Email,1970,719,13,4339.37,5347.82,3.93,0.3649746192893401,0.01808066759388039,1.2323954859806838
272335,Membership Drive,2024-01-13,Inactive,SMS,4043,795,31,2511.57,6726.25,3.8,0.19663616126638633,0.0389937106918239,2.6781057266968467
978223,Category Promotion,2024-01-13,Inactive,SMS,8307,482,20,2702.15,6900.92,3.84,0.058023353798001685,0.04149377593360996,2.553862664914975
224613,App Push Notification,2024-01-13,Inactive,Email,4425,916,77,4954.62,3670.38,2.33,0.20700564971751412,0.08406113537117904,0.7407994962277632
51032,Email Campaign,2024-01-13,Premium,App,6681,764,64,2166.84,4162.17,1.96,0.11435413860200569,0.08376963350785341,1.9208478706318879
128196,Referral Program,2024-01-13,All,SMS,3562,670,85,3034.11,2549.48,1.6,0.18809657495788884,0.12686567164179105,0.8402727653249222
44995,New User Discount,2024-01-12,New Users,App,8492,555,44,4186.96,9300.46,3.94,0.06535562882713142,0.07927927927927927,2.2212918203183216
294232,Weekend Special,2024-01-12,Inactive,SMS,4619,591,61,1647.83,2626.4,2.59,0.12794977267806884,0.10321489001692047,1.5938537349119752
781860,Festival Offer,2024-01-12,Inactive,SMS,7724,806,27,2636.78,5763.29,3.26,0.10435007767995857,0.033498759305210915,2.185730322590432
173686,Flash Sale,2024-01-12,New Users,SMS,4450,537,64,4525.12,6089.65,3.66,0.12067415730337079,0.1191806331471136,1.3457433173042925
437253,Membership Drive,2024-01-12,All,SMS,2852,691,30,1172.03,6635.22,1.88,0.2422861150070126,0.04341534008683068,5.661305597979574
948324,Category Promotion,2024-01-12,All,App,2897,304,62,4474.2,2266.26,3.44,0.10493614083534691,0.20394736842105263,0.5065173662330696
659873,App Push Notification,2024-01-12,Premium,Email,6239,748,31,1932.46,6033.74,2.85,0.11989100817438691,0.04144385026737968,3.1223104229841754
159637,Email Campaign,2024-01-12,New Users,Social Media,8523,144,15,1325.84,2892.64,3.28,0.01689545934530095,0.10416666666666667,2.181741386592651
575395,Referral Program,2024-01-12,All,SMS,8578,186,47,3093.53,6806.45,2.93,0.02168337607833994,0.25268817204301075,2.200221106632229
449505,New User Discount,2024-01-11,New Users,Email,3360,755,35,4270.82,3158.53,2.5,0.22470238095238096,0.046357615894039736,0.7395605527744088
619450,Weekend Special,2024-01-11,Premium,App,2205,527,68,4274.75,6006.35,3.1,0.23900226757369614,0.12903225806451613,1.4050763202526464
409830,Festival Offer,2024-01-11,All,Social Media,8916,261,67,4814.17,3469.35,1.98,0.029273216689098252,0.2567049808429119,0.7206538198692609
162569,Flash Sale,2024-01-11,All,Email,1558,727,44,4378.59,3603.04,1.51,0.46662387676508343,0.06052269601100413,0.8228767708326196
220343,Membership Drive,2024-01-11,New Users,Social Media,9777,994,81,2607.38,2976.85,1.52,0.10166717807098292,0.08148893360160966,1.1417016315228312
655868,Category Promotion,2024-01-11,New Users,Email,4756,670,61,3510.33,8818.44,1.84,0.14087468460891506,0.09104477611940298,2.512139884284384
834878,App Push Notification,2024-01-11,Inactive,Social Media,8843,119,66,3009.34,6421.91,3.59,0.013456971615967431,0.5546218487394958,2.133992835638379
666226,Email Campaign,2024-01-11,Inactive,SMS,8860,652,56,1130.97,7607.6,2.3,0.07358916478555305,0.08588957055214724,6.726615206415731
122657,Referral Program,2024-01-11,Premium,Email,9941,581,23,2706.39,6117.85,2.18,0.0584448244643396,0.039586919104991396,2.2605204719201595
502983,New User Discount,2024-01-10,Premium,SMS,7561,705,53,4855.26,3785.19,2.92,0.09324163470440418,0.075177304964539,0.7796060355161206
523873,Weekend Special,2024-01-10,All,Social Media,7517,987,36,1103.93,9178.13,3.58,0.13130238126912333,0.0364741641337386,8.31405070973703
404103,Festival Offer,2024-01-10,New Users,SMS,1581,156,74,1592.22,7511.57,1.61,0.09867172675521822,0.47435897435897434,4.71767092487219
670150,Flash Sale,2024-01-10,All,Social Media,4446,715,79,3601.41,4563.55,2.28,0.1608187134502924,0.11048951048951049,1.267156474825138
157866,Membership Drive,2024-01-10,New Users,App,3538,940,75,2515.83,2474.8,1.79,0.26568682871678917,0.0797872340425532,0.9836912668980019
281799,Category Promotion,2024-01-10,Premium,Email,5565,826,50,3425.01,2359.65,2.32,0.14842767295597484,0.06053268765133172,0.6889468935857122
382622,App Push Notification,2024-01-10,Inactive,App,3799,124,32,3938.6,4018.14,3.07,0.03264016846538563,0.25806451612903225,1.0201949931447722
81600,Email Campaign,2024-01-10,New Users,SMS,1146,912,12,1156.31,3865.04,2.38,0.7958115183246073,0.013157894736842105,3.3425638453355937
984295,Referral Program,2024-01-10,Inactive,App,5875,862,93,4067.05,2316.31,3.25,0.14672340425531916,0.10788863109048724,0.569530740954746
156487,New User Discount,2024-01-09,Inactive,Email,7131,875,58,3953.57,7849.28,3.75,0.122703688122283,0.06628571428571428,1.9853651256965221
11880,Weekend Special,2024-01-09,All,Email,3636,928,11,2470.75,4370.14,1.91,0.2552255225522552,0.011853448275862068,1.7687503794394417
688485,Festival Offer,2024-01-09,All,App,5281,813,53,4381.33,4480.57,3.0,0.15394811588714258,0.06519065190651907,1.0226506563075595
541350,Flash Sale,2024-01-09,Premium,SMS,2203,537,49,4260.69,3319.63,2.46,0.24375851112119837,0.09124767225325885,0.7791296714851351
788073,Membership Drive,2024-01-09,New Users,SMS,3206,966,18,1761.0,9793.61,1.73,0.30131004366812225,0.018633540372670808,5.561391254968768
575835,Category Promotion,2024-01-09,All,SMS,5362,574,62,2139.28,6182.96,3.18,0.10704960835509138,0.10801393728222997,2.890206050633858
747767,App Push Notification,2024-01-09,Premium,SMS,4988,380,36,4806.84,5281.03,2.24,0.07618283881315156,0.09473684210526316,1.0986490084962262
358975,Email Campaign,2024-01-09,New Users,App,1834,145,53,2638.64,9436.54,3.17,0.07906215921483097,0.36551724137931035,3.576289300548768
192859,Referral Program,2024-01-09,All,Email,2207,429,37,2387.57,8605.8,2.93,0.19438151336656095,0.08624708624708624,3.60441788094171
586559,New User Discount,2024-01-08,All,App,1147,445,38,3395.67,7007.7,1.8,0.38796861377506536,0.0853932584269663,2.063716438876569
238012,Weekend Special,2024-01-08,New Users,Social Media,5475,903,15,3458.33,8524.98,2.0,0.16493150684931507,0.016611295681063124,2.465056833789719
343938,Festival Offer,2024-01-08,All,App,9741,501,16,4204.28,3376.62,2.88,0.05143209116107176,0.031936127744510975,0.8031387062707527
233812,Flash Sale,2024-01-08,Premium,Social Media,3047,615,31,1271.59,3204.38,2.84,0.20183787331801772,0.05040650406504065,2.519978924024253
845702,Membership Drive,2024-01-08,Inactive,Social Media,2281,320,35,2061.99,3994.19,1.81,0.14028934677772906,0.109375,1.9370559508048053
299375,Category Promotion,2024-01-08,Premium,App,9049,928,59,3500.7,5723.33,3.59,0.10255276826168637,0.06357758620689655,1.6349101608249779
509948,App Push Notification,2024-01-08,Premium,Social Media,2811,269,56,4101.46,7448.05,2.37,0.09569548203486304,0.20817843866171004,1.8159509052873855
633839,Email Campaign,2024-01-08,All,SMS,2877,231,52,4293.35,3378.49,3.57,0.08029197080291971,0.22510822510822512,0.7869123178869646
666791,Referral Program,2024-01-08,New Users,SMS,9125,939,96,2145.45,7722.57,3.5,0.1029041095890411,0.10223642172523961,3.5995105921834583
66016,New User Discount,2024-01-07,New Users,Social Media,3114,145,40,3548.01,2065.71,3.75,0.04656390494540784,0.27586206896551724,0.5822165101000278
627863,Weekend Special,2024-01-07,Premium,App,1467,969,27,2726.89,6698.39,3.48,0.6605316973415133,0.02786377708978328,2.456421051087503
152369,Festival Offer,2024-01-07,Premium,Social Media,7811,862,77,2589.32,7710.36,2.32,0.1103571885802074,0.08932714617169374,2.977754777316052
430194,Flash Sale,2024-01-07,New Users,App,3777,840,89,1496.57,2241.58,3.59,0.22239872915011913,0.10595238095238095,1.4978116626686355
434732,Membership Drive,2024-01-07,All,App,5932,419,89,4320.6,4126.88,3.66,0.07063385030343898,0.21241050119331742,0.9551636346803685
59157,Category Promotion,2024-01-07,All,App,6797,587,97,3058.87,2304.46,3.04,0.08636163013094011,0.16524701873935263,0.7533697084217374
951586,App Push Notification,2024-01-07,All,SMS,6959,720,20,3369.11,3604.87,2.21,0.10346314125592758,0.027777777777777776,1.0699769375294959
636480,Email Campaign,2024-01-07,Inactive,SMS,6623,649,30,3997.94,8797.88,2.53,0.09799184659519855,0.046224961479198766,2.200603310705013
54353,Referral Program,2024-01-07,All,Social Media,2788,233,75,2217.59,7554.83,2.72,0.08357245337159254,0.3218884120171674,3.4067749223255874
396960,New User Discount,2024-01-06,Premium,App,6306,733,63,2035.91,9527.95,3.21,0.1162385030130035,0.08594815825375171,4.679946559523751
309714,Weekend Special,2024-01-06,Premium,App,1034,467,41,2209.12,2445.67,1.69,0.45164410058027077,0.08779443254817987,1.107078836821902
403530,Festival Offer,2024-01-06,All,App,9845,735,49,3503.85,8850.87,1.51,0.07465718638902996,0.06666666666666667,2.5260413545100393
465804,Flash Sale,2024-01-06,New Users,Social Media,6628,346,77,2418.62,3591.11,1.77,0.05220277610138805,0.22254335260115607,1.4847764427648826
318200,Membership Drive,2024-01-06,New Users,SMS,8225,404,45,4561.73,7726.56,2.79,0.04911854103343465,0.11138613861386139,1.6937784568573768
352736,Category Promotion,2024-01-06,Inactive,App,7538,159,63,1135.21,6872.38,3.31,0.021093128150703105,0.39622641509433965,6.0538402586305615
15274,App Push Notification,2024-01-06,Inactive,Social Media,6352,106,23,2355.63,5374.33,2.77,0.016687657430730477,0.2169811320754717,2.2814830852043824
738748,Email Campaign,2024-01-06,Inactive,SMS,6854,700,70,1715.19,8419.27,2.38,0.10213014298220018,0.1,4.908651519656715
767570,Referral Program,2024-01-06,Premium,Social Media,4963,313,44,2476.22,2533.2,2.29,0.06306669353213781,0.14057507987220447,1.0230108794856676
573627,New User Discount,2024-01-05,New Users,SMS,3475,300,100,3927.42,9820.65,1.59,0.08633093525179857,0.3333333333333333,2.500534702170891
168394,Weekend Special,2024-01-05,New Users,Social Media,3243,732,28,1548.02,3635.64,3.77,0.22571692876965774,0.03825136612021858,2.3485743078254804
840300,Festival Offer,2024-01-05,All,App,5447,243,76,2623.48,3409.45,2.65,0.04461171286946943,0.31275720164609055,1.2995906200923963
466430,Flash Sale,2024-01-05,New Users,SMS,1933,743,80,3073.09,5348.34,1.99,0.3843766166580445,0.10767160161507403,1.740378576611814
352001,Membership Drive,2024-01-05,Premium,App,2692,753,27,2796.51,3305.01,2.64,0.2797176820208024,0.035856573705179286,1.181833785682869
179831,Category Promotion,2024-01-05,Premium,SMS,7654,899,74,1960.11,8611.94,3.02,0.1174549255291351,0.08231368186874305,4.393600359163517
781963,App Push Notification,2024-01-05,Premium,App,2360,615,84,2401.54,8749.45,1.66,0.2605932203389831,0.13658536585365855,3.643266404057397
19099,Email Campaign,2024-01-05,Premium,App,5257,619,29,3597.16,7778.16,3.47,0.11774776488491535,0.046849757673667204,2.1623058190350166
581816,Referral Program,2024-01-05,Premium,SMS,2033,652,45,4225.84,2348.98,1.95,0.3207083128381702,0.06901840490797546,0.5558610832402552
574823,New User Discount,2024-01-04,Inactive,Email,8540,148,27,3498.87,4227.69,3.25,0.017330210772833723,0.18243243243243243,1.2083015373534884
207011,Weekend Special,2024-01-04,Premium,SMS,3841,389,98,4848.66,5918.23,3.35,0.10127570945066389,0.2519280205655527,1.2205908436557729
131357,Festival Offer,2024-01-04,All,Social Media,3322,244,27,3424.0,2855.59,3.54,0.07344972907886815,0.11065573770491803,0.8339924065420561
501651,Flash Sale,2024-01-04,All,App,4671,346,66,4395.49,7656.24,1.67,0.07407407407407407,0.1907514450867052,1.7418399313842143
974303,Membership Drive,2024-01-04,New Users,Email,1331,396,49,3411.51,2277.8,2.34,0.2975206611570248,0.12373737373737374,0.6676808803139959
281943,Category Promotion,2024-01-04,All,Social Media,6146,277,63,2005.42,4961.34,1.65,0.04506996420436056,0.22743682310469315,2.4739655533504203
600143,App Push Notification,2024-01-04,All,App,5320,417,64,2912.93,2117.06,3.79,0.07838345864661654,0.15347721822541965,0.7267802521859433
198302,Email Campaign,2024-01-04,New Users,SMS,8223,382,72,1307.97,3665.13,2.6,0.04645506506141311,0.18848167539267016,2.8021514254914104
782574,Referral Program,2024-01-04,New Users,SMS,8052,333,80,3357.57,8042.29,3.61,0.041356184798807746,0.24024024024024024,2.3952709846704607
83011,New User Discount,2024-01-03,All,Social Media,9975,206,11,4614.63,4522.82,2.93,0.020651629072681706,0.05339805825242718,0.9801045804322339
900420,Weekend Special,2024-01-03,Premium,SMS,8409,441,29,1061.51,3493.54,2.58,0.05244381020335355,0.06575963718820861,3.291104181778787
153041,Festival Offer,2024-01-03,All,App,7594,148,66,1012.35,3175.29,2.19,0.019489070318672638,0.44594594594594594,3.1365535634908874
250530,Flash Sale,2024-01-03,New Users,Email,2212,267,96,3401.14,5041.08,3.33,0.12070524412296564,0.3595505617977528,1.4821736241377892
904757,Membership Drive,2024-01-03,Inactive,Social Media,2617,442,94,1643.99,6545.12,3.33,0.16889568207871608,0.21266968325791855,3.9812407618051204
838753,Category Promotion,2024-01-03,Premium,Social Media,7658,271,57,4709.86,4842.85,1.89,0.03538782972055367,0.21033210332103322,1.0282365080915359
965694,App Push Notification,2024-01-03,All,SMS,7131,854,57,3485.89,3251.54,2.54,0.1197587996073482,0.06674473067915691,0.9327718315838996
132692,Email Campaign,2024-01-03,New Users,SMS,6085,248,25,1689.83,2465.95,3.47,0.04075595727198028,0.10080645161290322,1.459288804199239
516024,Referral Program,2024-01-03,All,SMS,4253,748,72,4412.96,3230.86,2.36,0.17587585233952505,0.0962566844919786,0.732129908270186
143826,New User Discount,2024-01-02,Inactive,Social Media,2625,526,90,1721.76,4876.46,3.42,0.20038095238095238,0.17110266159695817,2.8322530433974538
278905,Weekend Special,2024-01-02,Premium,Email,7932,318,64,3528.86,6951.94,2.4,0.040090771558245086,0.20125786163522014,1.9700243138010574
622100,Festival Offer,2024-01-02,All,Social Media,2933,716,63,3389.02,6573.57,2.13,0.24411864984657347,0.08798882681564246,1.9396669243616147
999371,Flash Sale,2024-01-02,All,Email,8809,139,83,4272.45,7206.68,2.46,0.01577931660801453,0.5971223021582733,1.6867792484405904
200302,Membership Drive,2024-01-02,Premium,Social Media,4972,400,34,3664.76,4329.35,2.21,0.08045052292839903,0.085,1.1813461181632632
413863,Category Promotion,2024-01-02,Premium,Email,5846,293,37,2628.26,2143.92,3.59,0.05011973999315771,0.12627986348122866,0.8157183840259334
86408,App Push Notification,2024-01-02,All,App,3339,961,70,2724.52,6289.95,2.42,0.28781072177298594,0.07284079084287201,2.308645192547678
123130,Email Campaign,2024-01-02,Premium,Social Media,6254,133,38,4809.77,2055.27,3.46,0.021266389510713142,0.2857142857142857,0.4273114930651569
98542,Referral Program,2024-01-02,All,SMS,9575,784,36,2989.16,9439.46,2.7,0.0818798955613577,0.04591836734693878,3.1578972018894937
618257,New User Discount,2024-01-01,Premium,Social Media,1032,375,31,1112.6,8935.66,2.51,0.3633720930232558,0.08266666666666667,8.031332015099768
832518,Weekend Special,2024-01-01,New Users,Social Media,3978,771,56,2417.18,6432.03,1.93,0.193815987933635,0.07263294422827497,2.6609644296246038
550199,Festival Offer,2024-01-01,New Users,Social Media,5161,166,78,3217.29,8821.81,2.52,0.032164309242394884,0.46987951807228917,2.74200025487289
558674,Flash Sale,2024-01-01,Inactive,Social Media,3918,207,31,3308.92,6660.71,2.1,0.052833078101071976,0.1497584541062802,2.0129558889305272
44051,Membership Drive,2024-01-01,All,App,1592,229,93,3678.47,7387.45,1.52,0.14384422110552764,0.40611353711790393,2.008294209277227
360798,Category Promotion,2024-01-01,Inactive,Email,1301,553,11,3686.46,4347.27,2.08,0.4250576479631053,0.019891500904159132,1.179253267362185
172026,App Push Notification,2024-01-01,All,Social Media,6136,246,98,1393.72,4009.31,1.69,0.040091264667535854,0.3983739837398374,2.876696897511695
967101,Email Campaign,2024-01-01,New Users,Email,8076,262,32,1191.64,5283.69,2.08,0.032441802872709265,0.12213740458015267,4.433964955859151
406101,Referral Program,2024-01-01,Inactive,App,1411,166,17,1980.18,4767.67,2.68,0.11764705882352941,0.10240963855421686,2.407695260026866
755869,New User Discount,2023-12-31,Inactive,Email,4454,963,87,3009.29,3120.65,1.62,0.21621014818140996,0.09034267912772585,1.0370054065909236
989367,Weekend Special,2023-12-31,All,Email,5322,462,44,4288.08,5955.59,3.3,0.08680947012401354,0.09523809523809523,1.388871009869219
959183,Festival Offer,2023-12-31,Inactive,SMS,6997,403,81,2755.1,7493.42,3.9,0.057596112619694155,0.20099255583126552,2.719835940619215
389881,Flash Sale,2023-12-31,Premium,Email,2430,136,35,1540.98,6278.88,1.61,0.05596707818930041,0.25735294117647056,4.0746018767277965
337940,Membership Drive,2023-12-31,Inactive,Social Media,1778,582,58,2383.12,6399.35,1.85,0.32733408323959506,0.09965635738831616,2.6852823189768036
878745,Category Promotion,2023-12-31,New Users,Email,1529,101,36,1781.97,6723.1,1.72,0.06605624591236102,0.3564356435643564,3.7728469053912246
329676,App Push Notification,2023-12-31,Inactive,Social Media,8176,814,27,4166.48,3199.17,2.7,0.09955968688845401,0.033169533169533166,0.7678351990169161
9609,Email Campaign,2023-12-31,Premium,SMS,6133,116,81,1402.0,6264.58,3.42,0.018914071416924833,0.6982758620689655,4.468316690442225
315016,Referral Program,2023-12-31,New Users,SMS,1583,338,43,3710.9,6712.55,3.53,0.21351863550221098,0.12721893491124261,1.8088738580937238
759871,New User Discount,2023-12-30,New Users,Email,4332,147,64,2903.1,3716.52,1.8,0.03393351800554017,0.43537414965986393,1.2801901415728014
202727,Weekend Special,2023-12-30,Inactive,Email,9539,778,34,4594.74,9711.07,2.24,0.08155991194045498,0.043701799485861184,2.113518936871292
810235,Festival Offer,2023-12-30,Inactive,Social Media,6145,309,95,4262.3,6253.08,1.72,0.05028478437754272,0.3074433656957929,1.4670670764610656
187197,Flash Sale,2023-12-30,All,App,2692,294,38,3682.11,6524.92,1.89,0.10921248142644874,0.1292517006802721,1.7720600416608954
723351,Membership Drive,2023-12-30,Inactive,Social Media,7855,539,19,2192.7,2267.44,3.84,0.0686187141947804,0.03525046382189239,1.034085830254937
850537,Category Promotion,2023-12-30,New Users,App,9364,133,96,4916.24,4778.68,3.22,0.01420333190944041,0.7218045112781954,0.9720192667567085
414575,App Push Notification,2023-12-30,Inactive,Email,6605,554,53,2873.96,2394.82,3.0,0.08387585162755488,0.09566787003610108,0.8332823003799635
502922,Email Campaign,2023-12-30,Inactive,Social Media,8177,738,100,4570.5,7674.97,2.87,0.09025314907667849,0.13550135501355012,1.6792407832841045
957549,Referral Program,2023-12-30,Inactive,App,6306,683,10,3562.6,4430.11,2.87,0.10830954646368537,0.014641288433382138,1.243504743726492
296457,New User Discount,2023-12-29,Premium,SMS,6308,551,39,1429.17,7743.41,3.2,0.08734939759036145,0.07078039927404718,5.418116809057005
113949,Weekend Special,2023-12-29,New Users,Social Media,7249,771,77,3512.29,4165.5,2.62,0.10635949786177404,0.09987029831387809,1.1859783787785176
875277,Festival Offer,2023-12-29,Inactive,Social Media,7881,887,39,3743.1,7712.71,2.03,0.11254916888719706,0.043968432919954906,2.0605140124495738
6811,Flash Sale,2023-12-29,New Users,Social Media,1440,315,21,2243.75,3967.38,3.98,0.21875,0.06666666666666667,1.768191643454039
591307,Membership Drive,2023-12-29,New Users,SMS,8743,560,16,1784.6,6583.0,1.51,0.06405124099279423,0.02857142857142857,3.6887817998431025
429132,Category Promotion,2023-12-29,Premium,SMS,4044,631,14,1043.09,2825.34,2.86,0.15603363006923837,0.022187004754358162,2.7086253343431537
355919,App Push Notification,2023-12-29,All,SMS,3076,958,16,2064.76,7863.81,2.85,0.31144343302990896,0.016701461377870562,3.8085830798736895
536930,Email Campaign,2023-12-29,All,Social Media,9647,418,60,1685.59,6677.51,1.74,0.043329532497149374,0.14354066985645933,3.9615268244353614
162944,Referral Program,2023-12-29,Inactive,App,7861,118,94,4667.93,7921.14,2.87,0.015010812873680193,0.7966101694915254,1.6969277602706123
748393,New User Discount,2023-12-28,All,SMS,3346,715,26,2621.58,3526.93,2.84,0.21368798565451286,0.03636363636363636,1.3453451735213116
290761,Weekend Special,2023-12-28,New Users,SMS,4255,422,54,3435.16,7833.63,3.84,0.0991774383078731,0.12796208530805686,2.2804265303508426
449695,Festival Offer,2023-12-28,All,App,6696,381,92,3610.94,5311.08,2.16,0.056899641577060935,0.24146981627296588,1.4708303101131561
565467,Flash Sale,2023-12-28,Inactive,App,2703,519,76,1225.7,7143.82,2.65,0.19200887902330743,0.1464354527938343,5.828359304887003
14906,Membership Drive,2023-12-28,All,Email,4022,223,38,1064.94,4489.99,2.77,0.055445052212829436,0.17040358744394618,4.216190583507052
94715,Category Promotion,2023-12-28,All,Social Media,6228,872,27,3911.26,7865.22,3.79,0.14001284521515736,0.03096330275229358,2.010917198038484
580306,App Push Notification,2023-12-28,All,Email,6554,417,36,2029.44,5981.06,1.9,0.06362526701251145,0.08633093525179857,2.9471479817092403
472481,Email Campaign,2023-12-28,All,Email,2606,845,68,4981.87,2038.51,2.0,0.32425172678434383,0.08047337278106509,0.40918570737494153
709602,Referral Program,2023-12-28,Inactive,SMS,9518,804,85,2816.37,3937.57,3.83,0.08447152763185543,0.10572139303482588,1.3981011017728495
692048,New User Discount,2023-12-27,Premium,Email,7969,705,89,4166.02,5543.05,2.92,0.08846781277450119,0.12624113475177304,1.330538499575134
544266,Weekend Special,2023-12-27,Premium,SMS,8390,775,41,2891.23,4558.16,2.02,0.09237187127532777,0.05290322580645161,1.5765470059455664
50477,Festival Offer,2023-12-27,Inactive,Social Media,2529,173,57,1498.67,8971.7,2.73,0.06840648477659154,0.32947976878612717,5.986441311296016
332981,Flash Sale,2023-12-27,Premium,App,6525,627,46,2183.05,9898.73,3.3,0.09609195402298851,0.0733652312599681,4.534357893772474
365732,Membership Drive,2023-12-27,Inactive,Email,7506,246,53,4493.88,5616.31,3.92,0.032773780975219824,0.21544715447154472,1.2497685741497326
574973,Category Promotion,2023-12-27,New Users,App,1579,709,13,3975.73,7671.56,1.59,0.4490183660544648,0.018335684062059238,1.9295978348630316
858673,App Push Notification,2023-12-27,Inactive,Social Media,5044,385,34,2412.3,7470.48,2.23,0.07632831086439335,0.08831168831168831,3.096828752642706
941043,Email Campaign,2023-12-27,Premium,SMS,3189,706,22,3897.36,8720.8,3.43,0.2213860144245845,0.031161473087818695,2.237617258862409
61298,Referral Program,2023-12-27,All,Social Media,6737,437,60,1121.22,2554.5,2.46,0.06486566721092474,0.13729977116704806,2.2783218280087763
788,New User Discount,2023-12-26,Premium,Email,3595,994,71,2896.44,4004.21,3.55,0.2764951321279555,0.07142857142857142,1.3824591567579512
342817,Weekend Special,2023-12-26,Inactive,App,5120,978,86,3253.05,8938.33,2.38,0.191015625,0.08793456032719836,2.7476767956225694
131109,Festival Offer,2023-12-26,Premium,Social Media,6471,322,49,1730.66,5117.01,2.15,0.0497604697882862,0.15217391304347827,2.956681266106572
317422,Flash Sale,2023-12-26,All,Email,2477,770,46,3274.94,9186.13,1.7,0.31085991118288253,0.05974025974025974,2.8049765797235975
792614,Membership Drive,2023-12-26,Inactive,Email,2084,451,21,4840.43,5095.39,3.37,0.21641074856046066,0.04656319290465632,1.0526730063238183
975514,Category Promotion,2023-12-26,New Users,Social Media,5129,546,89,2580.51,4589.79,2.2,0.10645349970754533,0.163003663003663,1.77863678110141
242687,App Push Notification,2023-12-26,Premium,SMS,1942,501,93,2606.09,4028.84,1.83,0.25798146240988673,0.18562874251497005,1.545932795874279
617434,Email Campaign,2023-12-26,Inactive,Email,1276,244,90,3062.6,5647.17,1.8,0.19122257053291536,0.36885245901639346,1.8439136681251225
358896,Referral Program,2023-12-26,Premium,Social Media,4060,324,82,2780.78,2556.13,2.31,0.07980295566502463,0.25308641975308643,0.9192133142499587
558662,New User Discount,2023-12-25,Premium,App,8915,253,100,4241.64,2902.99,2.69,0.02837913628715648,0.3952569169960474,0.684402731019134
328403,Weekend Special,2023-12-25,Premium,Social Media,2902,828,10,4458.85,3397.63,2.83,0.28532046864231564,0.012077294685990338,0.7619969274588739
385595,Festival Offer,2023-12-25,All,SMS,3688,962,51,1656.82,6203.09,3.38,0.2608459869848156,0.05301455301455302,3.7439733948165768
356347,Flash Sale,2023-12-25,All,App,2747,277,72,2618.31,8602.23,3.09,0.10083727702948671,0.259927797833935,3.285413109983157
796779,Membership Drive,2023-12-25,Inactive,Email,6180,437,40,2309.24,3617.5,2.57,0.07071197411003237,0.09153318077803203,1.5665327120611112
203939,Category Promotion,2023-12-25,Premium,Social Media,4693,899,21,4676.87,8564.24,2.8,0.19156190070317494,0.02335928809788654,1.8311905184450283
952318,App Push Notification,2023-12-25,All,Social Media,8624,213,51,3113.8,5772.78,1.84,0.02469851576994434,0.23943661971830985,1.8539340998137321
600054,Email Campaign,2023-12-25,Inactive,SMS,9964,714,72,1392.57,6067.95,3.93,0.07165796868727418,0.10084033613445378,4.357375212736164
882690,Referral Program,2023-12-25,New Users,SMS,8247,113,50,3112.89,8878.47,2.2,0.013701952225051535,0.4424778761061947,2.852163102454632
93562,New User Discount,2023-12-24,New Users,Social Media,2724,946,56,2386.53,8934.65,2.1,0.3472834067547724,0.05919661733615222,3.7437828143790353
204854,Weekend Special,2023-12-24,New Users,Email,5939,984,27,1259.57,3119.74,1.67,0.1656844586630746,0.027439024390243903,2.4768293941583237
146885,Festival Offer,2023-12-24,Inactive,Social Media,6207,211,70,1265.65,2971.38,2.62,0.03399387787981312,0.33175355450236965,2.347710662505432
11123,Flash Sale,2023-12-24,All,App,4095,917,10,3467.8,9097.29,1.96,0.22393162393162394,0.010905125408942203,2.623360632101044
96308,Membership Drive,2023-12-24,Premium,SMS,7414,190,42,4707.97,9129.51,2.08,0.025627191799298624,0.22105263157894736,1.9391606148722274
683776,Category Promotion,2023-12-24,Inactive,Email,4423,565,33,3755.46,5239.72,2.14,0.12774135202351344,0.0584070796460177,1.395227215840403
828029,App Push Notification,2023-12-24,Inactive,Social Media,4555,554,89,2051.76,5942.34,2.27,0.12162458836443468,0.16064981949458484,2.8962159316879164
935917,Email Campaign,2023-12-24,New Users,SMS,1873,807,95,1819.97,7403.33,1.58,0.43085958355579285,0.11771995043370508,4.067830788419589
165276,Referral Program,2023-12-24,All,App,8708,197,93,1661.64,2127.18,3.11,0.022622875516766193,0.4720812182741117,1.2801689896728532
761155,New User Discount,2023-12-23,New Users,SMS,7574,964,83,4732.98,9291.31,3.94,0.12727752838658568,0.08609958506224066,1.9630993581210991
659615,Weekend Special,2023-12-23,Premium,Email,7406,225,21,1983.16,5949.39,3.22,0.030380772346745882,0.09333333333333334,2.999954617882571
168803,Festival Offer,2023-12-23,Premium,Email,4390,900,67,1047.34,6464.03,2.08,0.20501138952164008,0.07444444444444444,6.171854412129776
904535,Flash Sale,2023-12-23,Premium,App,6364,374,76,1919.31,5543.2,1.6,0.058768070395977375,0.20320855614973263,2.8881212519082378
935353,Membership Drive,2023-12-23,All,App,4522,479,41,3667.51,9685.64,3.72,0.1059265811587793,0.08559498956158663,2.640930767741601
616855,Category Promotion,2023-12-23,New Users,Email,7652,291,78,2503.67,7073.24,3.97,0.038029273392577105,0.26804123711340205,2.8251486817352127
604479,App Push Notification,2023-12-23,Inactive,Email,3988,581,16,1534.99,8282.28,1.97,0.14568706118355065,0.027538726333907058,5.395657300699027
765209,Email Campaign,2023-12-23,All,Social Media,9164,354,11,3572.93,6815.44,2.53,0.03862941946748145,0.031073446327683617,1.9075212780547057
408037,Referral Program,2023-12-23,Premium,App,7433,545,73,2160.66,3496.4,2.73,0.07332167361765102,0.13394495412844037,1.618209250877047
761531,New User Discount,2023-12-22,All,Social Media,6773,711,23,1431.87,5049.63,2.02,0.10497563856489,0.03234880450070324,3.526598085021685
499253,Weekend Special,2023-12-22,Premium,SMS,8451,781,20,1577.17,4973.89,3.29,0.09241509880487517,0.02560819462227913,3.153680326153807
440818,Festival Offer,2023-12-22,Premium,SMS,1554,603,93,1735.96,2547.85,2.37,0.38803088803088803,0.15422885572139303,1.4676893476808222
752665,Flash Sale,2023-12-22,New Users,Email,8931,358,43,2348.19,9634.47,2.04,0.040085096853655806,0.12011173184357542,4.102934600692448
262602,Membership Drive,2023-12-22,Inactive,SMS,6703,924,33,3383.88,5083.82,2.47,0.13784872445173801,0.03571428571428571,1.5023641500289606
242175,Category Promotion,2023-12-22,All,Email,9066,388,31,1543.89,5396.61,1.88,0.042797264504743,0.07989690721649484,3.4954627596525656
352482,App Push Notification,2023-12-22,All,Email,1054,802,50,2613.86,3259.64,3.37,0.7609108159392789,0.06234413965087282,1.2470599037438883
116113,Email Campaign,2023-12-22,Inactive,App,5217,152,60,4572.39,7909.83,1.76,0.029135518497220625,0.39473684210526316,1.7299114904896562
979857,Referral Program,2023-12-22,Inactive,App,1151,842,49,1355.58,3543.75,3.31,0.731537793223284,0.05819477434679335,2.614194662063471
406279,New User Discount,2023-12-21,Premium,SMS,6516,309,87,4093.01,9386.39,2.72,0.04742173112338858,0.2815533980582524,2.2932731657142296
684169,Weekend Special,2023-12-21,All,Email,5446,340,35,3499.66,9127.65,3.78,0.06243114212265883,0.10294117647058823,2.608153363469594
172626,Festival Offer,2023-12-21,Premium,Email,2884,201,42,1895.05,9185.97,2.61,0.06969486823855756,0.208955223880597,4.8473496741510775
992240,Flash Sale,2023-12-21,Premium,Social Media,9767,823,70,3887.63,2147.45,1.68,0.0842633357223303,0.0850546780072904,0.5523802419468931
484927,Membership Drive,2023-12-21,Premium,SMS,2382,932,12,1499.99,9226.71,3.17,0.39126784214945426,0.012875536480686695,6.151181007873385
231048,Category Promotion,2023-12-21,All,Social Media,5295,563,13,4285.35,9792.35,2.9,0.10632672332389047,0.023090586145648313,2.2850758981180066
610154,App Push Notification,2023-12-21,New Users,SMS,3061,145,22,2829.46,4528.99,3.73,0.04737014047696831,0.15172413793103448,1.6006552487046997
665642,Email Campaign,2023-12-21,Inactive,SMS,6732,548,78,4274.51,5277.18,3.98,0.0814022578728461,0.14233576642335766,1.234569576395891
642895,Referral Program,2023-12-21,Premium,Email,9784,753,92,1245.53,6608.72,3.13,0.07696238757154537,0.12217795484727756,5.305950077477059
397247,New User Discount,2023-12-20,Premium,Social Media,5103,405,35,4506.66,7648.1,1.61,0.07936507936507936,0.08641975308641975,1.6970661199202959
233932,Weekend Special,2023-12-20,New Users,Social Media,4361,697,45,1764.88,9511.03,3.37,0.1598257280440266,0.06456241032998565,5.3890519468745754
994061,Festival Offer,2023-12-20,Inactive,Email,2738,745,65,4044.68,9632.1,3.84,0.2720964207450694,0.087248322147651,2.3814244884638587
456276,Flash Sale,2023-12-20,Inactive,SMS,5544,107,24,3753.59,2325.22,2.54,0.0193001443001443,0.22429906542056074,0.6194656315687115
912737,Membership Drive,2023-12-20,Inactive,Email,3158,794,52,4416.2,2642.85,2.41,0.25142495250158325,0.0654911838790932,0.5984443639327929
90342,Category Promotion,2023-12-20,All,Social Media,3669,806,77,3066.77,4680.02,3.37,0.21967838648133006,0.09553349875930521,1.526042057278505
381935,App Push Notification,2023-12-20,All,App,6180,240,48,2482.03,6825.68,1.96,0.038834951456310676,0.2,2.750039282361615
823153,Email Campaign,2023-12-20,New Users,App,3680,250,47,3972.33,8910.03,1.57,0.06793478260869565,0.188,2.2430236158627306
842159,Referral Program,2023-12-20,Inactive,SMS,5594,121,83,1417.7,6288.79,1.72,0.02163031819806936,0.6859504132231405,4.435910277209564
424369,New User Discount,2023-12-19,Inactive,SMS,5282,418,27,1237.0,6933.85,1.69,0.07913669064748201,0.0645933014354067,5.605375909458368
524236,Weekend Special,2023-12-19,Premium,Social Media,5709,373,89,1467.33,4489.21,3.99,0.0653354352776318,0.2386058981233244,3.0594412981401593
986381,Festival Offer,2023-12-19,New Users,App,8706,803,51,4081.31,5153.8,1.71,0.09223524006432346,0.06351183063511831,1.2627808228240442
331076,Flash Sale,2023-12-19,Inactive,SMS,4108,666,81,4459.67,6327.89,3.81,0.16212268743914313,0.12162162162162163,1.4189144039805637
947057,Membership Drive,2023-12-19,All,App,6729,740,80,2906.91,9204.75,3.72,0.10997176400653887,0.10810810810810811,3.166506702993901
581930,Category Promotion,2023-12-19,Premium,App,4808,115,29,3642.85,5417.93,2.97,0.02391846921797005,0.25217391304347825,1.4872778181918005
900221,App Push Notification,2023-12-19,Inactive,App,5959,642,88,4234.89,8459.99,3.61,0.10773619734854842,0.13707165109034267,1.9976882516428995
767303,Email Campaign,2023-12-19,All,App,8133,936,25,2674.72,5576.09,2.81,0.1150866838804869,0.026709401709401708,2.084737841718012
143893,Referral Program,2023-12-19,Inactive,Email,1369,824,65,3474.99,3754.92,3.51,0.6018991964937911,0.07888349514563107,1.0805556274982087
796108,New User Discount,2023-12-18,Inactive,App,4768,879,66,1509.74,9020.44,3.25,0.1843540268456376,0.07508532423208192,5.974830103196577
210501,Weekend Special,2023-12-18,New Users,Social Media,2866,485,46,1964.41,8944.04,2.79,0.16922540125610608,0.09484536082474226,4.553041371200513
351187,Festival Offer,2023-12-18,New Users,Email,5145,952,62,2763.96,7903.46,3.04,0.18503401360544217,0.06512605042016807,2.859469746306025
598616,Flash Sale,2023-12-18,Inactive,SMS,7003,379,17,4887.1,3803.73,2.03,0.054119663001570756,0.044854881266490766,0.7783204763561211
120019,Membership Drive,2023-12-18,Inactive,App,6657,350,30,1637.46,7696.27,2.99,0.052576235541535225,0.08571428571428572,4.700127026003689
442443,Category Promotion,2023-12-18,Premium,App,9069,204,38,2897.21,5407.31,3.84,0.022494211048627193,0.18627450980392157,1.8663852464957666
977822,App Push Notification,2023-12-18,Inactive,App,8420,266,25,1813.24,8629.7,3.38,0.031591448931116387,0.09398496240601503,4.759270697756502
649434,Email Campaign,2023-12-18,New Users,Social Media,9217,216,61,2022.82,6857.66,3.37,0.023434957144407072,0.2824074074074074,3.3901484066797836
959697,Referral Program,2023-12-18,New Users,App,5356,841,68,2971.85,3586.72,2.95,0.1570201643017177,0.08085612366230678,1.206898060130895
412832,New User Discount,2023-12-17,Premium,App,7179,590,21,3853.51,5949.83,2.71,0.08218414821005711,0.03559322033898305,1.5440027403587897
747223,Weekend Special,2023-12-17,Premium,App,2697,153,24,3698.77,5809.56,3.07,0.05672969966629588,0.1568627450980392,1.5706734941615728
603541,Festival Offer,2023-12-17,All,Email,4379,132,20,2115.53,3015.7,3.84,0.030143868463119432,0.15151515151515152,1.4255056652470064
212243,Flash Sale,2023-12-17,New Users,App,4658,852,33,4961.7,8912.5,1.85,0.18291112065264062,0.03873239436619718,1.796259346594917
647648,Membership Drive,2023-12-17,New Users,SMS,9990,685,81,4932.38,9795.53,2.12,0.06856856856856856,0.11824817518248175,1.9859641795644294
887270,Category Promotion,2023-12-17,Premium,Email,4485,954,15,4034.18,7109.35,1.95,0.21270903010033446,0.015723270440251572,1.7622788274196988
787752,App Push Notification,2023-12-17,Premium,Social Media,1547,265,80,1868.74,2196.54,3.83,0.17129928894634777,0.3018867924528302,1.1754123098986482
934335,Email Campaign,2023-12-17,New Users,SMS,6383,152,50,1742.06,3381.28,2.24,0.023813253955820148,0.32894736842105265,1.9409664420284034
885791,Referral Program,2023-12-17,New Users,Social Media,5063,620,56,1831.62,7119.77,1.75,0.1224570412798736,0.09032258064516129,3.8871436214935415
162641,New User Discount,2023-12-16,New Users,App,3680,236,54,4173.72,9950.31,2.45,0.0641304347826087,0.2288135593220339,2.384038699289842
112303,Weekend Special,2023-12-16,New Users,Social Media,8148,719,65,3834.05,4942.28,2.07,0.08824251350024546,0.09040333796940195,1.2890494385832212
84920,Festival Offer,2023-12-16,New Users,App,7644,243,27,3971.53,3344.21,3.99,0.031789638932496075,0.1111111111111111,0.842045760701795
916736,Flash Sale,2023-12-16,All,Email,5808,143,60,1663.59,7915.53,3.51,0.02462121212121212,0.4195804195804196,4.758101455286459
732931,Membership Drive,2023-12-16,All,Email,9433,877,83,1142.23,2478.77,2.98,0.09297148309127531,0.09464082098061574,2.1701146003869622
736440,Category Promotion,2023-12-16,Premium,Social Media,8311,177,100,2967.94,2409.34,1.94,0.02129707616411984,0.5649717514124294,0.8117886480184909
917774,App Push Notification,2023-12-16,All,App,7213,647,63,2340.61,2605.68,3.69,0.08969915430472758,0.0973724884080371,1.1132482557965657
364020,Email Campaign,2023-12-16,Inactive,Social Media,9765,370,33,3418.22,9833.12,3.59,0.03789042498719918,0.0891891891891892,2.8766785051869106
379422,Referral Program,2023-12-16,New Users,SMS,1929,393,40,3635.31,3087.46,3.88,0.20373250388802489,0.10178117048346055,0.8492975839749568
518426,New User Discount,2023-12-15,New Users,App,8823,693,33,3137.53,6595.78,2.84,0.07854471268276096,0.047619047619047616,2.102220536536702
82086,Weekend Special,2023-12-15,All,Social Media,3980,146,56,2691.24,6653.71,2.53,0.036683417085427134,0.3835616438356164,2.4723584667290917
822436,Festival Offer,2023-12-15,All,Social Media,4432,384,74,3729.48,2594.86,3.32,0.08664259927797834,0.19270833333333334,0.695769919667085
26431,Flash Sale,2023-12-15,All,Email,3413,948,94,3262.52,5640.12,2.33,0.2777615001464987,0.09915611814345991,1.7287618160195186
732032,Membership Drive,2023-12-15,New Users,Email,4040,635,47,1714.04,2123.97,1.84,0.15717821782178218,0.07401574803149606,1.2391601129495227
332197,Category Promotion,2023-12-15,All,Social Media,5616,314,74,4125.67,3870.15,1.74,0.05591168091168091,0.2356687898089172,0.9380658171884809
777194,App Push Notification,2023-12-15,New Users,Social Media,8729,350,44,3740.14,9009.75,3.68,0.040096230954290296,0.12571428571428572,2.408933890175234
562049,Email Campaign,2023-12-15,New Users,Social Media,2631,445,43,1065.34,8164.14,2.25,0.16913721018624098,0.09662921348314607,7.663412619445436
448987,Referral Program,2023-12-15,All,SMS,4839,450,45,4004.61,5081.05,3.23,0.0929944203347799,0.1,1.268800207760556
609434,New User Discount,2023-12-14,Inactive,SMS,2934,180,37,4188.74,2193.62,3.05,0.06134969325153374,0.20555555555555555,0.5236944761431839
602887,Weekend Special,2023-12-14,Inactive,Email,2299,605,80,2992.02,7157.17,3.91,0.2631578947368421,0.1322314049586777,2.392086282845703
793823,Festival Offer,2023-12-14,New Users,Social Media,4094,611,11,1078.28,2847.19,1.67,0.1492427943331705,0.01800327332242226,2.6404922654598066
981788,Flash Sale,2023-12-14,New Users,Social Media,9753,842,73,2931.27,3419.38,3.08,0.08633241054034656,0.08669833729216152,1.1665182668263245
397759,Membership Drive,2023-12-14,New Users,App,5871,610,86,3584.41,7200.23,3.61,0.10390052801907682,0.14098360655737704,2.0087629484350282
382406,Category Promotion,2023-12-14,Premium,Social Media,8146,551,99,4320.08,3925.8,3.08,0.06764055978394304,0.17967332123411978,0.9087331716079332
624861,App Push Notification,2023-12-14,Premium,SMS,1562,371,92,2035.57,2676.76,2.76,0.23751600512163892,0.24797843665768193,1.3149928521249579
965015,Email Campaign,2023-12-14,New Users,App,3670,124,21,2261.29,5012.62,3.88,0.033787465940054495,0.1693548387096774,2.21670816215523
813639,Referral Program,2023-12-14,All,SMS,6004,391,56,4908.7,7066.56,1.9,0.0651232511658894,0.1432225063938619,1.4395990791859352
361810,New User Discount,2023-12-13,Premium,Email,3656,859,94,4089.92,8683.76,2.13,0.2349562363238512,0.10942956926658906,2.1232102339410064
423106,Weekend Special,2023-12-13,Premium,App,7748,976,41,1892.58,4659.32,2.7,0.12596799173980383,0.042008196721311473,2.461888004734278
167482,Festival Offer,2023-12-13,Inactive,App,8269,132,87,2381.14,5837.03,1.98,0.01596323618333535,0.6590909090909091,2.4513594328766892
378443,Flash Sale,2023-12-13,New Users,Social Media,9099,477,35,1797.46,7515.77,3.59,0.05242334322453017,0.07337526205450734,4.181328096313687
968527,Membership Drive,2023-12-13,New Users,Email,3859,924,100,1127.1,7559.64,3.94,0.23944026949987043,0.10822510822510822,6.707159968059623
183638,Category Promotion,2023-12-13,New Users,SMS,2625,814,81,4619.34,6648.87,1.97,0.3100952380952381,0.09950859950859951,1.4393549727883204
289041,App Push Notification,2023-12-13,Premium,Social Media,6232,149,57,2908.99,8714.66,3.75,0.023908857509627728,0.3825503355704698,2.995768290712584
950600,Email Campaign,2023-12-13,Premium,SMS,1372,777,86,3584.22,6245.95,3.81,0.5663265306122449,0.11068211068211069,1.742624615676493
970731,Referral Program,2023-12-13,All,Email,7350,442,18,4190.78,5941.79,3.17,0.060136054421768705,0.04072398190045249,1.4178243668243145
183386,New User Discount,2023-12-12,New Users,SMS,9855,522,26,1082.15,5331.26,2.23,0.052968036529680365,0.04980842911877394,4.926544379245021
69958,Weekend Special,2023-12-12,New Users,Social Media,6631,214,82,2507.67,4356.1,2.89,0.032272658724174334,0.38317757009345793,1.7371105448484052
790729,Festival Offer,2023-12-12,All,Social Media,2850,289,22,2234.37,5709.87,3.82,0.10140350877192983,0.07612456747404844,2.5554720122450623
524032,Flash Sale,2023-12-12,Premium,Email,3785,335,72,2462.33,5223.8,3.85,0.08850726552179657,0.21492537313432836,2.121486559478218
254306,Membership Drive,2023-12-12,All,Social Media,5545,815,24,1539.31,2233.02,2.32,0.14697926059513075,0.029447852760736196,1.450662959377903
3444,Category Promotion,2023-12-12,All,Email,7349,832,80,4255.49,8255.5,2.25,0.11321268199755069,0.09615384615384616,1.9399646104208916
141483,App Push Notification,2023-12-12,Premium,Social Media,1444,369,67,2929.45,9702.08,2.35,0.25554016620498615,0.18157181571815717,3.3119117923159638
401819,Email Campaign,2023-12-12,Inactive,App,5466,693,10,4586.37,5353.07,3.26,0.12678375411635565,0.01443001443001443,1.1671692427780576
994166,Referral Program,2023-12-12,Premium,SMS,5987,739,31,2843.95,4392.73,1.77,0.12343410723233673,0.04194857916102842,1.5445876333972115
63810,New User Discount,2023-12-11,All,Social Media,1309,844,58,2162.76,6313.63,3.13,0.6447669977081741,0.06872037914691943,2.9192467032865412
503991,Weekend Special,2023-12-11,New Users,App,4392,828,77,3057.43,9989.43,2.35,0.1885245901639344,0.0929951690821256,3.26726368224293
309673,Festival Offer,2023-12-11,New Users,SMS,9353,543,40,1295.06,9578.74,3.97,0.058056238640008556,0.07366482504604052,7.396367735857798
540836,Flash Sale,2023-12-11,All,Social Media,2284,198,46,2718.51,6899.79,1.56,0.08669001751313485,0.23232323232323232,2.5380778441131353
293456,Membership Drive,2023-12-11,Premium,Social Media,7280,391,94,1088.01,9274.29,2.51,0.053708791208791205,0.24040920716112532,8.524085256569334
497310,Category Promotion,2023-12-11,New Users,App,9984,505,65,4111.07,6985.68,2.67,0.05058092948717949,0.12871287128712872,1.699236451823978
833745,App Push Notification,2023-12-11,All,App,7141,131,57,3801.07,6892.46,1.83,0.018344769640106427,0.4351145038167939,1.813294677551321
848490,Email Campaign,2023-12-11,Inactive,App,9479,400,100,2461.18,4982.23,2.38,0.042198544150226815,0.25,2.0243257299344215
259905,Referral Program,2023-12-11,All,App,1887,234,39,3984.05,3486.11,3.84,0.12400635930047695,0.16666666666666666,0.8750166288073694
307369,New User Discount,2023-12-10,Premium,App,5060,956,38,1716.9,2223.82,1.64,0.18893280632411066,0.0397489539748954,1.2952530723979265
81984,Weekend Special,2023-12-10,New Users,Email,6380,810,60,2353.97,3058.74,3.55,0.12695924764890282,0.07407407407407407,1.2993963389507939
462196,Festival Offer,2023-12-10,All,Social Media,5699,174,82,2112.06,2325.21,3.15,0.03053167222319705,0.47126436781609193,1.1009204283969205
22894,Flash Sale,2023-12-10,Inactive,Email,4624,773,14,3176.89,7989.04,2.6,0.1671712802768166,0.018111254851228976,2.5147361098432746
227812,Membership Drive,2023-12-10,Inactive,SMS,7152,826,29,1592.55,7332.62,2.18,0.11549217002237136,0.035108958837772396,4.604326394775675
46333,Category Promotion,2023-12-10,All,Social Media,6866,825,56,4794.23,6201.25,3.92,0.12015729682493446,0.06787878787878789,1.2934819564351314
169484,App Push Notification,2023-12-10,All,SMS,3014,156,53,3288.24,3864.04,3.22,0.051758460517584606,0.33974358974358976,1.1751088728316668
215282,Email Campaign,2023-12-10,Inactive,Social Media,6391,306,11,3154.3,4421.5,2.64,0.04787983101236113,0.03594771241830065,1.4017373109723235
998687,Referral Program,2023-12-10,All,SMS,3873,361,82,2608.77,7292.07,3.4,0.09320939839917376,0.22714681440443213,2.7952138364056625
492020,New User Discount,2023-12-09,Inactive,SMS,2426,390,63,3733.79,6412.95,3.56,0.16075845012366036,0.16153846153846155,1.7175443718045202
390146,Weekend Special,2023-12-09,New Users,App,3213,953,32,1118.01,3315.16,2.25,0.29660753190164957,0.033578174186778595,2.9652328691156606
804269,Festival Offer,2023-12-09,Inactive,SMS,5469,382,85,3004.33,9224.1,1.63,0.06984823550923386,0.22251308900523561,3.0702685790176183
842133,Flash Sale,2023-12-09,New Users,SMS,1524,519,42,3925.52,7436.23,3.19,0.3405511811023622,0.08092485549132948,1.8943299231694144
239835,Membership Drive,2023-12-09,New Users,SMS,8727,741,50,2299.35,9039.79,1.58,0.08490890340323134,0.06747638326585695,3.9314545415008593
196428,Category Promotion,2023-12-09,Inactive,App,3268,450,18,2687.94,5230.23,2.63,0.13769889840881272,0.04,1.9458135226232727
851175,App Push Notification,2023-12-09,New Users,App,8958,499,34,2257.8,6361.4,2.43,0.055704398303192675,0.06813627254509018,2.817521481087784
208326,Email Campaign,2023-12-09,Inactive,SMS,9861,987,87,1066.82,6040.35,2.9,0.10009126863401278,0.08814589665653495,5.662014210457247
501999,Referral Program,2023-12-09,Inactive,App,8771,125,82,4005.1,9770.06,2.66,0.014251510660129973,0.656,2.439404758932361
917527,New User Discount,2023-12-08,All,SMS,3253,974,11,3727.72,9676.99,2.34,0.2994159237626806,0.011293634496919919,2.595954095264666
530023,Weekend Special,2023-12-08,All,App,7202,219,23,4676.88,6531.53,3.33,0.03040821993890586,0.1050228310502283,1.396557106447033
195261,Festival Offer,2023-12-08,Premium,SMS,5800,915,12,3629.38,5089.26,3.95,0.15775862068965518,0.013114754098360656,1.4022395009615967
559439,Flash Sale,2023-12-08,New Users,Social Media,5868,651,67,2440.79,7437.67,2.48,0.11094069529652352,0.10291858678955453,3.0472388038299076
968922,Membership Drive,2023-12-08,New Users,Social Media,2311,748,57,3114.64,8221.14,2.75,0.32366940718303766,0.07620320855614973,2.6395153211928184
413576,Category Promotion,2023-12-08,Premium,App,8457,555,40,4559.02,9051.01,2.84,0.0656261085491309,0.07207207207207207,1.9852972788011458
223037,App Push Notification,2023-12-08,All,App,3394,500,84,3362.98,6314.63,3.9,0.1473187978786093,0.168,1.8776888354970889
34437,Email Campaign,2023-12-08,All,App,9485,691,38,2610.25,7619.36,3.67,0.07285187137585662,0.05499276410998553,2.919015419978929
302317,Referral Program,2023-12-08,Inactive,Social Media,4060,619,70,2190.43,5051.72,2.23,0.1524630541871921,0.11308562197092084,2.3062686321863746
236674,New User Discount,2023-12-07,Inactive,App,6798,327,77,1310.74,6209.81,2.56,0.04810238305383936,0.23547400611620795,4.73763675481026
388568,Weekend Special,2023-12-07,All,Social Media,8669,809,40,3952.11,4315.18,3.11,0.09332102895374322,0.049443757725587144,1.091867382233794
107126,Festival Offer,2023-12-07,Inactive,SMS,4282,179,60,3533.77,7807.14,3.9,0.041802895843063986,0.33519553072625696,2.2092948890278654
296391,Flash Sale,2023-12-07,New Users,SMS,5660,174,36,4924.61,2659.45,2.45,0.030742049469964665,0.20689655172413793,0.5400326117195067
380238,Membership Drive,2023-12-07,New Users,SMS,8574,500,32,3599.19,6410.52,1.92,0.0583158385817588,0.064,1.7811007476682255
510012,Category Promotion,2023-12-07,Premium,Social Media,7398,991,91,2731.8,7671.15,2.98,0.1339551230062179,0.09182643794147326,2.8080935646826264
930795,App Push Notification,2023-12-07,All,Social Media,1918,111,87,4903.9,3453.91,2.2,0.05787278415015641,0.7837837837837838,0.7043190113990906
650760,Email Campaign,2023-12-07,New Users,SMS,7224,114,37,4660.8,8411.65,3.87,0.015780730897009966,0.32456140350877194,1.804765276347408
138481,Referral Program,2023-12-07,New Users,Social Media,3443,988,70,4889.24,3822.29,3.71,0.28695904734243394,0.0708502024291498,0.7817758997308375
179060,New User Discount,2023-12-06,All,SMS,5201,624,12,3292.4,4869.22,2.0,0.11997692751393962,0.019230769230769232,1.4789272263394484
367528,Weekend Special,2023-12-06,Inactive,SMS,2332,455,76,4961.31,7990.11,2.75,0.1951114922813036,0.16703296703296702,1.6104839246086213
683419,Festival Offer,2023-12-06,Inactive,Social Media,7985,254,81,1231.15,4902.37,3.49,0.031809643080776454,0.3188976377952756,3.9819437111643583
10407,Flash Sale,2023-12-06,Premium,SMS,8189,182,33,4178.58,5531.81,2.88,0.02222493588960801,0.1813186813186813,1.3238492502237604
205997,Membership Drive,2023-12-06,All,SMS,2804,530,57,2289.68,8539.39,2.55,0.1890156918687589,0.10754716981132076,3.729512420949652
574292,Category Promotion,2023-12-06,All,Email,6779,674,14,1753.91,9395.81,2.33,0.099424693907656,0.020771513353115726,5.357065071753967
843879,App Push Notification,2023-12-06,New Users,Social Media,8502,996,97,1018.26,5106.53,3.33,0.11714890613973183,0.09738955823293173,5.014956887239015
682216,Email Campaign,2023-12-06,Premium,SMS,8276,825,71,2609.97,2533.5,1.84,0.09968583856935717,0.08606060606060606,0.9707008126530191
97826,Referral Program,2023-12-06,All,Email,1769,768,30,1447.44,2701.3,3.1,0.43414358394573205,0.0390625,1.8662604322113525
855574,New User Discount,2023-12-05,All,Email,9303,335,37,4511.02,8311.45,1.54,0.03600988928302698,0.11044776119402985,1.8424768677593981
14196,Weekend Special,2023-12-05,Premium,App,1580,904,20,2739.51,3614.18,2.96,0.5721518987341773,0.022123893805309734,1.3192797252063324
35758,Festival Offer,2023-12-05,All,Social Media,4879,415,59,2679.98,4890.31,2.86,0.08505841360934618,0.14216867469879518,1.8247561548966784
220225,Flash Sale,2023-12-05,All,Email,3071,228,30,4343.75,8398.05,1.92,0.0742429176164116,0.13157894736842105,1.9333640287769782
152900,Membership Drive,2023-12-05,Inactive,SMS,2923,758,50,2678.14,5253.43,3.38,0.2593226137529935,0.06596306068601583,1.9615964811398958
148791,Category Promotion,2023-12-05,All,Social Media,6040,791,42,3892.86,8212.92,1.65,0.13096026490066226,0.05309734513274336,2.1097393689986284
48752,App Push Notification,2023-12-05,Inactive,Email,3670,850,28,4480.14,6691.74,2.84,0.23160762942779292,0.03294117647058824,1.4936452878704682
156424,Email Campaign,2023-12-05,All,SMS,6576,909,77,2184.42,2159.92,2.87,0.13822992700729927,0.0847084708470847,0.9887842081650965
635906,Referral Program,2023-12-05,Premium,App,5965,829,83,1411.03,3551.8,1.94,0.13897736797988264,0.10012062726176116,2.5171683096744935
984066,New User Discount,2023-12-04,Premium,SMS,2661,872,30,1686.9,5433.0,1.69,0.32769635475385195,0.034403669724770644,3.220700693579939
54315,Weekend Special,2023-12-04,All,Social Media,1640,620,53,3680.33,9123.9,3.46,0.3780487804878049,0.08548387096774193,2.479098341724791
374529,Festival Offer,2023-12-04,New Users,SMS,8108,245,93,1034.28,5814.4,3.09,0.03021706956092748,0.3795918367346939,5.6216885176161195
851003,Flash Sale,2023-12-04,Inactive,SMS,5131,800,89,4942.56,3516.68,1.94,0.1559150263106607,0.11125,0.7115098248680845
645770,Membership Drive,2023-12-04,All,Email,3509,470,53,2693.98,8708.77,3.81,0.13394129381590197,0.1127659574468085,3.2326780451228294
680034,Category Promotion,2023-12-04,Inactive,Social Media,9168,129,95,3987.88,9301.94,2.69,0.01407068062827225,0.7364341085271318,2.332552634482482
927300,App Push Notification,2023-12-04,Inactive,App,8387,791,10,2142.68,4715.84,2.31,0.09431262668415405,0.012642225031605562,2.2009072750014003
935473,Email Campaign,2023-12-04,All,SMS,8162,829,85,1042.25,6741.1,2.32,0.10156824307767703,0.10253317249698432,6.467834012952747
243745,Referral Program,2023-12-04,All,SMS,7584,975,85,4245.97,7191.47,1.6,0.12856012658227847,0.08717948717948718,1.69371663012221
567539,New User Discount,2023-12-03,Inactive,SMS,5962,617,20,3870.08,2686.66,3.61,0.10348876216034887,0.03241491085899514,0.6942130395237307
890153,Weekend Special,2023-12-03,Inactive,Email,2076,647,87,3266.99,8262.93,1.95,0.31165703275529866,0.13446676970633695,2.529218026379022
115619,Festival Offer,2023-12-03,All,SMS,4443,818,43,1690.72,2483.09,2.09,0.1841098356966014,0.05256723716381418,1.4686583230812909
711524,Flash Sale,2023-12-03,Premium,Email,7815,124,78,1864.05,5080.14,3.36,0.01586692258477287,0.6290322580645161,2.725323891526515
237215,Membership Drive,2023-12-03,All,Social Media,1467,787,100,4425.98,6769.83,3.38,0.5364689843217451,0.12706480304955528,1.5295663333318272
376804,Category Promotion,2023-12-03,Premium,Email,3657,936,50,1965.11,3441.23,3.53,0.2559474979491386,0.053418803418803416,1.75116405697391
237578,App Push Notification,2023-12-03,Inactive,Social Media,8422,264,70,4057.68,9283.61,1.52,0.031346473521728806,0.26515151515151514,2.287910825890657
787178,Email Campaign,2023-12-03,Premium,Social Media,6711,246,24,3940.79,4519.46,2.14,0.03665623603039785,0.0975609756097561,1.1468411156138745
887862,Referral Program,2023-12-03,All,Social Media,3724,990,64,1635.41,2932.57,2.15,0.26584317937701396,0.06464646464646465,1.7931711313982426
824425,New User Discount,2023-12-02,All,Social Media,3784,175,17,1524.92,8798.01,3.5,0.046247357293868925,0.09714285714285714,5.769489546992629
595836,Weekend Special,2023-12-02,Premium,Social Media,8086,949,89,2334.1,6014.11,2.21,0.11736334405144695,0.09378292939936776,2.5766291075789383
86043,Festival Offer,2023-12-02,Premium,Social Media,8250,842,44,3962.3,7371.29,3.3,0.10206060606060606,0.052256532066508314,1.8603563586805643
382938,Flash Sale,2023-12-02,Premium,SMS,7503,438,74,2081.05,4667.04,3.07,0.058376649340263896,0.1689497716894977,2.2426371302948027
148406,Membership Drive,2023-12-02,New Users,SMS,7665,443,49,2659.15,7836.3,2.71,0.05779517286366601,0.11060948081264109,2.9469191282928757
66039,Category Promotion,2023-12-02,Premium,Email,9821,992,13,3490.77,5132.39,3.19,0.101008043987374,0.01310483870967742,1.4702744666649479
140831,App Push Notification,2023-12-02,New Users,SMS,1008,593,29,3451.35,4484.38,3.17,0.5882936507936508,0.048903878583473864,1.2993118634737133
312118,Email Campaign,2023-12-02,All,Social Media,4770,607,58,2066.92,5783.9,3.57,0.12725366876310273,0.09555189456342669,2.7983182706635956
976080,Referral Program,2023-12-02,Inactive,SMS,8272,382,20,4723.22,2344.55,2.27,0.04617988394584139,0.05235602094240838,0.4963880572998929
985686,New User Discount,2023-12-01,Premium,App,1376,203,51,4009.18,4033.7,3.7,0.14752906976744187,0.2512315270935961,1.0061159638629347
212132,Weekend Special,2023-12-01,All,Social Media,4233,350,62,4000.66,4618.39,2.24,0.08268367587999055,0.17714285714285713,1.1544070228412313
352933,Festival Offer,2023-12-01,All,Social Media,8513,671,95,2762.22,2370.8,3.1,0.07882062727593094,0.14157973174366617,0.858295139416846
793231,Flash Sale,2023-12-01,Inactive,Email,8624,643,47,3470.08,9934.13,3.25,0.07455936920222635,0.07309486780715396,2.86279567041682
8490,Membership Drive,2023-12-01,New Users,App,3707,517,10,3502.64,4271.08,3.03,0.1394658753709199,0.019342359767891684,1.2193888038736496
381763,Category Promotion,2023-12-01,Premium,SMS,5006,703,77,2856.45,7533.8,2.53,0.1404314822213344,0.10953058321479374,2.637469586374696
193262,App Push Notification,2023-12-01,Premium,Social Media,8220,622,81,4525.43,3853.95,2.11,0.07566909975669099,0.1302250803858521,0.8516207299637824
289950,Email Campaign,2023-12-01,All,Email,6331,937,18,2287.64,7973.08,1.68,0.14800189543516032,0.0192102454642476,3.48528614642164
150550,Referral Program,2023-12-01,New Users,App,2892,390,61,1526.09,3501.09,3.48,0.13485477178423236,0.1564102564102564,2.2941569632197316
386004,New User Discount,2023-11-30,New Users,SMS,7597,719,94,4293.84,9911.56,3.7,0.09464262208766619,0.13073713490959665,2.3083207571777242
593032,Weekend Special,2023-11-30,New Users,SMS,3060,313,15,2087.81,5136.89,2.79,0.1022875816993464,0.04792332268370607,2.4604202489690157
46705,Festival Offer,2023-11-30,Premium,App,9716,420,66,1387.73,9758.94,2.94,0.043227665706051875,0.15714285714285714,7.032304554920626
755487,Flash Sale,2023-11-30,All,Social Media,7138,426,58,3187.2,5180.58,2.79,0.059680582796301486,0.13615023474178403,1.625432981927711
559424,Membership Drive,2023-11-30,Inactive,Email,3918,606,21,2738.76,4196.29,1.54,0.1546707503828484,0.034653465346534656,1.5321860988184433
632048,Category Promotion,2023-11-30,Premium,Social Media,3653,495,45,3156.97,8991.09,1.65,0.1355050643306871,0.09090909090909091,2.848012492991698
823665,App Push Notification,2023-11-30,All,Social Media,5690,105,66,4703.29,8992.38,2.26,0.01845342706502636,0.6285714285714286,1.9119339866348872
534933,Email Campaign,2023-11-30,Premium,Social Media,7525,682,66,2757.98,2822.97,3.44,0.09063122923588039,0.0967741935483871,1.0235643478197811
19278,Referral Program,2023-11-30,All,Social Media,9175,334,12,3902.93,6049.34,3.8,0.036403269754768396,0.03592814371257485,1.5499483721204328
538430,New User Discount,2023-11-29,All,SMS,2503,215,23,3971.29,7732.77,1.65,0.08589692369157012,0.10697674418604651,1.9471683004766713
804594,Weekend Special,2023-11-29,New Users,Email,1569,981,85,2160.59,8481.29,2.11,0.6252390057361377,0.08664627930682976,3.9254509184991138
958322,Festival Offer,2023-11-29,All,Email,3058,134,15,3590.36,9110.49,3.96,0.04381948986265533,0.11194029850746269,2.5374864916052986
571340,Flash Sale,2023-11-29,Premium,Social Media,7771,816,77,2213.62,2572.44,3.0,0.10500579076051988,0.09436274509803921,1.1620964754564922
247544,Membership Drive,2023-11-29,Inactive,Email,1721,229,64,4921.17,5504.67,3.25,0.13306217315514235,0.2794759825327511,1.1185693646023203
733230,Category Promotion,2023-11-29,New Users,Email,7789,205,39,1154.77,8459.82,2.66,0.026319168057517012,0.1902439024390244,7.325978333347766
55717,App Push Notification,2023-11-29,New Users,Social Media,1970,960,93,1042.16,6581.15,2.45,0.4873096446700508,0.096875,6.314913257081446
606574,Email Campaign,2023-11-29,Inactive,SMS,1364,670,87,1471.29,3948.01,2.13,0.4912023460410557,0.12985074626865672,2.683366297602784
467804,Referral Program,2023-11-29,All,App,3473,303,82,1949.69,6656.08,2.32,0.08724445724157788,0.2706270627062706,3.41391708425442
747340,New User Discount,2023-11-28,Premium,Social Media,2655,873,34,2282.72,6508.71,2.78,0.3288135593220339,0.038946162657502864,2.8512958225275113
88528,Weekend Special,2023-11-28,Premium,App,7007,546,52,1851.23,3595.22,2.65,0.07792207792207792,0.09523809523809523,1.9420709474241449
574693,Festival Offer,2023-11-28,Premium,App,7635,349,10,1168.05,2995.68,1.85,0.04571054354944335,0.02865329512893983,2.5646847309618597
60258,Flash Sale,2023-11-28,Inactive,App,5931,452,14,4175.63,7495.66,2.83,0.07620974540549655,0.030973451327433628,1.7950967877901058
472970,Membership Drive,2023-11-28,All,App,8212,143,19,1379.71,2584.24,3.0,0.017413541159279105,0.13286713286713286,1.8730312891839587
894884,Category Promotion,2023-11-28,Inactive,SMS,1301,269,97,2317.37,9799.65,3.97,0.20676402767102228,0.36059479553903345,4.228780902488597
679212,App Push Notification,2023-11-28,Inactive,SMS,8574,687,24,2590.46,6522.26,3.57,0.0801259622113366,0.034934497816593885,2.517799927426017
378626,Email Campaign,2023-11-28,Premium,Email,6867,370,37,1675.87,5484.64,2.99,0.05388087956895296,0.1,3.2727120838728547
812587,Referral Program,2023-11-28,All,Social Media,3255,109,84,4415.53,6715.22,3.76,0.03348694316436252,0.7706422018348624,1.5208185653817323
904951,New User Discount,2023-11-27,New Users,App,1858,166,31,3016.37,2226.06,2.43,0.08934337997847147,0.18674698795180722,0.7379930180979124
643820,Weekend Special,2023-11-27,Inactive,Social Media,7398,865,75,4358.13,5223.54,2.45,0.1169234928359016,0.08670520231213873,1.1985737001879246
926771,Festival Offer,2023-11-27,Inactive,Email,8715,520,10,2715.56,5727.74,3.7,0.05966724039013196,0.019230769230769232,2.1092297721280326
806837,Flash Sale,2023-11-27,New Users,SMS,9713,495,63,2134.13,9913.34,2.75,0.05096262740656852,0.12727272727272726,4.645143454241307
350120,Membership Drive,2023-11-27,New Users,App,6645,567,50,3679.14,2182.98,2.0,0.0853273137697517,0.08818342151675485,0.5933397478758623
222513,Category Promotion,2023-11-27,Premium,Email,7674,650,75,4476.92,6935.03,1.53,0.08470158978368517,0.11538461538461539,1.5490627484967343
250189,App Push Notification,2023-11-27,New Users,Social Media,7696,297,85,4884.59,7797.63,3.62,0.03859147609147609,0.28619528619528617,1.5963734929646092
435951,Email Campaign,2023-11-27,All,App,2958,221,78,1552.28,6210.97,3.45,0.07471264367816093,0.35294117647058826,4.001191795294663
998740,Referral Program,2023-11-27,All,SMS,4685,549,64,4386.65,7404.9,3.09,0.11718249733191036,0.11657559198542805,1.6880535260392326
309885,New User Discount,2023-11-26,Inactive,Email,3359,847,56,2105.69,9268.67,2.2,0.2521583804703781,0.06611570247933884,4.401725800094031
93955,Weekend Special,2023-11-26,New Users,SMS,5218,680,61,3956.92,3191.6,3.79,0.1303181295515523,0.08970588235294118,0.8065869413584302
944366,Festival Offer,2023-11-26,Premium,Social Media,7280,325,35,4481.12,3128.26,2.9,0.044642857142857144,0.1076923076923077,0.6980977969793266
38519,Flash Sale,2023-11-26,New Users,SMS,8942,906,16,4071.71,6396.73,3.22,0.10131961529859092,0.017660044150110375,1.5710180734875518
75578,Membership Drive,2023-11-26,Inactive,SMS,5775,900,54,2701.11,9924.73,2.41,0.15584415584415584,0.06,3.6743153740499275
804027,Category Promotion,2023-11-26,Premium,SMS,8842,986,91,2169.07,3933.28,2.52,0.11151323230038453,0.0922920892494929,1.8133485779619836
95061,App Push Notification,2023-11-26,New Users,SMS,8803,809,92,1103.43,8832.67,1.69,0.09190048846983982,0.11372064276885044,8.004739766002373
282922,Email Campaign,2023-11-26,New Users,SMS,1127,824,35,3620.09,9742.82,1.65,0.7311446317657497,0.04247572815533981,2.691319829065023
770435,Referral Program,2023-11-26,Inactive,SMS,1965,775,49,3655.24,9730.45,2.28,0.3944020356234097,0.06322580645161291,2.6620550223788317
207721,New User Discount,2023-11-25,All,Social Media,4587,744,78,3503.42,8651.15,1.63,0.16219751471550034,0.10483870967741936,2.469344240770447
196080,Weekend Special,2023-11-25,All,Email,7965,325,20,4363.79,4283.05,3.33,0.04080351537978657,0.06153846153846154,0.9814977347672551
995422,Festival Offer,2023-11-25,Premium,App,5105,608,64,3422.59,3328.09,3.83,0.11909892262487758,0.10526315789473684,0.972389330886843
141857,Flash Sale,2023-11-25,New Users,Social Media,8366,302,17,1236.9,3685.41,1.7,0.036098493903896724,0.056291390728476824,2.97955372301722
261055,Membership Drive,2023-11-25,New Users,Email,2234,573,93,2489.03,4881.52,3.8,0.25649059982094896,0.16230366492146597,1.9612138061815245
872427,Category Promotion,2023-11-25,New Users,Social Media,6600,702,54,3162.72,8305.78,2.28,0.10636363636363637,0.07692307692307693,2.626150908079122
195292,App Push Notification,2023-11-25,Inactive,SMS,1262,322,66,4070.68,3938.57,2.56,0.2551505546751189,0.20496894409937888,0.967545962836676
254623,Email Campaign,2023-11-25,New Users,App,6404,201,83,1125.09,4925.61,3.89,0.031386633354153655,0.4129353233830846,4.377969762419006
984408,Referral Program,2023-11-25,New Users,Social Media,2291,586,12,1180.56,2429.41,1.59,0.25578350065473593,0.020477815699658702,2.0578454292877955
130791,New User Discount,2023-11-24,Premium,SMS,5963,154,94,1417.02,8141.03,3.17,0.02582592654704008,0.6103896103896104,5.745176497156003
7258,Weekend Special,2023-11-24,New Users,Social Media,1403,226,73,2002.0,7407.03,3.93,0.16108339272986458,0.3230088495575221,3.6998151848151846
180135,Festival Offer,2023-11-24,Premium,App,9468,952,99,3661.95,7288.94,3.0,0.10054921841994086,0.10399159663865547,1.9904531738554596
422711,Flash Sale,2023-11-24,Inactive,App,4875,192,86,1544.61,7503.9,3.43,0.039384615384615386,0.4479166666666667,4.85811952531707
815396,Membership Drive,2023-11-24,Inactive,App,3329,147,20,2030.14,8222.08,3.09,0.044157404626013814,0.1360544217687075,4.050006403499266
206258,Category Promotion,2023-11-24,All,Social Media,2355,843,28,4532.07,2769.83,2.69,0.3579617834394904,0.033214709371293,0.6111622282974447
321371,App Push Notification,2023-11-24,Premium,Social Media,3326,689,68,1414.16,7898.45,2.07,0.20715574263379435,0.09869375907111756,5.5852590937376245
825767,Email Campaign,2023-11-24,New Users,App,8842,552,40,3826.69,4589.89,3.41,0.06242931463469803,0.07246376811594203,1.1994412926053588
58612,Referral Program,2023-11-24,New Users,Social Media,8131,250,94,2137.54,6470.85,1.55,0.030746525642602385,0.376,3.027241595478915
69877,New User Discount,2023-11-23,New Users,SMS,2387,443,88,2598.14,7030.07,2.55,0.18558860494344365,0.1986455981941309,2.7058087708899445
5227,Weekend Special,2023-11-23,Inactive,SMS,4757,412,85,2514.68,3103.23,3.26,0.08660920748370822,0.20631067961165048,1.234045683745049
640316,Festival Offer,2023-11-23,New Users,Social Media,6038,604,91,3272.23,8359.79,2.38,0.10003312355084465,0.15066225165562913,2.554768460652216
902148,Flash Sale,2023-11-23,New Users,Social Media,7864,893,95,3835.11,8034.02,2.09,0.11355544252288911,0.10638297872340426,2.0948603821011655
737997,Membership Drive,2023-11-23,All,Email,7920,137,25,2647.08,7565.57,1.59,0.0172979797979798,0.18248175182481752,2.8580813575713617
231244,Category Promotion,2023-11-23,All,Email,7180,947,64,3229.85,3264.19,2.44,0.1318941504178273,0.0675818373812038,1.0106320726968745
150424,App Push Notification,2023-11-23,All,SMS,4536,742,17,3985.84,8618.12,3.02,0.16358024691358025,0.022911051212938006,2.1621841318266664
430565,Email Campaign,2023-11-23,New Users,SMS,5650,314,60,1330.14,7241.03,1.69,0.05557522123893805,0.1910828025477707,5.443810425970198
910155,Referral Program,2023-11-23,Premium,SMS,7342,139,66,3167.71,3907.09,2.71,0.01893217107055298,0.4748201438848921,1.2334115180998262
810062,New User Discount,2023-11-22,All,App,9356,541,100,4002.72,6988.91,3.62,0.05782385634886704,0.18484288354898337,1.7460401926689852
508421,Weekend Special,2023-11-22,Inactive,Social Media,6072,366,26,3547.44,7263.37,2.41,0.06027667984189723,0.07103825136612021,2.0474962226281486
649869,Festival Offer,2023-11-22,Premium,SMS,4732,530,65,3118.8,8019.43,3.52,0.11200338123415046,0.12264150943396226,2.5713190970886237
239640,Flash Sale,2023-11-22,Inactive,SMS,3804,403,40,1728.16,5501.63,1.63,0.10594111461619347,0.09925558312655088,3.1835188871400795
122635,Membership Drive,2023-11-22,All,SMS,6224,507,95,3340.96,6390.51,2.57,0.08145886889460155,0.1873767258382643,1.9127765672142139
274032,Category Promotion,2023-11-22,All,Email,5939,755,30,4837.35,7679.75,3.12,0.1271257787506314,0.039735099337748346,1.587594447373045
51315,App Push Notification,2023-11-22,Premium,App,2874,782,71,3549.28,3388.13,2.6,0.2720946416144746,0.0907928388746803,0.9545964251904612
901593,Email Campaign,2023-11-22,Premium,Email,7854,400,67,2185.48,6369.92,2.86,0.05092946269416858,0.1675,2.914654904185808
170595,Referral Program,2023-11-22,Premium,SMS,1149,697,19,4440.33,7700.55,1.6,0.6066144473455178,0.027259684361549498,1.7342292126936512
923020,New User Discount,2023-11-21,All,App,2418,177,83,2516.8,6068.27,2.67,0.07320099255583126,0.4689265536723164,2.4111053719008266
648504,Weekend Special,2023-11-21,All,Social Media,2913,695,41,4968.81,5994.61,3.5,0.2385856505320975,0.058992805755395686,1.206447821510583
52985,Festival Offer,2023-11-21,Inactive,Social Media,8089,753,45,4940.1,3426.64,3.97,0.09308938064037582,0.05976095617529881,0.6936377806117284
610970,Flash Sale,2023-11-21,Premium,Social Media,8665,998,83,2939.99,2781.57,3.74,0.11517599538372764,0.08316633266533066,0.9461154629777654
50773,Membership Drive,2023-11-21,New Users,SMS,9414,887,61,2354.3,2400.94,3.23,0.0942213724240493,0.06877113866967305,1.0198105594019453
687564,Category Promotion,2023-11-21,New Users,App,2117,407,61,1062.0,9240.64,2.76,0.19225318847425601,0.14987714987714987,8.701167608286251
302539,App Push Notification,2023-11-21,Premium,Social Media,5548,997,10,4540.08,2487.41,2.74,0.1797043979812545,0.010030090270812437,0.5478780109601593
331973,Email Campaign,2023-11-21,Inactive,Social Media,5487,512,17,4959.87,5067.45,2.94,0.09331146345908511,0.033203125,1.0216900846191532
206610,Referral Program,2023-11-21,All,Email,9172,970,67,3333.29,6821.13,2.12,0.10575665067597034,0.06907216494845361,2.046365602752836
482904,New User Discount,2023-11-20,Inactive,App,1557,812,86,1863.24,7600.55,1.93,0.5215157353885678,0.10591133004926108,4.079211481075975
351697,Weekend Special,2023-11-20,New Users,Social Media,1494,866,89,4249.71,3701.59,3.9,0.5796519410977242,0.10277136258660508,0.8710217873690205
895135,Festival Offer,2023-11-20,Inactive,App,6382,509,60,2403.45,2374.17,2.36,0.07975556251958633,0.11787819253438114,0.9878175123260314
75000,Flash Sale,2023-11-20,Inactive,SMS,8770,955,39,1521.45,3317.88,1.85,0.1088939566704675,0.040837696335078534,2.1807354825988368
226166,Membership Drive,2023-11-20,All,Social Media,9640,705,51,1866.24,8011.01,2.96,0.07313278008298756,0.07234042553191489,4.292593664266118
264129,Category Promotion,2023-11-20,All,SMS,8923,636,69,3932.8,4853.18,2.53,0.07127647652134932,0.10849056603773585,1.2340266476810415
647838,App Push Notification,2023-11-20,All,Social Media,1222,387,30,1202.03,3667.25,1.64,0.31669394435351883,0.07751937984496124,3.050880593662388
319191,Email Campaign,2023-11-20,All,Social Media,5593,748,14,3839.16,4755.28,2.36,0.1337386018237082,0.01871657754010695,1.2386251159107722
552528,Referral Program,2023-11-20,All,App,7597,992,18,1340.17,9921.34,1.97,0.13057785968145322,0.018145161290322582,7.40304588223882
297937,New User Discount,2023-11-19,Inactive,App,6966,956,53,1528.01,7509.17,3.68,0.13723801320700546,0.05543933054393305,4.914346110300325
663400,Weekend Special,2023-11-19,All,Email,7456,370,23,2061.27,2029.93,1.61,0.0496244635193133,0.062162162162162166,0.9847957812416618
288249,Festival Offer,2023-11-19,Premium,SMS,8909,597,24,1814.25,2508.21,3.48,0.06701088786620271,0.04020100502512563,1.3825051674245556
251593,Flash Sale,2023-11-19,Inactive,Email,3899,852,88,1170.35,3268.87,2.94,0.2185175686073352,0.10328638497652583,2.7930704490109797
100410,Membership Drive,2023-11-19,New Users,Social Media,4614,410,99,1987.88,5582.24,3.41,0.08885999133073255,0.24146341463414633,2.808137312111395
577556,Category Promotion,2023-11-19,All,Social Media,9888,325,10,4048.4,6110.97,3.38,0.03286812297734628,0.03076923076923077,1.5094778183973916
52019,App Push Notification,2023-11-19,Inactive,Email,7170,926,46,2249.83,6891.34,2.77,0.12914923291492328,0.04967602591792657,3.063049208162395
739370,Email Campaign,2023-11-19,New Users,Email,7617,994,80,4323.89,5083.13,3.4,0.130497571222266,0.08048289738430583,1.1755918860100512
716074,Referral Program,2023-11-19,Premium,SMS,8778,918,85,1836.16,9008.8,2.92,0.10457963089542037,0.09259259259259259,4.906326246078772
718614,New User Discount,2023-11-18,New Users,Email,1418,648,89,2209.45,4417.94,2.41,0.45698166431593795,0.13734567901234568,1.999565502726923
930357,Weekend Special,2023-11-18,Premium,SMS,6002,603,10,3669.49,3507.64,1.62,0.10046651116294568,0.01658374792703151,0.9558930532580822
780022,Festival Offer,2023-11-18,Premium,Social Media,3224,524,81,3555.89,5937.02,3.4,0.16253101736972705,0.15458015267175573,1.6696298254445443
306225,Flash Sale,2023-11-18,Premium,SMS,2113,232,18,3337.21,9281.13,2.72,0.10979649787032655,0.07758620689655173,2.781104575378834
635949,Membership Drive,2023-11-18,Inactive,SMS,5271,392,61,3491.27,2778.83,3.73,0.07436918990703852,0.1556122448979592,0.7959367221670051
155841,Category Promotion,2023-11-18,Inactive,Social Media,4082,511,25,1187.71,3794.99,2.49,0.12518373346398823,0.04892367906066536,3.1952160039066775
841351,App Push Notification,2023-11-18,Inactive,Email,4959,960,42,1175.75,5540.87,1.81,0.19358741681790684,0.04375,4.712625983414841
916605,Email Campaign,2023-11-18,Inactive,App,1504,317,98,2214.64,2259.7,3.2,0.21077127659574468,0.30914826498422715,1.0203464219918361
220730,Referral Program,2023-11-18,Inactive,App,9743,340,69,1093.67,2646.96,3.46,0.03489684901980909,0.20294117647058824,2.420254738632311
953225,New User Discount,2023-11-17,All,Email,9692,784,39,3229.56,8652.09,1.67,0.08089145687164671,0.04974489795918367,2.679030580017092
403108,Weekend Special,2023-11-17,Inactive,Email,9474,439,93,1969.7,3321.45,3.79,0.046337344310745196,0.21184510250569477,1.6862720211199673
350821,Festival Offer,2023-11-17,All,Social Media,2629,335,97,4437.07,2168.9,3.33,0.12742487637885128,0.28955223880597014,0.4888135639059109
3231,Flash Sale,2023-11-17,All,App,5407,850,38,1355.02,7982.42,2.31,0.15720362493064546,0.04470588235294118,5.890997918849906
301923,Membership Drive,2023-11-17,New Users,Social Media,5823,890,23,4602.62,5892.04,3.23,0.15284217757169843,0.025842696629213482,1.2801491324506478
974324,Category Promotion,2023-11-17,New Users,SMS,3434,451,36,4439.92,8212.41,2.5,0.13133372160745485,0.07982261640798226,1.849675219373322
882723,App Push Notification,2023-11-17,New Users,Email,2222,585,12,1551.51,7943.57,3.03,0.26327632763276326,0.020512820512820513,5.119896101217523
298032,Email Campaign,2023-11-17,Inactive,SMS,1442,785,55,2271.4,8389.0,2.03,0.544382801664355,0.07006369426751592,3.6933168970678873
930162,Referral Program,2023-11-17,New Users,App,4793,985,94,1776.39,7083.2,2.07,0.20550803254746505,0.09543147208121827,3.9874126740186555
152958,New User Discount,2023-11-16,New Users,Social Media,9258,313,87,4600.95,4613.98,2.14,0.033808597969323825,0.2779552715654952,1.0028320238211672
681404,Weekend Special,2023-11-16,Inactive,App,3012,115,85,3623.14,3557.18,3.52,0.03818061088977424,0.7391304347826086,0.9817947967784849
787605,Festival Offer,2023-11-16,Premium,SMS,7473,178,46,3956.3,9579.18,1.57,0.023819082028636425,0.25842696629213485,2.4212471248388647
257698,Flash Sale,2023-11-16,Premium,Social Media,4764,722,28,3808.26,6756.06,3.16,0.15155331654072207,0.038781163434903045,1.7740542925115408
321902,Membership Drive,2023-11-16,Inactive,SMS,4735,650,11,3521.87,3210.04,2.96,0.13727560718057022,0.016923076923076923,0.9114589692407726
349788,Category Promotion,2023-11-16,Inactive,App,6494,635,84,1914.39,3361.23,2.7,0.09778256852479211,0.13228346456692913,1.755770767711908
41346,App Push Notification,2023-11-16,Inactive,Social Media,3674,546,90,3738.64,8373.91,3.5,0.14861186717474142,0.16483516483516483,2.2398278518391717
54622,Email Campaign,2023-11-16,New Users,SMS,4405,591,64,4576.74,8380.71,3.92,0.13416572077185018,0.10829103214890017,1.8311527419079956
576183,Referral Program,2023-11-16,Premium,Social Media,6362,172,62,4869.05,9576.67,2.23,0.02703552342030808,0.36046511627906974,1.9668456885840153
713988,New User Discount,2023-11-15,Premium,Social Media,9057,332,19,1525.25,5577.25,3.63,0.03665672960141327,0.0572289156626506,3.656613669890182
182910,Weekend Special,2023-11-15,Premium,Email,2360,426,60,2459.44,5150.29,3.71,0.1805084745762712,0.14084507042253522,2.094090524672283
262168,Festival Offer,2023-11-15,All,Email,8581,130,67,3144.64,5003.53,2.78,0.015149749446451463,0.5153846153846153,1.5911296682609137
81757,Flash Sale,2023-11-15,Premium,Social Media,2565,932,27,4671.62,7072.21,2.55,0.36335282651072126,0.028969957081545063,1.5138667100491907
329327,Membership Drive,2023-11-15,All,SMS,7575,756,40,3292.32,3942.51,3.1,0.09980198019801981,0.05291005291005291,1.197486878553725
28630,Category Promotion,2023-11-15,New Users,Social Media,7512,852,43,2283.87,6815.3,1.62,0.1134185303514377,0.05046948356807512,2.9841015469356837
201406,App Push Notification,2023-11-15,All,Email,1622,717,51,4375.26,7783.21,1.64,0.44204685573366215,0.07112970711297072,1.7789137102709325
621649,Email Campaign,2023-11-15,Premium,Social Media,7014,352,99,4268.19,9397.69,2.0,0.05018534359851725,0.28125,2.2017974832423115
554102,Referral Program,2023-11-15,All,SMS,8145,687,42,3987.42,5341.12,2.64,0.0843462246777164,0.0611353711790393,1.339492704555828
786425,New User Discount,2023-11-14,Premium,Email,4346,304,95,4239.53,2397.25,2.54,0.06994937873907041,0.3125,0.5654518307453893
108462,Weekend Special,2023-11-14,Premium,Email,3680,581,32,2021.05,4046.26,3.09,0.1578804347826087,0.055077452667814115,2.0020583360134583
845932,Festival Offer,2023-11-14,New Users,App,7111,476,76,3539.94,7105.34,1.52,0.06693854591477992,0.15966386554621848,2.0071922122973835
908556,Flash Sale,2023-11-14,All,SMS,3116,742,33,1370.59,9410.57,1.93,0.2381258023106547,0.0444743935309973,6.866072275443423
404232,Membership Drive,2023-11-14,New Users,Email,3469,542,31,1745.28,3126.71,3.54,0.15624099164024213,0.05719557195571956,1.791523423175651
351040,Category Promotion,2023-11-14,Premium,Email,9822,518,38,3215.07,2754.09,1.59,0.052738749745469354,0.07335907335907337,0.8566189849676679
365215,App Push Notification,2023-11-14,New Users,SMS,5986,787,54,1837.73,3120.98,2.76,0.13147343802205144,0.06861499364675985,1.6982799431907842
985841,Email Campaign,2023-11-14,Inactive,App,5701,862,86,4580.3,4229.09,2.29,0.15120154358884405,0.09976798143851508,0.9233216164880029
249499,Referral Program,2023-11-14,All,Email,3935,494,27,3858.0,8669.26,3.91,0.1255400254129606,0.05465587044534413,2.2470865733540695
262739,New User Discount,2023-11-13,Inactive,SMS,4799,924,19,3893.51,4651.11,1.54,0.19254011252344239,0.020562770562770564,1.1945802116855997
546095,Weekend Special,2023-11-13,All,Social Media,6163,274,91,2068.18,8907.41,1.91,0.0444588674346909,0.33211678832116787,4.306883346710634
827445,Festival Offer,2023-11-13,Inactive,App,7989,172,78,4332.76,4865.86,3.14,0.02152960320440606,0.45348837209302323,1.123039355976329
445119,Flash Sale,2023-11-13,Inactive,Social Media,3090,730,99,2953.69,6852.18,3.76,0.23624595469255663,0.13561643835616438,2.319871076517847
174638,Membership Drive,2023-11-13,New Users,SMS,9254,892,49,4276.47,6695.22,3.8,0.09639074994596931,0.05493273542600897,1.5655949883899571
228666,Category Promotion,2023-11-13,New Users,Email,3150,991,94,2324.26,8422.26,1.74,0.3146031746031746,0.09485368314833502,3.6236307469904396
515077,App Push Notification,2023-11-13,Inactive,SMS,2552,535,49,1391.09,3599.18,3.71,0.20963949843260188,0.09158878504672897,2.5873092323286055
371140,Email Campaign,2023-11-13,Inactive,Email,8451,797,91,1766.62,5477.67,1.63,0.09430836587386109,0.11417816813048934,3.1006498284860355
652176,Referral Program,2023-11-13,Inactive,Social Media,6471,289,38,1023.81,5372.66,2.14,0.04466079431308917,0.1314878892733564,5.2477119778083825
24596,New User Discount,2023-11-12,All,SMS,2137,297,86,1852.31,2487.97,2.86,0.13897987833411324,0.2895622895622896,1.3431714993710555
865351,Weekend Special,2023-11-12,New Users,Email,9672,151,84,2695.13,4933.22,3.97,0.015612076095947064,0.5562913907284768,1.8304200539491602
759071,Festival Offer,2023-11-12,Inactive,Email,5782,700,24,2858.16,8345.49,2.41,0.12106537530266344,0.03428571428571429,2.919882022000168
431600,Flash Sale,2023-11-12,New Users,App,4425,194,95,1351.21,3520.09,3.94,0.04384180790960452,0.4896907216494845,2.605139097549604
393708,Membership Drive,2023-11-12,Inactive,Social Media,3897,112,56,3489.79,2809.78,2.25,0.02874005645368232,0.5,0.8051430028740985
121219,Category Promotion,2023-11-12,Premium,SMS,2169,339,50,2344.55,4653.82,3.58,0.15629322268326418,0.14749262536873156,1.9849523362692199
497034,App Push Notification,2023-11-12,Premium,App,7618,407,71,2548.17,7706.26,3.3,0.05342609608821213,0.17444717444717445,3.024233077070996
350837,Email Campaign,2023-11-12,Inactive,App,9580,703,51,3556.5,5723.73,3.92,0.07338204592901879,0.07254623044096728,1.609371573175875
620729,Referral Program,2023-11-12,New Users,Social Media,2399,409,39,4429.65,5942.7,3.57,0.1704877032096707,0.09535452322738386,1.341573261995869
820408,New User Discount,2023-11-11,New Users,Social Media,8822,719,83,4375.96,7329.74,3.96,0.08150079347086829,0.11543810848400557,1.6750015996489913
236335,Weekend Special,2023-11-11,New Users,App,8124,832,50,3831.66,8634.87,2.66,0.10241260462826195,0.06009615384615385,2.2535585098886646
219062,Festival Offer,2023-11-11,All,Social Media,5016,300,43,2664.02,9733.86,1.5,0.05980861244019139,0.14333333333333334,3.653823920240839
419218,Flash Sale,2023-11-11,Inactive,App,2738,621,89,1223.98,6300.09,1.88,0.22680788897005114,0.143317230273752,5.147216457785258
252265,Membership Drive,2023-11-11,Premium,SMS,3378,607,84,4678.21,3114.63,2.24,0.17969212551805802,0.13838550247116968,0.6657738750505001
577192,Category Promotion,2023-11-11,Inactive,Social Media,7791,937,39,1280.42,3419.17,3.52,0.12026697471441407,0.0416221985058698,2.6703503537901625
795656,App Push Notification,2023-11-11,Inactive,Social Media,4978,457,65,3498.03,7987.25,3.13,0.09180393732422659,0.1422319474835886,2.2833566321615306
194088,Email Campaign,2023-11-11,All,Social Media,4299,519,18,3496.89,7879.5,3.15,0.12072575017445918,0.03468208092485549,2.2532879215531514
822039,Referral Program,2023-11-11,New Users,Email,6726,462,88,2289.51,8142.7,3.9,0.06868867082961641,0.19047619047619047,3.5565251953474757
782332,New User Discount,2023-11-10,Premium,Email,6304,563,12,4366.78,5687.42,3.32,0.08930837563451777,0.021314387211367674,1.3024287919244846
208302,Weekend Special,2023-11-10,New Users,Email,1959,462,26,1848.17,3568.67,2.42,0.23583460949464014,0.05627705627705628,1.9309208568475844
950343,Festival Offer,2023-11-10,All,App,2568,106,26,2711.32,5664.84,3.11,0.04127725856697819,0.24528301886792453,2.089329182833454
772722,Flash Sale,2023-11-10,Premium,Email,5250,146,62,2110.88,3322.94,2.63,0.02780952380952381,0.4246575342465753,1.5741965436216174
560709,Membership Drive,2023-11-10,New Users,App,6072,601,62,3201.47,7374.4,1.78,0.09897891963109355,0.10316139767054909,2.3034418563972174
833327,Category Promotion,2023-11-10,All,Social Media,4325,285,48,3006.08,4070.25,3.76,0.06589595375722543,0.16842105263157894,1.3540058814136684
454633,App Push Notification,2023-11-10,All,Social Media,6169,428,80,2093.21,6008.78,2.99,0.06937915383368455,0.18691588785046728,2.870605433759632
201404,Email Campaign,2023-11-10,Premium,Social Media,6336,104,32,3298.94,9363.32,3.07,0.016414141414141416,0.3076923076923077,2.838281387354726
246813,Referral Program,2023-11-10,Premium,Email,9829,467,86,1326.93,4497.16,1.69,0.04751246311934073,0.1841541755888651,3.3891463754681856
361511,New User Discount,2023-11-09,New Users,SMS,6195,948,19,3329.15,5028.08,3.16,0.15302663438256658,0.020042194092827006,1.510319450910893
484374,Weekend Special,2023-11-09,Inactive,App,7234,786,36,4926.72,6198.95,1.91,0.10865358031517833,0.04580152671755725,1.258230628085217
605230,Festival Offer,2023-11-09,Inactive,SMS,4756,750,69,3656.58,4470.2,1.65,0.1576955424726661,0.092,1.2225084641933173
116140,Flash Sale,2023-11-09,Premium,App,9303,167,26,2023.64,4654.52,3.65,0.01795119853810599,0.15568862275449102,2.3000731355379416
400626,Membership Drive,2023-11-09,All,Email,2280,780,86,1008.7,3524.89,3.1,0.34210526315789475,0.11025641025641025,3.494487954793298
414580,Category Promotion,2023-11-09,All,Social Media,9733,981,88,1773.43,5827.95,3.68,0.10079112298366383,0.08970438328236494,3.286258831755412
21013,App Push Notification,2023-11-09,Premium,SMS,4558,354,32,2838.41,8937.99,2.67,0.0776656428258008,0.0903954802259887,3.1489425417751487
684739,Email Campaign,2023-11-09,New Users,SMS,6885,383,87,3367.11,6678.85,2.86,0.05562817719680465,0.22715404699738903,1.9835556307931728
637182,Referral Program,2023-11-09,Inactive,Email,5724,485,85,3686.86,3686.81,1.85,0.0847309573724668,0.17525773195876287,0.9999864383242107
832059,New User Discount,2023-11-08,Premium,Email,2985,953,85,3230.24,2022.21,2.02,0.31926298157453936,0.08919202518363065,0.6260246916637774
216463,Weekend Special,2023-11-08,New Users,SMS,7090,596,24,1132.53,8547.61,3.68,0.08406205923836389,0.040268456375838924,7.547358568867933
796337,Festival Offer,2023-11-08,All,App,5175,635,45,2049.39,8014.12,3.42,0.12270531400966184,0.07086614173228346,3.9104904386183206
670674,Flash Sale,2023-11-08,All,Social Media,3962,540,37,2405.35,4122.73,1.95,0.13629480060575466,0.06851851851851852,1.7139834119774668
184294,Membership Drive,2023-11-08,All,App,4493,704,21,4749.46,8444.98,3.72,0.15668818161584688,0.029829545454545456,1.7780926673769228
242821,Category Promotion,2023-11-08,Premium,Social Media,7340,112,79,4664.6,3041.47,2.23,0.015258855585831062,0.7053571428571429,0.6520323286026668
576123,App Push Notification,2023-11-08,Inactive,Social Media,2989,405,50,3354.18,7996.79,2.2,0.13549682167949148,0.12345679012345678,2.3841266717945966
112987,Email Campaign,2023-11-08,Premium,SMS,3254,399,38,1794.54,9403.67,2.87,0.12261831591886908,0.09523809523809523,5.240156251741394
656190,Referral Program,2023-11-08,New Users,SMS,2030,890,48,4253.58,2117.8,3.96,0.43842364532019706,0.05393258426966292,0.49788648620691284
222008,New User Discount,2023-11-07,New Users,SMS,1171,345,84,2485.31,7179.3,2.76,0.2946199829205807,0.24347826086956523,2.8886939657427044
975496,Weekend Special,2023-11-07,Premium,App,7108,412,86,4391.98,7823.43,2.86,0.057962858750703436,0.2087378640776699,1.7812990951689218
564613,Festival Offer,2023-11-07,Inactive,Social Media,5563,507,72,1836.38,4125.96,2.35,0.09113787524716879,0.14201183431952663,2.2467898800901773
394041,Flash Sale,2023-11-07,New Users,Social Media,3791,281,70,1675.45,9389.32,2.81,0.07412292271168557,0.2491103202846975,5.604058611119401
691816,Membership Drive,2023-11-07,All,App,1846,196,45,2235.91,3205.35,3.63,0.10617551462621885,0.22959183673469388,1.4335773801271072
325083,Category Promotion,2023-11-07,New Users,Email,3246,253,66,3568.36,4968.11,3.63,0.07794208256315466,0.2608695652173913,1.3922670358371911
583896,App Push Notification,2023-11-07,Premium,Email,1963,214,57,2769.0,5271.07,3.21,0.10901681100356597,0.26635514018691586,1.9036005778259297
841577,Email Campaign,2023-11-07,All,App,4740,127,87,2325.21,8362.28,1.7,0.02679324894514768,0.6850393700787402,3.596354737851635
478313,Referral Program,2023-11-07,New Users,App,2985,468,83,1845.6,3446.0,2.02,0.15678391959798996,0.17735042735042736,1.8671434763762462
94176,New User Discount,2023-11-06,Premium,SMS,2368,367,90,1648.13,3168.13,1.89,0.15498310810810811,0.2452316076294278,1.9222573462044863
742092,Weekend Special,2023-11-06,Inactive,Email,3981,851,16,2812.64,8898.49,2.43,0.21376538558151217,0.01880141010575793,3.1637500711075717
348097,Festival Offer,2023-11-06,New Users,App,2660,354,82,2173.39,8468.66,3.97,0.1330827067669173,0.23163841807909605,3.8965211029773763
902340,Flash Sale,2023-11-06,Inactive,Email,9174,665,61,4922.67,2512.34,3.43,0.07248746457379551,0.09172932330827067,0.5103612470468263
519991,Membership Drive,2023-11-06,Premium,Social Media,7044,829,71,4869.31,2050.57,2.11,0.11768881317433276,0.0856453558504222,0.42112126769501224
648419,Category Promotion,2023-11-06,Premium,SMS,5202,882,18,1876.81,7158.88,3.44,0.1695501730103806,0.02040816326530612,3.814387178243935
426826,App Push Notification,2023-11-06,Inactive,SMS,4270,865,99,1315.34,6461.11,2.49,0.202576112412178,0.11445086705202312,4.912121580731978
620986,Email Campaign,2023-11-06,All,SMS,9994,889,57,3670.87,4268.04,2.37,0.08895337202321393,0.06411698537682789,1.1626780572452853
436998,Referral Program,2023-11-06,Inactive,Email,1260,380,55,3264.21,9081.39,3.18,0.30158730158730157,0.14473684210526316,2.7821096069186724
527536,New User Discount,2023-11-05,New Users,SMS,7500,575,64,3158.74,3216.18,3.25,0.07666666666666666,0.11130434782608696,1.0181844659579453
505448,Weekend Special,2023-11-05,New Users,Email,3749,416,79,2445.05,4821.35,2.38,0.11096292344625233,0.18990384615384615,1.9718819656039754
969752,Festival Offer,2023-11-05,Inactive,App,1374,452,51,4067.31,2911.44,2.85,0.3289665211062591,0.11283185840707964,0.715814629325033
147451,Flash Sale,2023-11-05,Inactive,Email,9137,190,60,3200.14,5398.87,3.52,0.020794571522381525,0.3157894736842105,1.687073065553382
730136,Membership Drive,2023-11-05,Premium,App,7256,153,82,2718.42,6267.6,2.79,0.021085997794928334,0.5359477124183006,2.3056039905533363
876979,Category Promotion,2023-11-05,Inactive,App,8494,544,55,2055.54,9501.28,2.31,0.06404520838238757,0.10110294117647059,4.622279303735272
130091,App Push Notification,2023-11-05,New Users,Email,1906,970,39,1922.39,7865.5,3.92,0.5089192025183631,0.04020618556701031,4.0915214914767555
289467,Email Campaign,2023-11-05,Inactive,Social Media,7634,836,53,3190.81,4611.69,2.13,0.10951008645533142,0.06339712918660287,1.445303857014363
685660,Referral Program,2023-11-05,New Users,SMS,3611,338,92,4394.56,2119.58,2.73,0.09360288008861811,0.27218934911242604,0.4823190490060438
648,New User Discount,2023-11-04,All,Email,7368,138,43,4892.22,2261.53,2.35,0.018729641693811076,0.3115942028985507,0.46227070736802517
615382,Weekend Special,2023-11-04,Inactive,Email,3368,726,82,3851.46,3495.03,3.79,0.2155581947743468,0.11294765840220386,0.9074558738764001
73874,Festival Offer,2023-11-04,All,Social Media,3667,968,40,4869.2,5962.75,2.79,0.2639760021816199,0.04132231404958678,1.224585147457488
530564,Flash Sale,2023-11-04,New Users,Social Media,7665,818,76,1209.6,9850.09,2.78,0.10671885192433138,0.09290953545232274,8.143262235449736
937960,Membership Drive,2023-11-04,Premium,SMS,8982,584,87,3592.12,2602.11,3.06,0.06501892674237364,0.14897260273972604,0.7243939512043028
332790,Category Promotion,2023-11-04,New Users,App,3711,266,52,1716.9,6223.46,1.64,0.07167879277822689,0.19548872180451127,3.6248238103558736
846532,App Push Notification,2023-11-04,Inactive,SMS,3960,423,66,2809.79,4947.09,2.83,0.10681818181818181,0.15602836879432624,1.7606618288199474
377049,Email Campaign,2023-11-04,New Users,SMS,8586,281,75,1164.36,4435.69,2.81,0.03272769624970883,0.2669039145907473,3.8095520285822255
300068,Referral Program,2023-11-04,Premium,SMS,4605,863,24,1294.77,8456.87,1.67,0.18740499457111834,0.027809965237543453,6.53156159008936
701528,New User Discount,2023-11-03,Inactive,SMS,4944,990,63,4058.25,7766.38,2.62,0.20024271844660194,0.06363636363636363,1.9137263598841865
896780,Weekend Special,2023-11-03,All,Social Media,7323,488,80,1994.24,2189.36,3.04,0.06663935545541445,0.16393442622950818,1.0978417843388961
780352,Festival Offer,2023-11-03,Premium,SMS,4861,515,87,3510.78,8511.78,2.59,0.10594527874922856,0.16893203883495145,2.4244697759472253
719806,Flash Sale,2023-11-03,New Users,Social Media,5201,451,16,1432.95,7105.28,3.23,0.08671409344356855,0.03547671840354767,4.958498203007781
55745,Membership Drive,2023-11-03,All,App,1467,807,68,3026.45,2772.48,2.47,0.5501022494887525,0.08426270136307311,0.9160831997885311
988214,Category Promotion,2023-11-03,Premium,Email,6455,507,26,1378.74,6897.51,3.76,0.0785437645236251,0.05128205128205128,5.0027633926628665
185180,App Push Notification,2023-11-03,Premium,Email,7549,444,22,3644.01,8899.62,2.2,0.058815737183732945,0.04954954954954955,2.442260037705714
932229,Email Campaign,2023-11-03,All,SMS,4167,459,12,3010.49,9370.47,3.64,0.1101511879049676,0.026143790849673203,3.112606253467044
520821,Referral Program,2023-11-03,Premium,Social Media,1834,299,70,2936.92,3978.66,3.66,0.16303162486368594,0.23411371237458195,1.35470492897321
386205,New User Discount,2023-11-02,All,Email,9640,451,53,3828.98,8550.64,3.98,0.04678423236514523,0.11751662971175167,2.2331378069355283
738123,Weekend Special,2023-11-02,New Users,App,9550,257,81,3875.15,9731.08,1.86,0.026910994764397907,0.3151750972762646,2.511149245835645
194159,Festival Offer,2023-11-02,Premium,Email,7482,153,22,1167.19,2605.53,2.77,0.02044907778668805,0.1437908496732026,2.2323100780507033
934330,Flash Sale,2023-11-02,All,Email,1004,824,90,3054.06,7189.41,3.59,0.8207171314741036,0.10922330097087378,2.3540500186636804
532241,Membership Drive,2023-11-02,New Users,Email,8379,604,99,4506.85,8998.71,3.6,0.07208497434061344,0.16390728476821192,1.9966739518732592
768546,Category Promotion,2023-11-02,Premium,Email,5944,994,54,1288.37,3024.21,2.41,0.16722745625841184,0.05432595573440644,2.3473148241576567
281887,App Push Notification,2023-11-02,New Users,Email,5265,765,84,1810.21,7630.52,1.76,0.1452991452991453,0.10980392156862745,4.215267841852603
229401,Email Campaign,2023-11-02,All,SMS,3632,709,51,2978.36,4481.77,3.26,0.1952092511013216,0.07193229901269393,1.50477779717697
406912,Referral Program,2023-11-02,All,Social Media,9177,659,46,2347.14,7206.93,2.11,0.07180995968181322,0.06980273141122914,3.0705156062271532
439442,New User Discount,2023-11-01,All,App,4881,932,20,3335.87,4093.69,1.6,0.19094447859045277,0.02145922746781116,1.2271731212547252
142218,Weekend Special,2023-11-01,Premium,Email,7797,613,66,4729.9,3650.63,1.62,0.07861998204437604,0.10766721044045677,0.7718197002050784
350135,Festival Offer,2023-11-01,Premium,Email,2523,888,68,2697.8,4145.36,3.13,0.351961950059453,0.07657657657657657,1.536570538957669
859758,Flash Sale,2023-11-01,All,SMS,3659,751,10,4232.8,6568.46,2.02,0.2052473353375239,0.013315579227696404,1.5518002268002267
990509,Membership Drive,2023-11-01,Inactive,SMS,1529,889,15,3434.16,9057.33,3.65,0.5814257684761281,0.01687289088863892,2.6374222517296806
494048,Category Promotion,2023-11-01,Premium,Social Media,9384,236,15,2754.7,6078.22,2.22,0.02514919011082694,0.0635593220338983,2.2064907249428254
489774,App Push Notification,2023-11-01,New Users,App,7006,464,29,1777.3,8981.2,2.54,0.06622894661718527,0.0625,5.053283069825016
390492,Email Campaign,2023-11-01,All,Email,7535,603,24,4009.07,7308.53,2.63,0.08002654280026543,0.03980099502487562,1.8229988501073813
649128,Referral Program,2023-11-01,Inactive,Social Media,1788,371,10,3840.1,7241.91,2.69,0.20749440715883669,0.026954177897574125,1.8858649514335564
984354,New User Discount,2023-10-31,Inactive,Email,7712,619,80,3472.67,4819.29,2.48,0.08026452282157677,0.12924071082390953,1.3877765523358108
683460,Weekend Special,2023-10-31,Inactive,SMS,2007,350,18,4758.97,2956.53,3.04,0.17438963627304435,0.05142857142857143,0.6212541789504872
472639,Festival Offer,2023-10-31,Premium,Email,1532,831,67,2447.79,9609.89,1.59,0.5424281984334204,0.08062575210589651,3.925945444666413
621287,Flash Sale,2023-10-31,Inactive,App,2695,713,49,2134.56,5025.08,1.73,0.26456400742115027,0.06872370266479663,2.3541526122479572
299687,Membership Drive,2023-10-31,New Users,Email,3063,411,26,2779.58,9650.95,2.96,0.13418217433888344,0.06326034063260341,3.4720893084566735
21518,Category Promotion,2023-10-31,Inactive,App,8017,305,55,1223.86,7713.38,3.93,0.0380441561681427,0.18032786885245902,6.302501920154267
359808,App Push Notification,2023-10-31,Inactive,SMS,8487,746,12,3479.69,7298.83,2.05,0.08789913986096383,0.0160857908847185,2.097551793406884
791493,Email Campaign,2023-10-31,Premium,Social Media,4600,201,94,4686.33,4654.82,3.82,0.043695652173913045,0.46766169154228854,0.9932761884032921
926216,Referral Program,2023-10-31,Premium,Email,4347,286,18,1915.43,4007.16,2.21,0.06579250057510927,0.06293706293706294,2.0920419957920675
359569,New User Discount,2023-10-30,All,SMS,6137,186,31,4430.36,3170.83,2.58,0.03030796806257129,0.16666666666666666,0.7157048185700485
694883,Weekend Special,2023-10-30,New Users,SMS,8200,893,78,2870.49,5253.21,2.35,0.10890243902439024,0.08734602463605823,1.8300743078707817
556220,Festival Offer,2023-10-30,All,Email,6674,860,96,2876.34,7211.52,1.71,0.12885825591848965,0.11162790697674418,2.5071862158159326
351643,Flash Sale,2023-10-30,New Users,Email,6791,142,86,3165.85,5341.35,2.35,0.02091002797820645,0.6056338028169014,1.6871772193881582
742224,Membership Drive,2023-10-30,Inactive,App,8938,678,36,3026.57,2740.97,3.87,0.07585589617364064,0.05309734513274336,0.905635752683731
128374,Category Promotion,2023-10-30,New Users,Social Media,8444,602,99,2021.55,3618.1,2.2,0.07129322595926102,0.1644518272425249,1.789765279117509
86194,App Push Notification,2023-10-30,Premium,Social Media,8320,539,22,3977.44,2918.56,3.94,0.06478365384615385,0.04081632653061224,0.7337785108009172
51074,Email Campaign,2023-10-30,Premium,SMS,9043,836,10,3959.28,9558.27,3.59,0.09244719672674998,0.011961722488038277,2.414143480632842
351794,Referral Program,2023-10-30,New Users,App,5674,947,45,1962.61,7909.33,2.58,0.16690165667959111,0.04751847940865892,4.0300059614492945
105859,New User Discount,2023-10-29,Inactive,SMS,1352,450,66,3695.61,2658.31,3.88,0.3328402366863905,0.14666666666666667,0.7193156204253154
397750,Weekend Special,2023-10-29,Inactive,App,3647,174,68,3884.72,6652.54,3.03,0.04771044694269262,0.39080459770114945,1.7124889309911655
402134,Festival Offer,2023-10-29,Inactive,App,2804,713,80,4381.83,7968.65,2.2,0.2542796005706134,0.11220196353436185,1.818566671915615
102991,Flash Sale,2023-10-29,Premium,Social Media,5717,494,47,2281.7,5680.55,3.43,0.08640895574602064,0.0951417004048583,2.489613007845028
443742,Membership Drive,2023-10-29,All,Social Media,4642,194,19,3825.19,3492.9,3.18,0.04179233089185696,0.0979381443298969,0.9131311124414735
677049,Category Promotion,2023-10-29,Inactive,Social Media,4061,565,77,1440.12,4110.61,3.31,0.13912829352376263,0.13628318584070798,2.8543524150765216
560039,App Push Notification,2023-10-29,All,App,9868,722,60,1426.56,2306.02,3.24,0.07316578840697203,0.08310249307479224,1.616490017945267
655058,Email Campaign,2023-10-29,Premium,Email,7788,165,77,2914.62,6447.33,3.29,0.0211864406779661,0.4666666666666667,2.2120653807357393
432786,Referral Program,2023-10-29,Premium,Social Media,5299,426,48,4374.83,5281.94,2.32,0.08039252689186639,0.11267605633802817,1.2073474855022936
796726,New User Discount,2023-10-28,New Users,SMS,4143,758,91,1111.84,2054.55,1.77,0.18295920830316195,0.12005277044854881,1.847882788890488
969492,Weekend Special,2023-10-28,New Users,SMS,9090,667,13,1075.69,7092.36,3.2,0.07337733773377338,0.019490254872563718,6.593312199611412
96128,Festival Offer,2023-10-28,Inactive,SMS,6898,955,81,1783.84,4865.4,2.05,0.13844592635546535,0.08481675392670157,2.7274867701139116
339172,Flash Sale,2023-10-28,Inactive,App,8745,772,79,4467.8,4835.48,1.73,0.08827901658090337,0.10233160621761658,1.0822955369533103
421722,Membership Drive,2023-10-28,All,App,4428,294,69,3221.76,5772.47,1.53,0.06639566395663957,0.23469387755102042,1.7917132250695271
82195,Category Promotion,2023-10-28,Inactive,App,8617,533,85,1291.78,5143.67,3.81,0.06185447371474991,0.15947467166979362,3.981846754091254
501370,App Push Notification,2023-10-28,Inactive,Email,9475,305,57,3473.25,3775.96,2.68,0.03218997361477573,0.18688524590163935,1.0871546822140647
117625,Email Campaign,2023-10-28,Premium,SMS,9841,849,83,2383.25,9540.5,2.73,0.0862717203536226,0.0977620730270907,4.003146963180531
893019,Referral Program,2023-10-28,All,SMS,8975,915,62,2086.05,4634.25,1.86,0.10194986072423398,0.06775956284153005,2.221543107787445
138286,New User Discount,2023-10-27,Inactive,Social Media,3898,763,48,4726.29,5580.93,2.79,0.19574140584915342,0.06290956749672345,1.1808268218835494
388493,Weekend Special,2023-10-27,Premium,Social Media,7578,631,10,1221.44,7522.03,2.65,0.08326735286355239,0.01584786053882726,6.158329512706313
124156,Festival Offer,2023-10-27,All,Social Media,5020,528,78,4437.17,9460.81,1.65,0.1051792828685259,0.14772727272727273,2.1321720826562873
782136,Flash Sale,2023-10-27,Premium,App,4320,874,18,4028.71,4396.37,2.41,0.2023148148148148,0.020594965675057208,1.0912599814829065
848455,Membership Drive,2023-10-27,All,Social Media,8491,288,38,2706.43,5319.87,1.6,0.033918266399717345,0.13194444444444445,1.965641084380531
43641,Category Promotion,2023-10-27,Inactive,App,9512,880,20,3062.47,8516.35,2.76,0.09251471825063078,0.022727272727272728,2.780876220828286
166190,App Push Notification,2023-10-27,Premium,Social Media,4370,396,83,2331.53,5467.0,3.43,0.09061784897025171,0.20959595959595959,2.3448122048611855
602034,Email Campaign,2023-10-27,Premium,SMS,7518,704,53,3969.09,7021.08,2.12,0.09364192604416068,0.07528409090909091,1.7689394798303892
495855,Referral Program,2023-10-27,Premium,SMS,2565,700,38,3358.2,3391.34,1.63,0.2729044834307992,0.054285714285714284,1.0098683818712406
134280,New User Discount,2023-10-26,Inactive,Social Media,7741,515,82,1522.6,7913.2,3.55,0.06652887223872885,0.15922330097087378,5.197162747931171
924166,Weekend Special,2023-10-26,All,App,5952,432,88,1446.27,5050.1,2.59,0.07258064516129033,0.2037037037037037,3.491809966327173
915118,Festival Offer,2023-10-26,All,Email,8827,790,93,3467.06,5272.98,2.51,0.08949813073524414,0.11772151898734177,1.5208793617647227
281361,Flash Sale,2023-10-26,All,App,8664,905,100,3204.04,2331.9,1.67,0.10445521698984303,0.11049723756906077,0.7277999026229386
658183,Membership Drive,2023-10-26,All,Social Media,7088,221,80,2988.11,8595.98,3.39,0.031179458239277653,0.36199095022624433,2.8767280990324986
120767,Category Promotion,2023-10-26,Premium,SMS,5313,656,81,2124.54,7062.21,3.87,0.12347073216638434,0.12347560975609756,3.324112513767686
552750,App Push Notification,2023-10-26,New Users,Social Media,6833,525,88,1006.73,9745.83,3.13,0.07683301624469487,0.1676190476190476,9.680679030127244
879756,Email Campaign,2023-10-26,Inactive,Email,7533,304,53,4595.09,6565.29,2.69,0.040355767954334265,0.17434210526315788,1.4287620046614973
330492,Referral Program,2023-10-26,Premium,Email,1223,299,96,2672.1,8778.42,2.2,0.24448078495502862,0.3210702341137124,3.2852138767261705
688584,New User Discount,2023-10-25,Premium,SMS,7904,728,73,1248.79,8646.48,2.75,0.09210526315789473,0.10027472527472528,6.923886321959657
249230,Weekend Special,2023-10-25,All,App,4609,171,28,2216.43,7013.44,3.17,0.03710132349750488,0.16374269005847952,3.1642957368380684
950306,Festival Offer,2023-10-25,Inactive,App,5482,561,64,1838.61,4239.47,3.73,0.10233491426486684,0.1140819964349376,2.3058016653885276
713035,Flash Sale,2023-10-25,Inactive,SMS,1101,157,26,1742.81,8934.51,2.32,0.14259763851044505,0.16560509554140126,5.126496864259443
308116,Membership Drive,2023-10-25,Premium,Email,2741,324,56,4356.62,4950.15,2.72,0.11820503465888361,0.1728395061728395,1.1362363483618034
803114,Category Promotion,2023-10-25,Premium,Social Media,1932,744,94,1501.4,3493.22,1.53,0.38509316770186336,0.12634408602150538,2.3266418009857466
781965,App Push Notification,2023-10-25,All,Email,6508,353,82,3635.57,9579.9,2.71,0.05424093423478795,0.23229461756373937,2.635047599138512
173278,Email Campaign,2023-10-25,All,App,9618,484,100,1683.51,9644.49,2.47,0.050322312331045956,0.2066115702479339,5.7287987597341266
515371,Referral Program,2023-10-25,All,Social Media,8493,888,55,2321.24,4304.32,3.86,0.1045566937477923,0.061936936936936936,1.854319243163137
859740,New User Discount,2023-10-24,All,Social Media,4630,428,66,3358.99,9236.38,3.2,0.09244060475161987,0.1542056074766355,2.749749180557251
921445,Weekend Special,2023-10-24,All,SMS,6502,598,41,3799.81,8991.54,3.39,0.09197170101507228,0.06856187290969899,2.3663130524947302
193185,Festival Offer,2023-10-24,Inactive,Email,6004,534,23,2346.3,4030.6,3.56,0.08894070619586943,0.04307116104868914,1.7178536419042747
752276,Flash Sale,2023-10-24,New Users,Email,2750,385,18,1925.82,8278.47,3.12,0.14,0.046753246753246755,4.29867277315637
989261,Membership Drive,2023-10-24,Inactive,App,2333,934,88,1047.58,2452.23,2.79,0.40034290612944706,0.09421841541755889,2.340852249947498
349173,Category Promotion,2023-10-24,New Users,Email,9660,668,66,3464.13,8003.46,2.9,0.06915113871635611,0.09880239520958084,2.310380961453525
614329,App Push Notification,2023-10-24,New Users,Email,9257,855,91,2880.17,4656.8,2.29,0.09236253645889597,0.1064327485380117,1.616849005440651
856438,Email Campaign,2023-10-24,Inactive,Social Media,4519,985,89,1682.7,8438.89,2.19,0.2179685771188316,0.09035532994923857,5.015088845308135
433393,Referral Program,2023-10-24,Inactive,App,6358,928,23,4832.81,9156.92,3.6,0.1459578483799937,0.02478448275862069,1.8947403270561018
792493,New User Discount,2023-10-23,Inactive,App,6785,455,29,1608.0,7007.06,1.53,0.06705969049373618,0.06373626373626373,4.357624378109453
637050,Weekend Special,2023-10-23,Premium,App,1706,647,15,4560.17,2177.39,1.92,0.37924970691676435,0.023183925811437404,0.477480006227838
599471,Festival Offer,2023-10-23,New Users,SMS,8168,287,61,2804.57,9964.33,1.62,0.03513712047012733,0.21254355400696864,3.5528904609262737
903968,Flash Sale,2023-10-23,Inactive,App,6877,876,66,1944.27,4541.74,3.02,0.12738112549076633,0.07534246575342465,2.3359615691236297
118633,Membership Drive,2023-10-23,Premium,SMS,7839,861,90,4991.34,5272.46,3.97,0.10983543819364715,0.10452961672473868,1.0563215489227342
170409,Category Promotion,2023-10-23,All,Email,3918,391,33,3442.95,9500.4,3.37,0.09979581419091373,0.08439897698209718,2.759377859103385
404539,App Push Notification,2023-10-23,Premium,SMS,4057,663,36,1006.5,2238.69,2.36,0.16342124722701504,0.05429864253393665,2.224232488822653
95773,Email Campaign,2023-10-23,Premium,Social Media,6342,417,33,4337.06,7538.93,2.88,0.06575212866603596,0.07913669064748201,1.738258174892669
948318,Referral Program,2023-10-23,Inactive,App,9214,763,65,3433.13,2923.93,2.82,0.08280876926416322,0.08519003931847968,0.851680536420118
577637,New User Discount,2023-10-22,Inactive,Social Media,2357,725,63,4507.71,9011.83,3.45,0.3075943996605855,0.08689655172413793,1.9992035867436015
363056,Weekend Special,2023-10-22,Premium,Social Media,6439,283,45,4598.93,8645.6,3.75,0.04395092405653052,0.15901060070671377,1.8799155455725571
102055,Festival Offer,2023-10-22,New Users,SMS,1668,872,65,4747.59,2307.55,2.24,0.5227817745803357,0.07454128440366972,0.48604660469838384
829450,Flash Sale,2023-10-22,Inactive,Email,3846,833,94,2414.84,5962.63,2.31,0.21658866354654185,0.11284513805522209,2.469161517947359
658023,Membership Drive,2023-10-22,Inactive,Email,3265,774,89,2903.92,2198.83,2.95,0.23705972434915773,0.11498708010335917,0.7571937243450232
686121,Category Promotion,2023-10-22,Inactive,Social Media,3952,669,68,4642.38,2775.88,1.68,0.16928137651821862,0.10164424514200299,0.5979432963264533
425687,App Push Notification,2023-10-22,Premium,Social Media,6518,113,98,2805.34,3163.86,2.54,0.01733660632095735,0.8672566371681416,1.1277991259526474
868519,Email Campaign,2023-10-22,Inactive,App,2861,209,84,2482.75,2851.77,3.27,0.07305138063614121,0.4019138755980861,1.1486335716443459
280156,Referral Program,2023-10-22,All,SMS,9202,151,18,2278.38,3733.67,3.74,0.016409476200825907,0.11920529801324503,1.638738928536943
990044,New User Discount,2023-10-21,Inactive,Social Media,3342,888,99,2116.86,5814.86,3.88,0.26570915619389585,0.11148648648648649,2.746927052332228
385691,Weekend Special,2023-10-21,Inactive,SMS,6435,930,91,1460.35,9495.89,3.28,0.1445221445221445,0.0978494623655914,6.502475433971308
583982,Festival Offer,2023-10-21,All,App,9336,646,68,4452.53,4242.89,3.53,0.06919451585261353,0.10526315789473684,0.9529166563728937
706789,Flash Sale,2023-10-21,New Users,App,2790,703,93,1022.62,4280.64,1.96,0.25197132616487455,0.13229018492176386,4.185953726702001
928835,Membership Drive,2023-10-21,Premium,Email,2789,631,63,2164.23,4125.94,2.46,0.2262459662961635,0.09984152139461172,1.9064239937529743
604151,Category Promotion,2023-10-21,New Users,Social Media,3328,321,71,3940.22,4867.25,1.83,0.09645432692307693,0.22118380062305296,1.2352736649222633
730601,App Push Notification,2023-10-21,Premium,SMS,3504,861,85,2980.78,2946.3,1.79,0.2457191780821918,0.09872241579558652,0.9884325579210811
307592,Email Campaign,2023-10-21,New Users,App,6526,801,11,1817.93,2856.3,3.53,0.12273980999080601,0.01373283395755306,1.5711826087913177
48197,Referral Program,2023-10-21,New Users,SMS,8285,424,12,4175.36,6985.0,2.18,0.05117682558841279,0.02830188679245283,1.672909641324341
115392,New User Discount,2023-10-20,All,SMS,8560,336,84,2454.79,4823.86,3.31,0.03925233644859813,0.25,1.9650805160522895
404503,Weekend Special,2023-10-20,Inactive,App,1680,178,28,1400.39,6028.41,2.5,0.10595238095238095,0.15730337078651685,4.3048079463577995
236107,Festival Offer,2023-10-20,All,Social Media,7578,100,94,3576.6,3074.89,3.54,0.013196093956188967,0.94,0.8597243191858189
89239,Flash Sale,2023-10-20,New Users,App,9414,727,54,3477.23,8898.35,1.95,0.07722540896537072,0.07427785419532325,2.559034058719153
558473,Membership Drive,2023-10-20,New Users,SMS,6328,363,78,2842.61,5892.73,3.4,0.05736409608091024,0.21487603305785125,2.0729998135516303
977146,Category Promotion,2023-10-20,Inactive,SMS,1197,507,100,4167.3,4411.8,3.58,0.42355889724310775,0.19723865877712032,1.0586710819955367
977773,App Push Notification,2023-10-20,New Users,Social Media,4621,921,76,1507.1,6417.35,1.71,0.19930750919714346,0.08251900108577633,4.258078428770487
756267,Email Campaign,2023-10-20,New Users,App,9211,898,12,2857.68,7748.35,2.17,0.09749212897622409,0.013363028953229399,2.711412754402173
280564,Referral Program,2023-10-20,New Users,SMS,3275,422,14,3114.28,4977.36,2.44,0.12885496183206108,0.03317535545023697,1.5982377949317337
448863,New User Discount,2023-10-19,Premium,SMS,2293,857,63,3587.63,4547.36,3.67,0.37374618403837767,0.073512252042007,1.2675108637178303
795679,Weekend Special,2023-10-19,Premium,SMS,1083,366,82,4864.59,2902.65,2.66,0.3379501385041551,0.22404371584699453,0.5966895462926989
195795,Festival Offer,2023-10-19,Premium,Social Media,5867,539,82,4182.96,5668.93,3.26,0.0918697801261292,0.15213358070500926,1.3552436552106644
925816,Flash Sale,2023-10-19,All,Social Media,2944,630,17,2579.32,5748.15,3.9,0.2139945652173913,0.026984126984126985,2.228552486701921
798930,Membership Drive,2023-10-19,Inactive,Social Media,5701,509,75,4692.2,3044.9,3.41,0.08928258200315733,0.14734774066797643,0.6489280081837945
438415,Category Promotion,2023-10-19,Inactive,App,4691,417,15,2268.82,2504.21,1.95,0.08889362609251758,0.03597122302158273,1.1037499669431687
515075,App Push Notification,2023-10-19,Inactive,App,2098,985,37,1222.01,3757.2,3.41,0.4694947569113441,0.03756345177664975,3.0746065907807627
295274,Email Campaign,2023-10-19,Premium,App,6212,461,56,2266.16,3846.51,3.16,0.07421120412105602,0.12147505422993492,1.6973691178028032
616810,Referral Program,2023-10-19,New Users,Social Media,6851,419,79,2348.35,6499.25,3.3,0.061158954897095316,0.18854415274463007,2.7675814933889753
666210,New User Discount,2023-10-18,Inactive,SMS,3764,604,47,1818.87,8002.34,2.53,0.16046758767268862,0.07781456953642384,4.3996217431702105
107173,Weekend Special,2023-10-18,Inactive,Social Media,9234,986,84,1883.33,9698.04,3.64,0.10677929391379684,0.08519269776876268,5.1494108839130694
532611,Festival Offer,2023-10-18,All,Email,9638,800,77,1960.56,6064.0,3.39,0.08300477277443453,0.09625,3.092993838495124
9930,Flash Sale,2023-10-18,New Users,Email,4696,519,84,1887.22,2884.59,3.28,0.11051959114139694,0.16184971098265896,1.5284863449942243
65370,Membership Drive,2023-10-18,Inactive,App,4163,841,83,1947.88,6572.91,1.61,0.20201777564256546,0.09869203329369798,3.3743916463026467
47028,Category Promotion,2023-10-18,Premium,App,1119,933,24,4664.37,5759.56,3.82,0.8337801608579088,0.02572347266881029,1.2347991261413653
906748,App Push Notification,2023-10-18,Inactive,App,2335,727,50,3523.32,6064.86,3.98,0.3113490364025696,0.0687757909215956,1.7213480467286535
433710,Email Campaign,2023-10-18,Premium,App,9937,314,25,1929.04,8281.76,3.83,0.031599074167253695,0.07961783439490445,4.293202836644134
624176,Referral Program,2023-10-18,New Users,SMS,4201,412,65,3194.18,7923.51,3.11,0.09807188764579862,0.15776699029126215,2.4806084816760485
974468,New User Discount,2023-10-17,All,SMS,4526,983,11,3852.93,4011.1,1.93,0.2171895713654441,0.011190233977619531,1.041051874806965
784116,Weekend Special,2023-10-17,Premium,Social Media,4979,961,79,2543.46,3265.67,1.51,0.19301064470777266,0.08220603537981269,1.2839478505657647
73931,Festival Offer,2023-10-17,Premium,SMS,5971,608,76,2466.24,2084.92,2.11,0.10182548986769385,0.125,0.8453840664331128
97082,Flash Sale,2023-10-17,All,SMS,5076,690,22,4978.84,7640.67,2.2,0.1359338061465721,0.03188405797101449,1.5346285480152002
764327,Membership Drive,2023-10-17,Premium,App,9854,892,55,3173.69,2589.24,3.5,0.09052161558757865,0.061659192825112105,0.8158452778941861
607371,Category Promotion,2023-10-17,Inactive,Social Media,6233,446,18,3720.09,6080.77,3.67,0.07155462858976416,0.04035874439461883,1.6345760452032074
513268,App Push Notification,2023-10-17,All,Social Media,7466,483,63,1048.69,9378.61,2.34,0.0646932761853737,0.13043478260869565,8.943167189541237
894156,Email Campaign,2023-10-17,Premium,Social Media,6183,918,85,2458.47,9262.81,3.44,0.14847161572052403,0.09259259259259259,3.767713252551384
852075,Referral Program,2023-10-17,Inactive,Email,4702,757,86,4227.52,2957.24,3.85,0.16099532113994044,0.11360634081902246,0.6995212323064112
382040,New User Discount,2023-10-16,Premium,App,7107,326,54,3767.08,2168.87,2.16,0.045870268749120584,0.1656441717791411,0.5757430158106543
909629,Weekend Special,2023-10-16,Inactive,App,3345,164,38,4081.5,8814.12,3.72,0.04902840059790733,0.23170731707317074,2.1595295847115032
525544,Festival Offer,2023-10-16,Inactive,Email,1295,563,36,4277.27,3432.54,3.95,0.43474903474903476,0.06394316163410302,0.8025072066996004
228214,Flash Sale,2023-10-16,New Users,SMS,3277,537,72,2334.01,6296.94,2.73,0.1638693927372597,0.1340782122905028,2.6979061786367664
799079,Membership Drive,2023-10-16,All,SMS,9669,724,94,2047.9,5625.72,1.63,0.07487847760885304,0.1298342541436464,2.747067727916402
807520,Category Promotion,2023-10-16,Inactive,App,5065,616,16,4134.12,9918.54,2.35,0.12161895360315893,0.025974025974025976,2.399190154131956
248283,App Push Notification,2023-10-16,All,Email,5106,288,46,4362.0,3733.61,3.72,0.0564042303172738,0.1597222222222222,0.8559399358092619
896482,Email Campaign,2023-10-16,All,Social Media,1673,649,31,3629.46,5008.8,3.05,0.387925881649731,0.04776579352850539,1.3800400059512985
904139,Referral Program,2023-10-16,New Users,Social Media,3237,205,25,3337.31,7695.72,3.14,0.06333024405313561,0.12195121951219512,2.3059649837743574
470567,New User Discount,2023-10-15,New Users,App,6576,768,86,2674.85,5872.53,3.91,0.11678832116788321,0.11197916666666667,2.195461427743612
938286,Weekend Special,2023-10-15,New Users,SMS,3555,322,72,3186.67,8685.33,2.46,0.09057665260196905,0.2236024844720497,2.7255191155657785
370252,Festival Offer,2023-10-15,Premium,SMS,1539,399,88,1260.01,2419.18,2.89,0.25925925925925924,0.22055137844611528,1.9199688891358004
54616,Flash Sale,2023-10-15,New Users,Social Media,8568,283,24,3898.86,9754.25,3.48,0.03302987861811391,0.08480565371024736,2.501821045126011
818218,Membership Drive,2023-10-15,Premium,SMS,5703,476,80,4002.22,8043.33,1.95,0.08346484306505349,0.16806722689075632,2.009717107005612
463402,Category Promotion,2023-10-15,Premium,SMS,2883,882,98,2633.79,3800.86,3.32,0.3059313215400624,0.1111111111111111,1.443114295369031
894256,App Push Notification,2023-10-15,Premium,SMS,3483,808,15,3760.41,9119.25,1.84,0.23198392190640252,0.018564356435643563,2.4250680112009064
466749,Email Campaign,2023-10-15,Inactive,App,5048,445,64,2302.75,3544.85,3.88,0.08815372424722663,0.14382022471910114,1.5393985452176744
936970,Referral Program,2023-10-15,Premium,SMS,7721,956,60,3691.96,4857.0,3.58,0.12381815826965419,0.06276150627615062,1.315561382030141
286492,New User Discount,2023-10-14,New Users,Email,6382,222,12,3144.79,8664.34,2.22,0.03478533375117518,0.05405405405405406,2.75514104280413
932040,Weekend Special,2023-10-14,All,Email,8815,194,46,1702.88,8191.1,3.19,0.022007941009642654,0.23711340206185566,4.8101451658367
301840,Festival Offer,2023-10-14,All,App,2076,580,30,4105.56,5098.46,1.86,0.279383429672447,0.05172413793103448,1.2418427693177057
684296,Flash Sale,2023-10-14,Inactive,App,7051,932,87,3059.44,8116.78,1.74,0.13217983264785138,0.09334763948497854,2.6530280051251207
665183,Membership Drive,2023-10-14,Inactive,Social Media,8289,387,81,2531.96,4053.82,2.07,0.04668838219326819,0.20930232558139536,1.601060048341996
249110,Category Promotion,2023-10-14,New Users,Social Media,3204,629,87,4480.6,4243.75,2.9,0.19631710362047441,0.1383147853736089,0.947138776056778
237402,App Push Notification,2023-10-14,Premium,Email,2358,126,30,1323.34,5137.61,2.87,0.05343511450381679,0.23809523809523808,3.8823053788142126
943949,Email Campaign,2023-10-14,Inactive,App,1160,702,75,4415.84,2794.22,1.57,0.6051724137931035,0.10683760683760683,0.6327720207253885
674642,Referral Program,2023-10-14,Inactive,Social Media,3817,115,97,3612.03,3850.27,3.03,0.030128373067854337,0.8434782608695652,1.0659573702322516
173345,New User Discount,2023-10-13,Premium,SMS,7588,940,29,4105.68,4163.72,2.92,0.1238798102266737,0.030851063829787233,1.0141365133181348
763499,Weekend Special,2023-10-13,Inactive,SMS,8384,380,64,1417.92,9878.89,2.2,0.04532442748091603,0.16842105263157894,6.967170221169035
529045,Festival Offer,2023-10-13,Premium,Social Media,4287,128,64,3802.51,4164.86,2.97,0.02985770935386051,0.5,1.095292320072794
400698,Flash Sale,2023-10-13,Premium,Email,1856,999,47,4754.8,8008.34,3.96,0.5382543103448276,0.04704704704704705,1.6842643223689744
341586,Membership Drive,2023-10-13,Inactive,Email,3166,702,51,3505.6,5714.38,2.06,0.2217308907138345,0.07264957264957266,1.6300718849840257
320655,Category Promotion,2023-10-13,New Users,Social Media,4575,562,45,3181.53,5707.35,2.19,0.1228415300546448,0.0800711743772242,1.7939010476091692
394220,App Push Notification,2023-10-13,Premium,Social Media,1740,680,70,4291.08,3219.54,2.89,0.39080459770114945,0.10294117647058823,0.7502866411253111
259392,Email Campaign,2023-10-13,Premium,App,4748,889,65,4795.48,4939.74,2.85,0.18723673125526538,0.07311586051743532,1.0300824943488451
923630,Referral Program,2023-10-13,All,Email,2561,582,15,3614.58,8615.19,3.64,0.22725497852401405,0.02577319587628866,2.383455339209535
111438,New User Discount,2023-10-12,Inactive,Email,6299,461,36,3072.38,8801.36,3.13,0.07318622003492618,0.07809110629067245,2.8646716877469585
718343,Weekend Special,2023-10-12,Inactive,Social Media,2446,296,39,3646.85,5524.94,1.7,0.12101390024529844,0.13175675675675674,1.5149896486008472
600800,Festival Offer,2023-10-12,Premium,SMS,5638,390,99,3271.64,5019.49,3.16,0.06917346576800283,0.25384615384615383,1.5342427650964043
25760,Flash Sale,2023-10-12,New Users,Email,7077,509,65,1579.72,9678.68,3.74,0.07192313127031227,0.12770137524557956,6.126832603246145
699240,Membership Drive,2023-10-12,New Users,App,1640,233,33,3397.95,7764.91,3.71,0.1420731707317073,0.14163090128755365,2.2851748848570463
500089,Category Promotion,2023-10-12,New Users,App,5967,319,36,3899.78,2058.72,3.26,0.05346070051952405,0.11285266457680251,0.5279067024293678
901637,App Push Notification,2023-10-12,Inactive,SMS,6570,505,22,1796.62,8020.23,3.94,0.07686453576864535,0.04356435643564356,4.464065856998141
720234,Email Campaign,2023-10-12,Inactive,App,2633,306,45,1774.07,3788.25,1.76,0.11621724268894797,0.14705882352941177,2.135344152147322
486724,Referral Program,2023-10-12,Premium,App,4487,747,39,4419.18,4570.91,2.47,0.1664809449520838,0.05220883534136546,1.0343344240334178
696912,New User Discount,2023-10-11,Inactive,Social Media,5141,406,76,4415.72,7809.51,2.03,0.07897296245866563,0.18719211822660098,1.7685700180265052
240685,Weekend Special,2023-10-11,All,App,7854,218,36,4807.79,3828.71,3.2,0.027756557168321875,0.1651376146788991,0.7963554980562795
930032,Festival Offer,2023-10-11,Inactive,App,6701,277,20,3902.71,5049.16,2.11,0.04133711386360245,0.07220216606498195,1.2937574147195154
240191,Flash Sale,2023-10-11,Inactive,Social Media,5542,347,98,4398.66,5280.1,2.94,0.06261277517141826,0.2824207492795389,1.2003883000732043
242632,Membership Drive,2023-10-11,New Users,Email,1539,598,54,1102.97,4259.04,2.67,0.3885640025990903,0.0903010033444816,3.8614286879969537
671437,Category Promotion,2023-10-11,All,Social Media,1793,419,26,4088.59,8092.38,3.31,0.23368655883993308,0.06205250596658711,1.9792593534690444
322506,App Push Notification,2023-10-11,New Users,Email,1006,203,57,4953.11,2989.29,2.51,0.20178926441351888,0.28078817733990147,0.6035177898330544
273461,Email Campaign,2023-10-11,All,Social Media,3949,229,83,2556.86,2085.07,3.8,0.05798936439604963,0.3624454148471616,0.8154807068044398
346735,Referral Program,2023-10-11,All,SMS,5780,650,49,3620.74,5575.39,2.42,0.11245674740484429,0.07538461538461538,1.53984820782492
541503,New User Discount,2023-10-10,All,Email,7356,138,78,4843.99,2745.43,3.12,0.018760195758564437,0.5652173913043478,0.5667703690552622
508703,Weekend Special,2023-10-10,Inactive,Email,4121,937,50,3650.9,4164.52,2.27,0.22737199708808542,0.05336179295624333,1.1406831192308746
489148,Festival Offer,2023-10-10,Premium,SMS,4899,250,52,1411.43,8944.18,3.12,0.05103082261686059,0.208,6.336963221697144
769050,Flash Sale,2023-10-10,Inactive,SMS,7013,355,98,4746.8,8015.33,3.51,0.050620276629117354,0.27605633802816903,1.6885754613634447
572163,Membership Drive,2023-10-10,New Users,Email,2258,425,57,2608.61,7588.6,3.62,0.18821966341895482,0.13411764705882354,2.9090588474321573
126294,Category Promotion,2023-10-10,All,App,3311,110,77,1155.07,8084.25,3.41,0.03322259136212625,0.7,6.998926471988711
337486,App Push Notification,2023-10-10,New Users,SMS,4265,726,31,4808.75,2768.06,3.47,0.17022274325908557,0.04269972451790634,0.5756298414348843
144692,Email Campaign,2023-10-10,New Users,App,5299,115,36,4602.41,3065.26,2.72,0.021702207963766748,0.3130434782608696,0.6660119372241935
477031,Referral Program,2023-10-10,Premium,App,7713,489,18,2855.12,3520.74,2.8,0.06339945546479969,0.03680981595092025,1.2331320574967077
438218,New User Discount,2023-10-09,All,App,3694,595,96,3794.19,8081.6,2.76,0.16107200866269628,0.16134453781512606,2.129993490046624
261350,Weekend Special,2023-10-09,All,Social Media,5289,667,75,1774.31,3119.87,3.03,0.12611079599168085,0.11244377811094453,1.7583567696738451
961100,Festival Offer,2023-10-09,Inactive,Email,2387,768,76,2415.48,3850.76,2.39,0.3217427733556766,0.09895833333333333,1.5942007385695598
340402,Flash Sale,2023-10-09,Inactive,Email,2466,146,14,4096.32,9436.53,3.3,0.059205190592051905,0.0958904109589041,2.3036603585657374
260420,Membership Drive,2023-10-09,New Users,Social Media,9062,107,78,3525.37,2916.12,3.41,0.011807548002648422,0.7289719626168224,0.827181260406709
660068,Category Promotion,2023-10-09,New Users,SMS,4157,410,18,2049.48,9886.97,3.89,0.09862881885975464,0.04390243902439024,4.824135878369147
465848,App Push Notification,2023-10-09,Premium,Email,7099,477,52,1171.55,7873.61,3.24,0.06719256233272292,0.1090146750524109,6.7206777346250695
122477,Email Campaign,2023-10-09,New Users,Email,9721,150,36,1315.44,3231.15,1.59,0.015430511264273222,0.24,2.4563264002919176
786272,Referral Program,2023-10-09,All,App,3825,678,69,3318.08,9010.06,3.67,0.1772549019607843,0.10176991150442478,2.7154438711544024
7684,New User Discount,2023-10-08,Premium,Social Media,9123,982,43,3619.23,5433.81,3.49,0.10764003069165845,0.04378818737270876,1.5013718387612836
933915,Weekend Special,2023-10-08,All,Email,9982,833,21,3117.07,8968.85,1.73,0.08345021037868162,0.025210084033613446,2.8773335215442706
647008,Festival Offer,2023-10-08,New Users,SMS,8578,280,40,3076.88,8757.78,2.96,0.03264164140825367,0.14285714285714285,2.8463183484568786
939911,Flash Sale,2023-10-08,All,SMS,9434,734,31,3572.18,2342.48,3.74,0.07780368878524486,0.04223433242506812,0.6557564288473705
67106,Membership Drive,2023-10-08,Premium,SMS,5400,670,47,4287.7,2612.87,2.08,0.12407407407407407,0.07014925373134329,0.6093873172096929
917109,Category Promotion,2023-10-08,Premium,SMS,3928,400,57,4352.2,2936.19,3.39,0.10183299389002037,0.1425,0.6746450071228345
694362,App Push Notification,2023-10-08,Inactive,SMS,2093,869,80,2543.02,4412.7,1.87,0.4151935021500239,0.09205983889528194,1.7352203285856973
714236,Email Campaign,2023-10-08,All,SMS,1745,233,47,2655.82,9748.41,3.16,0.1335243553008596,0.2017167381974249,3.6705838498090984
746332,Referral Program,2023-10-08,New Users,Social Media,6613,125,24,4414.29,6825.72,2.45,0.018902162407379405,0.192,1.5462781104096017
405500,New User Discount,2023-10-07,New Users,Social Media,8266,823,47,4377.54,7146.25,1.83,0.09956448100653278,0.05710814094775213,1.6324807997185633
658643,Weekend Special,2023-10-07,All,Social Media,4141,271,24,4757.49,4381.74,3.24,0.06544312967882154,0.08856088560885608,0.9210192769716804
622417,Festival Offer,2023-10-07,All,SMS,7794,491,22,3557.55,8720.29,2.17,0.06299717731588401,0.04480651731160896,2.451206588804093
93963,Flash Sale,2023-10-07,New Users,App,4361,400,78,2513.51,3723.29,3.82,0.09172208209126347,0.195,1.4813109953809611
826309,Membership Drive,2023-10-07,Premium,App,1659,201,15,2547.09,6180.29,3.99,0.12115732368896925,0.07462686567164178,2.426412101653259
415802,Category Promotion,2023-10-07,Inactive,App,9292,423,97,2506.95,9374.05,1.71,0.04552303056392596,0.2293144208037825,3.739224954626139
899135,App Push Notification,2023-10-07,Inactive,Social Media,6237,540,47,2294.55,4216.99,1.89,0.08658008658008658,0.08703703703703704,1.83782876816805
598432,Email Campaign,2023-10-07,New Users,Social Media,7183,372,14,3505.62,6982.58,3.41,0.05178894612278992,0.03763440860215054,1.9918245559986536
642470,Referral Program,2023-10-07,All,Social Media,3927,634,69,2398.72,6760.13,3.78,0.1614463967405144,0.10883280757097792,2.8182238860725723
356911,New User Discount,2023-10-06,New Users,App,8692,210,90,4362.42,2628.28,2.88,0.024160147261849976,0.42857142857142855,0.6024821085544263
499454,Weekend Special,2023-10-06,New Users,Email,3064,340,85,4534.4,9999.54,1.6,0.11096605744125326,0.25,2.2052619971771352
37245,Festival Offer,2023-10-06,New Users,SMS,5269,383,27,4700.02,6249.82,2.63,0.07268931486050484,0.07049608355091384,1.32974327768818
590766,Flash Sale,2023-10-06,All,App,5944,621,15,4695.81,9744.23,3.97,0.10447510094212652,0.024154589371980676,2.0750903465003905
770759,Membership Drive,2023-10-06,New Users,SMS,8840,890,72,2326.94,4384.68,3.16,0.10067873303167421,0.08089887640449438,1.8843115851719425
177944,Category Promotion,2023-10-06,Premium,SMS,2914,604,78,3580.72,3019.72,1.59,0.20727522306108442,0.1291390728476821,0.8433275989186533
685617,App Push Notification,2023-10-06,Premium,SMS,1158,814,17,2778.26,8569.78,2.55,0.7029360967184801,0.020884520884520884,3.0845853159891443
961249,Email Campaign,2023-10-06,All,SMS,3412,325,44,4544.71,5911.09,2.21,0.09525205158264947,0.13538461538461538,1.300652846936328
917998,Referral Program,2023-10-06,New Users,Email,3016,216,43,4436.58,8882.64,3.44,0.07161803713527852,0.19907407407407407,2.00213678103404
488912,New User Discount,2023-10-05,Inactive,Email,5891,902,77,2329.85,6945.23,2.97,0.15311492106603294,0.08536585365853659,2.980977316136232
805119,Weekend Special,2023-10-05,Inactive,App,5338,130,28,2519.21,7297.71,1.61,0.024353690520794304,0.2153846153846154,2.896824798250245
60852,Festival Offer,2023-10-05,New Users,Email,9710,713,86,4501.8,5094.04,3.23,0.07342945417095778,0.12061711079943899,1.131556266382336
639163,Flash Sale,2023-10-05,New Users,Email,1018,609,37,4698.07,5350.23,2.86,0.5982318271119843,0.060755336617405585,1.1388144493377068
438044,Membership Drive,2023-10-05,All,App,4273,692,91,1095.63,7110.06,3.13,0.16194710975895155,0.1315028901734104,6.489471810739027
869274,Category Promotion,2023-10-05,Inactive,Social Media,5156,565,83,3555.57,6730.58,2.41,0.1095810705973623,0.14690265486725665,1.8929679348177646
798418,App Push Notification,2023-10-05,All,Email,7522,498,90,1258.37,5835.75,2.37,0.0662057963307631,0.18072289156626506,4.637546985385857
442894,Email Campaign,2023-10-05,New Users,SMS,6480,853,64,2693.92,6287.12,1.78,0.1316358024691358,0.07502930832356389,2.333818376195284
421716,Referral Program,2023-10-05,Premium,App,5140,148,30,3139.81,9434.74,1.67,0.028793774319066146,0.20270270270270271,3.00487609122845
294778,New User Discount,2023-10-04,All,Social Media,7511,499,92,1509.59,3368.38,2.24,0.06643589402210091,0.1843687374749499,2.2313210871826126
17383,Weekend Special,2023-10-04,New Users,SMS,4969,872,21,3731.23,6354.66,2.21,0.1754880257597102,0.02408256880733945,1.703100586133795
358484,Festival Offer,2023-10-04,All,Social Media,4946,127,69,3729.71,3991.17,3.97,0.025677315002021837,0.5433070866141733,1.070101965032134
202430,Flash Sale,2023-10-04,Inactive,SMS,7278,364,51,1249.6,6809.85,1.57,0.05001374003847211,0.1401098901098901,5.449623879641486
420398,Membership Drive,2023-10-04,Premium,Social Media,8359,208,65,3107.62,6088.51,2.31,0.024883359253499222,0.3125,1.9592195957034646
356512,Category Promotion,2023-10-04,Inactive,Email,6860,632,40,3352.69,8824.69,1.52,0.09212827988338193,0.06329113924050633,2.6321222660013306
194669,App Push Notification,2023-10-04,Inactive,Social Media,9834,217,42,2814.63,8101.59,1.89,0.022066300589790522,0.1935483870967742,2.878385436096396
635546,Email Campaign,2023-10-04,New Users,Social Media,5441,755,83,1011.61,2690.46,2.14,0.1387612571218526,0.10993377483443709,2.6595822500766104
792838,Referral Program,2023-10-04,New Users,Social Media,1765,721,56,3210.93,8769.62,3.13,0.4084985835694051,0.07766990291262135,2.73117757160698
559527,New User Discount,2023-10-03,Premium,App,7450,496,72,4915.6,4048.84,3.91,0.06657718120805368,0.14516129032258066,0.8236715762063633
311790,Weekend Special,2023-10-03,Premium,Email,3174,369,40,1840.52,8988.63,3.47,0.11625708884688091,0.10840108401084012,4.883744811248994
268984,Festival Offer,2023-10-03,Inactive,App,6315,804,25,1587.02,2219.89,2.81,0.12731591448931118,0.03109452736318408,1.3987788433668131
745013,Flash Sale,2023-10-03,Inactive,App,3053,901,40,2351.3,4241.79,1.71,0.29511955453652144,0.04439511653718091,1.8040190532896694
416967,Membership Drive,2023-10-03,Premium,SMS,7544,703,88,2275.47,5615.99,3.22,0.09318663838812301,0.1251778093883357,2.46805714863303
15860,Category Promotion,2023-10-03,Premium,SMS,4694,734,89,3472.5,4586.02,3.57,0.15636983383042183,0.12125340599455041,1.320668106551476
15660,App Push Notification,2023-10-03,All,App,1474,976,43,2599.02,4530.24,2.77,0.6621438263229308,0.04405737704918033,1.7430569984070918
142318,Email Campaign,2023-10-03,New Users,SMS,6184,903,43,4171.56,9349.73,2.42,0.14602199223803364,0.047619047619047616,2.2413030137406627
159094,Referral Program,2023-10-03,New Users,App,2167,111,10,3992.97,6768.54,3.96,0.05122288878634056,0.09009009009009009,1.6951141631417217
506958,New User Discount,2023-10-02,Premium,Email,3894,263,41,1980.27,4812.11,1.58,0.06753980482794042,0.155893536121673,2.430027218510607
819244,Weekend Special,2023-10-02,Inactive,Email,3774,374,58,3607.36,5035.98,1.73,0.0990990990990991,0.15508021390374332,1.396029229131553
819658,Festival Offer,2023-10-02,Inactive,SMS,3305,713,23,3631.13,6834.51,3.41,0.2157337367624811,0.03225806451612903,1.882199205206093
217148,Flash Sale,2023-10-02,Inactive,App,9957,692,25,3621.34,7065.19,3.67,0.06949884503364467,0.036127167630057806,1.9509877559135567
27697,Membership Drive,2023-10-02,Inactive,SMS,6610,360,49,2065.56,8499.47,2.47,0.05446293494704992,0.1361111111111111,4.114850210112512
971255,Category Promotion,2023-10-02,All,Social Media,2509,572,80,3608.95,8845.85,3.36,0.22797927461139897,0.13986013986013987,2.4510868812258417
821413,App Push Notification,2023-10-02,Premium,Email,1048,381,25,1641.8,9022.58,3.6,0.36354961832061067,0.06561679790026247,5.495541478864661
466346,Email Campaign,2023-10-02,Premium,Social Media,3077,265,30,1423.59,4009.01,3.08,0.08612284692882678,0.11320754716981132,2.8161268342711034
330568,Referral Program,2023-10-02,Inactive,App,2755,993,93,2611.82,7275.02,3.11,0.3604355716878403,0.09365558912386707,2.785421659991883
44615,New User Discount,2023-10-01,New Users,Email,6658,381,59,4296.78,5943.82,2.09,0.057224391709221986,0.15485564304461943,1.3833196021206577
857414,Weekend Special,2023-10-01,Inactive,SMS,8615,247,18,4315.6,4923.39,1.6,0.028670922809053975,0.0728744939271255,1.1408355732690703
451453,Festival Offer,2023-10-01,Premium,Social Media,1738,767,47,2611.46,2744.76,2.41,0.44131185270425777,0.061277705345501955,1.0510442434500242
491541,Flash Sale,2023-10-01,Premium,Email,9868,751,32,4495.83,7148.13,2.53,0.07610458046209971,0.0426098535286285,1.589946683927106
73925,Membership Drive,2023-10-01,Premium,App,5258,287,50,2514.98,6237.68,3.19,0.05458349182198555,0.17421602787456447,2.480210578215334
952355,Category Promotion,2023-10-01,Premium,SMS,9395,183,60,2861.38,3836.8,2.7,0.01947844598190527,0.32786885245901637,1.3408914579678337
569095,App Push Notification,2023-10-01,Premium,App,5744,398,39,2607.19,5011.32,2.57,0.06928969359331476,0.09798994974874371,1.9221153809273583
649508,Email Campaign,2023-10-01,Premium,Social Media,7856,230,58,3620.05,5752.46,3.67,0.029276985743380855,0.25217391304347825,1.5890553997872956
817700,Referral Program,2023-10-01,Inactive,Email,2858,862,39,1299.73,8449.27,3.08,0.30160951714485656,0.04524361948955916,6.500788625329877
523946,New User Discount,2023-09-30,Inactive,Social Media,2531,261,44,4537.86,6758.61,1.92,0.10312129593046226,0.1685823754789272,1.4893826605492457
726077,Weekend Special,2023-09-30,Inactive,SMS,2918,319,79,3889.38,2232.25,1.62,0.10932145305003427,0.2476489028213166,0.5739346631082589
533319,Festival Offer,2023-09-30,Premium,SMS,4960,256,36,2932.21,5731.34,2.24,0.05161290322580645,0.140625,1.9546144375743892
887233,Flash Sale,2023-09-30,Inactive,App,6922,960,69,1972.39,4974.48,2.86,0.13868824039295002,0.071875,2.5220569968413953
829888,Membership Drive,2023-09-30,New Users,App,7147,402,49,4645.15,6671.83,3.68,0.05624737652161746,0.12189054726368159,1.4363002271186076
487623,Category Promotion,2023-09-30,All,App,4966,613,23,3175.43,4100.4,3.48,0.1234393878372936,0.037520391517128875,1.2912896836019059
533481,App Push Notification,2023-09-30,New Users,SMS,7360,489,77,2505.92,9861.55,2.6,0.06644021739130435,0.1574642126789366,3.9353012067424333
656110,Email Campaign,2023-09-30,Inactive,Email,9978,169,23,1102.61,2613.25,1.9,0.016937261976347966,0.13609467455621302,2.370058316177071
7450,Referral Program,2023-09-30,Inactive,Social Media,7410,440,36,2976.65,2069.15,2.63,0.059379217273954114,0.08181818181818182,0.6951270723800246
371815,New User Discount,2023-09-29,Premium,Social Media,1438,665,52,2268.66,5101.46,1.91,0.4624478442280946,0.07819548872180451,2.2486666137720066
240982,Weekend Special,2023-09-29,Premium,SMS,8329,212,49,4137.67,4891.14,1.64,0.025453235682554927,0.23113207547169812,1.1821000708128004
370635,Festival Offer,2023-09-29,Inactive,App,7977,746,35,4406.44,4962.95,1.96,0.09351886674188291,0.04691689008042895,1.126294695945026
51245,Flash Sale,2023-09-29,Premium,Email,3708,768,74,2190.6,4829.86,2.93,0.20711974110032363,0.09635416666666667,2.204811467177942
913411,Membership Drive,2023-09-29,Premium,SMS,8808,436,11,2833.01,8364.79,1.54,0.049500454132606724,0.02522935779816514,2.9526157690936494
805249,Category Promotion,2023-09-29,All,Social Media,5808,525,61,2330.67,4764.17,3.19,0.09039256198347108,0.11619047619047619,2.0441203602397593
103671,App Push Notification,2023-09-29,New Users,Email,1415,422,89,3466.07,9358.9,1.71,0.29823321554770316,0.2109004739336493,2.7001474292209906
344719,Email Campaign,2023-09-29,New Users,Social Media,7275,807,85,3548.65,8484.47,2.08,0.1109278350515464,0.10532837670384139,2.390900765079678
183776,Referral Program,2023-09-29,Premium,Email,8988,374,19,1511.96,7910.37,1.87,0.041611036938139744,0.05080213903743316,5.231864599592582
857631,New User Discount,2023-09-28,Premium,Social Media,1592,326,54,2971.73,3094.33,3.42,0.20477386934673367,0.1656441717791411,1.041255430338557
372845,Weekend Special,2023-09-28,Premium,App,2673,535,81,1047.98,8987.26,3.22,0.20014964459408904,0.15140186915887852,8.57579343117235
373662,Festival Offer,2023-09-28,Premium,Email,9484,369,53,3689.93,5837.76,1.91,0.03890763390974272,0.14363143631436315,1.5820787928226283
567647,Flash Sale,2023-09-28,All,Email,8385,688,37,3813.64,7611.66,2.85,0.08205128205128205,0.05377906976744186,1.9959041755383309
133038,Membership Drive,2023-09-28,All,Social Media,3146,992,89,2392.36,7242.33,2.35,0.31532104259376986,0.08971774193548387,3.027274323262385
711128,Category Promotion,2023-09-28,New Users,Email,6599,226,56,1515.22,7965.19,2.8,0.034247613274738596,0.24778761061946902,5.256787793191747
689380,App Push Notification,2023-09-28,Inactive,Email,7749,623,85,3278.93,7426.39,3.15,0.08039747064137308,0.13643659711075443,2.264882141430284
305455,Email Campaign,2023-09-28,New Users,Email,8376,503,29,1665.36,8535.43,3.72,0.06005253104106972,0.05765407554671968,5.125276216553779
523211,Referral Program,2023-09-28,New Users,Email,3044,340,38,2894.58,8792.72,3.97,0.1116951379763469,0.11176470588235295,3.0376496762915517
191653,New User Discount,2023-09-27,Inactive,SMS,6376,596,37,3035.07,2597.84,2.31,0.09347553324968633,0.06208053691275168,0.8559407196539124
720036,Weekend Special,2023-09-27,Premium,Social Media,8886,375,97,2198.74,3263.4,3.88,0.04220121539500338,0.25866666666666666,1.4842136860201753
472262,Festival Offer,2023-09-27,All,App,9093,706,85,4347.6,9824.32,2.9,0.07764214230726933,0.12039660056657224,2.2597111049774585
259306,Flash Sale,2023-09-27,All,App,8291,516,88,4535.01,8213.28,3.74,0.06223615969123145,0.17054263565891473,1.8110831067627193
210103,Membership Drive,2023-09-27,Inactive,App,6238,627,32,4167.54,2014.75,2.29,0.10051298493106765,0.051036682615629984,0.48343867125450507
361559,Category Promotion,2023-09-27,Inactive,Social Media,1684,199,84,3245.54,6591.24,3.8,0.11817102137767221,0.4221105527638191,2.0308608120682536
828490,App Push Notification,2023-09-27,New Users,Social Media,9266,198,88,3798.04,8385.26,2.07,0.021368443772933305,0.4444444444444444,2.207786121262546
87705,Email Campaign,2023-09-27,All,App,5409,685,74,4367.23,5698.87,3.11,0.12664078387872066,0.10802919708029197,1.304916388649098
244717,Referral Program,2023-09-27,Inactive,SMS,7487,815,37,4451.31,8111.03,1.61,0.10885534927207159,0.04539877300613497,1.8221669575922592
152438,New User Discount,2023-09-26,Inactive,SMS,6286,233,36,2792.95,9230.36,1.53,0.037066496977410116,0.15450643776824036,3.304878354428114
935419,Weekend Special,2023-09-26,All,App,8399,978,42,1627.07,5691.92,1.89,0.11644243362305036,0.04294478527607362,3.498263750176698
401995,Festival Offer,2023-09-26,New Users,SMS,3233,901,29,3355.46,4984.1,3.88,0.2786885245901639,0.03218645948945616,1.4853701131886539
909602,Flash Sale,2023-09-26,Premium,App,3328,446,83,4192.51,4603.68,3.41,0.13401442307692307,0.1860986547085202,1.0980725150327608
332297,Membership Drive,2023-09-26,All,App,5234,944,60,4283.0,7529.54,3.45,0.1803591899121131,0.0635593220338983,1.7580060705113238
553413,Category Promotion,2023-09-26,Premium,SMS,7300,338,19,2409.09,7309.71,2.77,0.0463013698630137,0.05621301775147929,3.0342203902718454
920097,App Push Notification,2023-09-26,New Users,App,6266,354,46,4519.14,9293.08,2.25,0.056495371848068944,0.12994350282485875,2.056382409042428
960996,Email Campaign,2023-09-26,All,SMS,6592,465,47,3220.16,4059.7,3.39,0.07054004854368932,0.1010752688172043,1.2607137533538706
311423,Referral Program,2023-09-26,Inactive,Email,5890,627,69,1653.07,5904.06,3.09,0.1064516129032258,0.11004784688995216,3.571572891650082
273900,New User Discount,2023-09-25,Inactive,SMS,8831,427,27,3070.19,5615.18,1.65,0.048352394972256824,0.06323185011709602,1.8289356684765439
691069,Weekend Special,2023-09-25,Inactive,Email,5768,257,78,4700.02,2090.88,3.58,0.04455617198335645,0.3035019455252918,0.44486619205875716
219636,Festival Offer,2023-09-25,Premium,Email,9732,945,40,1486.31,4675.05,1.97,0.0971023427866831,0.042328042328042326,3.145407081968096
899753,Flash Sale,2023-09-25,New Users,Social Media,2904,748,33,2578.82,6961.38,3.61,0.25757575757575757,0.04411764705882353,2.6994439317207095
623757,Membership Drive,2023-09-25,Inactive,Social Media,8845,755,66,2083.04,2047.33,3.66,0.08535895986433013,0.08741721854304636,0.982856786235502
109283,Category Promotion,2023-09-25,All,App,7753,815,69,3195.07,8878.88,1.96,0.10512059847800852,0.08466257668711656,2.7789312910202275
678020,App Push Notification,2023-09-25,All,Social Media,7934,694,91,4946.48,3988.51,2.29,0.08747164103856819,0.13112391930835735,0.8063329883068365
293108,Email Campaign,2023-09-25,New Users,Social Media,9107,377,60,4101.75,9741.65,2.32,0.0413967277918085,0.15915119363395225,2.374998476260133
822767,Referral Program,2023-09-25,Premium,Social Media,7812,318,59,4973.42,9287.13,3.06,0.040706605222734255,0.18553459119496854,1.8673528477385781
5009,New User Discount,2023-09-24,New Users,Email,1066,506,32,1900.04,9289.71,2.36,0.474671669793621,0.06324110671936758,4.8892181217237525
283507,Weekend Special,2023-09-24,Inactive,App,3299,350,76,1882.93,3016.55,2.23,0.1060927553804183,0.21714285714285714,1.6020510587223105
141055,Festival Offer,2023-09-24,All,Social Media,1458,218,22,4653.2,6922.61,3.57,0.149519890260631,0.10091743119266056,1.4877095332244477
457586,Flash Sale,2023-09-24,All,App,1030,318,90,2814.43,6927.1,2.04,0.3087378640776699,0.2830188679245283,2.4612799039237077
417052,Membership Drive,2023-09-24,Premium,SMS,1144,624,99,4256.07,9166.57,1.97,0.5454545454545454,0.15865384615384615,2.153763918356606
528450,Category Promotion,2023-09-24,All,SMS,9281,436,60,4476.15,5322.08,2.43,0.046977696368925764,0.13761467889908258,1.1889860706187239
611110,App Push Notification,2023-09-24,New Users,SMS,5082,922,50,2583.16,8175.61,1.69,0.1814246359700905,0.05422993492407809,3.164964616980752
343853,Email Campaign,2023-09-24,New Users,SMS,8557,694,40,1558.07,4113.91,3.78,0.08110319037045693,0.05763688760806916,2.6403884292746795
218058,Referral Program,2023-09-24,Premium,App,7150,937,56,2293.81,4724.02,1.67,0.13104895104895106,0.05976520811099253,2.059464384582856
724228,New User Discount,2023-09-23,All,SMS,8390,953,71,2335.26,8354.27,3.9,0.1135876042908224,0.07450157397691501,3.5774474790815582
465420,Weekend Special,2023-09-23,All,App,7509,345,21,1912.33,2299.67,2.33,0.04594486616060727,0.06086956521739131,1.2025487232852072
73593,Festival Offer,2023-09-23,All,App,1252,650,63,2237.22,9018.39,3.5,0.5191693290734825,0.09692307692307692,4.0310698098533
873905,Flash Sale,2023-09-23,All,App,5620,289,48,1822.25,7104.05,2.22,0.05142348754448398,0.16608996539792387,3.898504595966525
397138,Membership Drive,2023-09-23,New Users,SMS,9179,142,51,3204.77,8568.71,2.08,0.015470094781566619,0.3591549295774648,2.6737363367729974
873524,Category Promotion,2023-09-23,All,SMS,1269,423,67,4252.13,9509.05,2.98,0.3333333333333333,0.15839243498817968,2.2363027470938093
700400,App Push Notification,2023-09-23,Inactive,Email,6922,706,48,1194.61,9937.89,2.71,0.10199364345564865,0.0679886685552408,8.318940909585555
130912,Email Campaign,2023-09-23,New Users,App,8804,123,42,2684.62,7633.9,3.58,0.013970922308041799,0.34146341463414637,2.8435681772466865
270023,Referral Program,2023-09-23,All,Email,9577,724,38,4556.92,9411.59,1.63,0.07559778636316174,0.052486187845303865,2.0653401859150478
72707,New User Discount,2023-09-22,Premium,Social Media,4545,184,54,3936.27,4590.02,2.27,0.04048404840484048,0.29347826086956524,1.1660836273934463
865026,Weekend Special,2023-09-22,New Users,App,8115,129,82,2671.42,8602.41,2.01,0.01589648798521257,0.6356589147286822,3.220163808012218
703175,Festival Offer,2023-09-22,Inactive,Email,6265,287,29,4190.2,4449.9,2.04,0.04581005586592179,0.10104529616724739,1.0619779485466088
130969,Flash Sale,2023-09-22,Premium,Social Media,7646,250,95,2558.33,6067.1,3.22,0.03269683494637719,0.38,2.371507975906158
712911,Membership Drive,2023-09-22,Premium,SMS,7432,300,42,4154.82,9153.65,1.63,0.040365984930032295,0.14,2.203139967555755
837810,Category Promotion,2023-09-22,All,App,3636,636,32,3487.57,5601.75,1.56,0.17491749174917492,0.050314465408805034,1.606204319913292
304899,App Push Notification,2023-09-22,Premium,Email,5581,383,37,4209.83,2997.92,2.36,0.06862569432001434,0.09660574412532637,0.7121237674680451
203277,Email Campaign,2023-09-22,Premium,Email,2441,995,19,3466.14,7721.03,2.84,0.40761982793936913,0.019095477386934675,2.2275586098657296
73720,Referral Program,2023-09-22,Inactive,SMS,1842,427,23,3148.16,5496.73,1.87,0.23181324647122692,0.053864168618266976,1.7460135444195974
990282,New User Discount,2023-09-21,Premium,Email,7472,329,71,2610.18,5936.39,1.6,0.04403104925053533,0.21580547112462006,2.2743220774046238
762504,Weekend Special,2023-09-21,Premium,App,4442,480,16,4716.76,8012.83,1.52,0.1080594326879784,0.03333333333333333,1.698799599725235
553929,Festival Offer,2023-09-21,All,Email,5281,563,15,2368.21,4182.52,3.95,0.10660859685665594,0.02664298401420959,1.7661102689372987
411382,Flash Sale,2023-09-21,Premium,SMS,3455,913,73,2575.15,9273.1,2.39,0.2642547033285094,0.07995618838992333,3.6009941168475623
792265,Membership Drive,2023-09-21,Premium,App,2894,463,79,1548.98,8995.97,1.89,0.1599861782999309,0.17062634989200864,5.807673436713191
860415,Category Promotion,2023-09-21,All,App,7654,664,97,1909.58,8125.58,3.7,0.08675202508492291,0.1460843373493976,4.255166057457661
341195,App Push Notification,2023-09-21,Inactive,Social Media,2875,840,30,1017.74,7807.46,3.34,0.2921739130434783,0.03571428571428571,7.671369898009314
138944,Email Campaign,2023-09-21,New Users,Email,3792,326,73,1009.36,4797.79,3.2,0.0859704641350211,0.22392638036809817,4.753299120234604
645367,Referral Program,2023-09-21,New Users,Social Media,8208,423,10,2765.69,2045.1,1.78,0.051535087719298246,0.02364066193853428,0.7394538071873564
944034,New User Discount,2023-09-20,New Users,App,1670,674,78,3016.52,5492.54,1.8,0.4035928143712575,0.11572700296735905,1.8208200177688196
770168,Weekend Special,2023-09-20,New Users,SMS,8690,387,31,2945.63,5267.31,2.02,0.04453394706559263,0.08010335917312661,1.788177741264178
433432,Festival Offer,2023-09-20,New Users,Social Media,7529,385,66,3000.69,3955.31,2.67,0.05113560897861602,0.17142857142857143,1.3181334959625952
901632,Flash Sale,2023-09-20,Inactive,Email,7183,423,13,3191.31,9123.26,2.53,0.058889043575107894,0.030732860520094562,2.8587821302223855
165727,Membership Drive,2023-09-20,All,Email,8506,623,98,1149.31,7871.14,2.98,0.07324241711732894,0.15730337078651685,6.8485787124448585
466313,Category Promotion,2023-09-20,New Users,Social Media,7657,743,11,4179.26,2108.18,3.02,0.0970353924513517,0.014804845222072678,0.5044385848212363
656257,App Push Notification,2023-09-20,New Users,Social Media,2528,378,43,1217.39,3480.06,3.76,0.1495253164556962,0.11375661375661375,2.858623777096904
538099,Email Campaign,2023-09-20,Inactive,App,1332,120,38,4989.93,8395.57,2.5,0.09009009009009009,0.31666666666666665,1.6825025601561543
182847,Referral Program,2023-09-20,All,App,7072,549,51,4935.6,7600.24,2.24,0.07763009049773756,0.09289617486338798,1.5398816759867087
734562,New User Discount,2023-09-19,New Users,Social Media,2384,642,74,4830.91,2796.21,3.2,0.26929530201342283,0.11526479750778816,0.578816413470754
641537,Weekend Special,2023-09-19,Inactive,SMS,4308,443,83,4228.09,6547.66,1.51,0.10283194057567317,0.1873589164785553,1.5486094193832203
430088,Festival Offer,2023-09-19,New Users,Social Media,6777,237,32,2378.39,5975.62,2.52,0.03497122620628597,0.1350210970464135,2.512464314094829
386121,Flash Sale,2023-09-19,Premium,App,9881,338,54,3902.27,4397.78,2.25,0.03420706406234187,0.15976331360946747,1.126979937318535
133097,Membership Drive,2023-09-19,New Users,Social Media,4302,302,21,3683.4,2469.31,3.13,0.0701999070199907,0.0695364238410596,0.6703887712439593
701161,Category Promotion,2023-09-19,New Users,Social Media,7977,142,11,3171.63,2419.79,3.99,0.017801178387865112,0.07746478873239436,0.762948389314012
629442,App Push Notification,2023-09-19,New Users,App,6265,683,51,1798.33,5411.68,2.66,0.10901835594573024,0.0746705710102489,3.009280832772628
702096,Email Campaign,2023-09-19,Inactive,Email,8071,197,46,1964.97,9702.2,3.76,0.024408375665964564,0.233502538071066,4.937581744250549
132811,Referral Program,2023-09-19,New Users,SMS,3117,489,52,1423.56,3719.34,2.14,0.15688161693936478,0.10633946830265849,2.6127033633988033
966763,New User Discount,2023-09-18,Inactive,Email,9038,388,39,1364.75,4214.09,2.84,0.04292985173710998,0.10051546391752578,3.0878109543872507
663316,Weekend Special,2023-09-18,New Users,Email,7972,744,34,3909.56,9260.19,2.16,0.09332664325137983,0.0456989247311828,2.3686015817636767
704588,Festival Offer,2023-09-18,Inactive,SMS,1999,301,100,3494.61,9689.49,2.55,0.15057528764382191,0.33222591362126247,2.7726956656107546
507865,Flash Sale,2023-09-18,New Users,Email,6489,212,13,4692.11,5191.81,2.15,0.03267067344737248,0.06132075471698113,1.1064979295029316
765187,Membership Drive,2023-09-18,Premium,App,6523,413,55,3264.83,6831.44,2.83,0.06331442587766366,0.13317191283292978,2.0924336029747335
763904,Category Promotion,2023-09-18,All,Email,8504,735,91,1360.45,6448.09,3.97,0.0864299153339605,0.12380952380952381,4.739674372450292
130120,App Push Notification,2023-09-18,All,Email,6748,893,89,1847.83,3624.38,3.98,0.13233550681683462,0.09966405375139978,1.9614250228646577
268553,Email Campaign,2023-09-18,Inactive,Social Media,4767,365,97,4084.0,8398.66,1.57,0.07656807216278581,0.26575342465753427,2.056478942213516
743704,Referral Program,2023-09-18,Premium,Social Media,2933,393,88,4588.58,3347.53,3.5,0.13399249914763042,0.22391857506361323,0.7295350631350004
464709,New User Discount,2023-09-17,New Users,SMS,1584,382,83,2575.59,2758.36,1.7,0.24116161616161616,0.21727748691099477,1.0709623814349334
10864,Weekend Special,2023-09-17,All,Social Media,2756,890,12,4138.23,6336.74,3.95,0.3229317851959361,0.01348314606741573,1.5312681992059407
599825,Festival Offer,2023-09-17,Inactive,App,1436,860,54,1775.99,7390.3,1.59,0.5988857938718662,0.06279069767441861,4.1612283852949625
834305,Flash Sale,2023-09-17,Premium,SMS,4558,446,23,1487.36,2602.22,1.61,0.09784993418165862,0.0515695067264574,1.749556260757315
708794,Membership Drive,2023-09-17,New Users,App,7078,520,57,1498.05,3086.03,2.45,0.0734670810963549,0.10961538461538461,2.060031374119689
507353,Category Promotion,2023-09-17,Premium,Social Media,4096,872,61,2236.95,2989.48,2.56,0.212890625,0.06995412844036697,1.3364089496859564
131363,App Push Notification,2023-09-17,Premium,SMS,9654,970,71,3882.37,2434.83,1.51,0.10047648643049513,0.0731958762886598,0.6271504261572184
282323,Email Campaign,2023-09-17,All,SMS,2684,634,77,1381.49,7412.17,2.98,0.23621460506706407,0.12145110410094637,5.365344664094565
581921,Referral Program,2023-09-17,All,App,8257,301,93,2340.8,6268.27,3.76,0.03645391788785273,0.3089700996677741,2.6778323650034177
538096,New User Discount,2023-09-16,All,SMS,2194,601,44,2122.59,8653.61,3.34,0.2739288969917958,0.07321131447587355,4.07691075525655
181751,Weekend Special,2023-09-16,Premium,SMS,7832,873,83,1352.41,7661.11,2.09,0.11146578140960163,0.09507445589919816,5.664783608521084
624288,Festival Offer,2023-09-16,Inactive,App,4102,276,65,3676.72,5272.74,1.66,0.06728425158459288,0.23550724637681159,1.4340879914706586
754350,Flash Sale,2023-09-16,All,App,1204,307,67,3580.95,3967.18,1.58,0.2549833887043189,0.2182410423452769,1.1078568536282272
808067,Membership Drive,2023-09-16,Premium,SMS,5507,416,100,3269.93,8768.33,2.55,0.07554022153622662,0.2403846153846154,2.681503885404275
461849,Category Promotion,2023-09-16,All,App,6331,672,73,4634.59,2307.9,2.34,0.10614436897804454,0.10863095238095238,0.497972851967488
76274,App Push Notification,2023-09-16,Premium,Social Media,2107,422,67,1757.53,9869.78,2.62,0.20028476506881823,0.15876777251184834,5.615710684881624
315136,Email Campaign,2023-09-16,All,SMS,9216,190,29,1101.27,3183.29,3.79,0.020616319444444444,0.15263157894736842,2.8905627139575216
656489,Referral Program,2023-09-16,New Users,Email,2083,390,30,4085.22,5183.44,1.91,0.1872299567930869,0.07692307692307693,1.2688276273982797
631731,New User Discount,2023-09-15,Premium,Social Media,9614,737,81,3476.2,8163.83,2.46,0.07665903890160183,0.10990502035278155,2.3484926068695704
95038,Weekend Special,2023-09-15,Inactive,Email,5847,478,35,1492.12,3837.79,3.04,0.08175132546605096,0.07322175732217573,2.572038441948369
827380,Festival Offer,2023-09-15,Premium,Social Media,4342,811,81,4639.26,9020.46,1.72,0.18678028558268078,0.0998766954377312,1.9443747494212436
231967,Flash Sale,2023-09-15,Premium,Social Media,4334,565,63,4565.7,4129.96,1.68,0.13036455929856944,0.11150442477876106,0.9045622796066322
180610,Membership Drive,2023-09-15,New Users,Social Media,2423,168,55,1524.3,9705.87,2.61,0.06933553446141147,0.3273809523809524,6.367427671718167
20729,Category Promotion,2023-09-15,Inactive,Email,5849,884,25,2724.69,3724.69,3.54,0.1511369464865789,0.02828054298642534,1.3670142291416638
795984,App Push Notification,2023-09-15,New Users,Email,8926,490,87,3292.96,4884.42,1.72,0.05489580999327806,0.17755102040816326,1.4832916282007678
919371,Email Campaign,2023-09-15,Premium,Email,6148,760,47,4867.8,5283.38,2.44,0.1236174365647365,0.06184210526315789,1.0853732692386704
962692,Referral Program,2023-09-15,New Users,Email,9966,561,90,1762.57,5567.77,2.33,0.056291390728476824,0.16042780748663102,3.1588929801369594
867363,New User Discount,2023-09-14,Inactive,Social Media,4362,839,57,1050.26,6854.74,3.7,0.19234296194406236,0.06793802145411204,6.526707672385886
663952,Weekend Special,2023-09-14,Inactive,App,8151,761,57,4947.69,2418.21,1.82,0.09336277757330388,0.07490144546649145,0.488755358561268
361285,Festival Offer,2023-09-14,Premium,App,1563,603,87,4234.98,2769.46,2.91,0.3857965451055662,0.14427860696517414,0.6539487789788855
387493,Flash Sale,2023-09-14,Premium,SMS,4738,191,65,4865.93,6502.28,3.26,0.04031236808780076,0.3403141361256545,1.3362872051180348
249412,Membership Drive,2023-09-14,Inactive,App,5524,502,36,4489.85,3597.33,2.79,0.09087617668356264,0.07171314741035857,0.8012138490150004
222022,Category Promotion,2023-09-14,Premium,Email,5983,305,50,3211.33,8337.15,1.99,0.05097777034932308,0.16393442622950818,2.5961673200823334
836766,App Push Notification,2023-09-14,All,Social Media,7819,834,37,2848.9,8234.26,3.68,0.10666325617086583,0.04436450839328537,2.8903296008985926
767899,Email Campaign,2023-09-14,Premium,App,3801,247,60,4856.98,5933.08,3.17,0.06498289923704288,0.242914979757085,1.2215574286902562
796588,Referral Program,2023-09-14,New Users,App,8684,817,16,2561.97,8821.08,3.81,0.09408106863196683,0.019583843329253364,3.443084813639504
274398,New User Discount,2023-09-13,Premium,SMS,8514,947,16,2634.33,6667.96,1.68,0.1112285647169368,0.01689545934530095,2.5311787057809765
34071,Weekend Special,2023-09-13,New Users,SMS,6493,345,19,1264.38,5396.85,1.65,0.05313414446326813,0.05507246376811594,4.268376595643715
431617,Festival Offer,2023-09-13,Inactive,Email,5842,141,89,3026.83,3738.15,3.48,0.024135570010270457,0.6312056737588653,1.2350049391607723
755406,Flash Sale,2023-09-13,New Users,SMS,7421,151,43,1377.09,8465.83,3.89,0.020347662040156315,0.2847682119205298,6.147622885940644
446826,Membership Drive,2023-09-13,All,SMS,9810,725,10,4323.84,2725.81,2.04,0.07390417940876656,0.013793103448275862,0.6304141688869153
173976,Category Promotion,2023-09-13,New Users,Email,5401,515,51,4991.76,3085.4,3.69,0.09535271246065544,0.09902912621359224,0.6180986265365322
202989,App Push Notification,2023-09-13,New Users,Social Media,5747,142,99,3242.12,8723.4,3.63,0.024708543587958934,0.6971830985915493,2.690646860696088
376939,Email Campaign,2023-09-13,All,Email,9843,155,35,1752.14,8194.2,2.35,0.015747231535101085,0.22580645161290322,4.676681087127741
326452,Referral Program,2023-09-13,New Users,App,7729,945,56,4283.0,8404.1,1.98,0.12226678742398758,0.05925925925925926,1.9621993929488677
715540,New User Discount,2023-09-12,New Users,App,2190,687,12,1562.73,7094.93,3.93,0.3136986301369863,0.017467248908296942,4.540086899208436
984391,Weekend Special,2023-09-12,New Users,App,6767,174,43,2472.11,2346.01,3.36,0.02571301906310034,0.2471264367816092,0.948990942959658
29787,Festival Offer,2023-09-12,Premium,Email,3440,213,95,4657.41,4284.15,1.61,0.06191860465116279,0.4460093896713615,0.9198567444137407
494886,Flash Sale,2023-09-12,Premium,SMS,3435,752,29,4511.87,2128.05,3.6,0.21892285298398836,0.03856382978723404,0.4716558766099201
749817,Membership Drive,2023-09-12,Inactive,SMS,2082,622,88,4654.37,4717.28,2.01,0.2987512007684918,0.1414790996784566,1.0135163298147762
270717,Category Promotion,2023-09-12,New Users,Email,8415,150,34,2935.21,3977.18,2.13,0.017825311942959002,0.22666666666666666,1.354989932577226
103909,App Push Notification,2023-09-12,Inactive,Email,6525,243,58,3761.21,2580.37,2.37,0.037241379310344824,0.23868312757201646,0.6860478409873418
198073,Email Campaign,2023-09-12,All,Social Media,5175,174,75,1811.74,3229.92,3.4,0.0336231884057971,0.43103448275862066,1.7827723624802676
142635,Referral Program,2023-09-12,New Users,SMS,8052,210,24,4623.82,2589.98,2.65,0.02608047690014903,0.11428571428571428,0.5601385867096903
409740,New User Discount,2023-09-11,New Users,App,8492,826,88,2409.29,7709.26,2.06,0.09726801695713613,0.10653753026634383,3.1998057519020127
646037,Weekend Special,2023-09-11,Inactive,Email,4434,597,68,1213.69,9679.76,2.56,0.13464140730717186,0.11390284757118928,7.97547973535252
592071,Festival Offer,2023-09-11,Inactive,SMS,4443,812,32,1567.5,5494.87,1.9,0.18275939680396128,0.03940886699507389,3.505499202551834
274580,Flash Sale,2023-09-11,Inactive,App,5973,703,75,3900.65,8081.03,3.21,0.117696300016742,0.10668563300142248,2.0717136887441834
881630,Membership Drive,2023-09-11,Premium,Social Media,5809,117,72,4902.4,3821.27,2.78,0.020141160268548803,0.6153846153846154,0.7794692395561358
284113,Category Promotion,2023-09-11,Inactive,Social Media,7838,305,72,4127.05,9333.6,1.94,0.03891298800714468,0.2360655737704918,2.261566978834761
814073,App Push Notification,2023-09-11,New Users,SMS,4148,125,30,2888.55,5143.96,3.64,0.03013500482160077,0.24,1.7808104412248358
871316,Email Campaign,2023-09-11,New Users,Social Media,4009,784,73,3738.55,5406.34,3.0,0.19555999002244948,0.09311224489795919,1.4461061106578754
884401,Referral Program,2023-09-11,New Users,Email,1952,962,99,1325.1,8207.6,2.64,0.492827868852459,0.10291060291060292,6.19394762659422
952995,New User Discount,2023-09-10,Inactive,Social Media,8307,876,80,2485.34,7925.12,2.68,0.1054532322137956,0.091324200913242,3.1887468113014714
410897,Weekend Special,2023-09-10,Premium,App,2730,125,39,4378.08,8606.81,2.59,0.045787545787545784,0.312,1.9658868727844168
452360,Festival Offer,2023-09-10,Premium,Social Media,9119,238,11,3218.78,3661.71,3.21,0.026099352999232373,0.046218487394957986,1.137608037827997
704194,Flash Sale,2023-09-10,Inactive,Email,7783,475,82,2926.19,8825.58,2.76,0.061030450982911474,0.1726315789473684,3.0160652589203023
156450,Membership Drive,2023-09-10,Premium,SMS,2148,362,38,4644.66,5320.85,2.18,0.1685288640595903,0.10497237569060773,1.1455843915378092
124963,Category Promotion,2023-09-10,New Users,SMS,9214,349,100,3266.85,4929.18,3.53,0.037877143477317125,0.28653295128939826,1.508847972817852
416177,App Push Notification,2023-09-10,All,SMS,5239,272,24,3674.11,5127.94,3.34,0.051918305020041994,0.08823529411764706,1.3956958283774845
198356,Email Campaign,2023-09-10,Premium,Email,5035,439,19,4247.24,4089.19,3.76,0.08718967229394241,0.04328018223234624,0.9627875985345778
311927,Referral Program,2023-09-10,Inactive,Social Media,9603,502,99,4530.72,9542.64,2.0,0.05227533062584609,0.19721115537848605,2.1062082847759296
936730,New User Discount,2023-09-09,Premium,SMS,7413,688,87,1966.07,4769.63,2.58,0.0928099285039795,0.12645348837209303,2.4259716083354106
486795,Weekend Special,2023-09-09,Premium,Email,1413,359,83,1392.02,7184.13,3.82,0.254069355980184,0.23119777158774374,5.160938779615235
655982,Festival Offer,2023-09-09,New Users,Email,2999,655,71,3307.38,9749.16,3.33,0.2184061353784595,0.1083969465648855,2.9476987827222754
838608,Flash Sale,2023-09-09,Inactive,SMS,9773,659,87,1486.87,8289.34,3.37,0.06743067635321805,0.13201820940819423,5.575026734011717
821994,Membership Drive,2023-09-09,Inactive,SMS,9768,1000,35,3214.3,7067.1,2.76,0.10237510237510238,0.035,2.198643561584171
119462,Category Promotion,2023-09-09,All,Email,7293,938,11,3132.63,5847.76,1.82,0.12861648155765804,0.011727078891257996,1.8667254032554117
208761,App Push Notification,2023-09-09,Inactive,SMS,4582,568,99,1974.02,9198.19,2.48,0.12396333478830206,0.1742957746478873,4.659623509386937
727819,Email Campaign,2023-09-09,Premium,SMS,8973,753,34,3502.23,5244.77,3.77,0.08391842193246406,0.0451527224435591,1.4975515600060534
623432,Referral Program,2023-09-09,All,SMS,9912,997,44,2227.26,6789.33,2.3,0.10058514931396287,0.044132397191574725,3.048288031033646
218865,New User Discount,2023-09-08,All,SMS,7291,580,15,1494.68,5250.79,1.56,0.07955013029762721,0.02586206896551724,3.5129860572162603
400663,Weekend Special,2023-09-08,Inactive,App,7353,272,64,3827.02,7901.52,1.7,0.03699170406636747,0.23529411764705882,2.0646665029187203
309015,Festival Offer,2023-09-08,All,Email,4146,540,45,3428.32,5069.8,2.71,0.13024602026049203,0.08333333333333333,1.478800112008214
472032,Flash Sale,2023-09-08,All,SMS,8532,105,81,2293.41,7597.15,3.77,0.01230661040787623,0.7714285714285715,3.312600014825086
479479,Membership Drive,2023-09-08,Inactive,Social Media,9557,316,95,4513.64,8338.6,2.79,0.03306476927906247,0.30063291139240506,1.847422479417942
959686,Category Promotion,2023-09-08,All,App,8510,941,98,3544.88,6404.5,1.59,0.11057579318448883,0.10414452709883103,1.8066902123626187
247980,App Push Notification,2023-09-08,Inactive,Email,2680,724,62,4261.69,3792.91,2.44,0.2701492537313433,0.0856353591160221,0.8900013844273047
418087,Email Campaign,2023-09-08,Inactive,Social Media,3889,886,93,3448.18,8946.34,2.9,0.22782206222679352,0.10496613995485328,2.5945107273982217
62385,Referral Program,2023-09-08,New Users,Social Media,7562,727,37,4518.36,6445.74,3.58,0.0961385876752182,0.05089408528198074,1.426566276259528
303346,New User Discount,2023-09-07,Inactive,App,7320,598,99,2607.78,4783.07,3.21,0.08169398907103825,0.16555183946488294,1.8341539547047678
646049,Weekend Special,2023-09-07,New Users,Email,2091,474,46,4759.49,3624.31,2.8,0.2266857962697274,0.0970464135021097,0.7614912522139977
344451,Festival Offer,2023-09-07,All,SMS,7621,144,15,4338.46,8636.23,2.86,0.018895158115732842,0.10416666666666667,1.9906210959649275
667552,Flash Sale,2023-09-07,All,SMS,3129,321,65,3958.22,9151.0,1.92,0.10258868648130393,0.20249221183800623,2.3118977722309526
592170,Membership Drive,2023-09-07,Inactive,SMS,5682,206,98,2482.29,5869.94,1.53,0.03625483984512495,0.47572815533980584,2.364727731248162
301416,Category Promotion,2023-09-07,Inactive,Social Media,2071,780,27,1973.17,3076.52,2.84,0.3766296475132786,0.03461538461538462,1.5591763507452474
460882,App Push Notification,2023-09-07,Premium,Email,8744,732,85,3175.86,6528.68,3.76,0.08371454711802379,0.11612021857923498,2.0557203403172686
813257,Email Campaign,2023-09-07,Premium,SMS,7478,933,14,1401.31,6015.47,1.93,0.12476598020861193,0.015005359056806002,4.292747500553054
936078,Referral Program,2023-09-07,Premium,Social Media,3082,449,82,4893.32,7134.67,2.5,0.14568462037637897,0.18262806236080179,1.458042801206543
197914,New User Discount,2023-09-06,New Users,Email,2059,943,92,3814.3,5596.62,1.52,0.45798931520155417,0.0975609756097561,1.4672731562803134
344824,Weekend Special,2023-09-06,Premium,SMS,4982,810,51,3617.12,9175.68,1.55,0.16258530710558008,0.06296296296296296,2.536736409076835
982285,Festival Offer,2023-09-06,All,SMS,6668,688,95,1540.71,5149.74,2.32,0.10317936412717456,0.1380813953488372,3.3424460151488598
29571,Flash Sale,2023-09-06,Inactive,Email,4541,651,58,3104.47,5570.72,2.41,0.14336049328341774,0.0890937019969278,1.7944190151620085
988307,Membership Drive,2023-09-06,New Users,SMS,7831,858,38,2432.78,5498.28,1.68,0.10956455114289362,0.04428904428904429,2.2600810595286047
972517,Category Promotion,2023-09-06,Inactive,App,2500,323,66,4559.98,8433.06,2.36,0.1292,0.2043343653250774,1.849363374400765
116331,App Push Notification,2023-09-06,New Users,SMS,5713,750,31,4653.64,6835.62,3.72,0.13127953789602662,0.04133333333333333,1.4688759766548336
850573,Email Campaign,2023-09-06,Premium,Email,5231,170,28,4040.88,3352.7,3.7,0.03249856623972472,0.16470588235294117,0.8296955118687018
540866,Referral Program,2023-09-06,All,Social Media,6999,865,73,3065.54,7062.68,3.79,0.12358908415487926,0.08439306358381503,2.303894256803043
721231,New User Discount,2023-09-05,Inactive,App,5489,578,42,1939.01,9584.54,1.53,0.10530151211513937,0.0726643598615917,4.943006998416719
455126,Weekend Special,2023-09-05,Inactive,Social Media,2191,632,14,4562.51,7901.47,1.73,0.2884527612962118,0.022151898734177215,1.7318252453145309
861996,Festival Offer,2023-09-05,Inactive,Social Media,5825,742,84,1356.25,5142.69,3.85,0.12738197424892703,0.11320754716981132,3.7918451612903223
326300,Flash Sale,2023-09-05,Inactive,SMS,5412,498,86,2095.4,4682.45,3.1,0.09201773835920177,0.17269076305220885,2.234633005631383
751090,Membership Drive,2023-09-05,All,Social Media,1768,894,15,1047.5,2190.78,1.66,0.505656108597285,0.016778523489932886,2.0914367541766112
930945,Category Promotion,2023-09-05,All,App,5160,647,84,4704.62,4262.66,2.86,0.1253875968992248,0.12982998454404945,0.9060583001390122
204831,App Push Notification,2023-09-05,New Users,Social Media,2351,872,91,2037.52,3856.05,2.38,0.3709059974478945,0.10435779816513761,1.8925213004044132
767059,Email Campaign,2023-09-05,All,Social Media,8159,679,30,2911.55,6278.61,2.04,0.08322098296359848,0.044182621502209134,2.1564493139393104
24677,Referral Program,2023-09-05,Inactive,Social Media,1952,346,45,3176.97,9135.1,2.27,0.17725409836065573,0.13005780346820808,2.8754127360346495
319266,New User Discount,2023-09-04,Inactive,App,3805,756,39,1387.99,9900.82,1.74,0.19868593955321945,0.051587301587301584,7.133207011577893
485029,Weekend Special,2023-09-04,New Users,Email,2702,302,24,4433.0,5816.42,1.69,0.11176905995558846,0.07947019867549669,1.3120730882021205
47508,Festival Offer,2023-09-04,New Users,Social Media,6027,844,45,1737.08,4557.93,1.58,0.1400365024058404,0.0533175355450237,2.623903332028462
628327,Flash Sale,2023-09-04,Inactive,App,8069,260,23,3798.22,5103.01,1.93,0.03222208452100632,0.08846153846153847,1.3435267046142667
238629,Membership Drive,2023-09-04,Premium,Social Media,6571,985,76,2533.96,2538.48,3.99,0.14990108050525033,0.07715736040609138,1.001783769278126
800943,Category Promotion,2023-09-04,Inactive,SMS,1450,663,99,3943.03,8586.35,2.31,0.4572413793103448,0.1493212669683258,2.1776019964342144
909955,App Push Notification,2023-09-04,Premium,App,4038,955,47,1136.0,7418.11,3.23,0.23650321941555225,0.049214659685863874,6.530026408450704
352877,Email Campaign,2023-09-04,Inactive,Social Media,5497,551,64,3466.9,5508.21,2.99,0.10023649263234491,0.1161524500907441,1.5887997923216706
317661,Referral Program,2023-09-04,New Users,SMS,2745,247,36,3000.92,5781.56,3.23,0.08998178506375228,0.145748987854251,1.9265958439411914
702630,New User Discount,2023-09-03,All,Social Media,4316,937,68,1274.02,9046.37,2.95,0.2170991658943466,0.07257203842049093,7.100649911304376
605300,Weekend Special,2023-09-03,New Users,Social Media,9885,630,68,2514.31,5877.53,3.49,0.0637329286798179,0.10793650793650794,2.337631397878543
611553,Festival Offer,2023-09-03,Inactive,Email,4332,313,25,4140.24,6738.96,3.85,0.07225300092336104,0.07987220447284345,1.627673758043012
761584,Flash Sale,2023-09-03,Premium,Social Media,5609,952,30,4382.82,9429.18,2.07,0.1697272241041184,0.031512605042016806,2.1513956767560614
504203,Membership Drive,2023-09-03,All,Email,3667,163,30,3682.21,8139.3,3.95,0.04445050449959095,0.18404907975460122,2.2104388397185386
969274,Category Promotion,2023-09-03,New Users,Social Media,4588,559,94,3949.35,9575.99,2.06,0.12183958151700088,0.16815742397137745,2.424700267132566
906335,App Push Notification,2023-09-03,New Users,App,1340,415,42,2663.37,9462.34,3.57,0.30970149253731344,0.10120481927710843,3.552769611432133
237870,Email Campaign,2023-09-03,Premium,Email,3423,507,29,2395.56,3193.57,2.61,0.1481156879929886,0.05719921104536489,1.3331204394797043
256474,Referral Program,2023-09-03,New Users,Social Media,4339,483,16,3644.89,5838.22,3.53,0.11131597142198664,0.033126293995859216,1.6017547854667769
161360,New User Discount,2023-09-02,Inactive,Email,3836,191,42,1925.11,6039.37,2.37,0.049791449426485924,0.2198952879581152,3.137155798889414
650528,Weekend Special,2023-09-02,New Users,Social Media,3295,903,56,2830.0,4604.21,1.62,0.274051593323217,0.06201550387596899,1.6269293286219082
86830,Festival Offer,2023-09-02,Inactive,App,5856,749,48,4608.58,9997.7,3.11,0.12790300546448088,0.06408544726301736,2.169366702975754
882779,Flash Sale,2023-09-02,New Users,SMS,9910,666,60,2890.97,7406.48,2.64,0.06720484359233098,0.09009009009009009,2.5619359592109223
587668,Membership Drive,2023-09-02,Inactive,SMS,1032,531,81,4889.66,4458.8,2.05,0.5145348837209303,0.15254237288135594,0.911883443838631
229514,Category Promotion,2023-09-02,Inactive,App,1448,598,24,3628.87,8317.05,3.51,0.4129834254143646,0.04013377926421405,2.2919118072568043
856812,App Push Notification,2023-09-02,All,App,7791,655,80,4892.46,4098.05,2.53,0.08407136439481452,0.12213740458015267,0.8376256525347168
87168,Email Campaign,2023-09-02,Premium,Social Media,4986,907,38,2794.01,2460.74,3.04,0.18190934616927396,0.04189636163175303,0.8807198256269662
105122,Referral Program,2023-09-02,Premium,Email,7670,281,71,1554.87,2259.0,3.95,0.036636245110821385,0.2526690391459075,1.4528545794825292
80123,New User Discount,2023-09-01,New Users,Social Media,5915,500,20,3919.81,9103.51,1.99,0.08453085376162299,0.04,2.322436546669354
283304,Weekend Special,2023-09-01,Premium,SMS,6818,605,73,4533.01,5054.01,3.68,0.0887356996186565,0.1206611570247934,1.1149346681344183
509107,Festival Offer,2023-09-01,Inactive,Social Media,7806,187,87,4346.98,5141.73,3.23,0.023955931334870614,0.46524064171123,1.1828280783440457
976425,Flash Sale,2023-09-01,New Users,App,2479,608,85,3233.46,2779.27,3.16,0.24526018555869303,0.13980263157894737,0.8595343687566879
703372,Membership Drive,2023-09-01,New Users,Social Media,8770,361,70,1719.42,7768.21,2.86,0.0411630558722919,0.19390581717451524,4.51792464900955
30302,Category Promotion,2023-09-01,All,Email,5265,375,37,4831.55,4258.9,2.49,0.07122507122507123,0.09866666666666667,0.8814769587399488
317158,App Push Notification,2023-09-01,New Users,App,1359,266,45,4858.51,3911.23,2.49,0.19573215599705665,0.16917293233082706,0.805026643971094
422515,Email Campaign,2023-09-01,All,Social Media,1573,665,68,3419.96,3331.68,1.95,0.4227590591226955,0.10225563909774436,0.9741868325945332
686065,Referral Program,2023-09-01,All,Social Media,7542,320,49,3579.45,5235.52,3.0,0.042429063908777515,0.153125,1.4626604645965164
572929,New User Discount,2023-08-31,Inactive,SMS,1693,413,22,4279.74,6535.86,1.79,0.24394565859421147,0.053268765133171914,1.5271628650338571
861155,Weekend Special,2023-08-31,New Users,Social Media,2228,458,59,2077.29,7680.8,3.54,0.20556552962298025,0.12882096069868995,3.6975097362428935
760043,Festival Offer,2023-08-31,Inactive,App,1952,488,64,3332.46,2614.02,3.08,0.25,0.13114754098360656,0.7844115158171441
891736,Flash Sale,2023-08-31,Inactive,Email,1626,867,91,3874.21,7546.12,3.42,0.533210332103321,0.104959630911188,1.9477829028369655
825646,Membership Drive,2023-08-31,All,App,2919,219,58,3574.94,5808.01,3.46,0.0750256937307297,0.2648401826484018,1.6246454485949415
839285,Category Promotion,2023-08-31,Premium,SMS,5906,202,31,2462.65,5386.51,1.59,0.03420250592617677,0.15346534653465346,2.187281992975047
55142,App Push Notification,2023-08-31,Inactive,Social Media,1386,117,55,3348.97,5297.35,3.99,0.08441558441558442,0.4700854700854701,1.5817848472814031
200660,Email Campaign,2023-08-31,Premium,Email,3995,680,67,2318.83,9913.99,2.82,0.1702127659574468,0.09852941176470588,4.2754276941388545
773923,Referral Program,2023-08-31,Premium,Social Media,4487,317,19,2760.46,7388.63,3.36,0.07064854022732338,0.05993690851735016,2.6765937561131117
194106,New User Discount,2023-08-30,Premium,App,2119,242,17,1619.6,2406.62,2.3,0.11420481359131666,0.07024793388429752,1.4859347987157323
162830,Weekend Special,2023-08-30,New Users,Email,6017,487,72,4328.26,2841.93,1.67,0.08093734419145754,0.14784394250513347,0.656598725584877
124902,Festival Offer,2023-08-30,Premium,SMS,5771,489,30,3234.95,9176.67,2.3,0.08473401490209669,0.06134969325153374,2.8367269973260796
154428,Flash Sale,2023-08-30,New Users,Social Media,6248,871,49,2633.53,9145.57,3.83,0.139404609475032,0.05625717566016074,3.472741909148557
430606,Membership Drive,2023-08-30,Inactive,App,3369,599,100,4661.71,2642.93,1.91,0.1777975660433363,0.1669449081803005,0.5669443187156644
425494,Category Promotion,2023-08-30,New Users,Social Media,8648,790,72,4581.84,5509.36,2.67,0.09135060129509713,0.09113924050632911,1.2024339566636983
154348,App Push Notification,2023-08-30,New Users,Social Media,1286,385,23,2358.77,6025.82,2.86,0.29937791601866254,0.05974025974025974,2.5546450056597294
215459,Email Campaign,2023-08-30,All,Social Media,2800,900,60,4334.2,3074.38,1.87,0.32142857142857145,0.06666666666666667,0.709330441603987
203812,Referral Program,2023-08-30,Inactive,Email,3531,965,55,3488.64,9934.26,1.51,0.2732936845086378,0.05699481865284974,2.8476025041276833
103345,New User Discount,2023-08-29,All,Social Media,7032,592,44,1387.31,6623.74,3.36,0.08418657565415244,0.07432432432432433,4.774520474875839
829169,Weekend Special,2023-08-29,New Users,SMS,4739,522,31,1403.91,3915.71,1.89,0.11014982063726525,0.05938697318007663,2.78914602787928
880618,Festival Offer,2023-08-29,New Users,App,5419,367,72,2517.43,4337.99,2.64,0.0677246724487913,0.19618528610354224,1.7231819752684285
360335,Flash Sale,2023-08-29,All,SMS,5288,697,57,2111.86,5190.13,2.01,0.13180786686838125,0.08177905308464849,2.4576108264752397
684280,Membership Drive,2023-08-29,Premium,Email,7166,535,90,1052.86,9528.82,2.22,0.07465810773095172,0.16822429906542055,9.050415059931995
411722,Category Promotion,2023-08-29,New Users,Social Media,5104,786,79,1124.87,7328.83,1.73,0.15399686520376177,0.1005089058524173,6.515268431018696
150996,App Push Notification,2023-08-29,New Users,Social Media,8946,692,52,3978.74,2476.27,1.86,0.07735300693047172,0.07514450867052024,0.6223754253859263
412461,Email Campaign,2023-08-29,Premium,SMS,5916,435,43,1894.16,6400.34,2.52,0.07352941176470588,0.09885057471264368,3.3789859357182075
660077,Referral Program,2023-08-29,Premium,Email,4435,211,67,2858.43,5458.02,2.61,0.047576099210823,0.3175355450236967,1.9094467942192046
393050,New User Discount,2023-08-28,New Users,App,7398,192,31,3417.07,5464.42,3.4,0.025952960259529603,0.16145833333333334,1.5991536608849102
714585,Weekend Special,2023-08-28,Premium,App,9554,320,35,4342.04,7017.7,3.23,0.03349382457609378,0.109375,1.6162218680620168
690136,Festival Offer,2023-08-28,New Users,SMS,3315,852,49,4864.26,2740.43,3.73,0.25701357466063346,0.057511737089201875,0.5633806581062689
741002,Flash Sale,2023-08-28,Inactive,SMS,4621,844,76,4537.48,9463.52,1.7,0.18264444925340836,0.09004739336492891,2.0856334352988886
27481,Membership Drive,2023-08-28,Inactive,App,5332,613,63,3368.16,6807.1,2.0,0.11496624156039009,0.10277324632952692,2.021014441119187
981294,Category Promotion,2023-08-28,New Users,Email,2727,431,88,3155.94,7180.35,2.13,0.15804913824715805,0.20417633410672853,2.2751858400349816
957924,App Push Notification,2023-08-28,All,Social Media,2317,401,13,1000.63,6444.48,3.61,0.1730686232196806,0.032418952618453865,6.440422533803703
695839,Email Campaign,2023-08-28,All,Email,4456,260,86,4739.19,4918.62,3.16,0.05834829443447038,0.33076923076923076,1.0378609002804278
706792,Referral Program,2023-08-28,New Users,Social Media,5353,803,99,3304.96,5685.07,3.9,0.15000934055669718,0.1232876712328767,1.7201630276917117
430217,New User Discount,2023-08-27,Premium,SMS,8328,885,40,4517.52,9471.13,2.33,0.10626801152737753,0.04519774011299435,2.096533053533797
337480,Weekend Special,2023-08-27,New Users,SMS,1324,339,21,3910.95,4408.03,3.43,0.25604229607250756,0.061946902654867256,1.1270995538168476
561344,Festival Offer,2023-08-27,Inactive,SMS,9734,994,48,3256.52,2572.14,3.6,0.10211629340456133,0.0482897384305835,0.7898431454436023
140583,Flash Sale,2023-08-27,Inactive,SMS,4579,473,60,1561.47,2918.8,2.24,0.10329766324525005,0.12684989429175475,1.8692642189731472
415616,Membership Drive,2023-08-27,All,App,8239,368,88,2381.57,3230.69,3.63,0.0446656147590727,0.2391304347826087,1.3565379140650915
519264,Category Promotion,2023-08-27,Premium,SMS,8700,598,37,2492.1,7021.86,2.23,0.06873563218390805,0.061872909698996656,2.8176477669435416
556631,App Push Notification,2023-08-27,Premium,SMS,5793,301,12,2783.96,5975.3,1.68,0.05195926117728293,0.03986710963455149,2.1463311254472046
753766,Email Campaign,2023-08-27,New Users,SMS,6045,978,20,1220.0,2159.15,2.69,0.1617866004962779,0.02044989775051125,1.7697950819672132
996107,Referral Program,2023-08-27,Premium,App,4018,959,72,2634.45,2478.36,2.57,0.23867595818815332,0.07507820646506778,0.9407504412685761
271129,New User Discount,2023-08-26,New Users,Social Media,8873,623,90,2695.32,8170.46,2.69,0.07021300574777414,0.14446227929373998,3.0313506374011245
930029,Weekend Special,2023-08-26,Premium,Social Media,6337,222,24,4168.52,8798.19,3.19,0.035032349692283415,0.10810810810810811,2.1106267932023837
412610,Festival Offer,2023-08-26,Inactive,Email,6990,518,15,3303.48,2832.59,2.99,0.07410586552217453,0.02895752895752896,0.8574563793333092
57826,Flash Sale,2023-08-26,Inactive,App,9963,378,65,3456.51,6331.38,1.91,0.037940379403794036,0.17195767195767195,1.8317262209569767
91928,Membership Drive,2023-08-26,Premium,Email,2307,932,49,3722.31,6958.92,3.09,0.4039878630255743,0.05257510729613734,1.8695165099091693
12026,Category Promotion,2023-08-26,All,SMS,5024,902,52,4855.37,2766.15,3.47,0.17953821656050956,0.057649667405764965,0.5697094145245368
284949,App Push Notification,2023-08-26,Premium,SMS,3721,764,35,1857.89,8825.54,3.54,0.20532115022843322,0.04581151832460733,4.750302762811577
987272,Email Campaign,2023-08-26,Premium,Email,2381,879,93,1079.14,3374.52,2.11,0.36917261654766903,0.10580204778156997,3.127045610393461
513464,Referral Program,2023-08-26,All,SMS,4174,822,71,1449.28,7741.35,3.37,0.19693339722089123,0.08637469586374696,5.341514407153897
137315,New User Discount,2023-08-25,Inactive,SMS,6830,341,35,2386.12,3053.62,2.07,0.04992679355783309,0.10263929618768329,1.2797428461267666
818907,Weekend Special,2023-08-25,All,Social Media,2062,406,43,2181.33,2479.41,2.21,0.19689621726479145,0.10591133004926108,1.136650575566283
631938,Festival Offer,2023-08-25,New Users,Social Media,8811,429,24,1351.88,8169.17,3.99,0.04868913857677903,0.055944055944055944,6.042821848093025
374941,Flash Sale,2023-08-25,Inactive,Social Media,2943,354,30,3319.28,9849.21,3.14,0.12028542303771661,0.0847457627118644,2.9672730230652427
85521,Membership Drive,2023-08-25,All,App,2409,419,71,2333.39,8086.16,1.79,0.17393109173931093,0.16945107398568018,3.46541298282756
670167,Category Promotion,2023-08-25,Inactive,App,1790,696,40,1231.51,8373.48,3.37,0.3888268156424581,0.05747126436781609,6.799360135118675
51227,App Push Notification,2023-08-25,Inactive,App,8679,337,78,2001.44,9570.07,2.51,0.038829358220993204,0.2314540059347181,4.781592253577424
746943,Email Campaign,2023-08-25,New Users,SMS,4460,655,27,2331.31,3872.05,3.85,0.1468609865470852,0.04122137404580153,1.6608902290986614
396352,Referral Program,2023-08-25,Inactive,Email,2923,266,12,1480.41,2450.8,2.41,0.09100239479986315,0.045112781954887216,1.6554873312122993
947325,New User Discount,2023-08-24,New Users,App,2053,650,73,1460.27,4472.37,3.02,0.31660983925962005,0.1123076923076923,3.06270073342601
127643,Weekend Special,2023-08-24,Inactive,SMS,6510,325,82,2874.48,6035.6,3.55,0.04992319508448541,0.2523076923076923,2.099718905680332
788458,Festival Offer,2023-08-24,Premium,App,1921,884,26,4017.66,2171.45,3.81,0.46017699115044247,0.029411764705882353,0.5404762971480912
385414,Flash Sale,2023-08-24,New Users,App,5230,727,71,3359.51,6451.21,1.87,0.1390057361376673,0.09766162310866575,1.9202830174638563
586222,Membership Drive,2023-08-24,New Users,SMS,8250,452,76,3007.8,5360.43,2.74,0.05478787878787879,0.168141592920354,1.7821763415120686
222959,Category Promotion,2023-08-24,Premium,Email,2722,148,11,1428.35,6360.14,3.1,0.05437178545187362,0.07432432432432433,4.452788182168237
59171,App Push Notification,2023-08-24,New Users,Social Media,1664,322,65,3118.5,6727.77,3.89,0.1935096153846154,0.20186335403726707,2.1573737373737374
521349,Email Campaign,2023-08-24,Inactive,SMS,5393,305,99,1031.78,6586.7,3.94,0.05655479325050992,0.32459016393442625,6.383822132625172
851845,Referral Program,2023-08-24,Inactive,SMS,7262,317,41,4082.7,2086.26,2.71,0.04365188653263564,0.12933753943217666,0.5110000734807848
910968,New User Discount,2023-08-23,Premium,SMS,6960,612,14,3670.76,8807.53,2.66,0.08793103448275862,0.02287581699346405,2.3993750612952085
533817,Weekend Special,2023-08-23,Premium,SMS,9258,385,33,1751.4,9605.41,3.75,0.04158565564916829,0.08571428571428572,5.484418179741921
987117,Festival Offer,2023-08-23,All,App,9103,465,63,1468.23,3638.79,2.86,0.051082060859057456,0.13548387096774195,2.4783514844404486
608518,Flash Sale,2023-08-23,Premium,Social Media,1464,613,42,3138.87,3012.84,2.02,0.4187158469945355,0.06851549755301795,0.9598486079385258
646137,Membership Drive,2023-08-23,Inactive,SMS,4939,612,86,3682.44,2933.37,3.48,0.12391172302085443,0.14052287581699346,0.7965832437188386
132207,Category Promotion,2023-08-23,All,Social Media,9930,339,87,3666.47,7439.04,2.1,0.03413897280966768,0.25663716814159293,2.0289379157609364
984926,App Push Notification,2023-08-23,All,Email,3493,151,45,3492.56,8335.5,3.84,0.04322931577440595,0.2980132450331126,2.386644753418696
579259,Email Campaign,2023-08-23,All,SMS,1587,503,22,4865.85,4875.06,2.12,0.31695022054190297,0.0437375745526839,1.0018927833780327
447219,Referral Program,2023-08-23,Inactive,App,2281,466,41,1256.32,5274.74,2.45,0.20429636124506795,0.08798283261802575,4.198564060112074
334105,New User Discount,2023-08-22,Inactive,App,3988,475,40,1510.27,9806.78,3.5,0.1191073219658977,0.08421052631578947,6.493395220722123
150592,Weekend Special,2023-08-22,Inactive,App,9300,358,64,2321.67,2070.92,2.03,0.03849462365591398,0.1787709497206704,0.8919958478164425
129727,Festival Offer,2023-08-22,Inactive,App,3776,778,14,1093.74,6764.11,1.58,0.20603813559322035,0.017994858611825194,6.184385685811984
191098,Flash Sale,2023-08-22,Premium,Email,9402,856,24,1117.84,2818.65,2.98,0.09104445862582429,0.028037383177570093,2.521514706934803
64010,Membership Drive,2023-08-22,Inactive,Email,5172,334,38,4124.97,4857.37,2.25,0.06457849961330239,0.11377245508982035,1.1775528064446528
669008,Category Promotion,2023-08-22,Premium,Email,5257,830,40,1473.3,5570.11,2.11,0.15788472512840024,0.04819277108433735,3.7807031833299396
34023,App Push Notification,2023-08-22,Inactive,App,9525,838,36,2764.83,6599.28,2.68,0.08797900262467191,0.04295942720763723,2.3868664619524527
597394,Email Campaign,2023-08-22,Premium,Social Media,3164,217,59,4075.72,8149.88,1.8,0.06858407079646017,0.271889400921659,1.9996172455418921
873522,Referral Program,2023-08-22,Inactive,App,7418,504,29,4140.24,7467.03,2.66,0.06794284173631707,0.057539682539682536,1.8035258825575329
472255,New User Discount,2023-08-21,Premium,Social Media,4608,975,66,2032.97,2351.02,3.74,0.21158854166666666,0.06769230769230769,1.1564459878896394
157365,Weekend Special,2023-08-21,Inactive,SMS,9529,142,52,2021.16,5152.99,2.12,0.014901878476230455,0.36619718309859156,2.549521067109976
998178,Festival Offer,2023-08-21,All,Social Media,8159,623,61,4361.27,7463.45,3.54,0.07635739673979654,0.09791332263242375,1.711301983137939
528128,Flash Sale,2023-08-21,New Users,Social Media,2165,707,72,4340.43,9642.86,3.4,0.32655889145496536,0.10183875530410184,2.221637026746198
831864,Membership Drive,2023-08-21,Premium,Social Media,8545,724,86,2978.52,2882.95,2.28,0.08472791105909888,0.11878453038674033,0.9679135946711789
413620,Category Promotion,2023-08-21,Premium,App,9427,944,17,1370.09,2840.27,2.23,0.10013790177150737,0.018008474576271187,2.073053595019305
926807,App Push Notification,2023-08-21,Inactive,SMS,3827,967,46,2355.46,3802.1,2.69,0.2526783381238568,0.047569803516028956,1.6141645368632878
677917,Email Campaign,2023-08-21,New Users,Email,8699,636,75,2514.31,5311.97,1.76,0.07311185193700426,0.1179245283018868,2.1126949341966585
429935,Referral Program,2023-08-21,All,SMS,7253,995,32,3694.09,9026.21,2.99,0.1371846132634772,0.032160804020100506,2.4434190829135183
136959,New User Discount,2023-08-20,Premium,Email,3441,802,36,1837.83,3310.66,2.75,0.23307178145887825,0.04488778054862843,1.8013962118367857
729669,Weekend Special,2023-08-20,Premium,SMS,3578,584,27,2500.34,6201.55,3.14,0.16321967579653437,0.046232876712328765,2.4802826815553085
681350,Festival Offer,2023-08-20,Inactive,Social Media,6261,772,23,2235.3,9223.4,3.06,0.12330298674333173,0.029792746113989636,4.12624703619201
801601,Flash Sale,2023-08-20,Premium,Email,4655,134,68,3724.59,5057.9,3.58,0.02878625134264232,0.5074626865671642,1.357974971741856
625499,Membership Drive,2023-08-20,New Users,App,8594,637,78,4311.64,9672.83,3.91,0.07412148010239702,0.12244897959183673,2.2434224564202947
72339,Category Promotion,2023-08-20,Inactive,SMS,1553,700,54,1819.45,5355.32,2.54,0.4507405022537025,0.07714285714285714,2.943372997334359
54688,App Push Notification,2023-08-20,Inactive,Email,7507,824,77,2677.33,2505.37,2.47,0.10976422006127615,0.09344660194174757,0.9357718323852494
401119,Email Campaign,2023-08-20,All,Email,9064,373,61,2231.94,5789.21,2.27,0.04115180935569285,0.16353887399463807,2.593801804708012
14119,Referral Program,2023-08-20,All,App,6316,636,32,4317.64,7810.08,1.97,0.10069664344521849,0.050314465408805034,1.8088770717336322
793911,New User Discount,2023-08-19,Inactive,SMS,4204,151,75,1246.11,8361.56,1.81,0.03591817316841104,0.4966887417218543,6.710129924324498
781150,Weekend Special,2023-08-19,Premium,Social Media,6832,882,93,4679.47,6198.03,1.6,0.1290983606557377,0.1054421768707483,1.3245153831523655
238524,Festival Offer,2023-08-19,All,Social Media,4639,438,23,3256.5,8640.18,2.12,0.09441690019400734,0.05251141552511415,2.6532105020727776
84654,Flash Sale,2023-08-19,All,App,5840,384,81,1923.51,5169.6,3.08,0.06575342465753424,0.2109375,2.6875867554626702
416404,Membership Drive,2023-08-19,New Users,Social Media,6449,141,41,4317.71,7867.67,2.61,0.021863854861218793,0.2907801418439716,1.822185834620667
57578,Category Promotion,2023-08-19,Inactive,Social Media,2159,866,83,1404.28,8691.79,2.13,0.4011116257526633,0.09584295612009237,6.189499245164782
270672,App Push Notification,2023-08-19,All,Email,2556,687,33,1108.34,2393.88,2.82,0.2687793427230047,0.048034934497816595,2.1598787375715034
660276,Email Campaign,2023-08-19,All,Email,9373,943,37,2416.12,4615.16,3.23,0.10060812973434333,0.03923647932131495,1.9101534691985498
953508,Referral Program,2023-08-19,All,Social Media,6278,370,84,2908.68,4366.14,3.51,0.05893596686842944,0.22702702702702704,1.5010726515120263
847370,New User Discount,2023-08-18,Premium,Email,2381,900,44,4340.1,2027.37,2.68,0.377992440151197,0.04888888888888889,0.46712518144743204
299460,Weekend Special,2023-08-18,New Users,Social Media,1676,938,72,4299.94,5669.64,2.77,0.5596658711217184,0.0767590618336887,1.318539328455746
555322,Festival Offer,2023-08-18,New Users,App,1881,159,43,3015.23,9463.13,2.39,0.08452950558213716,0.27044025157232704,3.1384438334720732
967086,Flash Sale,2023-08-18,New Users,Social Media,5098,907,11,3093.04,4832.68,3.39,0.1779129070223617,0.012127894156560088,1.5624369552285131
372123,Membership Drive,2023-08-18,Inactive,Social Media,2065,340,55,4051.39,2457.87,3.41,0.16464891041162227,0.16176470588235295,0.6066732652250215
153926,Category Promotion,2023-08-18,All,Social Media,2410,828,85,2030.76,2821.65,2.75,0.34356846473029046,0.10265700483091787,1.3894551793417242
506275,App Push Notification,2023-08-18,All,SMS,5446,646,94,2235.85,7334.36,3.52,0.11861917003305178,0.14551083591331268,3.280345282554733
592006,Email Campaign,2023-08-18,Premium,SMS,1590,664,64,1977.13,3210.89,2.18,0.4176100628930818,0.0963855421686747,1.6240156185986756
690314,Referral Program,2023-08-18,Inactive,App,4114,501,18,2356.75,3196.24,3.25,0.12177929022848809,0.03592814371257485,1.3562066405006894
165951,New User Discount,2023-08-17,All,Social Media,2869,464,86,1908.74,5719.19,3.2,0.16172882537469502,0.1853448275862069,2.996316942066494
784961,Weekend Special,2023-08-17,Inactive,App,6324,506,17,4352.2,2991.84,3.28,0.08001265022137888,0.03359683794466403,0.6874316437663711
619617,Festival Offer,2023-08-17,New Users,Social Media,8367,574,41,1538.52,7531.27,3.52,0.06860284450818692,0.07142857142857142,4.895139484699582
592050,Flash Sale,2023-08-17,Premium,SMS,7435,989,81,2662.49,5962.38,1.77,0.13301950235373236,0.08190091001011122,2.239399960187644
852423,Membership Drive,2023-08-17,All,Email,8938,402,66,2832.76,8463.65,3.08,0.04497650481091967,0.16417910447761194,2.987775173329191
790005,Category Promotion,2023-08-17,Inactive,Social Media,6334,313,16,1568.47,3259.63,3.21,0.04941585096305652,0.051118210862619806,2.078222726606183
685868,App Push Notification,2023-08-17,Premium,Social Media,7343,747,95,1440.9,2053.47,3.58,0.10172953833583004,0.12717536813922356,1.4251301270039556
481246,Email Campaign,2023-08-17,All,SMS,2778,575,49,1093.5,2021.55,2.29,0.206983441324694,0.08521739130434783,1.8486968449931414
844990,Referral Program,2023-08-17,Inactive,SMS,7887,298,82,4905.28,2286.68,2.04,0.03778369468746038,0.2751677852348993,0.4661670689542697
313781,New User Discount,2023-08-16,All,Email,8091,787,34,3474.53,3155.86,3.01,0.09726857001606723,0.043202033036848796,0.9082839981234871
78015,Weekend Special,2023-08-16,All,App,5670,495,74,3211.97,4958.56,3.61,0.0873015873015873,0.1494949494949495,1.5437753154606053
578359,Festival Offer,2023-08-16,Premium,Social Media,6110,250,28,1634.68,9896.85,2.69,0.04091653027823241,0.112,6.054304206327844
911645,Flash Sale,2023-08-16,Inactive,App,6322,691,68,3482.46,9269.22,1.65,0.10930085416007593,0.09840810419681621,2.6616874278527245
991861,Membership Drive,2023-08-16,All,SMS,4694,790,32,1185.26,2972.0,3.29,0.16829995739241585,0.04050632911392405,2.507466716163542
615466,Category Promotion,2023-08-16,New Users,Social Media,8050,147,20,3559.0,4562.43,1.61,0.018260869565217393,0.1360544217687075,1.2819415566170274
212347,App Push Notification,2023-08-16,Inactive,Social Media,9821,539,93,3033.82,3984.66,2.1,0.0548823948681397,0.1725417439703154,1.3134134523472056
246787,Email Campaign,2023-08-16,All,Email,9711,775,66,2326.47,7646.81,2.37,0.07980640510760993,0.08516129032258064,3.2868723860612863
458854,Referral Program,2023-08-16,Premium,Email,2371,902,45,3577.08,6019.16,1.96,0.38043019822859553,0.04988913525498891,1.6827020922092881
32945,New User Discount,2023-08-15,Inactive,Social Media,6291,259,30,4143.86,9811.63,2.34,0.04116992529009696,0.11583011583011583,2.3677513236451038
559729,Weekend Special,2023-08-15,New Users,App,8091,493,70,1716.52,2860.72,2.9,0.06093189964157706,0.14198782961460446,1.6665812224733763
272663,Festival Offer,2023-08-15,New Users,Email,6951,595,41,1389.26,2671.0,1.82,0.08559919436052367,0.06890756302521009,1.9226062796020904
474425,Flash Sale,2023-08-15,Premium,App,2036,724,49,2680.23,7202.1,1.51,0.3555992141453831,0.06767955801104972,2.6871201352122767
523854,Membership Drive,2023-08-15,Inactive,Social Media,1163,742,88,2688.15,7755.84,2.25,0.6380051590713671,0.11859838274932614,2.8851961386083365
947389,Category Promotion,2023-08-15,New Users,App,8771,134,100,3701.46,9617.18,1.8,0.015277619427659333,0.746268656716418,2.5982125971913788
326770,App Push Notification,2023-08-15,All,App,8155,360,67,1816.43,9496.53,3.92,0.04414469650521153,0.18611111111111112,5.228128802100825
222822,Email Campaign,2023-08-15,All,Social Media,3401,705,76,3055.59,2323.13,3.83,0.2072919729491326,0.10780141843971631,0.760288520383952
218348,Referral Program,2023-08-15,All,Social Media,3359,395,10,4341.71,6635.9,3.53,0.11759452217922,0.02531645569620253,1.5284070101411655
769223,New User Discount,2023-08-14,All,Social Media,2292,542,77,3200.69,8130.42,3.1,0.23647469458987783,0.14206642066420663,2.5402085175384057
379895,Weekend Special,2023-08-14,Inactive,Social Media,9167,548,47,4404.67,2770.87,1.8,0.059779644376568124,0.08576642335766424,0.6290755039537581
450475,Festival Offer,2023-08-14,New Users,Email,9492,131,91,3233.9,3478.3,2.65,0.01380109565950274,0.6946564885496184,1.075574383870868
292828,Flash Sale,2023-08-14,New Users,Social Media,5381,315,28,4401.26,9106.69,3.78,0.058539304961902995,0.08888888888888889,2.069109754933814
520071,Membership Drive,2023-08-14,All,App,9556,585,33,4563.92,6708.94,3.41,0.061218082879866055,0.05641025641025641,1.469995091938509
245952,Category Promotion,2023-08-14,All,Social Media,4104,796,46,1690.16,5000.69,3.19,0.19395711500974658,0.05778894472361809,2.9587080513087516
808280,App Push Notification,2023-08-14,New Users,App,2759,109,98,4967.12,2558.98,3.89,0.0395070677781805,0.8990825688073395,0.5151838489909646
31613,Email Campaign,2023-08-14,All,Email,4449,179,15,4941.74,5093.66,3.08,0.040233760395594516,0.08379888268156424,1.0307422082100637
331708,Referral Program,2023-08-14,New Users,Email,3899,598,89,1965.68,5216.7,1.52,0.15337265965632213,0.1488294314381271,2.653890765536608
163963,New User Discount,2023-08-13,New Users,App,3396,281,42,4140.55,5358.68,2.66,0.08274440518256773,0.1494661921708185,1.2941952156114527
160462,Weekend Special,2023-08-13,New Users,App,6929,254,86,3471.27,8306.67,3.97,0.036657526338576996,0.33858267716535434,2.3929772100700895
38843,Festival Offer,2023-08-13,Inactive,SMS,9048,829,44,3993.33,4005.01,3.49,0.09162245800176835,0.05307599517490953,1.0029248772327857
801917,Flash Sale,2023-08-13,New Users,Email,7561,922,41,4793.8,4058.88,1.85,0.12194154212405767,0.044468546637744036,0.8466936459593641
126647,Membership Drive,2023-08-13,Inactive,App,5634,901,57,4438.87,6195.07,3.91,0.15992190273340434,0.06326304106548279,1.3956412330165109
490143,Category Promotion,2023-08-13,New Users,SMS,9843,808,52,3089.55,6218.62,2.57,0.08208879406684953,0.06435643564356436,2.0127915068537487
746785,App Push Notification,2023-08-13,All,App,5783,424,69,3608.57,9343.6,1.51,0.07331834687878264,0.16273584905660377,2.589280518321662
589241,Email Campaign,2023-08-13,New Users,SMS,6496,370,28,4102.73,9390.05,2.01,0.056958128078817734,0.07567567567567568,2.2887321368942146
905565,Referral Program,2023-08-13,New Users,Email,4145,174,45,3326.39,2633.95,2.71,0.04197828709288299,0.25862068965517243,0.7918343910365291
217989,New User Discount,2023-08-12,New Users,Email,6867,556,20,4054.28,3646.23,3.14,0.08096694335226445,0.03597122302158273,0.8993532760440818
771245,Weekend Special,2023-08-12,Inactive,Social Media,8313,294,77,4696.57,3360.12,3.49,0.03536629375676651,0.2619047619047619,0.7154412688408776
410330,Festival Offer,2023-08-12,New Users,Email,1915,214,20,1270.59,5950.52,3.73,0.11174934725848563,0.09345794392523364,4.683273125083623
691771,Flash Sale,2023-08-12,All,SMS,7088,863,60,4075.48,3468.76,2.46,0.12175507900677202,0.06952491309385864,0.8511291921442383
988286,Membership Drive,2023-08-12,New Users,SMS,4805,981,73,2049.84,3734.38,1.55,0.20416233090530697,0.0744138634046891,1.821790969051243
398697,Category Promotion,2023-08-12,All,Email,9881,730,91,1534.22,7932.63,3.15,0.0738791620281348,0.12465753424657534,5.170464470545293
76606,App Push Notification,2023-08-12,New Users,Social Media,8123,413,79,3282.08,2134.85,1.57,0.050843284500800195,0.19128329297820823,0.6504564178813436
834760,Email Campaign,2023-08-12,All,SMS,4895,234,75,1753.65,4052.43,2.8,0.04780388151174668,0.32051282051282054,2.310854503464203
419977,Referral Program,2023-08-12,New Users,Email,2849,339,94,4542.97,5136.8,3.85,0.11898911898911899,0.27728613569321536,1.1307140482988
580064,New User Discount,2023-08-11,Premium,Social Media,7135,519,16,1519.15,9709.16,3.83,0.07274001401541696,0.030828516377649325,6.3911792778856595
570143,Weekend Special,2023-08-11,New Users,App,4271,482,19,4232.01,2789.59,3.42,0.11285413252165769,0.03941908713692946,0.6591643214453652
341388,Festival Offer,2023-08-11,New Users,Email,1322,387,95,4808.4,8510.07,3.19,0.2927382753403933,0.2454780361757106,1.769834040429249
468655,Flash Sale,2023-08-11,All,Email,8302,777,69,3357.2,6681.98,3.11,0.09359190556492411,0.0888030888030888,1.9903431430954366
382977,Membership Drive,2023-08-11,Inactive,Social Media,3763,560,32,3609.68,3380.03,2.44,0.14881743289928248,0.05714285714285714,0.9363794020522596
54478,Category Promotion,2023-08-11,All,Email,1554,250,34,4320.04,6871.28,1.75,0.16087516087516088,0.136,1.590559346672716
54804,App Push Notification,2023-08-11,All,SMS,1376,559,33,2535.0,6952.36,3.89,0.40625,0.059033989266547404,2.7425483234714
735377,Email Campaign,2023-08-11,New Users,Social Media,4887,850,86,4925.8,5271.34,1.93,0.17393083691426234,0.1011764705882353,1.0701490113281091
162178,Referral Program,2023-08-11,Premium,App,1793,722,87,3745.09,2785.86,3.47,0.4026770775237033,0.12049861495844875,0.7438699737522997
279346,New User Discount,2023-08-10,New Users,SMS,9320,779,33,1776.11,6003.37,2.63,0.08358369098712447,0.04236200256739409,3.380066549932155
624863,Weekend Special,2023-08-10,New Users,App,1300,371,84,3295.4,5681.37,2.8,0.2853846153846154,0.22641509433962265,1.724030466711173
563698,Festival Offer,2023-08-10,Premium,SMS,4537,555,76,2162.83,2867.1,2.38,0.12232752920432004,0.13693693693693693,1.3256242977950186
410130,Flash Sale,2023-08-10,Inactive,Social Media,9469,790,71,3840.21,3600.14,2.7,0.08343014045833773,0.08987341772151898,0.9374851896120264
893886,Membership Drive,2023-08-10,Inactive,Social Media,3342,677,84,3650.81,5499.66,2.89,0.20257330939557153,0.1240768094534712,1.506421862545572
458622,Category Promotion,2023-08-10,All,Email,9661,485,15,4573.44,6586.53,2.58,0.05020184245937274,0.030927835051546393,1.4401697628043661
960222,App Push Notification,2023-08-10,Inactive,Social Media,1630,519,25,1931.79,3896.74,3.71,0.3184049079754601,0.04816955684007707,2.0171654268838743
896548,Email Campaign,2023-08-10,Inactive,App,3928,381,34,2256.14,8824.29,3.79,0.0969959266802444,0.08923884514435695,3.911233345448421
123626,Referral Program,2023-08-10,Premium,App,6959,646,56,3557.13,6057.6,3.55,0.09282942951573502,0.08668730650154799,1.7029459142623407
842644,New User Discount,2023-08-09,Premium,SMS,2898,252,83,1013.78,5049.05,1.71,0.08695652173913043,0.32936507936507936,4.98041981494999
65073,Weekend Special,2023-08-09,All,App,7298,356,54,1554.1,5678.05,3.07,0.04878048780487805,0.15168539325842698,3.6535937198378488
287582,Festival Offer,2023-08-09,Inactive,App,2836,350,24,4675.14,9241.76,2.88,0.1234132581100141,0.06857142857142857,1.9767878608982832
701871,Flash Sale,2023-08-09,All,App,8950,193,24,1831.04,4424.03,1.95,0.021564245810055865,0.12435233160621761,2.4161296312478155
706486,Membership Drive,2023-08-09,Premium,App,2090,979,34,2575.58,2933.72,3.52,0.46842105263157896,0.03472931562819203,1.1390521746558055
105015,Category Promotion,2023-08-09,Inactive,App,6088,504,21,1001.72,2793.26,1.84,0.08278580814717477,0.041666666666666664,2.788463842191431
543841,App Push Notification,2023-08-09,New Users,SMS,1777,516,97,1848.09,2921.51,3.49,0.2903770399549803,0.187984496124031,1.5808266913407898
578542,Email Campaign,2023-08-09,Premium,SMS,7798,975,79,2237.73,2240.52,2.33,0.1250320595024365,0.08102564102564103,1.0012467992117011
812201,Referral Program,2023-08-09,Premium,Social Media,6501,948,62,4170.25,8293.45,3.33,0.14582371942778033,0.06540084388185655,1.988717702775613
79956,New User Discount,2023-08-08,Premium,App,7471,645,17,1878.52,9074.59,2.46,0.0863338241199304,0.02635658914728682,4.830712475778805
286922,Weekend Special,2023-08-08,Inactive,Email,4611,123,36,1818.72,3706.82,2.37,0.026675341574495772,0.2926829268292683,2.0381477082783497
121438,Festival Offer,2023-08-08,All,Email,7547,935,85,3932.22,5921.09,2.97,0.12389028753146945,0.09090909090909091,1.505788078998632
342,Flash Sale,2023-08-08,New Users,Social Media,6335,277,43,2900.46,7711.31,2.34,0.04372533543804262,0.1552346570397112,2.6586506967860273
44688,Membership Drive,2023-08-08,New Users,SMS,8947,553,33,4927.43,5439.27,1.69,0.06180842740583436,0.059674502712477394,1.103875651201539
990057,Category Promotion,2023-08-08,New Users,App,2835,296,44,1908.19,2900.03,1.71,0.10440917107583775,0.14864864864864866,1.519780525000131
892504,App Push Notification,2023-08-08,Inactive,SMS,6475,239,37,4464.94,9041.61,3.46,0.03691119691119691,0.15481171548117154,2.0250238525041775
1676,Email Campaign,2023-08-08,Inactive,SMS,8311,894,73,3911.44,4606.78,1.67,0.10756828299843581,0.08165548098434004,1.1777708465424497
203186,Referral Program,2023-08-08,Inactive,Email,1831,626,60,2250.59,6282.18,2.76,0.3418896777717094,0.09584664536741214,2.791348046512248
865174,New User Discount,2023-08-07,Premium,Email,2657,189,72,4458.07,9381.62,1.72,0.07113285660519383,0.38095238095238093,2.104412896163587
815641,Weekend Special,2023-08-07,New Users,Email,4570,562,25,1753.52,3412.55,3.09,0.12297592997811817,0.04448398576512456,1.9461141019207082
908905,Festival Offer,2023-08-07,Premium,SMS,5140,782,26,2969.52,2188.62,3.02,0.15214007782101166,0.03324808184143223,0.7370282065788409
296871,Flash Sale,2023-08-07,Inactive,Email,8428,721,54,4303.18,2280.54,3.5,0.08554817275747509,0.07489597780859916,0.5299662110346302
2257,Membership Drive,2023-08-07,All,SMS,8313,563,92,3118.89,6790.26,3.35,0.06772524960904608,0.16341030195381884,2.177139944018545
147242,Category Promotion,2023-08-07,New Users,SMS,4133,946,31,3272.29,2319.46,3.97,0.2288894265666586,0.03276955602536998,0.7088185949289336
881795,App Push Notification,2023-08-07,New Users,App,4292,736,33,4990.53,5971.19,2.57,0.17148182665424044,0.04483695652173913,1.1965041789148647
36599,Email Campaign,2023-08-07,All,SMS,6856,624,24,1352.03,5185.23,3.42,0.09101516919486581,0.038461538461538464,3.835144190587487
454884,Referral Program,2023-08-07,New Users,SMS,5771,600,79,3443.96,8600.59,2.18,0.10396811644429042,0.13166666666666665,2.49729671657046
789958,New User Discount,2023-08-06,Premium,Email,5820,179,24,4021.15,8011.69,1.83,0.030756013745704466,0.1340782122905028,1.9923877497730746
331583,Weekend Special,2023-08-06,Inactive,Email,6494,573,19,1003.75,5794.51,1.52,0.08823529411764706,0.03315881326352531,5.772861768368618
264152,Festival Offer,2023-08-06,Premium,App,7776,507,68,4873.0,8722.95,1.5,0.06520061728395062,0.1341222879684418,1.7900574594705523
663338,Flash Sale,2023-08-06,Premium,Social Media,8498,282,67,1182.47,2249.43,3.5,0.03318427865380089,0.2375886524822695,1.902314646460375
292613,Membership Drive,2023-08-06,Inactive,App,7615,306,86,2602.97,9814.64,2.11,0.040183847669074194,0.28104575163398693,3.7705544051602593
165721,Category Promotion,2023-08-06,Premium,Email,5440,548,33,3339.81,8838.86,2.64,0.10073529411764706,0.060218978102189784,2.646515819762202
291690,App Push Notification,2023-08-06,New Users,Email,9646,230,46,4147.91,3456.48,3.32,0.023844080447854032,0.2,0.8333064121449115
141912,Email Campaign,2023-08-06,New Users,Social Media,6280,490,29,3297.65,3612.51,2.06,0.07802547770700637,0.05918367346938776,1.095480114627083
951802,Referral Program,2023-08-06,All,App,6427,908,88,2898.03,6362.94,2.64,0.1412789793060526,0.09691629955947137,2.19560874111034
956866,New User Discount,2023-08-05,New Users,App,2795,314,53,2589.78,7130.22,1.85,0.11234347048300537,0.16878980891719744,2.753214558765609
958651,Weekend Special,2023-08-05,Premium,SMS,5991,177,44,1136.34,9857.59,3.37,0.02954431647471207,0.24858757062146894,8.674859637080452
824269,Festival Offer,2023-08-05,Premium,Email,1461,238,89,3581.12,6797.19,2.75,0.16290212183436004,0.3739495798319328,1.8980626172817443
469496,Flash Sale,2023-08-05,All,App,5835,528,82,4361.38,3264.48,3.6,0.09048843187660668,0.1553030303030303,0.7484970353420247
391514,Membership Drive,2023-08-05,All,SMS,9987,165,84,3531.2,3449.87,2.26,0.016521477921297687,0.509090909090909,0.9769681694608066
855731,Category Promotion,2023-08-05,Inactive,App,6188,127,47,4520.91,8288.16,3.91,0.020523594053005818,0.3700787401574803,1.833294624312362
921583,App Push Notification,2023-08-05,New Users,Social Media,8265,439,44,4903.17,4904.57,2.01,0.05311554748941319,0.10022779043280182,1.0002855295655666
543753,Email Campaign,2023-08-05,New Users,SMS,5041,412,64,4690.66,6420.49,3.39,0.08172981551279508,0.1553398058252427,1.368781791901353
117821,Referral Program,2023-08-05,Premium,Social Media,2309,101,86,4051.48,6889.28,1.66,0.04374187960155912,0.8514851485148515,1.700435396447718
68222,New User Discount,2023-08-04,New Users,Email,9199,522,45,4995.9,5574.35,3.71,0.05674529840200022,0.08620689655172414,1.1157849436537963
197166,Weekend Special,2023-08-04,Inactive,SMS,1468,856,59,1832.01,5603.77,3.27,0.5831062670299727,0.0689252336448598,3.0588097226543525
150537,Festival Offer,2023-08-04,New Users,SMS,2493,197,57,3063.6,9969.7,2.96,0.07902125952667469,0.2893401015228426,3.2542433738085914
198711,Flash Sale,2023-08-04,Premium,Social Media,3577,657,86,1703.35,5200.17,2.69,0.1836734693877551,0.1308980213089802,3.0529075057973993
726780,Membership Drive,2023-08-04,New Users,Email,4068,925,20,3395.34,8207.71,2.85,0.22738446411012783,0.021621621621621623,2.417345538296606
18837,Category Promotion,2023-08-04,Inactive,Social Media,2576,489,45,2551.26,8846.3,3.99,0.18982919254658384,0.09202453987730061,3.4674239395435973
783017,App Push Notification,2023-08-04,Inactive,SMS,9581,361,64,2069.52,5656.45,2.83,0.03767873917127648,0.1772853185595568,2.7332183308206734
823879,Email Campaign,2023-08-04,Inactive,SMS,8132,597,45,4404.77,8670.97,3.41,0.07341367437284801,0.07537688442211055,1.9685409226815471
840586,Referral Program,2023-08-04,New Users,App,4054,969,75,3460.48,3480.02,3.41,0.23902318697582633,0.07739938080495357,1.005646615498428
249931,New User Discount,2023-08-03,Premium,App,6830,572,11,4011.57,5470.49,3.48,0.08374816983894583,0.019230769230769232,1.363678061207956
48952,Weekend Special,2023-08-03,Inactive,SMS,4288,129,46,3144.36,5980.38,2.22,0.030083955223880597,0.35658914728682173,1.9019387093080944
452030,Festival Offer,2023-08-03,Premium,App,2781,461,11,2077.21,7737.86,2.56,0.16576770945702984,0.02386117136659436,3.7251216776349043
384985,Flash Sale,2023-08-03,Premium,App,2049,717,77,4751.78,8056.5,2.75,0.34992679355783307,0.10739191073919108,1.695469908118642
729474,Membership Drive,2023-08-03,All,Social Media,8057,721,91,1263.36,8646.38,2.89,0.0894874022589053,0.1262135922330097,6.8439558004052685
770958,Category Promotion,2023-08-03,Inactive,Email,2095,664,90,1621.55,9543.15,2.51,0.316945107398568,0.1355421686746988,5.885202429773981
865740,App Push Notification,2023-08-03,Premium,Social Media,2694,982,31,2482.71,5165.02,3.39,0.3645137342242019,0.031568228105906315,2.0803960188664807
809079,Email Campaign,2023-08-03,All,App,5473,453,91,4787.42,2986.92,2.14,0.08276996162981912,0.20088300220750552,0.6239101645562746
673098,Referral Program,2023-08-03,Inactive,App,8293,414,27,2193.55,3194.41,2.3,0.04992162064391656,0.06521739130434782,1.4562740762690614
575227,New User Discount,2023-08-02,All,Social Media,5756,533,83,1175.61,4256.58,2.72,0.09259902710215427,0.15572232645403378,3.620741572460255
550157,Weekend Special,2023-08-02,New Users,App,3272,546,69,1575.0,3341.41,3.16,0.16687041564792177,0.12637362637362637,2.1215301587301587
124795,Festival Offer,2023-08-02,All,App,8556,554,13,1973.62,4164.0,1.51,0.06474988312295465,0.023465703971119134,2.1098286397584136
250024,Flash Sale,2023-08-02,New Users,App,6714,229,57,1685.86,8313.28,1.67,0.034107834375930894,0.24890829694323144,4.931180525073257
832565,Membership Drive,2023-08-02,Inactive,SMS,6265,400,14,1326.6,2162.16,2.02,0.06384676775738228,0.035,1.6298507462686567
111047,Category Promotion,2023-08-02,Inactive,App,5700,788,20,3021.39,3166.68,3.58,0.13824561403508773,0.025380710659898477,1.0480871387010615
790072,App Push Notification,2023-08-02,Inactive,App,2519,366,32,1760.01,9702.24,2.96,0.14529575228265185,0.08743169398907104,5.512605042016807
417,Email Campaign,2023-08-02,New Users,Social Media,9896,840,53,2704.17,5202.3,2.92,0.08488278092158448,0.0630952380952381,1.9238065654156358
911644,Referral Program,2023-08-02,All,Social Media,2909,665,28,4228.37,8422.92,2.5,0.22860089377793055,0.042105263157894736,1.9920016460243546
268949,New User Discount,2023-08-01,All,Email,8150,182,85,4325.42,5286.96,3.92,0.022331288343558284,0.46703296703296704,1.2222997997882286
223600,Weekend Special,2023-08-01,Inactive,Email,1528,621,66,1814.77,8426.13,1.9,0.406413612565445,0.10628019323671498,4.643084247590603
652261,Festival Offer,2023-08-01,Inactive,Email,8511,534,52,1697.29,8654.12,1.76,0.06274233345082834,0.09737827715355805,5.098786889688857
790684,Flash Sale,2023-08-01,New Users,Email,5631,933,28,2616.86,4026.83,2.46,0.16568993074054342,0.030010718113612004,1.5388022286251462
354778,Membership Drive,2023-08-01,Premium,Social Media,2579,131,99,3717.08,8925.91,3.69,0.0507948817371074,0.7557251908396947,2.4013230815586426
967464,Category Promotion,2023-08-01,All,Email,1788,702,62,4638.16,3321.06,3.8,0.3926174496644295,0.08831908831908832,0.7160296324404505
300803,App Push Notification,2023-08-01,Premium,Social Media,4730,870,36,1403.01,3411.19,1.86,0.1839323467230444,0.041379310344827586,2.431336911354873
590042,Email Campaign,2023-08-01,Premium,Social Media,6002,575,19,2608.95,8589.69,2.57,0.09580139953348883,0.03304347826086956,3.292393491634566
821248,Referral Program,2023-08-01,Premium,Social Media,1149,200,74,3156.26,2369.64,2.11,0.17406440382941687,0.37,0.7507746510110066
742575,New User Discount,2023-07-31,All,SMS,1364,802,64,3121.67,6726.77,2.08,0.5879765395894428,0.0798004987531172,2.1548626216095874
153789,Weekend Special,2023-07-31,Premium,Email,6464,239,95,2142.17,9516.25,2.13,0.0369740099009901,0.39748953974895396,4.442341177404221
19885,Festival Offer,2023-07-31,New Users,Social Media,2772,596,48,2741.13,2018.93,2.47,0.215007215007215,0.08053691275167785,0.7365320141693389
644099,Flash Sale,2023-07-31,New Users,Social Media,8051,460,34,1398.06,5402.09,1.88,0.05713575953297727,0.07391304347826087,3.8639901005679302
613679,Membership Drive,2023-07-31,Inactive,App,1328,196,70,1706.3,5032.02,2.22,0.14759036144578314,0.35714285714285715,2.9490828107601246
391498,Category Promotion,2023-07-31,New Users,Social Media,2049,597,65,3711.64,7993.48,1.67,0.2913616398243045,0.10887772194304858,2.1536248127512367
51236,App Push Notification,2023-07-31,New Users,Email,2375,841,54,2294.13,4025.88,3.0,0.35410526315789476,0.06420927467300833,1.7548613199775078
722177,Email Campaign,2023-07-31,New Users,Email,6664,942,62,1603.61,8410.08,2.2,0.14135654261704683,0.06581740976645435,5.244467170945555
775797,Referral Program,2023-07-31,Premium,App,7790,478,46,4367.8,2316.66,3.09,0.061360718870346595,0.09623430962343096,0.5303951646137643
20892,New User Discount,2023-07-30,All,SMS,5649,657,13,1171.52,2935.22,2.8,0.11630377057886351,0.0197869101978691,2.5054800600928706
824772,Weekend Special,2023-07-30,All,SMS,4658,100,41,3362.03,3292.14,3.38,0.021468441391155002,0.41,0.9792119642002004
185571,Festival Offer,2023-07-30,All,Email,2188,296,69,3452.33,9361.19,3.79,0.13528336380255943,0.23310810810810811,2.7115571222913224
9300,Flash Sale,2023-07-30,New Users,Social Media,5596,654,53,3439.01,2287.96,3.82,0.11686919228020014,0.08103975535168195,0.6652961171965187
562591,Membership Drive,2023-07-30,Premium,Social Media,2422,307,42,1043.87,6985.49,2.05,0.1267547481420314,0.13680781758957655,6.691915659995977
894214,Category Promotion,2023-07-30,All,App,8349,489,43,4210.88,4849.77,3.98,0.058569888609414304,0.08793456032719836,1.151723630215062
342900,App Push Notification,2023-07-30,Inactive,App,6110,445,46,2839.61,6425.96,2.17,0.07283142389525368,0.10337078651685393,2.262972732170967
694471,Email Campaign,2023-07-30,New Users,Email,2988,289,79,1232.73,8910.04,3.32,0.0967202141900937,0.27335640138408307,7.227892563659521
500998,Referral Program,2023-07-30,New Users,App,8564,784,47,3532.05,7205.69,2.81,0.09154600653900047,0.05994897959183673,2.0400872014835576
360591,New User Discount,2023-07-29,All,Email,5151,204,99,3382.61,6883.55,2.28,0.039603960396039604,0.4852941176470588,2.0349818631175336
613015,Weekend Special,2023-07-29,New Users,Social Media,3220,608,57,3945.77,3248.37,1.6,0.18881987577639753,0.09375,0.8232537628903864
377510,Festival Offer,2023-07-29,New Users,Email,3952,223,59,3169.71,4777.37,1.66,0.05642712550607287,0.2645739910313901,1.507194664496121
818935,Flash Sale,2023-07-29,All,SMS,5257,854,86,2171.13,3278.71,2.96,0.16245006657789615,0.10070257611241218,1.5101398810757531
443054,Membership Drive,2023-07-29,All,SMS,5715,763,32,1476.88,7345.3,2.78,0.13350831146106737,0.04193971166448231,4.973525269487027
828821,Category Promotion,2023-07-29,All,SMS,6933,108,26,1927.15,5314.31,2.35,0.015577672003461706,0.24074074074074073,2.7576006019251227
659238,App Push Notification,2023-07-29,All,App,1979,474,55,2827.36,4627.01,2.63,0.23951490651844365,0.1160337552742616,1.636512506366363
813439,Email Campaign,2023-07-29,New Users,App,7338,401,87,4646.83,9743.22,2.8,0.054647042790951214,0.2169576059850374,2.0967455232922227
736525,Referral Program,2023-07-29,Premium,Email,5726,107,99,2465.46,6855.28,3.53,0.01868669228082431,0.9252336448598131,2.7805277716937202
555539,New User Discount,2023-07-28,All,Social Media,5614,776,58,1847.47,3339.6,3.5,0.13822586391164945,0.07474226804123711,1.8076612881399967
522108,Weekend Special,2023-07-28,All,App,8073,143,59,4609.26,8888.74,3.45,0.017713365539452495,0.4125874125874126,1.928452723430659
239873,Festival Offer,2023-07-28,All,SMS,3612,451,13,4496.22,3227.31,2.14,0.12486157253599114,0.028824833702882482,0.7177829376676408
235536,Flash Sale,2023-07-28,Premium,Email,6030,491,12,4583.31,2529.41,2.02,0.0814262023217247,0.024439918533604887,0.5518740822680551
950754,Membership Drive,2023-07-28,Premium,Email,5519,533,61,3860.78,3479.32,2.6,0.0965754665700308,0.11444652908067542,0.9011961313516957
29162,Category Promotion,2023-07-28,Inactive,App,8376,211,84,1613.46,2642.69,3.21,0.025191021967526265,0.3981042654028436,1.6379023960928687
60762,App Push Notification,2023-07-28,Inactive,Social Media,3770,331,29,2698.36,2225.9,2.64,0.08779840848806367,0.08761329305135952,0.824908462918217
519197,Email Campaign,2023-07-28,All,Email,5884,641,33,4545.52,3248.18,2.8,0.10893949694085656,0.0514820592823713,0.7145893099139371
787853,Referral Program,2023-07-28,New Users,Social Media,5265,963,49,4882.19,8546.74,3.95,0.1829059829059829,0.05088265835929388,1.7505955319231739
45754,New User Discount,2023-07-27,Premium,App,9055,580,100,1210.2,6346.57,2.13,0.06405300938707896,0.1724137931034483,5.244232358287886
590734,Weekend Special,2023-07-27,New Users,Social Media,1230,314,61,1518.59,7053.8,2.91,0.2552845528455285,0.1942675159235669,4.644966712542557
610627,Festival Offer,2023-07-27,New Users,SMS,7911,800,41,3025.45,5452.05,2.4,0.10112501580078372,0.05125,1.8020625030987127
432858,Flash Sale,2023-07-27,New Users,Social Media,5371,262,50,1306.58,3395.6,3.22,0.04878048780487805,0.19083969465648856,2.598845841816039
446694,Membership Drive,2023-07-27,Inactive,SMS,9910,646,29,2046.93,7452.3,2.51,0.0651866801210898,0.04489164086687306,3.6407204936172706
453934,Category Promotion,2023-07-27,Inactive,Social Media,6662,407,76,3597.93,8648.46,3.07,0.06109276493545482,0.18673218673218672,2.4037321459839407
182600,App Push Notification,2023-07-27,Inactive,App,7448,496,85,3137.31,2076.57,1.94,0.06659505907626208,0.17137096774193547,0.6618950629679566
595995,Email Campaign,2023-07-27,Premium,Social Media,9892,652,70,2897.69,5691.01,2.8,0.06591184795794582,0.10736196319018405,1.96398165435226
350371,Referral Program,2023-07-27,Inactive,SMS,8853,436,34,1337.05,8631.41,2.14,0.04924884220038405,0.0779816513761468,6.455562619198983
535428,New User Discount,2023-07-26,All,App,9581,972,94,3510.67,9106.66,2.3,0.1014507880179522,0.09670781893004116,2.5939948784704914
131922,Weekend Special,2023-07-26,Premium,SMS,5883,244,99,4872.54,6322.76,3.11,0.041475437701852795,0.4057377049180328,1.2976312149310216
558554,Festival Offer,2023-07-26,Inactive,App,8126,224,16,3897.31,5156.83,3.07,0.027565838050701452,0.07142857142857142,1.3231767552491334
139283,Flash Sale,2023-07-26,Premium,Email,5199,138,67,2757.21,5454.07,2.45,0.026543566070398154,0.4855072463768116,1.9781119319892209
992210,Membership Drive,2023-07-26,Inactive,SMS,8175,888,92,3027.98,4109.95,2.54,0.10862385321100917,0.1036036036036036,1.3573240245972562
232474,Category Promotion,2023-07-26,All,SMS,2933,900,52,1462.6,8092.31,1.74,0.3068530514831231,0.057777777777777775,5.53282510597566
377325,App Push Notification,2023-07-26,Inactive,Social Media,3820,656,13,2863.38,9944.19,2.44,0.17172774869109947,0.019817073170731708,3.472885191626679
377283,Email Campaign,2023-07-26,Inactive,App,5277,212,74,4816.04,6521.95,1.77,0.040174341481902597,0.3490566037735849,1.3542142507122032
359256,Referral Program,2023-07-26,Premium,Social Media,8723,659,15,3066.26,3118.24,2.95,0.07554740341625588,0.02276176024279211,1.0169522480154976
297312,New User Discount,2023-07-25,Inactive,Email,7702,135,66,2483.1,3088.8,2.25,0.01752791482731758,0.4888888888888889,1.243928959768032
88101,Weekend Special,2023-07-25,New Users,Social Media,1345,862,70,3538.32,2591.78,2.22,0.6408921933085502,0.08120649651972157,0.7324888647719822
949009,Festival Offer,2023-07-25,Inactive,Email,9845,270,36,3761.62,7712.94,2.76,0.027425088877602845,0.13333333333333333,2.050430399668228
70208,Flash Sale,2023-07-25,Premium,Email,7490,394,37,4436.24,9422.68,3.93,0.05260347129506008,0.09390862944162437,2.124023948208393
343929,Membership Drive,2023-07-25,Premium,Social Media,4803,974,51,2978.64,4729.65,2.65,0.20278992296481366,0.052361396303901436,1.5878555313834501
200610,Category Promotion,2023-07-25,Premium,App,3795,216,62,4123.04,4148.42,1.93,0.05691699604743083,0.28703703703703703,1.0061556521401684
556828,App Push Notification,2023-07-25,All,SMS,2290,610,60,3496.61,3905.34,1.53,0.2663755458515284,0.09836065573770492,1.116893219432536
913614,Email Campaign,2023-07-25,New Users,Social Media,9738,606,46,3510.95,8496.38,3.06,0.06223043746149107,0.07590759075907591,2.4199661060396758
308994,Referral Program,2023-07-25,New Users,Social Media,3635,977,26,1479.26,7813.21,1.72,0.2687757909215956,0.02661207778915046,5.2818368643781355
621999,New User Discount,2023-07-24,Premium,SMS,9363,898,55,1673.9,5647.13,1.53,0.09590943073801132,0.061247216035634745,3.3736364179461136
533296,Weekend Special,2023-07-24,Premium,Email,6799,802,48,2762.33,5754.37,1.52,0.1179585233122518,0.059850374064837904,2.083158058595461
912516,Festival Offer,2023-07-24,Inactive,Social Media,5254,778,34,1293.52,8603.76,1.52,0.14807765511990864,0.043701799485861184,6.651431752118251
456161,Flash Sale,2023-07-24,New Users,Email,8532,630,73,1073.63,9159.4,2.02,0.07383966244725738,0.11587301587301588,8.531244469696263
263411,Membership Drive,2023-07-24,New Users,Social Media,9488,323,61,4396.56,2270.33,2.93,0.03404300168634064,0.18885448916408668,0.5163878122896082
652842,Category Promotion,2023-07-24,Inactive,Social Media,5814,733,21,1554.86,6441.04,3.12,0.1260749914000688,0.0286493860845839,4.142520870046178
149709,App Push Notification,2023-07-24,Premium,Social Media,2863,728,67,1517.39,9286.68,3.8,0.254278728606357,0.09203296703296704,6.12016686547295
55629,Email Campaign,2023-07-24,New Users,Social Media,9304,202,80,2119.36,3657.34,2.8,0.021711092003439382,0.39603960396039606,1.7256813377623432
646733,Referral Program,2023-07-24,Premium,App,9769,712,41,4016.96,9104.25,2.42,0.07288361142389191,0.05758426966292135,2.2664527403807853
715632,New User Discount,2023-07-23,New Users,Email,8690,894,53,3092.87,5010.88,3.23,0.10287686996547755,0.0592841163310962,1.6201392234397178
623840,Weekend Special,2023-07-23,Inactive,SMS,1651,807,16,3030.36,4383.37,3.26,0.4887946698970321,0.01982651796778191,1.4464849060837655
905536,Festival Offer,2023-07-23,Premium,SMS,8975,480,92,1966.38,6197.67,1.71,0.053481894150417826,0.19166666666666668,3.1518170445183533
246767,Flash Sale,2023-07-23,New Users,App,9603,297,73,4632.78,4430.23,1.58,0.030927835051546393,0.24579124579124578,0.9562789512992199
768389,Membership Drive,2023-07-23,New Users,Email,1205,225,35,3418.92,9155.88,3.66,0.18672199170124482,0.15555555555555556,2.678003580077919
825949,Category Promotion,2023-07-23,Inactive,Social Media,4477,587,39,3594.79,8245.22,2.62,0.1311145856600402,0.06643952299829642,2.293658322182937
962687,App Push Notification,2023-07-23,Premium,SMS,1238,294,29,1842.05,9955.25,1.71,0.23747980613893377,0.09863945578231292,5.404440704649711
872779,Email Campaign,2023-07-23,Inactive,Email,9083,219,92,2440.48,6047.75,3.62,0.02411097654959815,0.4200913242009132,2.478098570772963
494982,Referral Program,2023-07-23,Premium,Social Media,3232,144,79,3628.8,2660.81,3.91,0.04455445544554455,0.5486111111111112,0.7332479056437389
291029,New User Discount,2023-07-22,Inactive,Social Media,7776,772,52,4923.01,6117.92,3.02,0.09927983539094651,0.06735751295336788,1.2427193932167515
46129,Weekend Special,2023-07-22,Premium,Email,6093,702,40,1769.62,9296.35,1.76,0.11521418020679468,0.05698005698005698,5.2533029689989945
555340,Festival Offer,2023-07-22,Inactive,Email,7962,955,90,4409.68,2072.5,1.58,0.11994473750313991,0.09424083769633508,0.469988752018287
460399,Flash Sale,2023-07-22,Premium,Email,5466,433,36,3896.95,3969.75,2.2,0.0792169776802049,0.08314087759815242,1.0186812763828121
367700,Membership Drive,2023-07-22,Premium,Email,2925,353,98,4549.5,2569.64,2.72,0.12068376068376069,0.2776203966005666,0.5648181118804264
824305,Category Promotion,2023-07-22,All,Email,3548,640,40,3330.64,3176.68,3.24,0.18038331454340473,0.0625,0.953774649917133
127410,App Push Notification,2023-07-22,New Users,Social Media,8897,707,66,3544.84,4805.49,1.77,0.07946498819826908,0.09335219236209336,1.35562959118042
680105,Email Campaign,2023-07-22,Inactive,SMS,5929,984,54,1227.91,2085.86,2.71,0.16596390622364648,0.054878048780487805,1.6987075600003259
528268,Referral Program,2023-07-22,New Users,App,9886,698,20,2392.91,3665.42,1.82,0.07060489581225976,0.02865329512893983,1.5317834770217018
652556,New User Discount,2023-07-21,All,Email,9823,657,100,3338.27,9564.85,3.71,0.06688384403949914,0.15220700152207,2.865211621588428
211997,Weekend Special,2023-07-21,Inactive,Social Media,2596,993,12,2686.1,7885.52,1.96,0.3825115562403698,0.012084592145015106,2.9356762592606382
191230,Festival Offer,2023-07-21,Premium,SMS,6640,331,47,2369.26,2520.96,2.37,0.049849397590361444,0.1419939577039275,1.0640284308180612
798870,Flash Sale,2023-07-21,All,Email,8836,438,90,1225.95,9540.27,2.08,0.049569941149841555,0.2054794520547945,7.781940535910926
23792,Membership Drive,2023-07-21,New Users,Email,9305,688,84,4922.4,3501.28,1.58,0.0739387426114992,0.12209302325581395,0.7112953031041769
815224,Category Promotion,2023-07-21,Inactive,Social Media,6446,558,20,2141.61,8695.71,3.48,0.08656531182128452,0.035842293906810034,4.060361130177763
287650,App Push Notification,2023-07-21,All,Email,8076,407,12,1658.73,3805.85,3.3,0.050396235760277366,0.029484029484029485,2.294436104730728
471367,Email Campaign,2023-07-21,Premium,SMS,7792,249,50,4589.55,5300.5,2.72,0.03195585215605749,0.20080321285140562,1.154906254425815
145230,Referral Program,2023-07-21,Premium,Social Media,4113,512,100,2088.15,2439.71,1.61,0.12448334548991004,0.1953125,1.1683595527141248
273428,New User Discount,2023-07-20,Inactive,App,7951,816,35,2037.67,3290.67,3.18,0.10262860017607849,0.0428921568627451,1.614918019110062
118526,Weekend Special,2023-07-20,Premium,App,6558,489,34,3046.48,4898.05,3.03,0.07456541628545288,0.06952965235173825,1.607773561618655
125391,Festival Offer,2023-07-20,Inactive,SMS,8469,993,44,3828.32,9918.04,1.91,0.11725115125752746,0.044310171198388724,2.5907029715384295
816594,Flash Sale,2023-07-20,New Users,Social Media,8815,154,82,1347.97,4415.38,2.68,0.017470221213840044,0.5324675324675324,3.27557734964428
783347,Membership Drive,2023-07-20,New Users,App,2323,714,39,2849.91,6184.94,3.03,0.30736117089969867,0.0546218487394958,2.1702229193202593
41762,Category Promotion,2023-07-20,New Users,App,7390,105,25,4256.97,7543.56,2.36,0.014208389715832206,0.23809523809523808,1.7720491335386437
608714,App Push Notification,2023-07-20,Premium,Social Media,7394,945,70,1154.59,6865.54,3.33,0.12780632945631593,0.07407407407407407,5.946301284438633
883065,Email Campaign,2023-07-20,Inactive,SMS,7344,278,57,3321.56,6249.26,2.93,0.03785403050108933,0.20503597122302158,1.8814231866954083
782917,Referral Program,2023-07-20,Inactive,Email,8644,486,85,3466.04,9606.6,3.05,0.056223970384081445,0.1748971193415638,2.771635641827561
323589,New User Discount,2023-07-19,Premium,App,4702,683,11,1296.31,2209.81,3.94,0.1452573373032752,0.016105417276720352,1.7046925503930388
668340,Weekend Special,2023-07-19,Premium,App,4218,271,69,3389.78,6049.12,1.97,0.06424845898530109,0.25461254612546125,1.7845169893031405
789923,Festival Offer,2023-07-19,New Users,App,1568,580,56,4400.99,5908.17,3.28,0.36989795918367346,0.09655172413793103,1.3424638547235963
760251,Flash Sale,2023-07-19,All,Social Media,8400,524,68,2702.92,6477.14,1.56,0.062380952380952384,0.1297709923664122,2.396349133529664
209896,Membership Drive,2023-07-19,All,App,8258,805,24,4777.76,4019.71,3.87,0.0974812303221119,0.02981366459627329,0.8413377817219785
468176,Category Promotion,2023-07-19,All,App,4047,937,94,2269.36,3907.29,1.55,0.23152952804546578,0.10032017075773746,1.7217585574787604
204402,App Push Notification,2023-07-19,Premium,Email,8776,470,49,2244.92,7621.46,2.09,0.05355515041020966,0.10425531914893617,3.3949806674625376
547767,Email Campaign,2023-07-19,New Users,App,1600,552,77,2445.85,4268.77,1.7,0.345,0.13949275362318841,1.745311445918597
241083,Referral Program,2023-07-19,All,App,9760,950,29,1440.64,5308.83,2.53,0.09733606557377049,0.030526315789473683,3.685049700133274
319718,New User Discount,2023-07-18,Inactive,Social Media,6221,761,74,4555.46,8368.44,3.53,0.12232760006429834,0.09724047306176084,1.8370131666176412
804979,Weekend Special,2023-07-18,New Users,App,6702,260,54,3494.17,6939.61,3.16,0.03879438973440764,0.2076923076923077,1.986053912660231
194155,Festival Offer,2023-07-18,Premium,Social Media,3906,799,28,3342.04,7592.73,1.95,0.20455709165386585,0.03504380475594493,2.271884836806262
538191,Flash Sale,2023-07-18,All,App,5117,511,91,2041.99,4759.65,2.3,0.09986320109439124,0.1780821917808219,2.3308880063075725
779790,Membership Drive,2023-07-18,New Users,Social Media,9125,708,76,4318.84,7863.08,1.85,0.0775890410958904,0.10734463276836158,1.8206462846505078
657228,Category Promotion,2023-07-18,New Users,Social Media,1716,115,71,4953.44,7477.99,2.95,0.06701631701631702,0.6173913043478261,1.5096559158887561
452388,App Push Notification,2023-07-18,Premium,SMS,3887,774,91,4840.78,5814.28,2.16,0.19912528942629276,0.11757105943152454,1.201103954321411
584348,Email Campaign,2023-07-18,All,SMS,5325,399,17,4593.91,8585.46,3.96,0.07492957746478873,0.042606516290726815,1.8688785805555614
960952,Referral Program,2023-07-18,New Users,SMS,9786,913,15,1383.06,4990.0,1.56,0.09329654608624566,0.01642935377875137,3.6079418101890015
11218,New User Discount,2023-07-17,Inactive,SMS,4971,771,41,4256.15,3786.13,2.84,0.1550995775497888,0.05317769130998703,0.8895668620701809
989650,Weekend Special,2023-07-17,Inactive,Email,3071,973,81,3950.92,9845.22,1.74,0.316834907196353,0.08324768756423433,2.4918803721664826
594333,Festival Offer,2023-07-17,All,App,1180,316,82,2440.55,6268.52,2.68,0.2677966101694915,0.25949367088607594,2.568486611624429
693548,Flash Sale,2023-07-17,New Users,App,5241,163,91,3842.32,9372.34,2.85,0.0311009349360809,0.558282208588957,2.439239834266797
797131,Membership Drive,2023-07-17,Inactive,App,8589,623,15,3470.65,4037.69,2.93,0.07253463732681337,0.024077046548956663,1.1633814991428117
596239,Category Promotion,2023-07-17,All,Email,1112,428,23,3880.69,7362.99,3.02,0.38489208633093525,0.053738317757009345,1.8973404214199021
898709,App Push Notification,2023-07-17,All,Email,3485,429,89,2118.36,4079.88,2.26,0.1230989956958393,0.20745920745920746,1.92596159293038
317129,Email Campaign,2023-07-17,New Users,Social Media,5502,792,65,3878.63,9862.89,2.0,0.14394765539803708,0.08207070707070707,2.5428798312806324
199222,Referral Program,2023-07-17,Premium,Email,8933,939,85,4416.1,4978.69,2.01,0.10511586253218404,0.09052183173588925,1.1273952129707205
627131,New User Discount,2023-07-16,Premium,Email,7454,884,96,3762.2,4249.1,3.61,0.11859404346659512,0.1085972850678733,1.1294189569932487
606358,Weekend Special,2023-07-16,New Users,Email,6477,578,85,3973.26,8902.57,2.63,0.08923884514435695,0.14705882352941177,2.2406210517308205
391266,Festival Offer,2023-07-16,New Users,SMS,3426,703,86,3701.3,5150.94,3.4,0.20519556333917105,0.12233285917496443,1.3916569853835137
303014,Flash Sale,2023-07-16,Premium,Social Media,3018,988,89,2779.12,9178.88,1.86,0.3273691186216037,0.09008097165991903,3.302800886611589
583600,Membership Drive,2023-07-16,All,App,5548,446,68,2215.86,7047.87,3.92,0.08038932948810382,0.15246636771300448,3.1806476943489206
586488,Category Promotion,2023-07-16,All,App,2991,340,59,4472.45,2003.4,2.73,0.11367435640254096,0.17352941176470588,0.4479424029335152
712352,App Push Notification,2023-07-16,All,App,6042,331,69,4024.46,8310.67,2.49,0.054783184376034424,0.2084592145015106,2.065039781734692
49888,Email Campaign,2023-07-16,All,SMS,4427,361,56,1865.28,7137.2,1.82,0.0815450643776824,0.15512465373961218,3.826342425802024
220584,Referral Program,2023-07-16,All,Social Media,7197,774,45,3953.95,7591.19,2.65,0.10754481033764068,0.05813953488372093,1.9199003528117453
106891,New User Discount,2023-07-15,Inactive,SMS,1510,289,93,1651.71,2168.58,2.55,0.1913907284768212,0.3217993079584775,1.3129302359373012
213689,Weekend Special,2023-07-15,All,Email,8209,122,96,3370.3,3068.0,3.01,0.014861737117797539,0.7868852459016393,0.9103047206480135
423400,Festival Offer,2023-07-15,Inactive,SMS,9187,761,36,2159.06,8869.57,2.95,0.08283443996952215,0.04730617608409987,4.108070178688874
657452,Flash Sale,2023-07-15,Premium,Social Media,7153,317,36,2016.31,9806.44,3.05,0.044317069760939465,0.11356466876971609,4.86355768706201
887333,Membership Drive,2023-07-15,Inactive,App,9984,226,13,3533.03,8919.7,2.52,0.022636217948717948,0.05752212389380531,2.524660135917329
305950,Category Promotion,2023-07-15,All,Email,4255,619,84,2276.84,9208.86,2.32,0.14547591069330199,0.13570274636510501,4.0445793292457966
661714,App Push Notification,2023-07-15,Premium,SMS,3753,777,64,2350.89,8812.09,3.38,0.2070343725019984,0.08236808236808237,3.7484059228632565
972551,Email Campaign,2023-07-15,Inactive,Email,8852,916,55,4331.7,6232.51,1.77,0.1034794396746498,0.060043668122270744,1.4388138606089989
68051,Referral Program,2023-07-15,New Users,SMS,1221,370,100,3246.3,3523.6,3.61,0.30303030303030304,0.2702702702702703,1.0854203246773249
306984,New User Discount,2023-07-14,New Users,SMS,8196,134,97,3213.56,3250.7,3.73,0.016349438750610054,0.7238805970149254,1.0115572760427687
493848,Weekend Special,2023-07-14,New Users,App,8602,958,90,1964.28,4369.61,3.45,0.11136944896535689,0.09394572025052192,2.2245351986478505
972640,Festival Offer,2023-07-14,Premium,SMS,5512,553,60,4142.86,4813.64,3.63,0.10032656023222061,0.10849909584086799,1.161912302129447
754665,Flash Sale,2023-07-14,Premium,App,1478,673,71,2062.1,4821.1,3.72,0.4553450608930988,0.10549777117384844,2.3379564521604195
178824,Membership Drive,2023-07-14,All,Email,5858,664,100,3842.09,3792.75,2.5,0.11334926596107886,0.15060240963855423,0.9871580311757403
499501,Category Promotion,2023-07-14,New Users,Social Media,3931,754,27,4332.72,6614.49,2.52,0.19180870007631645,0.03580901856763926,1.52663684706143
749308,App Push Notification,2023-07-14,Inactive,Social Media,3362,986,11,4260.64,3219.45,2.04,0.29327781082688875,0.011156186612576065,0.7556259153554394
795205,Email Campaign,2023-07-14,All,Email,8204,656,82,3964.53,3924.21,1.67,0.07996099463676255,0.125,0.989829815892426
660894,Referral Program,2023-07-14,New Users,SMS,4502,141,79,3196.43,2660.05,2.74,0.03131941359395824,0.5602836879432624,0.8321940414775235
393135,New User Discount,2023-07-13,New Users,SMS,5279,669,31,2196.04,9389.84,2.68,0.12672854707330933,0.04633781763826607,4.27580554088268
125548,Weekend Special,2023-07-13,Premium,Email,6045,921,66,4797.31,7265.5,1.99,0.1523573200992556,0.07166123778501629,1.5144945813382915
36165,Festival Offer,2023-07-13,All,Social Media,3027,142,71,3470.92,3886.22,3.32,0.04691113313511728,0.5,1.119651274013806
25152,Flash Sale,2023-07-13,Premium,Social Media,3917,904,71,4815.28,5667.03,2.06,0.23078886903242277,0.07853982300884955,1.1768848332807231
591537,Membership Drive,2023-07-13,Inactive,Social Media,9769,164,86,1987.75,2422.76,3.35,0.016787798136963867,0.524390243902439,1.2188454282480192
274625,Category Promotion,2023-07-13,Inactive,App,3531,996,80,4304.59,8202.98,3.86,0.2820730671197961,0.08032128514056225,1.9056356122185851
306318,App Push Notification,2023-07-13,Inactive,Email,7293,720,59,4228.67,3596.5,1.64,0.09872480460715755,0.08194444444444444,0.8505038227149434
73767,Email Campaign,2023-07-13,Inactive,SMS,5257,386,76,2884.06,7874.56,1.69,0.07342590831272588,0.19689119170984457,2.7303731545113488
584170,Referral Program,2023-07-13,All,Email,7325,828,89,4996.63,5116.13,2.97,0.11303754266211605,0.10748792270531402,1.023916119464519
566146,New User Discount,2023-07-12,All,Social Media,6607,924,11,4683.64,6103.83,4.0,0.13985167246859392,0.011904761904761904,1.3032235611618312
51111,Weekend Special,2023-07-12,New Users,Social Media,1643,111,16,1865.19,2020.16,3.57,0.06755934266585514,0.14414414414414414,1.0830853693189433
891422,Festival Offer,2023-07-12,New Users,Social Media,9961,475,81,2162.22,7878.03,2.62,0.04768597530368437,0.1705263157894737,3.6434914116047397
133960,Flash Sale,2023-07-12,New Users,SMS,6937,730,74,3662.89,8203.02,2.66,0.10523280957186104,0.10136986301369863,2.239493951497315
824502,Membership Drive,2023-07-12,Inactive,App,7982,315,67,2214.56,9071.28,1.64,0.039463793535454775,0.2126984126984127,4.096199696553717
983206,Category Promotion,2023-07-12,Inactive,Social Media,2426,154,83,2038.58,2045.48,2.81,0.06347897774113767,0.538961038961039,1.0033847089640828
387796,App Push Notification,2023-07-12,All,Email,3554,533,68,3967.92,5040.3,3.36,0.14997186268992685,0.1275797373358349,1.2702625052924454
458781,Email Campaign,2023-07-12,Premium,Email,2916,469,63,1847.14,5549.8,3.1,0.16083676268861455,0.13432835820895522,3.004536743289626
93233,Referral Program,2023-07-12,Premium,App,2004,301,16,4868.16,9433.0,1.57,0.1501996007984032,0.053156146179401995,1.937693091434957
546714,New User Discount,2023-07-11,Premium,Email,9767,802,87,4676.8,4823.1,1.7,0.08211323845602539,0.1084788029925187,1.031282073212453
536321,Weekend Special,2023-07-11,Inactive,Email,5826,387,78,3214.92,6382.87,1.86,0.06642636457260556,0.20155038759689922,1.985389994152265
67981,Festival Offer,2023-07-11,New Users,SMS,8022,515,74,4262.09,5994.99,1.51,0.06419845425081028,0.1436893203883495,1.406584562972626
981958,Flash Sale,2023-07-11,New Users,App,8128,908,15,2476.03,4180.4,1.52,0.11171259842519685,0.016519823788546256,1.6883478794683422
262210,Membership Drive,2023-07-11,All,Social Media,4746,576,53,3508.13,7355.88,1.95,0.1213653603034134,0.0920138888888889,2.096809411281794
2609,Category Promotion,2023-07-11,Premium,SMS,2631,337,61,4370.47,5547.84,2.26,0.12808817939946787,0.18100890207715134,1.2693920791127726
8397,App Push Notification,2023-07-11,Inactive,App,4737,922,68,1445.99,5592.02,3.5,0.1946379565125607,0.0737527114967462,3.867260492811154
355668,Email Campaign,2023-07-11,Premium,App,9207,219,38,4363.03,4507.69,3.87,0.023786249592701206,0.1735159817351598,1.0331558572826682
250230,Referral Program,2023-07-11,Inactive,SMS,2067,976,42,3649.51,5570.34,1.73,0.47218190614417027,0.0430327868852459,1.5263254519099825
791827,New User Discount,2023-07-10,All,App,8877,364,36,4152.65,8956.32,2.39,0.041004843978821676,0.0989010989010989,2.1567721816189662
163751,Weekend Special,2023-07-10,Premium,Email,2474,318,28,1258.0,9628.79,3.52,0.12853678253839934,0.0880503144654088,7.654046104928459
548306,Festival Offer,2023-07-10,Premium,Social Media,4505,335,87,2215.29,2565.74,2.16,0.07436182019977802,0.25970149253731345,1.1581959923982863
312646,Flash Sale,2023-07-10,Inactive,App,3928,172,92,3838.58,7925.45,2.71,0.04378818737270876,0.5348837209302325,2.0646827733172164
900404,Membership Drive,2023-07-10,New Users,Email,8221,262,14,2733.68,3848.13,1.99,0.031869602238170536,0.05343511450381679,1.4076739047730533
397428,Category Promotion,2023-07-10,Premium,Social Media,8228,993,83,3886.84,5196.57,2.55,0.12068546426835197,0.08358509566968782,1.3369652468329027
84111,App Push Notification,2023-07-10,Inactive,Social Media,2914,232,45,2469.96,4725.15,2.18,0.07961564859299931,0.1939655172413793,1.9130471748530338
86288,Email Campaign,2023-07-10,Inactive,SMS,5812,875,53,3326.03,6404.98,1.73,0.15055058499655885,0.060571428571428575,1.9257132377038089
121760,Referral Program,2023-07-10,Premium,SMS,4809,286,44,4945.14,7950.4,3.77,0.059471823663963405,0.15384615384615385,1.6077199027732276
680748,New User Discount,2023-07-09,All,SMS,1775,779,24,4205.49,8473.31,3.61,0.4388732394366197,0.03080872913992298,2.0148211028916965
96209,Weekend Special,2023-07-09,New Users,App,9659,946,51,4252.43,6647.21,1.75,0.09793974531525003,0.05391120507399577,1.563155654531644
546853,Festival Offer,2023-07-09,New Users,SMS,8120,966,22,1820.33,7287.29,3.57,0.11896551724137931,0.022774327122153208,4.003279625122917
606308,Flash Sale,2023-07-09,Inactive,App,7362,136,61,2794.09,8931.99,3.17,0.018473240967128497,0.4485294117647059,3.1967438414653784
592577,Membership Drive,2023-07-09,Inactive,Email,2730,433,89,4602.22,3886.62,1.65,0.1586080586080586,0.20554272517321015,0.8445098235199533
834630,Category Promotion,2023-07-09,Premium,App,5879,696,84,1391.16,3311.49,2.48,0.11838748086409254,0.1206896551724138,2.3803804019667036
916636,App Push Notification,2023-07-09,New Users,App,3669,123,50,2880.23,8463.22,1.7,0.033524121013900246,0.4065040650406504,2.9383833929929204
624230,Email Campaign,2023-07-09,Inactive,Email,4911,678,78,4253.24,6230.01,1.82,0.13805742211362249,0.11504424778761062,1.4647680356622248
572706,Referral Program,2023-07-09,All,Email,9759,871,89,4886.45,4480.06,3.39,0.08925094784301671,0.10218140068886337,0.9168332838768433
649672,New User Discount,2023-07-08,All,SMS,3076,862,88,4472.4,5228.62,3.18,0.28023407022106633,0.10208816705336426,1.1690859493784098
729466,Weekend Special,2023-07-08,New Users,Email,6856,994,78,3506.31,3139.73,2.41,0.14498249708284713,0.07847082494969819,0.8954513434351212
66951,Festival Offer,2023-07-08,New Users,App,5606,175,48,2952.1,7487.45,1.94,0.03121655369247235,0.2742857142857143,2.536313133023949
503572,Flash Sale,2023-07-08,All,SMS,6403,893,79,1071.64,4367.98,2.75,0.1394658753709199,0.08846584546472565,4.075977007203911
445777,Membership Drive,2023-07-08,Inactive,Email,1903,298,32,2610.63,7130.27,2.68,0.15659485023646874,0.10738255033557047,2.7312449485373262
756003,Category Promotion,2023-07-08,All,Social Media,3529,479,67,2810.58,7165.08,1.94,0.13573250212524796,0.13987473903966596,2.5493243387485856
52681,App Push Notification,2023-07-08,All,Email,6549,880,48,1623.8,3241.34,2.99,0.13437165979538862,0.05454545454545454,1.9961448454243136
508911,Email Campaign,2023-07-08,New Users,Social Media,5516,954,85,4614.5,7033.37,3.28,0.17295141406816533,0.08909853249475891,1.5241889695524975
834359,Referral Program,2023-07-08,All,Social Media,8529,983,61,2587.44,9390.8,2.63,0.11525383984054402,0.06205493387589013,3.6293788454997986
61544,New User Discount,2023-07-07,Premium,Email,3152,784,23,2896.94,8139.03,3.92,0.24873096446700507,0.029336734693877552,2.809526603933806
440767,Weekend Special,2023-07-07,All,Social Media,7059,531,29,3721.46,2583.37,2.23,0.07522311942201446,0.054613935969868174,0.694181853358628
216502,Festival Offer,2023-07-07,Premium,App,7863,504,17,3806.03,5042.61,3.4,0.06409767264402899,0.03373015873015873,1.324900224118044
498643,Flash Sale,2023-07-07,Inactive,Social Media,5149,443,12,2947.59,6465.25,3.36,0.08603612351912993,0.02708803611738149,2.1934020674517147
836506,Membership Drive,2023-07-07,New Users,Email,4746,604,83,2052.97,9466.22,1.76,0.12726506531816267,0.13741721854304637,4.610987983263272
806869,Category Promotion,2023-07-07,Inactive,SMS,2247,489,27,4782.35,6806.02,3.08,0.21762349799732977,0.05521472392638037,1.4231538887785293
510463,App Push Notification,2023-07-07,All,App,3574,850,59,1787.41,8917.64,1.55,0.2378287632904309,0.06941176470588235,4.989140711979903
407752,Email Campaign,2023-07-07,Inactive,Social Media,3775,911,35,4864.2,9444.7,3.18,0.24132450331125826,0.038419319429198684,1.9416759179310064
654403,Referral Program,2023-07-07,New Users,SMS,9905,147,60,3437.15,5621.05,3.08,0.014840989399293287,0.40816326530612246,1.635381056980347
337733,New User Discount,2023-07-06,New Users,SMS,7912,450,59,1538.03,6384.36,3.03,0.056875631951466124,0.13111111111111112,4.150998355038588
237841,Weekend Special,2023-07-06,Premium,Social Media,3034,156,44,2072.19,2237.18,3.67,0.051417270929466054,0.28205128205128205,1.0796210772178225
792947,Festival Offer,2023-07-06,Premium,SMS,3954,853,15,1618.02,2701.93,2.24,0.21573090541224077,0.017584994138335287,1.6698990123731474
702618,Flash Sale,2023-07-06,New Users,Email,1532,163,38,3374.94,2111.08,1.86,0.10639686684073107,0.2331288343558282,0.6255163054750603
290811,Membership Drive,2023-07-06,Inactive,Email,7594,302,85,4612.16,9524.85,3.05,0.03976823808269687,0.2814569536423841,2.065160358703948
558205,Category Promotion,2023-07-06,Premium,Email,4883,494,28,3450.1,7891.06,1.5,0.10116731517509728,0.05668016194331984,2.287197472537028
131083,App Push Notification,2023-07-06,Premium,Email,6570,274,95,4673.12,7847.89,2.94,0.04170471841704718,0.3467153284671533,1.6793683877152739
860570,Email Campaign,2023-07-06,New Users,Email,6344,340,80,4170.07,6627.13,2.25,0.053593947036569986,0.23529411764705882,1.5892131307148323
417084,Referral Program,2023-07-06,New Users,Social Media,7464,876,13,1392.21,3520.83,2.04,0.11736334405144695,0.014840182648401826,2.5289503738660115
548350,New User Discount,2023-07-05,Premium,Social Media,7274,900,95,1477.56,2181.85,2.79,0.12372834753918065,0.10555555555555556,1.4766574623027153
508060,Weekend Special,2023-07-05,All,SMS,8387,502,66,4442.91,6389.7,2.85,0.05985453678311673,0.13147410358565736,1.43817903131056
244963,Festival Offer,2023-07-05,Premium,App,3214,786,19,2680.09,2558.92,3.17,0.2445550715619166,0.024173027989821884,0.9547888317183378
33033,Flash Sale,2023-07-05,New Users,App,5102,436,84,1549.17,6919.42,1.61,0.08545668365346923,0.1926605504587156,4.466533692235196
411612,Membership Drive,2023-07-05,Inactive,Social Media,5109,131,37,1211.35,2649.4,2.67,0.02564102564102564,0.2824427480916031,2.1871465720064394
820017,Category Promotion,2023-07-05,Premium,App,8266,394,95,2904.48,7943.16,2.48,0.04766513428502298,0.24111675126903553,2.7347959015038836
57758,App Push Notification,2023-07-05,Premium,Social Media,1561,460,56,4290.31,7458.86,2.05,0.2946828955797566,0.12173913043478261,1.7385363761592982
207634,Email Campaign,2023-07-05,Premium,Social Media,2710,229,77,3397.7,8539.75,1.57,0.08450184501845018,0.33624454148471616,2.5133914118374197
307806,Referral Program,2023-07-05,Inactive,App,3720,893,18,3849.71,8762.33,3.81,0.2400537634408602,0.020156774916013438,2.276101316722558
440542,New User Discount,2023-07-04,All,SMS,8647,189,72,1521.94,8117.54,2.48,0.021857291546200995,0.38095238095238093,5.333679382892886
998121,Weekend Special,2023-07-04,Inactive,Email,1539,788,93,1877.23,9041.31,3.79,0.5120207927225471,0.11802030456852793,4.816303809336096
472849,Festival Offer,2023-07-04,All,SMS,3167,523,73,2135.12,9346.01,2.37,0.16514051152510262,0.13957934990439771,4.377276218666867
918923,Flash Sale,2023-07-04,New Users,SMS,5250,755,19,1353.31,4084.68,1.73,0.1438095238095238,0.025165562913907286,3.0182884926587406
836915,Membership Drive,2023-07-04,Premium,SMS,9420,701,65,1695.38,2217.26,2.63,0.07441613588110403,0.09272467902995721,1.3078247944413641
967445,Category Promotion,2023-07-04,New Users,App,1812,820,74,1665.23,2925.88,2.7,0.45253863134657835,0.09024390243902439,1.75704257069594
882415,App Push Notification,2023-07-04,New Users,Social Media,8273,667,19,2589.79,4291.35,1.71,0.08062371570168017,0.02848575712143928,1.6570262453712465
308002,Email Campaign,2023-07-04,All,App,7660,156,41,2689.77,4973.65,2.69,0.020365535248041775,0.26282051282051283,1.849098621815248
843897,Referral Program,2023-07-04,Inactive,Email,8468,342,94,4864.68,3537.64,3.66,0.0403873405762872,0.27485380116959063,0.7272091895047567
72462,New User Discount,2023-07-03,New Users,App,5425,343,47,2328.86,7766.52,2.15,0.06322580645161291,0.13702623906705538,3.334902055082744
531123,Weekend Special,2023-07-03,Premium,Email,8143,406,94,4694.8,4130.98,3.7,0.049858774407466534,0.2315270935960591,0.8799054272812472
776302,Festival Offer,2023-07-03,New Users,SMS,6115,565,93,3485.33,6150.84,1.78,0.09239574816026165,0.16460176991150444,1.7647798056425075
366219,Flash Sale,2023-07-03,New Users,Email,1802,370,19,4980.25,6913.78,3.8,0.20532741398446172,0.051351351351351354,1.3882395462075197
621529,Membership Drive,2023-07-03,Premium,Email,9437,232,40,1341.63,8415.56,3.14,0.024584083924976158,0.1724137931034483,6.27263850689087
695116,Category Promotion,2023-07-03,New Users,SMS,7666,516,45,1754.91,2393.24,2.83,0.06731020088703366,0.0872093023255814,1.3637394510259784
424201,App Push Notification,2023-07-03,New Users,SMS,5772,169,70,3390.48,4986.42,1.58,0.02927927927927928,0.41420118343195267,1.4707121115594253
485002,Email Campaign,2023-07-03,New Users,SMS,8698,897,15,1880.52,6117.57,1.56,0.10312715566796965,0.016722408026755852,3.253126794716355
267232,Referral Program,2023-07-03,New Users,SMS,4788,997,67,2636.87,8408.7,3.23,0.20822890559732665,0.06720160481444333,3.1888944089014633
259544,New User Discount,2023-07-02,New Users,App,7919,622,16,3055.9,6126.38,2.3,0.07854527086753378,0.02572347266881029,2.004771098530711
588882,Weekend Special,2023-07-02,All,SMS,3285,326,88,2931.88,8566.57,2.65,0.09923896499238966,0.26993865030674846,2.921869244307407
592999,Festival Offer,2023-07-02,New Users,App,5644,640,84,1462.52,5259.36,3.2,0.11339475549255847,0.13125,3.596094412384104
654723,Flash Sale,2023-07-02,All,Email,1109,749,41,4853.87,3460.4,2.04,0.6753832281334535,0.05473965287049399,0.7129156734729196
561914,Membership Drive,2023-07-02,All,Social Media,4902,303,49,1910.7,9706.94,3.3,0.06181150550795594,0.1617161716171617,5.080305647145026
791526,Category Promotion,2023-07-02,Premium,App,6251,192,52,1466.91,7482.1,2.15,0.03071508558630619,0.2708333333333333,5.100585584664363
877208,App Push Notification,2023-07-02,Premium,Email,5287,342,15,2873.38,9651.04,3.0,0.06468696803480234,0.043859649122807015,3.358776075562578
245599,Email Campaign,2023-07-02,All,App,4325,936,78,3017.79,5122.5,2.11,0.21641618497109827,0.08333333333333333,1.6974342151044308
691470,Referral Program,2023-07-02,Premium,SMS,8217,259,75,1959.42,8699.83,3.8,0.0315200194718267,0.28957528957528955,4.4400026538465465
744000,New User Discount,2023-07-01,New Users,Email,3662,797,100,2843.71,4166.3,2.63,0.2176406335335882,0.12547051442910917,1.4650931353759702
286292,Weekend Special,2023-07-01,Inactive,Social Media,8622,524,39,1215.94,4362.77,2.56,0.060774762236140104,0.07442748091603053,3.58798131486751
202428,Festival Offer,2023-07-01,Inactive,Social Media,5069,987,70,3150.51,7966.59,2.36,0.1947129611363188,0.07092198581560284,2.528666787282059
523953,Flash Sale,2023-07-01,Premium,App,7902,116,54,3415.12,3633.13,3.76,0.014679827891672994,0.46551724137931033,1.0638367026634497
937738,Membership Drive,2023-07-01,Premium,App,1299,860,67,1385.92,8249.69,3.44,0.6620477290223249,0.07790697674418605,5.952500865850843
262559,Category Promotion,2023-07-01,Inactive,App,5943,700,46,1548.41,9849.99,2.9,0.11778563015312132,0.06571428571428571,6.361357779916172
192979,App Push Notification,2023-07-01,All,Social Media,6646,766,91,2477.44,8691.84,2.28,0.11525729762263015,0.11879895561357702,3.5083957633686387
230032,Email Campaign,2023-07-01,New Users,App,6620,818,30,2651.22,6073.19,2.48,0.12356495468277946,0.03667481662591687,2.290715217899684
375463,Referral Program,2023-07-01,New Users,Social Media,4489,970,47,4054.05,3823.09,3.31,0.2160837603029628,0.04845360824742268,0.9430298096964763
766133,New User Discount,2023-06-30,Premium,Email,4847,937,55,2635.82,9932.28,2.63,0.1933154528574376,0.05869797225186766,3.7681935792277166
942536,Weekend Special,2023-06-30,All,SMS,6274,921,81,3831.34,6377.22,3.07,0.14679630219955372,0.08794788273615635,1.6644881425297677
609852,Festival Offer,2023-06-30,All,Social Media,4977,343,39,4209.04,9701.55,3.77,0.06891701828410689,0.11370262390670553,2.3049317659133672
215418,Flash Sale,2023-06-30,Premium,App,7196,764,78,1991.59,8584.71,2.44,0.10617009449694274,0.10209424083769633,4.310480570800214
97921,Membership Drive,2023-06-30,Premium,SMS,6950,727,75,1469.42,2881.76,2.01,0.1046043165467626,0.1031636863823934,1.9611547413265098
4443,Category Promotion,2023-06-30,Inactive,App,7651,440,33,2673.38,4999.54,1.58,0.05750882237615998,0.075,1.870119474223642
617245,App Push Notification,2023-06-30,All,App,3158,708,62,4046.83,4435.6,2.11,0.22419252691576946,0.08757062146892655,1.0960677863908295
430820,Email Campaign,2023-06-30,Inactive,App,2969,370,51,4646.99,9903.43,3.55,0.12462108454024924,0.13783783783783785,2.131149410693804
715226,Referral Program,2023-06-30,New Users,Email,3916,717,46,2413.69,7436.89,1.68,0.1830949948927477,0.06415620641562064,3.0811288939341837
96180,New User Discount,2023-06-29,Inactive,App,2819,357,95,2540.35,6163.55,3.28,0.12664065271372826,0.2661064425770308,2.426260161001437
356176,Weekend Special,2023-06-29,New Users,Email,8569,435,76,1373.53,7561.33,2.5,0.050764383241918544,0.17471264367816092,5.505034473218641
513444,Festival Offer,2023-06-29,New Users,Email,1725,938,50,4294.96,4817.69,3.27,0.543768115942029,0.053304904051172705,1.121707769106115
197175,Flash Sale,2023-06-29,Inactive,App,7398,290,78,3813.4,7667.28,3.84,0.03919978372533117,0.2689655172413793,2.010615199034982
625996,Membership Drive,2023-06-29,Premium,Social Media,7584,956,56,3928.8,3332.96,3.95,0.1260548523206751,0.058577405857740586,0.848340460191407
883394,Category Promotion,2023-06-29,Inactive,App,3004,917,51,1044.49,4136.21,2.4,0.3052596537949401,0.05561613958560523,3.960028339189461
106372,App Push Notification,2023-06-29,New Users,Social Media,8988,107,12,1669.84,5948.58,1.6,0.011904761904761904,0.11214953271028037,3.562365256551526
537935,Email Campaign,2023-06-29,Premium,App,8088,576,32,3982.47,2094.12,2.05,0.0712166172106825,0.05555555555555555,0.5258344695628592
408199,Referral Program,2023-06-29,Premium,App,6260,502,24,3484.66,2410.8,3.21,0.08019169329073482,0.04780876494023904,0.6918322017069098
465432,New User Discount,2023-06-28,Premium,Email,3987,549,64,4470.49,3372.47,3.35,0.13769751693002258,0.11657559198542805,0.7543848660885049
15969,Weekend Special,2023-06-28,Inactive,App,1356,209,23,1627.27,7989.47,2.32,0.1541297935103245,0.11004784688995216,4.909738396209603
528272,Festival Offer,2023-06-28,Premium,Email,7881,894,54,2936.12,3784.73,2.52,0.11343738104301485,0.06040268456375839,1.2890242905603313
298526,Flash Sale,2023-06-28,Inactive,Email,3927,673,45,1965.36,3420.86,3.09,0.17137764196587726,0.06686478454680535,1.7405767900028495
860847,Membership Drive,2023-06-28,New Users,SMS,6066,632,26,3782.85,9562.16,2.63,0.1041872733267392,0.04113924050632911,2.5277661022773836
905593,Category Promotion,2023-06-28,Inactive,Email,7688,376,19,3654.01,3672.23,2.99,0.04890738813735692,0.05053191489361702,1.004986302719478
457659,App Push Notification,2023-06-28,Premium,SMS,1427,841,79,4081.54,3219.34,3.14,0.5893482831114225,0.093935790725327,0.7887562047658482
264110,Email Campaign,2023-06-28,New Users,SMS,4118,881,58,2377.31,7231.53,3.81,0.21393880524526468,0.06583427922814983,3.0418960926425247
800085,Referral Program,2023-06-28,Inactive,SMS,3118,409,46,3806.92,9102.28,3.47,0.13117382937780628,0.11246943765281174,2.390982736700535
699314,New User Discount,2023-06-27,Inactive,SMS,7412,508,91,1017.16,6054.02,3.52,0.06853750674581759,0.17913385826771652,5.951885642376815
71778,Weekend Special,2023-06-27,All,Email,1176,743,80,1718.37,9538.98,3.11,0.6318027210884354,0.10767160161507403,5.551179315281343
759176,Festival Offer,2023-06-27,Inactive,App,5980,281,20,2393.32,6796.97,3.41,0.04698996655518395,0.0711743772241993,2.8399754316180035
892121,Flash Sale,2023-06-27,Inactive,Social Media,6499,773,82,2394.0,7431.7,1.59,0.11894137559624558,0.10608020698576973,3.1043024227234755
587592,Membership Drive,2023-06-27,Premium,Email,7237,874,28,2119.27,8160.47,1.99,0.12076827414674589,0.032036613272311214,3.850604217489985
809235,Category Promotion,2023-06-27,All,Social Media,9683,614,84,3420.08,5970.76,2.71,0.06341010017556542,0.13680781758957655,1.7457954199901757
649342,App Push Notification,2023-06-27,New Users,App,5533,669,17,4350.79,8243.49,2.23,0.12091089824688234,0.025411061285500747,1.894711075459859
379441,Email Campaign,2023-06-27,New Users,App,8793,259,55,1548.43,6501.77,3.85,0.029455248493119528,0.21235521235521235,4.198943445942019
799501,Referral Program,2023-06-27,Inactive,App,8182,779,16,1394.41,7147.8,2.65,0.09520899535565876,0.02053915275994865,5.126038969886905
131542,New User Discount,2023-06-26,Premium,SMS,5474,414,79,2286.06,2178.04,2.82,0.07563025210084033,0.19082125603864733,0.9527483968049832
841811,Weekend Special,2023-06-26,Inactive,SMS,6661,592,46,1745.93,6189.2,2.89,0.08887554421258069,0.0777027027027027,3.544930209114913
784708,Festival Offer,2023-06-26,Premium,Social Media,9200,216,55,4790.22,2185.33,2.5,0.023478260869565216,0.25462962962962965,0.4562066042895733
433163,Flash Sale,2023-06-26,Inactive,Social Media,8823,820,83,2385.18,6511.46,3.2,0.0929389096679134,0.10121951219512196,2.7299658725966176
173175,Membership Drive,2023-06-26,Inactive,SMS,8846,109,25,3233.33,8845.91,3.58,0.012321953425276961,0.22935779816513763,2.7358512740734784
610353,Category Promotion,2023-06-26,Inactive,App,9809,350,47,1086.76,9649.42,1.92,0.035681516974207364,0.13428571428571429,8.8790717361699
179647,App Push Notification,2023-06-26,New Users,Social Media,6655,148,38,4646.53,3329.47,3.71,0.0222389181066867,0.25675675675675674,0.7165497693978087
519334,Email Campaign,2023-06-26,New Users,Social Media,7547,913,56,4190.67,5663.62,1.81,0.1209752219424937,0.06133625410733844,1.3514831757213046
96295,Referral Program,2023-06-26,New Users,App,6243,770,21,3157.51,9238.64,2.09,0.1233381387153612,0.02727272727272727,2.9259258086276843
961155,New User Discount,2023-06-25,New Users,SMS,3774,778,94,1282.09,6543.77,1.55,0.2061473237943826,0.12082262210796915,5.103986459608921
384407,Weekend Special,2023-06-25,New Users,Email,7330,390,90,3462.23,2278.46,3.52,0.05320600272851296,0.23076923076923078,0.6580903059588762
675622,Festival Offer,2023-06-25,All,App,8185,839,67,1748.48,9445.97,2.5,0.10250458155161882,0.07985697258641239,5.402389504026354
597932,Flash Sale,2023-06-25,Inactive,Social Media,9170,948,88,3345.74,8935.63,2.86,0.10338058887677208,0.09282700421940929,2.6707484741791054
795303,Membership Drive,2023-06-25,New Users,SMS,9573,160,28,4829.63,3353.51,2.47,0.016713673874438523,0.175,0.6943616798802393
810567,Category Promotion,2023-06-25,New Users,App,4586,872,71,3170.87,7199.39,2.52,0.19014391626689925,0.08142201834862385,2.2704778183905368
17075,App Push Notification,2023-06-25,All,Email,2573,355,40,4220.54,3844.88,2.52,0.1379712397979013,0.11267605633802817,0.9109924322480062
153725,Email Campaign,2023-06-25,Inactive,Email,3076,113,77,2135.49,3768.9,2.72,0.03673602080624187,0.6814159292035398,1.764887683857101
501729,Referral Program,2023-06-25,Premium,SMS,9632,684,67,2021.79,3508.23,3.96,0.07101328903654484,0.097953216374269,1.7352098882673275
552500,New User Discount,2023-06-24,New Users,App,7099,151,24,3009.82,3368.11,2.63,0.02127060149316805,0.15894039735099338,1.1190403412828673
319181,Weekend Special,2023-06-24,New Users,Email,4854,245,51,1521.9,6297.75,1.72,0.05047383601153688,0.20816326530612245,4.138083973979893
978477,Festival Offer,2023-06-24,Premium,Social Media,8682,698,19,2502.06,2814.65,3.72,0.08039622206864777,0.027220630372492838,1.124933055162546
489457,Flash Sale,2023-06-24,All,Social Media,4742,749,78,3823.17,5749.47,3.22,0.15795023196963306,0.1041388518024032,1.5038489002581628
155602,Membership Drive,2023-06-24,Inactive,Social Media,4587,267,23,1630.61,9882.47,1.68,0.058207979071288427,0.08614232209737828,6.060596954513955
130713,Category Promotion,2023-06-24,Premium,App,9875,922,92,3578.95,2385.68,2.8,0.09336708860759493,0.09978308026030369,0.6665865686863466
911600,App Push Notification,2023-06-24,All,App,2547,500,80,3597.84,2329.36,2.36,0.19630938358853553,0.16,0.6474329041869566
545644,Email Campaign,2023-06-24,New Users,Email,1351,555,37,1996.55,4125.16,3.51,0.41080680977054035,0.06666666666666667,2.0661440985700334
827847,Referral Program,2023-06-24,Inactive,App,3389,926,46,4236.61,7057.23,1.95,0.2732369430510475,0.04967602591792657,1.6657728702901613
628007,New User Discount,2023-06-23,Inactive,Social Media,8851,554,48,2116.01,4058.63,1.77,0.06259179753700148,0.08664259927797834,1.9180580432039545
537589,Weekend Special,2023-06-23,Inactive,Social Media,8054,449,90,1913.02,7879.92,2.16,0.05574869629997517,0.20044543429844097,4.119099643495625
797842,Festival Offer,2023-06-23,All,Social Media,5368,673,80,1549.99,6087.34,3.16,0.1253725782414307,0.1188707280832095,3.92734146671914
493290,Flash Sale,2023-06-23,New Users,App,5068,891,48,2854.05,3892.11,3.95,0.17580899763220206,0.05387205387205387,1.3637147211856835
388211,Membership Drive,2023-06-23,Inactive,SMS,8396,463,57,3632.55,6310.06,2.29,0.055145307289185326,0.12311015118790497,1.7370882713245517
899257,Category Promotion,2023-06-23,Premium,SMS,1556,207,81,2592.1,5409.91,2.32,0.13303341902313626,0.391304347826087,2.0870761158905906
828170,App Push Notification,2023-06-23,Inactive,Email,1206,808,91,2170.74,2661.9,2.55,0.6699834162520729,0.11262376237623763,1.226263854722353
331219,Email Campaign,2023-06-23,Inactive,App,4656,179,77,2156.3,9559.4,3.09,0.038445017182130586,0.4301675977653631,4.433242127718777
131311,Referral Program,2023-06-23,New Users,Email,9004,706,85,4567.8,9649.55,3.68,0.0784095957352288,0.12039660056657224,2.1125158719733785
796615,New User Discount,2023-06-22,All,Email,3091,591,75,2748.32,2050.68,3.86,0.19120025881591718,0.12690355329949238,0.7461576526750887
927749,Weekend Special,2023-06-22,New Users,Social Media,3228,912,78,3342.97,7083.27,3.52,0.2825278810408922,0.08552631578947369,2.118855389070198
88019,Festival Offer,2023-06-22,Inactive,Email,8393,477,50,4940.79,3900.96,2.19,0.056833075181699035,0.10482180293501048,0.7895417534442872
843543,Flash Sale,2023-06-22,All,Email,9524,781,77,4819.51,9819.42,2.9,0.08200335993280135,0.09859154929577464,2.037431191137688
826856,Membership Drive,2023-06-22,All,SMS,1205,387,59,1763.32,4707.42,3.12,0.3211618257261411,0.1524547803617571,2.6696345530022914
93990,Category Promotion,2023-06-22,New Users,Social Media,6947,671,44,3857.86,5572.35,2.9,0.09658845544839499,0.06557377049180328,1.4444147791780937
130334,App Push Notification,2023-06-22,New Users,SMS,8881,756,53,1363.24,3306.94,1.82,0.08512554892467064,0.0701058201058201,2.425794430914586
65802,Email Campaign,2023-06-22,Inactive,App,5278,693,37,2136.52,2636.05,3.9,0.1312997347480106,0.05339105339105339,1.2338054406230694
338074,Referral Program,2023-06-22,New Users,SMS,1435,743,19,4367.37,7128.16,1.56,0.5177700348432056,0.02557200538358008,1.6321401667365028
252525,New User Discount,2023-06-21,Inactive,Social Media,1846,868,80,4311.02,2609.66,2.48,0.47020585048754066,0.09216589861751152,0.6053462985557941
629550,Weekend Special,2023-06-21,Inactive,App,5125,193,24,4430.93,6893.49,1.67,0.03765853658536585,0.12435233160621761,1.5557659452981651
238006,Festival Offer,2023-06-21,Premium,Social Media,1806,251,18,2385.87,8248.1,2.63,0.1389811738648948,0.07171314741035857,3.457061784590108
710739,Flash Sale,2023-06-21,Premium,SMS,9045,331,65,1088.95,2003.1,2.57,0.036594803758982865,0.19637462235649547,1.8394783966205976
944187,Membership Drive,2023-06-21,Premium,SMS,5472,926,91,4757.36,3082.33,3.25,0.16922514619883042,0.09827213822894168,0.6479076630736376
172735,Category Promotion,2023-06-21,Inactive,App,7646,689,86,3296.51,3438.95,3.54,0.09011247711221554,0.12481857764876633,1.0432093335072545
217567,App Push Notification,2023-06-21,Premium,Email,1197,150,84,3484.97,2206.1,1.69,0.12531328320802004,0.56,0.6330327090333633
289478,Email Campaign,2023-06-21,Premium,Social Media,8890,173,81,3012.18,3745.23,3.64,0.019460067491563555,0.4682080924855491,1.243361950481047
409337,Referral Program,2023-06-21,Inactive,Email,4725,765,39,2107.29,3192.44,2.89,0.1619047619047619,0.050980392156862744,1.5149504814240091
770120,New User Discount,2023-06-20,Inactive,Email,6855,768,26,3923.26,4942.03,1.56,0.11203501094091904,0.033854166666666664,1.2596743524517875
776639,Weekend Special,2023-06-20,Inactive,Email,7037,241,76,3665.15,8866.1,3.32,0.034247548671308796,0.3153526970954357,2.4190278706192108
653369,Festival Offer,2023-06-20,All,SMS,6951,300,21,3874.36,6691.67,2.02,0.04315925766076824,0.07,1.7271678419145355
843160,Flash Sale,2023-06-20,Inactive,App,9651,170,21,2168.81,5077.02,2.0,0.017614754947673818,0.12352941176470589,2.340924285668178
353433,Membership Drive,2023-06-20,All,Social Media,5735,687,26,2317.7,7423.75,2.31,0.11979075850043593,0.03784570596797671,3.2030676964231786
200575,Category Promotion,2023-06-20,All,Email,9372,725,34,3041.04,4303.25,3.05,0.0773580879214682,0.04689655172413793,1.4150586641412148
141430,App Push Notification,2023-06-20,Premium,SMS,4949,923,48,4548.78,2634.61,2.47,0.18650232370175793,0.05200433369447454,0.5791904642563501
863124,Email Campaign,2023-06-20,Inactive,App,1686,778,44,2469.48,7043.63,2.14,0.46144721233689207,0.056555269922879174,2.852272543207477
641741,Referral Program,2023-06-20,Premium,Social Media,6663,160,61,1639.02,3378.16,2.34,0.0240132072639952,0.38125,2.0610852826689117
509893,New User Discount,2023-06-19,Inactive,Email,3461,664,50,2233.06,2025.49,3.57,0.1918520658769142,0.07530120481927711,0.9070468325974224
942329,Weekend Special,2023-06-19,Inactive,Social Media,1418,637,22,2212.96,7017.8,2.34,0.44922425952045136,0.03453689167974882,3.171227676957559
39073,Festival Offer,2023-06-19,Premium,Social Media,8575,280,98,1027.0,5171.33,3.07,0.0326530612244898,0.35,5.03537487828627
255345,Flash Sale,2023-06-19,Premium,Social Media,5686,141,40,4477.44,5860.49,2.32,0.024797748856841363,0.28368794326241137,1.3088930281589481
278509,Membership Drive,2023-06-19,Premium,SMS,6374,512,84,2768.06,9936.18,3.22,0.08032632569814872,0.1640625,3.5895825957529826
893549,Category Promotion,2023-06-19,All,App,3971,616,10,1287.52,3773.01,3.52,0.15512465373961218,0.016233766233766232,2.930447682366099
350266,App Push Notification,2023-06-19,Inactive,SMS,7275,539,85,4805.2,8311.55,3.59,0.0740893470790378,0.15769944341372913,1.729699076000999
68120,Email Campaign,2023-06-19,Inactive,Email,9104,478,53,4102.26,9403.92,3.33,0.05250439367311072,0.1108786610878661,2.29237542232818
614164,Referral Program,2023-06-19,New Users,Email,9834,473,89,2410.94,7304.83,2.41,0.04809843400447427,0.18816067653276955,3.029868018283325
901920,New User Discount,2023-06-18,Premium,App,3968,159,97,3009.26,6627.48,2.56,0.04007056451612903,0.610062893081761,2.202362042495497
905353,Weekend Special,2023-06-18,Inactive,SMS,8019,577,81,2996.62,3718.13,3.85,0.07195410899114603,0.14038128249566725,1.2407746060561566
700070,Festival Offer,2023-06-18,Premium,Email,6567,452,66,4834.93,8196.0,2.71,0.06882899345210904,0.14601769911504425,1.6951641492224292
264139,Flash Sale,2023-06-18,All,SMS,3618,521,95,4515.01,4588.08,2.17,0.14400221116639028,0.18234165067178504,1.0161837958276947
1005,Membership Drive,2023-06-18,All,Email,8276,793,68,1189.21,9253.77,1.84,0.0958192363460609,0.08575031525851198,7.781443142926817
672953,Category Promotion,2023-06-18,New Users,Social Media,6598,187,82,3981.26,6061.99,3.22,0.028341921794483176,0.4385026737967914,1.5226310263584895
219747,App Push Notification,2023-06-18,All,Social Media,3256,693,16,4803.86,3497.09,3.97,0.21283783783783783,0.023088023088023088,0.727975003434738
888561,Email Campaign,2023-06-18,All,Email,1045,161,31,3843.77,5559.64,2.09,0.15406698564593302,0.19254658385093168,1.4464028805053373
973863,Referral Program,2023-06-18,Premium,App,8040,867,47,2335.31,2636.65,3.53,0.10783582089552239,0.05420991926182238,1.1290364020194321
636228,New User Discount,2023-06-17,Premium,App,6453,999,43,4443.42,9198.15,3.03,0.15481171548117154,0.043043043043043044,2.070060899037228
260171,Weekend Special,2023-06-17,New Users,Social Media,5257,854,78,4266.5,8443.75,3.37,0.16245006657789615,0.09133489461358314,1.979081214109926
512165,Festival Offer,2023-06-17,Inactive,Social Media,5095,685,91,1844.88,4132.91,3.63,0.13444553483807656,0.13284671532846715,2.2402053250075884
675813,Flash Sale,2023-06-17,Premium,Email,2745,293,26,4055.84,3607.14,2.56,0.10673952641165756,0.08873720136518772,0.8893694031322734
967689,Membership Drive,2023-06-17,Premium,Social Media,2926,259,79,3282.0,2779.42,2.8,0.08851674641148326,0.305019305019305,0.8468677635588057
564880,Category Promotion,2023-06-17,All,SMS,6746,929,19,4448.63,4688.52,1.81,0.13771123628817078,0.02045209903121636,1.0539244666335479
290348,App Push Notification,2023-06-17,All,Email,3044,138,31,1874.37,8126.32,3.08,0.04533508541392904,0.2246376811594203,4.335494059337271
860253,Email Campaign,2023-06-17,All,Email,1782,114,21,3976.87,2539.78,2.62,0.06397306397306397,0.18421052631578946,0.6386379237943408
312956,Referral Program,2023-06-17,Premium,Social Media,6624,156,89,1250.48,2392.61,1.61,0.02355072463768116,0.5705128205128205,1.9133532723434201
502631,New User Discount,2023-06-16,Inactive,App,4796,522,36,1016.85,6721.73,3.13,0.10884070058381985,0.06896551724137931,6.610345675370015
557978,Weekend Special,2023-06-16,Inactive,App,6261,176,68,3301.03,3447.48,3.37,0.02811052547516371,0.38636363636363635,1.0443649406397397
805876,Festival Offer,2023-06-16,New Users,Social Media,4036,478,29,1472.13,9488.29,2.03,0.11843409316154609,0.060669456066945605,6.445279968481045
311414,Flash Sale,2023-06-16,Inactive,Social Media,2573,320,34,1109.28,7966.87,2.62,0.12436844150796736,0.10625,7.182018967258041
923137,Membership Drive,2023-06-16,New Users,SMS,2708,356,77,1003.02,6460.01,2.14,0.13146233382570163,0.21629213483146068,6.440559510278958
228345,Category Promotion,2023-06-16,Inactive,Social Media,1710,710,54,2806.91,3039.44,2.8,0.4152046783625731,0.07605633802816901,1.0828419863836034
620123,App Push Notification,2023-06-16,All,Social Media,8697,390,84,4022.76,2446.83,3.67,0.04484304932735426,0.2153846153846154,0.6082465769770008
575919,Email Campaign,2023-06-16,Premium,SMS,3788,648,74,3904.25,9663.17,3.79,0.17106652587117213,0.11419753086419752,2.4750387398347953
261678,Referral Program,2023-06-16,New Users,SMS,7390,911,29,2960.98,9497.75,1.85,0.1232746955345061,0.031833150384193196,3.20763733628731
942081,New User Discount,2023-06-15,New Users,Social Media,1925,960,25,2966.34,3250.58,3.7,0.4987012987012987,0.026041666666666668,1.095821787118132
852499,Weekend Special,2023-06-15,Inactive,App,5775,931,98,1325.7,6922.75,1.65,0.16121212121212122,0.10526315789473684,5.221958210756581
985922,Festival Offer,2023-06-15,Inactive,App,6440,880,49,2928.03,3472.7,2.7,0.13664596273291926,0.05568181818181818,1.1860192689282554
366234,Flash Sale,2023-06-15,New Users,App,1720,410,31,2967.56,4915.51,3.86,0.23837209302325582,0.07560975609756097,1.656414697596679
765417,Membership Drive,2023-06-15,Premium,Social Media,7859,352,51,4064.73,2230.84,3.52,0.044789413411375496,0.14488636363636365,0.5488285814801968
636604,Category Promotion,2023-06-15,All,Email,5383,322,31,3052.48,9687.54,3.01,0.05981794538361508,0.09627329192546584,3.173662071495964
684464,App Push Notification,2023-06-15,Premium,Email,2279,154,87,2602.88,4331.01,2.7,0.06757349714787188,0.564935064935065,1.6639299545119253
667257,Email Campaign,2023-06-15,All,Email,3548,808,53,1295.21,2568.02,1.64,0.2277339346110485,0.0655940594059406,1.9827055072150461
984732,Referral Program,2023-06-15,Inactive,App,5019,785,22,3146.73,9894.03,3.25,0.1564056584977087,0.02802547770700637,3.144225910707306
369759,New User Discount,2023-06-14,Inactive,Email,7167,918,93,3952.12,7022.54,3.89,0.1280870657178736,0.10130718954248366,1.7769045474327703
83907,Weekend Special,2023-06-14,Premium,Social Media,8305,312,23,2419.43,6245.97,3.84,0.03756773028296207,0.07371794871794872,2.5815873986848143
500070,Festival Offer,2023-06-14,Premium,App,6217,493,77,2596.57,4209.58,1.72,0.07929869712079782,0.15618661257606492,1.6212079782174174
57508,Flash Sale,2023-06-14,Inactive,Social Media,4090,605,23,1526.85,3045.82,3.41,0.14792176039119803,0.03801652892561983,1.9948390477126112
373659,Membership Drive,2023-06-14,All,Social Media,5839,917,79,4139.86,5312.39,3.52,0.15704743963007364,0.0861504907306434,1.2832293845685605
798347,Category Promotion,2023-06-14,All,SMS,3330,239,12,2260.27,2263.56,2.07,0.07177177177177177,0.0502092050209205,1.001455578315865
912246,App Push Notification,2023-06-14,New Users,Email,5127,279,21,1835.65,2006.13,3.27,0.05441778818022235,0.07526881720430108,1.0928717348078338
75283,Email Campaign,2023-06-14,Premium,SMS,4151,235,66,2975.34,5299.99,3.21,0.05661286437003132,0.28085106382978725,1.7813056659070894
809224,Referral Program,2023-06-14,All,SMS,7734,126,12,1867.36,5836.29,2.32,0.016291698991466253,0.09523809523809523,3.1254230571502015
896707,New User Discount,2023-06-13,Inactive,Email,4177,213,91,2254.78,7837.21,2.01,0.050993536030644,0.4272300469483568,3.4758202574087047
700060,Weekend Special,2023-06-13,New Users,Social Media,7381,747,47,3555.16,7621.48,2.28,0.10120579867226663,0.06291834002677377,2.1437797454966865
623276,Festival Offer,2023-06-13,All,App,5416,925,31,4861.23,7886.02,3.91,0.17079025110782867,0.03351351351351351,1.6222272963838373
152982,Flash Sale,2023-06-13,Premium,SMS,5189,752,20,2286.81,3645.64,2.26,0.14492195027943727,0.026595744680851064,1.5942032788032237
807949,Membership Drive,2023-06-13,Premium,Social Media,3091,296,12,1609.31,9197.64,2.3,0.09576188935619541,0.04054054054054054,5.715269276895067
468772,Category Promotion,2023-06-13,Inactive,Social Media,8638,249,10,4008.52,2585.21,2.9,0.028826117156749247,0.040160642570281124,0.6449288016524802
608780,App Push Notification,2023-06-13,All,SMS,5979,102,62,2516.95,7585.38,1.84,0.017059708981435023,0.6078431372549019,3.013718985279803
245337,Email Campaign,2023-06-13,Inactive,Email,3453,870,83,3538.74,3243.24,2.25,0.2519548218940052,0.09540229885057472,0.9164957018599841
730978,Referral Program,2023-06-13,All,SMS,7873,407,12,4123.63,5917.27,1.55,0.051695668741267624,0.029484029484029485,1.4349662797098675
25710,New User Discount,2023-06-12,All,Social Media,7236,704,45,2646.41,3578.14,2.91,0.09729132117191819,0.06392045454545454,1.3520731859386868
115539,Weekend Special,2023-06-12,All,SMS,6580,723,48,3819.53,6820.09,3.14,0.10987841945288754,0.06639004149377593,1.7855835665644726
673827,Festival Offer,2023-06-12,All,Email,3736,247,46,4984.88,5744.47,3.0,0.0661134903640257,0.1862348178137652,1.1523787934714578
491855,Flash Sale,2023-06-12,New Users,Social Media,4931,935,59,2284.24,2661.21,3.13,0.18961671060636787,0.06310160427807486,1.165030819878822
616782,Membership Drive,2023-06-12,All,App,7634,169,44,1604.07,9147.03,3.93,0.02213780455855384,0.2603550295857988,5.70238829976248
972675,Category Promotion,2023-06-12,New Users,App,6925,277,20,1008.16,3780.37,1.84,0.04,0.07220216606498195,3.7497718616092683
767837,App Push Notification,2023-06-12,Premium,SMS,6348,885,39,1757.8,4216.96,3.34,0.139413988657845,0.04406779661016949,2.3989987484355444
380528,Email Campaign,2023-06-12,Premium,Social Media,9716,789,47,4974.71,5443.38,2.58,0.08120625771922602,0.059569074778200254,1.0942105167939438
689654,Referral Program,2023-06-12,New Users,Email,8762,229,48,4223.37,9273.05,2.62,0.026135585482766493,0.2096069868995633,2.1956518135990923
683367,New User Discount,2023-06-11,All,Email,8010,620,76,1590.37,8970.86,3.82,0.07740324594257178,0.12258064516129032,5.640737689971517
567543,Weekend Special,2023-06-11,New Users,App,9600,168,85,4484.11,6606.25,3.77,0.0175,0.5059523809523809,1.473257792516241
644154,Festival Offer,2023-06-11,Premium,SMS,3806,180,70,1661.56,8410.05,3.4,0.047293746715712036,0.3888888888888889,5.061538554129854
396968,Flash Sale,2023-06-11,Inactive,Social Media,3388,279,11,2532.5,4837.96,3.6,0.08234946871310507,0.03942652329749104,1.9103494570582429
633944,Membership Drive,2023-06-11,New Users,App,3253,778,27,1503.71,8547.83,3.5,0.23916384875499538,0.03470437017994859,5.684493685617572
451132,Category Promotion,2023-06-11,All,Email,2417,717,45,4175.39,3018.22,2.83,0.29664873810508896,0.06276150627615062,0.7228594215151158
703847,App Push Notification,2023-06-11,Inactive,SMS,5579,291,46,3716.51,6510.25,2.48,0.05215988528410109,0.15807560137457044,1.7517106102230318
796512,Email Campaign,2023-06-11,New Users,Social Media,3238,254,25,3629.91,2185.67,3.13,0.07844348363187152,0.0984251968503937,0.6021278764487275
674767,Referral Program,2023-06-11,Inactive,SMS,8384,376,94,3637.26,7582.97,3.61,0.04484732824427481,0.25,2.0848028460984365
642178,New User Discount,2023-06-10,New Users,App,1642,246,39,3213.01,9571.06,2.84,0.14981729598051158,0.15853658536585366,2.9788453817448435
17254,Weekend Special,2023-06-10,Inactive,App,9009,599,38,3378.6,9573.46,3.41,0.0664890664890665,0.06343906510851419,2.833558278576925
753753,Festival Offer,2023-06-10,Premium,SMS,6353,729,65,3055.02,5270.67,3.38,0.11474893750983788,0.08916323731138547,1.7252489345405269
378111,Flash Sale,2023-06-10,Premium,App,1473,904,26,1558.75,6339.54,3.28,0.6137135098438561,0.028761061946902654,4.067066559743384
269649,Membership Drive,2023-06-10,New Users,App,2292,346,37,2520.85,9149.52,3.74,0.15095986038394416,0.1069364161849711,3.6295376559493824
795124,Category Promotion,2023-06-10,Premium,Social Media,6741,815,38,3588.59,2006.21,2.21,0.12090194333184988,0.046625766871165646,0.5590524412095002
917664,App Push Notification,2023-06-10,Inactive,SMS,9059,315,64,2529.12,7126.76,3.01,0.03477204989513191,0.20317460317460317,2.817881318403239
171648,Email Campaign,2023-06-10,New Users,SMS,3087,687,51,3512.53,4414.07,1.54,0.22254616132167152,0.07423580786026202,1.2566640000227756
837766,Referral Program,2023-06-10,Inactive,Social Media,7616,147,95,4275.82,2986.11,3.26,0.019301470588235295,0.6462585034013606,0.6983713065564033
35201,New User Discount,2023-06-09,New Users,App,2094,275,49,2507.89,9695.51,2.96,0.13132760267430754,0.1781818181818182,3.86600289486381
707345,Weekend Special,2023-06-09,New Users,SMS,1194,302,53,1206.21,5692.15,3.77,0.2529313232830821,0.17549668874172186,4.719037315227033
457791,Festival Offer,2023-06-09,New Users,App,3149,234,11,1315.22,6559.49,1.59,0.07430930454112417,0.04700854700854701,4.987370934140296
225199,Flash Sale,2023-06-09,Premium,App,3778,512,83,1351.79,7406.28,1.51,0.1355214399152991,0.162109375,5.478868759200763
956733,Membership Drive,2023-06-09,New Users,App,5807,550,26,3989.78,9582.55,3.68,0.09471327707938694,0.04727272727272727,2.4017740326534294
906705,Category Promotion,2023-06-09,All,Social Media,6928,108,31,4835.71,9683.02,1.82,0.01558891454965358,0.28703703703703703,2.002398820442086
225007,App Push Notification,2023-06-09,Inactive,Social Media,6875,914,19,1892.68,2233.64,2.33,0.13294545454545453,0.020787746170678335,1.1801466703299024
532712,Email Campaign,2023-06-09,All,SMS,4207,387,42,1066.1,5823.31,2.94,0.09198954124078916,0.10852713178294573,5.462254947941094
876064,Referral Program,2023-06-09,New Users,Social Media,7303,702,13,2838.83,5063.25,2.19,0.09612488018622484,0.018518518518518517,1.7835692873472522
763587,New User Discount,2023-06-08,New Users,Email,1290,837,18,2175.58,5868.02,1.83,0.6488372093023256,0.021505376344086023,2.6972209709594686
424584,Weekend Special,2023-06-08,Premium,Email,2297,371,56,3008.85,9441.19,3.64,0.16151501959077058,0.1509433962264151,3.1378068032637056
182690,Festival Offer,2023-06-08,Premium,App,7433,251,37,2973.35,4816.82,3.55,0.033768330418404414,0.14741035856573706,1.6199976457531067
284073,Flash Sale,2023-06-08,Inactive,Email,5697,843,19,2582.57,8482.91,1.68,0.14797261716692997,0.022538552787663108,3.284677666045838
717556,Membership Drive,2023-06-08,Inactive,Email,6945,160,53,4428.9,7078.07,2.07,0.023038156947444204,0.33125,1.5981552981552982
976412,Category Promotion,2023-06-08,Premium,Social Media,6231,697,57,4661.65,8804.22,2.55,0.11186005456588027,0.08177905308464849,1.8886488689627063
744926,App Push Notification,2023-06-08,New Users,SMS,6573,163,85,2220.33,2312.97,3.78,0.024798417769663777,0.5214723926380368,1.0417235275837375
49757,Email Campaign,2023-06-08,All,App,7805,292,99,1006.57,8402.5,2.86,0.03741191543882127,0.339041095890411,8.347655900732189
171468,Referral Program,2023-06-08,Premium,SMS,7995,766,44,2717.25,7512.68,3.79,0.09580988117573483,0.057441253263707574,2.7648100101205264
485933,New User Discount,2023-06-07,Inactive,Email,1297,583,77,1984.37,9403.3,2.4,0.4494988434849653,0.1320754716981132,4.738682806129905
40931,Weekend Special,2023-06-07,Premium,SMS,2369,517,28,4252.68,3323.87,1.94,0.21823554242296328,0.05415860735009671,0.781594194719565
326526,Festival Offer,2023-06-07,All,App,7823,712,99,1070.54,5989.36,2.0,0.09101367761728238,0.13904494382022473,5.594709212173296
285081,Flash Sale,2023-06-07,Premium,Social Media,1323,746,97,4557.34,5022.52,2.89,0.563869992441421,0.13002680965147453,1.102072700303247
784977,Membership Drive,2023-06-07,Premium,Email,2685,863,94,1566.57,7286.54,2.34,0.32141527001862197,0.10892236384704519,4.651269971976994
893735,Category Promotion,2023-06-07,New Users,SMS,8952,648,38,4062.51,2927.1,2.11,0.07238605898123325,0.05864197530864197,0.7205151495011703
41094,App Push Notification,2023-06-07,New Users,Email,2471,642,64,4045.98,5552.56,3.91,0.2598138405503845,0.09968847352024922,1.372364668139734
462395,Email Campaign,2023-06-07,Inactive,SMS,7274,873,98,1153.43,8169.68,3.66,0.12001649711300523,0.11225658648339061,7.082943915105381
247777,Referral Program,2023-06-07,Inactive,Email,2509,552,47,1595.51,9398.25,2.56,0.2200079713033081,0.08514492753623189,5.8904362868299165
411048,New User Discount,2023-06-06,All,App,6635,455,25,2099.3,9378.71,3.57,0.06857573474001508,0.054945054945054944,4.4675415614728715
698231,Weekend Special,2023-06-06,Premium,Email,6425,976,57,2806.21,5759.19,3.4,0.1519066147859922,0.0584016393442623,2.052301859091087
689019,Festival Offer,2023-06-06,Premium,SMS,7434,418,53,4683.18,4640.34,2.44,0.05622814097390368,0.12679425837320574,0.9908523695437715
663091,Flash Sale,2023-06-06,All,App,5756,530,14,4207.9,5316.03,1.9,0.0920778318276581,0.026415094339622643,1.26334513652891
721775,Membership Drive,2023-06-06,Inactive,Email,1375,707,65,1649.25,9822.15,3.58,0.5141818181818182,0.09193776520509193,5.955525238744884
835356,Category Promotion,2023-06-06,All,Social Media,3237,418,39,4269.68,3217.93,2.87,0.12913191226444237,0.09330143540669857,0.7536700642671113
893210,App Push Notification,2023-06-06,Inactive,Email,5680,440,76,1360.36,4783.8,3.0,0.07746478873239436,0.17272727272727273,3.516569143462025
268419,Email Campaign,2023-06-06,Inactive,Email,8304,919,60,4526.3,5476.0,3.84,0.11066955684007707,0.06528835690968444,1.2098181737843272
985626,Referral Program,2023-06-06,Premium,SMS,9646,185,41,2985.31,6802.5,1.65,0.019178934273273895,0.22162162162162163,2.278657827830276
636553,New User Discount,2023-06-05,Premium,Email,1709,741,21,4067.01,4039.3,3.71,0.43358689291983615,0.02834008097165992,0.9931866407999981
948478,Weekend Special,2023-06-05,Inactive,SMS,9971,524,56,3312.09,3390.7,3.56,0.05255240196570053,0.10687022900763359,1.0237342584289677
595859,Festival Offer,2023-06-05,Inactive,SMS,2570,852,12,2363.86,9723.35,2.15,0.33151750972762645,0.014084507042253521,4.113335815149798
699427,Flash Sale,2023-06-05,New Users,SMS,3072,574,58,4457.72,6890.33,2.46,0.18684895833333334,0.10104529616724739,1.5457072225263138
800353,Membership Drive,2023-06-05,New Users,App,7831,330,20,4609.61,2173.09,3.13,0.04214021197803601,0.06060606060606061,0.471425999162619
338070,Category Promotion,2023-06-05,Inactive,App,1081,303,42,2049.84,6936.62,1.64,0.2802960222016651,0.13861386138613863,3.383981188775709
821806,App Push Notification,2023-06-05,New Users,App,8763,138,46,3480.85,4810.86,1.86,0.015748031496062992,0.3333333333333333,1.382093454185041
61068,Email Campaign,2023-06-05,Premium,Email,5700,685,40,4073.06,8323.42,3.63,0.12017543859649123,0.058394160583941604,2.043529925903375
486447,Referral Program,2023-06-05,New Users,App,1983,800,54,3361.02,8495.18,1.72,0.40342914775592537,0.0675,2.527560085926296
318398,New User Discount,2023-06-04,Inactive,Email,3618,460,49,3417.46,2724.52,2.33,0.1271420674405749,0.10652173913043478,0.7972353736400718
56958,Weekend Special,2023-06-04,New Users,Email,3044,581,93,1177.56,4539.82,3.81,0.19086727989487517,0.16006884681583478,3.8552770134855123
130716,Festival Offer,2023-06-04,All,Social Media,4120,115,65,4101.46,7378.76,2.72,0.027912621359223302,0.5652173913043478,1.7990569211939162
148626,Flash Sale,2023-06-04,Inactive,Email,9738,418,45,2066.19,6388.15,3.8,0.04292462517970836,0.1076555023923445,3.091753420546997
325150,Membership Drive,2023-06-04,Inactive,Email,6036,246,51,4362.18,2403.82,2.48,0.040755467196819085,0.2073170731707317,0.5510593327189616
196212,Category Promotion,2023-06-04,Inactive,App,8644,727,74,4223.43,3046.09,2.93,0.08410458121240166,0.10178817056396149,0.7212360569489727
465873,App Push Notification,2023-06-04,Premium,App,4749,168,97,2996.45,3237.62,2.71,0.035375868603916616,0.5773809523809523,1.080485240868361
717018,Email Campaign,2023-06-04,Inactive,App,2462,988,48,1074.4,7441.01,3.5,0.40129975629569453,0.048582995951417005,6.925735294117647
584175,Referral Program,2023-06-04,New Users,Social Media,7061,527,89,3990.71,8065.38,3.83,0.07463532077609404,0.16888045540796964,2.021038862758757
905779,New User Discount,2023-06-03,Inactive,Email,6475,815,92,4561.17,5940.69,3.68,0.12586872586872586,0.11288343558282209,1.3024487138168495
390676,Weekend Special,2023-06-03,New Users,Social Media,3936,489,19,3341.3,5816.26,3.74,0.12423780487804878,0.03885480572597137,1.7407176847334869
95720,Festival Offer,2023-06-03,New Users,Social Media,2982,789,90,4994.4,2464.03,2.42,0.26458752515090544,0.11406844106463879,0.4933585615889797
86995,Flash Sale,2023-06-03,Inactive,App,6088,781,66,4076.19,9543.06,3.35,0.12828515111695138,0.08450704225352113,2.3411715351835904
500656,Membership Drive,2023-06-03,New Users,App,4594,548,42,2595.32,3104.64,2.7,0.11928602525032651,0.07664233576642336,1.1962455496817348
164983,Category Promotion,2023-06-03,New Users,Email,2100,493,51,3052.21,8986.16,3.32,0.23476190476190475,0.10344827586206896,2.944148666048535
698392,App Push Notification,2023-06-03,Premium,Social Media,5745,999,53,3512.61,4534.84,2.4,0.17389033942558746,0.05305305305305305,1.2910172208130137
888795,Email Campaign,2023-06-03,All,Social Media,1281,239,50,4295.74,3307.01,1.62,0.1865729898516784,0.20920502092050208,0.7698347665361499
877692,Referral Program,2023-06-03,Inactive,Email,6633,614,89,3646.09,9565.98,1.77,0.09256746570179405,0.1449511400651466,2.623626953805309
502324,New User Discount,2023-06-02,Inactive,App,3670,564,42,1794.97,2459.6,2.22,0.1536784741144414,0.07446808510638298,1.3702735978874299
970084,Weekend Special,2023-06-02,New Users,Email,3703,112,68,3703.4,9735.77,3.54,0.030245746691871456,0.6071428571428571,2.628873467624345
715962,Festival Offer,2023-06-02,Inactive,App,3484,314,63,3056.46,2920.09,2.12,0.09012629161882893,0.20063694267515925,0.9553830248064755
489080,Flash Sale,2023-06-02,Premium,App,4785,332,76,1890.89,9344.18,2.74,0.06938349007314525,0.2289156626506024,4.941683545843492
743717,Membership Drive,2023-06-02,New Users,SMS,4890,533,18,1227.4,9068.41,3.2,0.10899795501022495,0.03377110694183865,7.38830861984683
837699,Category Promotion,2023-06-02,Premium,SMS,1527,612,53,3240.11,6536.12,2.71,0.40078585461689586,0.08660130718954248,2.017252500686705
153735,App Push Notification,2023-06-02,Premium,SMS,3591,612,90,3503.65,5937.43,3.19,0.17042606516290726,0.14705882352941177,1.694641302641531
19412,Email Campaign,2023-06-02,All,App,4784,241,32,3372.36,8273.65,1.84,0.05037625418060201,0.13278008298755187,2.4533709331150884
18874,Referral Program,2023-06-02,All,Email,6897,236,89,2341.18,2705.61,1.91,0.0342177758445701,0.3771186440677966,1.1556608206118284
805673,New User Discount,2023-06-01,Inactive,Email,7589,548,93,3874.9,3747.72,2.23,0.07220977730926341,0.16970802919708028,0.9671785078324601
332876,Weekend Special,2023-06-01,All,Email,6063,733,26,3903.7,6565.62,3.82,0.12089724558799274,0.03547066848567531,1.6818966621410458
722989,Festival Offer,2023-06-01,New Users,Social Media,5670,471,10,3247.79,7099.74,3.65,0.08306878306878307,0.021231422505307854,2.18602187949344
251406,Flash Sale,2023-06-01,All,Email,1800,493,61,4331.02,9421.91,3.3,0.2738888888888889,0.12373225152129817,2.175448277772903
350370,Membership Drive,2023-06-01,All,Email,3446,885,75,4795.86,5077.16,2.39,0.2568195008705746,0.0847457627118644,1.0586547563940565
138432,Category Promotion,2023-06-01,New Users,SMS,4229,800,26,1416.49,9591.84,3.9,0.18917001655237645,0.0325,6.771555040981581
386827,App Push Notification,2023-06-01,Inactive,SMS,5244,112,85,4712.44,8653.29,3.39,0.02135774218154081,0.7589285714285714,1.8362652893193339
770100,Email Campaign,2023-06-01,Premium,Email,1172,789,69,4737.23,6706.24,2.91,0.6732081911262798,0.08745247148288973,1.4156458521118882
813461,Referral Program,2023-06-01,All,SMS,9937,323,94,2416.2,2303.77,2.02,0.032504780114722756,0.29102167182662536,0.9534682559390779
727793,New User Discount,2023-05-31,Inactive,App,2128,477,79,2142.81,3920.9,2.18,0.22415413533834586,0.16561844863731656,1.829793588792287
380443,Weekend Special,2023-05-31,All,App,9542,386,19,3228.72,6145.18,1.99,0.04045273527562356,0.04922279792746114,1.9032867514061302
850012,Festival Offer,2023-05-31,All,Email,3652,385,63,1465.34,3709.88,2.19,0.10542168674698796,0.16363636363636364,2.5317537226855205
254918,Flash Sale,2023-05-31,Premium,App,2275,814,30,3896.3,7958.64,1.51,0.3578021978021978,0.036855036855036855,2.0426147883889842
447700,Membership Drive,2023-05-31,All,Social Media,6671,803,49,4763.33,5684.55,1.72,0.12037175835706791,0.06102117061021171,1.193398315884056
951138,Category Promotion,2023-05-31,Inactive,SMS,1981,741,72,2700.0,5350.12,1.68,0.3740535083291267,0.09716599190283401,1.981525925925926
391056,App Push Notification,2023-05-31,New Users,App,1497,854,87,2878.23,5732.71,2.06,0.5704742818971276,0.10187353629976581,1.9917484009269586
673857,Email Campaign,2023-05-31,New Users,Email,8475,751,63,3744.16,3709.46,2.05,0.08861356932153393,0.08388814913448735,0.990732233665228
126509,Referral Program,2023-05-31,Inactive,SMS,8961,407,55,1928.66,7535.75,3.26,0.04541903805378864,0.13513513513513514,3.9072464820134183
643416,New User Discount,2023-05-30,Inactive,App,7041,486,12,4702.71,4736.4,1.91,0.06902428632296549,0.024691358024691357,1.0071639544007602
167455,Weekend Special,2023-05-30,Inactive,Email,6545,460,88,1055.0,6865.87,2.23,0.07028265851795264,0.19130434782608696,6.507933649289099
80814,Festival Offer,2023-05-30,New Users,Email,9761,460,63,4678.02,8689.9,1.8,0.04712631902469009,0.13695652173913042,1.857602147917281
922087,Flash Sale,2023-05-30,All,SMS,1616,726,75,3900.24,8308.11,1.71,0.44925742574257427,0.10330578512396695,2.1301535290135996
235061,Membership Drive,2023-05-30,Inactive,Social Media,3547,191,25,3814.6,5656.97,2.93,0.05384832252607838,0.13089005235602094,1.4829785560740314
171448,Category Promotion,2023-05-30,Inactive,SMS,2793,332,55,4070.81,3319.26,1.52,0.11886860007160759,0.16566265060240964,0.8153807227554222
229811,App Push Notification,2023-05-30,All,App,2005,884,82,2318.16,5237.14,2.14,0.44089775561097255,0.09276018099547512,2.25917969424026
635603,Email Campaign,2023-05-30,Inactive,Social Media,2494,460,52,4544.56,7422.52,2.84,0.18444266238973536,0.11304347826086956,1.6332758286830849
642121,Referral Program,2023-05-30,Inactive,SMS,7246,295,57,2682.13,5728.17,3.76,0.040712117030085565,0.19322033898305085,2.135679478623333
22916,New User Discount,2023-05-29,Premium,App,3611,533,38,4786.95,5036.45,2.23,0.14760454167820547,0.07129455909943715,1.0521208702827478
336790,Weekend Special,2023-05-29,All,Email,3173,237,79,2500.72,3972.07,2.07,0.07469271982351088,0.3333333333333333,1.588370549281807
954347,Festival Offer,2023-05-29,New Users,Social Media,4934,202,33,3145.79,2408.05,1.84,0.04094041345764086,0.16336633663366337,0.7654833920891096
828331,Flash Sale,2023-05-29,New Users,SMS,4967,795,66,2471.03,5679.07,2.41,0.16005637205556675,0.0830188679245283,2.2982602396571465
689707,Membership Drive,2023-05-29,Premium,SMS,2316,800,58,1493.02,3450.01,3.5,0.3454231433506045,0.0725,2.3107594004099075
769466,Category Promotion,2023-05-29,Inactive,SMS,7999,953,95,2016.56,2802.87,2.15,0.11913989248656082,0.09968520461699895,1.3899264093307415
152082,App Push Notification,2023-05-29,New Users,Email,9261,294,93,2337.25,7010.37,3.22,0.031746031746031744,0.3163265306122449,2.9994095625200554
103827,Email Campaign,2023-05-29,Premium,Social Media,2912,405,71,1833.72,2287.58,2.84,0.13907967032967034,0.17530864197530865,1.2475077983552558
387710,Referral Program,2023-05-29,Inactive,Social Media,3932,451,19,2448.26,6924.12,2.09,0.1146998982706002,0.04212860310421286,2.828180013560651
104955,New User Discount,2023-05-28,Premium,Email,9262,560,53,1657.42,5616.4,1.51,0.06046210321744763,0.09464285714285714,3.388640175694754
529135,Weekend Special,2023-05-28,New Users,Social Media,7513,200,36,4026.88,5110.0,2.17,0.02662052442433116,0.18,1.2689725047679592
110811,Festival Offer,2023-05-28,Premium,Social Media,2071,668,27,2354.9,2587.06,2.61,0.3225494929985514,0.040419161676646706,1.098585927215593
425660,Flash Sale,2023-05-28,New Users,App,5970,743,70,3235.8,6256.18,2.03,0.12445561139028476,0.09421265141318977,1.933426046109154
699355,Membership Drive,2023-05-28,Premium,SMS,7335,318,74,3278.28,2723.44,2.44,0.043353783231083846,0.23270440251572327,0.8307527117878888
54529,Category Promotion,2023-05-28,Premium,Social Media,8634,825,79,2733.58,2227.59,1.67,0.09555246699096595,0.09575757575757576,0.8148984116067575
597540,App Push Notification,2023-05-28,Premium,Email,3374,963,94,4855.05,6635.72,3.48,0.2854179016004742,0.0976116303219107,1.36676656265126
633594,Email Campaign,2023-05-28,All,SMS,9717,823,44,2500.25,3999.43,2.89,0.08469692291859628,0.053462940461725394,1.5996120387961204
601834,Referral Program,2023-05-28,New Users,Social Media,5371,688,10,2447.76,8878.31,2.59,0.12809532675479426,0.014534883720930232,3.6271162205444973
357256,New User Discount,2023-05-27,Inactive,Email,2924,338,40,3502.88,3431.33,3.48,0.11559507523939809,0.11834319526627218,0.9795739505778102
128641,Weekend Special,2023-05-27,Premium,Social Media,6567,652,53,2608.26,2392.45,2.99,0.09928430028932542,0.08128834355828221,0.9172590155889365
821879,Festival Offer,2023-05-27,New Users,Social Media,3401,479,74,4629.14,2655.61,3.36,0.14084092913848867,0.1544885177453027,0.5736724315963656
8471,Flash Sale,2023-05-27,All,SMS,4776,598,26,4970.87,6411.89,3.9,0.12520938023450587,0.043478260869565216,1.2898929161293697
59743,Membership Drive,2023-05-27,All,Email,6728,760,78,4676.56,2483.69,3.88,0.11296076099881094,0.10263157894736842,0.5310933677746035
669836,Category Promotion,2023-05-27,All,App,8321,536,36,4319.61,7058.1,3.03,0.06441533469534912,0.06716417910447761,1.633966955350136
335030,App Push Notification,2023-05-27,All,App,4547,380,36,2215.34,5468.05,1.72,0.0835715856608753,0.09473684210526316,2.4682667220381522
224993,Email Campaign,2023-05-27,Inactive,Social Media,3125,575,64,4557.63,3868.44,1.76,0.184,0.11130434782608696,0.848783249188723
593512,Referral Program,2023-05-27,New Users,Email,2125,159,43,3290.98,3615.42,3.29,0.0748235294117647,0.27044025157232704,1.0985846161325805
271488,New User Discount,2023-05-26,Inactive,App,7884,199,53,2683.61,3963.7,3.2,0.02524099441907661,0.2663316582914573,1.4770029922380672
757422,Weekend Special,2023-05-26,New Users,App,6078,673,92,1722.81,6445.21,2.03,0.11072721289897992,0.13670133729569092,3.7411031976828553
929568,Festival Offer,2023-05-26,Premium,App,5965,887,28,3822.58,9317.11,2.57,0.14870075440067057,0.03156708004509583,2.4373878375338123
162601,Flash Sale,2023-05-26,New Users,Email,8867,452,58,3225.88,5967.71,2.06,0.050975527235818205,0.12831858407079647,1.8499479211873968
998051,Membership Drive,2023-05-26,Premium,Social Media,6555,928,37,3224.24,7077.43,3.1,0.14157131960335623,0.03987068965517242,2.1950692256159594
914426,Category Promotion,2023-05-26,New Users,Social Media,1902,908,18,2997.54,9283.65,1.67,0.4773922187171398,0.019823788546255508,3.097089613483056
571933,App Push Notification,2023-05-26,Inactive,Email,7386,176,79,2834.39,9337.1,3.15,0.023828865421066884,0.44886363636363635,3.294218509097196
985926,Email Campaign,2023-05-26,All,Social Media,3698,796,84,4400.21,2105.74,2.22,0.21525148729042726,0.10552763819095477,0.4785544326293517
172107,Referral Program,2023-05-26,Premium,Email,8074,779,52,4004.93,8535.88,2.59,0.09648253653703245,0.06675224646983312,2.1313431196050865
585687,New User Discount,2023-05-25,All,App,8366,556,15,4932.54,4414.37,2.78,0.0664594788429357,0.02697841726618705,0.8949486471473115
402517,Weekend Special,2023-05-25,New Users,SMS,1553,736,47,3782.54,4133.94,3.94,0.4739214423696072,0.06385869565217392,1.0929005377339036
92123,Festival Offer,2023-05-25,Inactive,Social Media,2085,688,59,2375.65,2728.75,1.54,0.3299760191846523,0.08575581395348837,1.1486330057037022
292188,Flash Sale,2023-05-25,New Users,App,7725,570,43,3611.85,3084.04,3.95,0.07378640776699029,0.07543859649122807,0.853867131802262
741446,Membership Drive,2023-05-25,Premium,Social Media,1320,848,73,3574.15,8044.11,2.62,0.6424242424242425,0.08608490566037735,2.2506358155085824
540653,Category Promotion,2023-05-25,All,Email,5120,806,98,4287.13,2637.49,3.84,0.157421875,0.12158808933002481,0.6152111085971267
172859,App Push Notification,2023-05-25,New Users,SMS,5146,176,67,4470.79,9770.5,1.57,0.034201321414691024,0.3806818181818182,2.1854079480360293
447102,Email Campaign,2023-05-25,All,Email,6240,245,85,2035.8,7839.12,1.62,0.03926282051282051,0.3469387755102041,3.850633657530209
887774,Referral Program,2023-05-25,All,Social Media,5841,672,87,2306.33,9691.95,3.39,0.1150487930148947,0.12946428571428573,4.202325772981317
980333,New User Discount,2023-05-24,New Users,Email,9783,858,27,2215.15,9447.09,3.51,0.08770315854032505,0.03146853146853147,4.2647631085930975
379239,Weekend Special,2023-05-24,Premium,App,5575,194,90,4205.2,5526.17,3.35,0.034798206278026905,0.4639175257731959,1.3141277465994483
893923,Festival Offer,2023-05-24,Premium,Email,4060,362,66,3634.07,3803.65,1.86,0.08916256157635467,0.18232044198895028,1.0466639332759138
689126,Flash Sale,2023-05-24,Inactive,Social Media,3142,342,65,4014.81,6286.45,1.7,0.10884786760025461,0.19005847953216373,1.5658150697044193
699420,Membership Drive,2023-05-24,Inactive,SMS,2380,574,17,2111.88,9893.35,2.44,0.2411764705882353,0.029616724738675958,4.684617497206281
146921,Category Promotion,2023-05-24,All,Social Media,4841,303,30,2839.45,9482.27,2.88,0.06259037388969221,0.09900990099009901,3.339474193946011
304963,App Push Notification,2023-05-24,Inactive,Social Media,7157,531,88,4436.07,9671.04,2.11,0.07419309766662009,0.1657250470809793,2.180091838045838
725674,Email Campaign,2023-05-24,Premium,App,6505,420,62,2275.56,2059.29,3.5,0.06456571867794005,0.14761904761904762,0.9049596582819174
464727,Referral Program,2023-05-24,Inactive,App,4373,686,98,3671.76,4587.09,3.71,0.1568717127829865,0.14285714285714285,1.2492891692267467
828826,New User Discount,2023-05-23,All,Social Media,3409,250,21,3227.9,4806.4,3.9,0.07333528894103843,0.084,1.4890176275597136
163865,Weekend Special,2023-05-23,Premium,Social Media,1635,130,78,1385.45,4387.34,3.37,0.07951070336391437,0.6,3.1667256126168395
881609,Festival Offer,2023-05-23,Premium,SMS,8653,481,24,3608.98,9134.47,2.28,0.05558765745984052,0.0498960498960499,2.5310392410043834
726165,Flash Sale,2023-05-23,Premium,App,9328,384,19,4633.54,3547.82,1.51,0.0411663807890223,0.049479166666666664,0.7656823940227127
594913,Membership Drive,2023-05-23,Inactive,Social Media,6876,559,37,2339.56,7800.83,2.97,0.08129726585223968,0.06618962432915922,3.334314999401597
424752,Category Promotion,2023-05-23,Inactive,Social Media,5719,920,83,2031.55,5147.51,2.74,0.1608672844902955,0.09021739130434783,2.5337845487435704
511901,App Push Notification,2023-05-23,New Users,Social Media,1449,461,10,2119.85,9087.87,2.85,0.31815044858523117,0.021691973969631236,4.287034459985377
745710,Email Campaign,2023-05-23,Inactive,Social Media,8922,583,87,4781.54,6043.32,1.76,0.06534409325263393,0.14922813036020582,1.2638856937304717
443697,Referral Program,2023-05-23,Premium,Email,6922,694,31,2767.91,9151.97,2.76,0.10026004045073678,0.0446685878962536,3.3064550509228985
725504,New User Discount,2023-05-22,Inactive,Email,1264,865,10,2599.59,7936.39,3.75,0.6843354430379747,0.011560693641618497,3.052939117322347
593696,Weekend Special,2023-05-22,Premium,App,9432,159,38,1055.13,5290.52,3.62,0.016857506361323157,0.2389937106918239,5.01409305014548
861857,Festival Offer,2023-05-22,All,SMS,8367,146,47,4376.09,9735.68,3.66,0.01744950400382455,0.3219178082191781,2.224744006636061
332755,Flash Sale,2023-05-22,Premium,Social Media,4619,782,11,2313.35,9280.62,3.28,0.16930071444035505,0.014066496163682864,4.0117664858322355
760109,Membership Drive,2023-05-22,New Users,SMS,7742,377,64,4111.23,5638.48,3.51,0.048695427538103846,0.16976127320954906,1.3714825003709352
146258,Category Promotion,2023-05-22,Premium,Social Media,7729,716,79,3633.66,3503.23,3.39,0.09263811618579376,0.11033519553072625,0.9641050621136815
199843,App Push Notification,2023-05-22,All,Email,1630,275,58,4160.92,3507.75,3.89,0.1687116564417178,0.2109090909090909,0.8430226969035693
78089,Email Campaign,2023-05-22,All,Email,3597,323,46,3079.75,9804.79,3.44,0.08979705309980539,0.14241486068111456,3.183631788294505
269570,Referral Program,2023-05-22,Premium,App,9200,795,33,3942.72,7479.21,1.59,0.08641304347826087,0.04150943396226415,1.8969670684197713
767022,New User Discount,2023-05-21,New Users,Social Media,1037,620,45,4608.97,2443.1,3.73,0.5978784956605593,0.07258064516129033,0.5300750493060271
154831,Weekend Special,2023-05-21,New Users,Social Media,7975,764,12,1143.09,6710.07,3.69,0.09579937304075235,0.015706806282722512,5.870115214025143
655044,Festival Offer,2023-05-21,Premium,SMS,9031,699,39,3407.01,4568.62,2.22,0.07740006643782527,0.055793991416309016,1.340947047411073
490094,Flash Sale,2023-05-21,New Users,App,7155,631,56,4854.84,5559.44,3.85,0.08819007686932215,0.08874801901743265,1.1451335162435836
428168,Membership Drive,2023-05-21,Inactive,SMS,9393,571,16,4693.06,2106.99,1.62,0.06078994996273821,0.028021015761821366,0.44895867515011517
448094,Category Promotion,2023-05-21,All,Email,4837,492,78,2551.81,3954.98,2.63,0.1017159396320033,0.15853658536585366,1.5498724434812936
52598,App Push Notification,2023-05-21,Premium,Email,4796,897,99,3865.85,3288.22,2.14,0.18703085904920766,0.11036789297658862,0.8505813727899427
795341,Email Campaign,2023-05-21,Premium,SMS,4450,242,93,2131.65,4179.78,2.12,0.05438202247191011,0.384297520661157,1.9608190838083173
786693,Referral Program,2023-05-21,New Users,Social Media,9608,991,46,1449.82,4420.9,1.65,0.10314321398834304,0.04641775983854692,3.049275082424025
716080,New User Discount,2023-05-20,Inactive,Social Media,2030,566,63,3198.63,7467.71,2.09,0.2788177339901478,0.11130742049469965,2.334658900841923
226542,Weekend Special,2023-05-20,Premium,App,8000,999,24,3815.1,8880.29,3.53,0.124875,0.024024024024024024,2.3276689995019795
852556,Festival Offer,2023-05-20,Inactive,App,7485,158,84,2348.43,3279.72,1.69,0.021108884435537743,0.5316455696202531,1.3965585518835988
797926,Flash Sale,2023-05-20,Inactive,SMS,2195,641,73,3647.57,5904.32,2.72,0.2920273348519362,0.11388455538221529,1.618699572592164
225311,Membership Drive,2023-05-20,All,App,7308,105,57,1931.97,5372.46,2.84,0.014367816091954023,0.5428571428571428,2.780819577943757
845496,Category Promotion,2023-05-20,Inactive,Social Media,7466,446,31,1462.82,7247.3,3.87,0.05973747656040718,0.06950672645739911,4.954334778031474
530817,App Push Notification,2023-05-20,All,Email,8152,865,44,4771.08,6642.73,3.0,0.10610893032384691,0.05086705202312139,1.3922906344056272
682797,Email Campaign,2023-05-20,New Users,Social Media,4590,546,89,1627.12,9253.4,3.88,0.11895424836601307,0.163003663003663,5.686980677516102
412691,Referral Program,2023-05-20,Premium,App,5998,321,11,4312.75,7287.61,3.73,0.05351783927975992,0.03426791277258567,1.689782621297316
860359,New User Discount,2023-05-19,New Users,SMS,9073,190,93,3194.31,7491.99,3.57,0.0209412542709137,0.48947368421052634,2.3454173201724315
966350,Weekend Special,2023-05-19,Premium,Email,8310,936,61,4366.54,5555.01,3.97,0.11263537906137185,0.06517094017094018,1.2721765974890875
495600,Festival Offer,2023-05-19,All,Email,1871,685,87,2619.39,9943.88,3.11,0.36611437733832175,0.12700729927007298,3.7962579073753813
998736,Flash Sale,2023-05-19,Inactive,SMS,6061,197,63,3108.63,4748.99,3.2,0.0325028873123247,0.3197969543147208,1.5276793957466792
497921,Membership Drive,2023-05-19,New Users,App,5895,475,42,3624.61,6787.74,2.09,0.08057675996607294,0.08842105263157894,1.8726814746965879
801854,Category Promotion,2023-05-19,New Users,App,1432,100,64,2069.34,2759.29,1.93,0.06983240223463687,0.64,1.3334154851305247
696280,App Push Notification,2023-05-19,Inactive,App,4912,984,55,4671.84,4690.73,3.85,0.2003257328990228,0.05589430894308943,1.0040433747731086
223682,Email Campaign,2023-05-19,All,Email,3897,838,23,3237.0,6154.37,1.78,0.21503720810880164,0.027446300715990454,1.9012573370404695
659617,Referral Program,2023-05-19,Premium,SMS,2025,282,66,1895.95,2235.52,3.09,0.13925925925925925,0.23404255319148937,1.1791028244415729
111755,New User Discount,2023-05-18,All,Email,4901,342,40,2155.78,4051.32,3.64,0.0697816772087329,0.11695906432748537,1.8792826726289324
152531,Weekend Special,2023-05-18,New Users,Social Media,7779,322,98,4346.54,8552.15,1.75,0.04139349530788019,0.30434782608695654,1.967576509131401
198692,Festival Offer,2023-05-18,Inactive,Email,2573,330,26,3661.44,7338.73,2.48,0.12825495530509134,0.07878787878787878,2.004328897919944
424620,Flash Sale,2023-05-18,Premium,App,5867,597,41,2342.24,5906.3,2.56,0.10175558206920061,0.06867671691792294,2.521645945761323
399294,Membership Drive,2023-05-18,Premium,Email,1833,787,74,3387.71,4482.05,2.75,0.42935079105291873,0.0940279542566709,1.3230323729008682
573419,Category Promotion,2023-05-18,All,SMS,1419,958,74,3395.06,8425.04,3.45,0.6751233262861169,0.07724425887265135,2.4815584997025093
652498,App Push Notification,2023-05-18,All,Email,5595,923,32,1951.84,6666.66,3.81,0.16496872207327973,0.03466955579631636,3.4155770964833185
476221,Email Campaign,2023-05-18,New Users,Email,8932,868,95,2019.8,8469.72,3.31,0.09717868338557993,0.10944700460829493,4.19334587582929
333172,Referral Program,2023-05-18,Premium,App,8099,519,87,3615.69,5282.47,2.69,0.06408198543030004,0.1676300578034682,1.4609853167721791
836950,New User Discount,2023-05-17,All,SMS,1129,359,77,4383.95,9985.75,3.77,0.3179805137289637,0.21448467966573817,2.27779742013481
624461,Weekend Special,2023-05-17,Premium,Email,6041,552,32,3314.93,5418.18,2.73,0.0913756000662142,0.057971014492753624,1.6344779527772835
524799,Festival Offer,2023-05-17,All,Social Media,3456,862,87,4344.55,9743.25,2.5,0.2494212962962963,0.10092807424593968,2.2426373272260647
748629,Flash Sale,2023-05-17,Inactive,Email,6892,563,49,3955.82,8077.33,2.02,0.08168891468369123,0.08703374777975133,2.041885121163248
160000,Membership Drive,2023-05-17,Inactive,SMS,7740,584,28,3544.44,6340.95,2.79,0.07545219638242893,0.04794520547945205,1.7889850018620712
697974,Category Promotion,2023-05-17,New Users,App,5973,188,24,1076.66,4624.89,1.56,0.03147497070149004,0.1276595744680851,4.295590065573162
997865,App Push Notification,2023-05-17,Inactive,App,4064,367,34,3256.24,4827.3,2.18,0.09030511811023623,0.09264305177111716,1.4824767216175714
915584,Email Campaign,2023-05-17,All,Social Media,6515,463,64,2714.06,7829.58,3.54,0.07106676899462779,0.13822894168466524,2.884822000987451
696161,Referral Program,2023-05-17,Inactive,Email,8097,257,84,2761.41,4383.74,3.47,0.0317401506730888,0.32684824902723736,1.5875005884674858
593516,New User Discount,2023-05-16,New Users,SMS,8634,708,30,4965.57,6027.94,2.06,0.08200138985406533,0.0423728813559322,1.2139472406994565
679337,Weekend Special,2023-05-16,All,SMS,9915,481,57,3713.96,4064.65,2.98,0.04851235501765003,0.11850311850311851,1.0944248187918018
583577,Festival Offer,2023-05-16,Premium,Email,5138,598,63,1690.7,9992.76,3.45,0.11638769949396652,0.10535117056856187,5.910427633524575
448415,Flash Sale,2023-05-16,New Users,App,8967,126,79,4963.72,8440.25,3.85,0.01405152224824356,0.626984126984127,1.7003880154400328
934062,Membership Drive,2023-05-16,All,App,5428,567,22,3999.89,4399.76,3.91,0.10445836403831982,0.03880070546737213,1.0999702491818526
650093,Category Promotion,2023-05-16,Premium,Social Media,9181,894,93,2995.42,6519.68,3.25,0.09737501361507461,0.1040268456375839,2.1765495322859567
735186,App Push Notification,2023-05-16,All,App,8012,785,26,4604.77,2931.72,3.66,0.09797803295057414,0.033121019108280254,0.6366702354297825
336779,Email Campaign,2023-05-16,New Users,Social Media,1436,800,18,1213.86,7146.98,3.34,0.5571030640668524,0.0225,5.887812433064768
435981,Referral Program,2023-05-16,Inactive,SMS,2997,256,50,1878.3,7947.33,2.75,0.08541875208541876,0.1953125,4.231129212585849
970628,New User Discount,2023-05-15,All,Email,1458,883,96,1667.03,9824.17,3.63,0.6056241426611797,0.1087202718006795,5.893217278633258
64454,Weekend Special,2023-05-15,Inactive,Social Media,4536,628,47,3309.39,3421.24,1.9,0.1384479717813051,0.07484076433121019,1.033797769377438
989288,Festival Offer,2023-05-15,All,SMS,2666,553,97,1050.76,6751.72,3.61,0.20742685671417854,0.17540687160940324,6.42555864326773
17827,Flash Sale,2023-05-15,All,Email,3256,289,91,1968.37,6523.2,2.09,0.08875921375921376,0.314878892733564,3.314011085314245
684574,Membership Drive,2023-05-15,New Users,Email,6471,313,43,1051.0,6833.46,1.57,0.04836964920414155,0.13738019169329074,6.5018648905804
187926,Category Promotion,2023-05-15,New Users,Social Media,4778,267,77,2565.27,7402.77,2.82,0.055881121808287984,0.2883895131086142,2.885766410553275
115385,App Push Notification,2023-05-15,Inactive,SMS,1128,913,13,1856.37,8250.26,2.1,0.8093971631205674,0.014238773274917854,4.4442972036824555
489166,Email Campaign,2023-05-15,All,Social Media,3093,203,78,1610.75,9035.59,3.06,0.06563207242159716,0.3842364532019704,5.609554555331368
16774,Referral Program,2023-05-15,New Users,App,7840,315,32,1628.5,6223.44,3.45,0.04017857142857143,0.10158730158730159,3.8215781393920785
931273,New User Discount,2023-05-14,New Users,SMS,1472,771,13,4904.82,7893.06,2.68,0.5237771739130435,0.016861219195849545,1.609245599226883
824412,Weekend Special,2023-05-14,New Users,App,8099,327,74,2393.83,2682.42,3.52,0.04037535498209655,0.22629969418960244,1.1205557621050786
558754,Festival Offer,2023-05-14,New Users,SMS,4050,467,80,1447.59,2943.29,1.59,0.11530864197530864,0.17130620985010706,2.0332345484564
240519,Flash Sale,2023-05-14,Premium,Email,3894,694,97,1870.39,9762.51,3.42,0.17822290703646637,0.13976945244956773,5.21950502301659
933333,Membership Drive,2023-05-14,All,Email,9026,933,79,3755.75,5240.48,2.84,0.10336804786173277,0.08467309753483387,1.39532183984557
136074,Category Promotion,2023-05-14,Inactive,Social Media,9292,482,11,4096.0,3484.87,1.89,0.05187257856220405,0.022821576763485476,0.85079833984375
36759,App Push Notification,2023-05-14,New Users,Email,7422,812,57,2883.81,9742.37,1.54,0.10940447318782,0.07019704433497537,3.37829815417798
956541,Email Campaign,2023-05-14,All,App,1790,957,63,4042.33,7574.75,2.15,0.5346368715083799,0.06583072100313479,1.8738574040219378
849059,Referral Program,2023-05-14,All,SMS,9157,544,12,3730.72,3156.47,3.45,0.059408103090531836,0.022058823529411766,0.8460752884161771
163857,New User Discount,2023-05-13,Inactive,Social Media,4659,549,23,2561.63,9141.66,1.88,0.11783644558918223,0.04189435336976321,3.568688686500392
21048,Weekend Special,2023-05-13,All,Social Media,6701,715,31,1156.09,7542.31,1.79,0.10670049246381137,0.043356643356643354,6.523981696926711
51352,Festival Offer,2023-05-13,New Users,App,2185,157,66,4498.95,5350.64,3.54,0.07185354691075514,0.42038216560509556,1.1893086164549507
602174,Flash Sale,2023-05-13,Premium,SMS,3197,344,75,2565.9,7676.89,3.63,0.10760087582108227,0.2180232558139535,2.991889785260532
470591,Membership Drive,2023-05-13,Premium,Social Media,5111,625,10,2761.91,9749.57,2.01,0.12228526707102329,0.016,3.530010029291324
767585,Category Promotion,2023-05-13,Premium,Email,7895,997,83,4816.44,5470.79,1.76,0.12628245725142495,0.08324974924774323,1.1358576043716937
483179,App Push Notification,2023-05-13,Inactive,Social Media,8467,947,36,2846.47,6271.59,2.75,0.11184599031534191,0.03801478352692714,2.203286878133267
847895,Email Campaign,2023-05-13,New Users,SMS,2415,838,78,3556.84,7048.13,3.51,0.34699792960662523,0.09307875894988067,1.981570720077372
895242,Referral Program,2023-05-13,Premium,App,2241,105,74,1606.96,8635.18,2.34,0.04685408299866131,0.7047619047619048,5.3736122865534925
924043,New User Discount,2023-05-12,Inactive,App,8550,486,89,2206.49,3029.02,3.82,0.056842105263157895,0.1831275720164609,1.3727775788696075
127407,Weekend Special,2023-05-12,New Users,Social Media,4679,322,62,2376.58,9638.16,1.86,0.06881812353066895,0.19254658385093168,4.055474673690766
550201,Festival Offer,2023-05-12,All,Social Media,1195,153,11,4244.67,9038.57,3.1,0.1280334728033473,0.0718954248366013,2.129392862107066
37189,Flash Sale,2023-05-12,New Users,Social Media,3574,237,26,2570.46,3802.92,2.76,0.06631225517627308,0.10970464135021098,1.47947060059289
68501,Membership Drive,2023-05-12,Premium,SMS,8379,721,77,2955.57,8980.91,2.74,0.0860484544695071,0.10679611650485436,3.038638908907588
275016,Category Promotion,2023-05-12,All,SMS,1181,748,47,1510.24,2351.9,3.05,0.6333615580016935,0.06283422459893048,1.557302150651552
506222,App Push Notification,2023-05-12,New Users,App,4647,880,76,2772.02,3812.75,1.61,0.18936948568969228,0.08636363636363636,1.3754410141340971
524490,Email Campaign,2023-05-12,All,Social Media,7262,268,96,1897.05,7945.95,2.11,0.03690443404020931,0.3582089552238806,4.188582272475686
864140,Referral Program,2023-05-12,All,Email,2879,665,40,1212.32,6783.54,2.12,0.23098298020145883,0.06015037593984962,5.595502837534645
733736,New User Discount,2023-05-11,Premium,Social Media,4052,544,75,1319.8,4403.52,3.18,0.13425468904244817,0.13786764705882354,3.3365055311410825
325390,Weekend Special,2023-05-11,New Users,SMS,4058,329,54,2570.61,8558.83,1.67,0.0810744208969936,0.1641337386018237,3.3294937777414697
981182,Festival Offer,2023-05-11,Premium,SMS,6182,877,91,4498.48,3360.27,3.0,0.14186347460368812,0.10376282782212087,0.7469789795664314
465503,Flash Sale,2023-05-11,Premium,Email,1263,154,68,2137.68,4163.69,2.34,0.12193190815518606,0.44155844155844154,1.9477611242094233
235131,Membership Drive,2023-05-11,New Users,App,3814,608,44,2747.55,9350.96,1.97,0.15941269008914524,0.07236842105263158,3.403381194154792
818661,Category Promotion,2023-05-11,Premium,App,7272,363,24,2576.11,6645.25,2.9,0.04991749174917492,0.06611570247933884,2.579567642686065
769087,App Push Notification,2023-05-11,All,SMS,1721,211,20,4935.87,3652.05,2.45,0.12260313771063336,0.0947867298578199,0.7398999568465134
23763,Email Campaign,2023-05-11,Premium,App,1868,547,92,4430.56,7795.23,2.18,0.29282655246252676,0.16819012797074953,1.7594231880394349
605119,Referral Program,2023-05-11,All,SMS,3371,439,28,2000.59,2927.71,1.51,0.1302284188668051,0.06378132118451026,1.463423290129412
22873,New User Discount,2023-05-10,Premium,Email,4915,238,15,2770.37,9548.93,2.43,0.04842319430315361,0.06302521008403361,3.446806744225501
971506,Weekend Special,2023-05-10,Premium,SMS,5574,350,20,4412.98,7725.6,1.66,0.06279153211338356,0.05714285714285714,1.7506537532461062
954185,Festival Offer,2023-05-10,Premium,App,8489,352,42,2584.65,8080.76,3.21,0.04146542584521145,0.11931818181818182,3.1264426518097226
417625,Flash Sale,2023-05-10,New Users,Email,2499,715,78,2583.46,7593.75,2.26,0.2861144457783113,0.10909090909090909,2.939372004985562
279189,Membership Drive,2023-05-10,New Users,Social Media,7733,542,79,3201.35,7387.87,2.29,0.07008922798396483,0.14575645756457564,2.307735798959814
383252,Category Promotion,2023-05-10,Inactive,Social Media,2173,304,100,4321.09,9490.74,2.62,0.13989875747814082,0.32894736842105265,2.1963763772566645
341661,App Push Notification,2023-05-10,Inactive,Email,3207,695,84,1010.36,9099.22,1.78,0.21671343935141876,0.12086330935251799,9.005918682449819
249341,Email Campaign,2023-05-10,Premium,SMS,6523,817,45,4325.82,4887.38,1.57,0.12524911850375595,0.05507955936352509,1.1298158499429012
642699,Referral Program,2023-05-10,New Users,App,7830,837,10,3988.21,8273.47,2.8,0.10689655172413794,0.011947431302270013,2.074482035800522
768915,New User Discount,2023-05-09,New Users,SMS,2990,779,96,4311.15,7648.5,2.42,0.26053511705685617,0.12323491655969192,1.7741205942729898
228887,Weekend Special,2023-05-09,All,SMS,8237,689,17,2201.69,7904.5,3.4,0.08364695884423941,0.02467343976777939,3.590196621686068
949625,Festival Offer,2023-05-09,Inactive,SMS,2917,706,70,3192.64,3819.96,3.7,0.24202948234487487,0.09915014164305949,1.196489425679062
812143,Flash Sale,2023-05-09,All,Social Media,7690,574,65,2423.35,9125.05,3.5,0.07464239271781535,0.1132404181184669,3.7654692883817855
354702,Membership Drive,2023-05-09,New Users,Email,6092,899,14,1707.94,7839.92,3.48,0.14757058437294812,0.01557285873192436,4.590278347014532
635834,Category Promotion,2023-05-09,Premium,Email,7222,355,30,3911.2,3435.73,2.32,0.049155358626419274,0.08450704225352113,0.8784337287788915
27094,App Push Notification,2023-05-09,Premium,Email,6290,231,16,3026.27,6913.03,3.71,0.03672496025437202,0.06926406926406926,2.2843401282767233
691955,Email Campaign,2023-05-09,Premium,SMS,8921,476,19,4150.37,7743.9,1.76,0.053357246945409706,0.03991596638655462,1.8658336485662723
294518,Referral Program,2023-05-09,All,Email,9559,589,58,4692.28,9397.17,3.27,0.06161732398786484,0.09847198641765705,2.002687392909204
313445,New User Discount,2023-05-08,Premium,App,8648,676,16,2291.51,2415.72,1.74,0.07816836262719704,0.023668639053254437,1.054204432884866
574878,Weekend Special,2023-05-08,Inactive,Email,5050,900,95,1766.32,5655.25,3.39,0.1782178217821782,0.10555555555555556,3.2017131663571723
509547,Festival Offer,2023-05-08,Premium,SMS,5454,512,27,3545.43,7088.76,1.63,0.09387605427209388,0.052734375,1.9994076882070724
157620,Flash Sale,2023-05-08,All,Email,8950,646,55,2829.44,9003.92,1.65,0.07217877094972067,0.08513931888544891,3.182226871748473
126790,Membership Drive,2023-05-08,All,App,6252,296,95,2488.25,2991.15,2.81,0.04734484964811261,0.32094594594594594,1.202109916608058
332833,Category Promotion,2023-05-08,New Users,App,1147,665,11,3562.23,4494.17,3.16,0.5797733217088056,0.016541353383458645,1.2616170207987694
680945,App Push Notification,2023-05-08,Inactive,SMS,4448,790,21,1508.5,8223.6,2.71,0.17760791366906475,0.026582278481012658,5.4515081206496525
783070,Email Campaign,2023-05-08,New Users,Email,7586,997,11,1925.16,8274.98,1.54,0.13142631162668073,0.011033099297893681,4.29833364499574
2127,Referral Program,2023-05-08,Inactive,Social Media,6947,625,57,2830.06,5541.54,2.94,0.0899668921836764,0.0912,1.9580998282721922
126382,New User Discount,2023-05-07,All,Social Media,3323,784,75,1856.61,6204.88,2.35,0.23593138730063196,0.09566326530612244,3.3420481415052166
118442,Weekend Special,2023-05-07,Premium,App,8598,916,17,1896.58,7115.31,3.73,0.10653640381484066,0.018558951965065504,3.7516529753556407
298334,Festival Offer,2023-05-07,Inactive,Email,8008,136,69,3536.97,7224.78,2.99,0.016983016983016984,0.5073529411764706,2.0426466721515872
267743,Flash Sale,2023-05-07,All,Email,5779,243,72,2532.58,4762.02,1.91,0.04204879736978716,0.2962962962962963,1.880303879837952
205249,Membership Drive,2023-05-07,Inactive,SMS,1004,804,37,4011.21,8654.03,2.14,0.8007968127490039,0.046019900497512436,2.1574612149451164
925862,Category Promotion,2023-05-07,New Users,Email,7569,906,49,4127.7,3752.23,1.54,0.11969877130400317,0.05408388520971302,0.9090365094362478
168190,App Push Notification,2023-05-07,New Users,App,8687,332,14,3770.41,7258.14,3.02,0.03821802693680212,0.04216867469879518,1.9250267212319085
230235,Email Campaign,2023-05-07,All,SMS,9057,754,85,3967.16,9205.8,3.32,0.0832505244562217,0.11273209549071618,2.3205013158027405
860299,Referral Program,2023-05-07,New Users,Social Media,3698,856,13,1556.31,6209.86,3.34,0.2314764737696052,0.015186915887850467,3.990117650082567
76521,New User Discount,2023-05-06,Premium,SMS,5675,722,38,2316.16,2219.3,1.87,0.12722466960352422,0.05263157894736842,0.9581807819839736
787411,Weekend Special,2023-05-06,All,SMS,5295,972,18,2027.96,7980.62,2.31,0.18356940509915015,0.018518518518518517,3.9352945817471743
527274,Festival Offer,2023-05-06,All,SMS,8269,849,65,3321.08,2485.77,2.9,0.10267263272463417,0.07656065959952886,0.7484824213809965
714997,Flash Sale,2023-05-06,New Users,Social Media,8109,825,80,3970.09,2950.73,1.76,0.10173880873103959,0.09696969696969697,0.7432400776808586
404213,Membership Drive,2023-05-06,All,Social Media,2169,219,18,2196.53,5040.59,2.3,0.10096818810511757,0.0821917808219178,2.2947967931236994
334438,Category Promotion,2023-05-06,Inactive,Email,3617,679,16,4131.56,7044.96,2.95,0.18772463367431574,0.023564064801178203,1.7051573739701225
903816,App Push Notification,2023-05-06,New Users,App,2128,390,26,4335.38,6926.23,3.98,0.18327067669172933,0.06666666666666667,1.5976062075296744
487893,Email Campaign,2023-05-06,New Users,Email,1874,845,13,3704.75,5271.18,2.36,0.45090715048025615,0.015384615384615385,1.4228166542951617
505743,Referral Program,2023-05-06,Inactive,SMS,7418,751,19,2351.5,6873.12,2.23,0.10124022647613912,0.02529960053262317,2.9228662555815434
932860,New User Discount,2023-05-05,Premium,Social Media,2155,819,62,4599.44,9198.45,1.78,0.380046403712297,0.0757020757020757,1.999906510357783
701379,Weekend Special,2023-05-05,Premium,App,4414,290,88,1740.64,8910.38,3.87,0.06570004531037607,0.30344827586206896,5.1190251861384315
181141,Festival Offer,2023-05-05,All,SMS,8451,312,32,2196.57,5125.65,1.54,0.03691870784522542,0.10256410256410256,2.333479015009765
822622,Flash Sale,2023-05-05,New Users,Email,9066,533,98,4267.44,7357.0,1.53,0.05879108757996911,0.18386491557223264,1.7239844028269877
377827,Membership Drive,2023-05-05,All,App,6100,227,92,1031.21,2440.64,2.91,0.03721311475409836,0.4052863436123348,2.366773014226006
719654,Category Promotion,2023-05-05,New Users,SMS,1077,581,42,2297.16,6388.8,3.95,0.5394614670380687,0.07228915662650602,2.7811732748263074
515134,App Push Notification,2023-05-05,Premium,SMS,1482,165,62,3927.43,9233.1,3.3,0.11133603238866396,0.37575757575757573,2.350926687426638
459615,Email Campaign,2023-05-05,Premium,Email,6571,635,91,2183.69,7923.88,3.36,0.09663673717851164,0.14330708661417324,3.6286652409453724
461552,Referral Program,2023-05-05,All,Email,1897,170,36,2828.31,5297.27,1.78,0.08961518186610437,0.21176470588235294,1.8729453277752441
993622,New User Discount,2023-05-04,All,SMS,3482,303,98,4095.83,2125.48,2.83,0.08701895462377944,0.3234323432343234,0.5189375535605726
638364,Weekend Special,2023-05-04,Premium,Email,5049,866,70,2992.47,7641.51,2.92,0.1715191126955833,0.08083140877598152,2.5535794845061104
768061,Festival Offer,2023-05-04,All,App,1172,496,29,4065.3,7389.65,2.27,0.4232081911262799,0.05846774193548387,1.8177379283201731
804950,Flash Sale,2023-05-04,All,App,1155,407,89,1133.64,2467.66,2.91,0.3523809523809524,0.21867321867321868,2.1767580537031153
914035,Membership Drive,2023-05-04,New Users,Social Media,8731,920,71,3251.26,9169.15,2.64,0.10537166418508762,0.07717391304347826,2.8201835596045837
194588,Category Promotion,2023-05-04,Inactive,Email,8610,118,46,3350.49,9849.44,1.65,0.013704994192799072,0.3898305084745763,2.93970135711493
295179,App Push Notification,2023-05-04,New Users,App,1137,211,43,4203.53,5246.05,3.16,0.18557607739665788,0.2037914691943128,1.2480106006142457
458372,Email Campaign,2023-05-04,New Users,App,4808,158,26,3325.73,3019.0,2.42,0.03286189683860233,0.16455696202531644,0.9077706247951578
437770,Referral Program,2023-05-04,All,SMS,4341,312,44,3753.58,5174.18,2.73,0.0718728403593642,0.14102564102564102,1.37846535840451
527629,New User Discount,2023-05-03,All,Social Media,6693,729,98,4007.44,4946.38,2.98,0.10891976692066338,0.13443072702331962,1.2342992034815243
362529,Weekend Special,2023-05-03,Premium,Social Media,1865,361,98,4700.17,3408.23,1.94,0.1935656836461126,0.27146814404432135,0.7251290910754292
456116,Festival Offer,2023-05-03,Inactive,Social Media,4998,868,85,3359.48,2183.8,3.89,0.17366946778711484,0.097926267281106,0.6500410777858479
846135,Flash Sale,2023-05-03,Premium,App,7863,185,51,4158.5,2650.27,1.59,0.02352791555385985,0.2756756756756757,0.6373139353132139
218497,Membership Drive,2023-05-03,All,SMS,1768,670,11,3703.38,3450.02,3.89,0.37895927601809953,0.016417910447761194,0.9315868206881281
632360,Category Promotion,2023-05-03,All,App,3500,874,20,4916.51,2253.37,1.68,0.24971428571428572,0.02288329519450801,0.45832714669552177
840265,App Push Notification,2023-05-03,Inactive,Email,6663,298,15,4955.72,2736.37,3.3,0.044724598529191056,0.050335570469798654,0.5521639640657664
203842,Email Campaign,2023-05-03,New Users,Email,1516,839,61,1899.54,2384.38,1.52,0.5534300791556728,0.07270560190703218,1.2552407424955516
147272,Referral Program,2023-05-03,All,Social Media,7768,825,10,3910.75,3783.4,3.28,0.10620494335736354,0.012121212121212121,0.967435913827271
680386,New User Discount,2023-05-02,Inactive,App,6334,376,79,4847.86,6773.88,2.45,0.05936217240290496,0.21010638297872342,1.3972928261129653
888253,Weekend Special,2023-05-02,New Users,SMS,3608,484,21,4152.65,6404.07,2.64,0.13414634146341464,0.04338842975206612,1.5421646418552009
781740,Festival Offer,2023-05-02,New Users,Email,6603,859,83,4123.17,3291.99,2.95,0.1300923822504922,0.09662398137369034,0.798412386586049
57397,Flash Sale,2023-05-02,Inactive,Social Media,8543,227,44,1371.53,8075.42,2.91,0.026571462015685356,0.19383259911894274,5.887891624681925
810994,Membership Drive,2023-05-02,New Users,App,8932,839,20,4350.29,8068.04,3.31,0.0939319301388267,0.023837902264600714,1.8545981992005132
387897,Category Promotion,2023-05-02,Inactive,SMS,1219,619,53,1937.58,4427.59,2.04,0.5077932731747334,0.08562197092084006,2.2851133888665243
432760,App Push Notification,2023-05-02,New Users,App,2992,417,68,2014.76,2755.88,2.27,0.1393716577540107,0.1630695443645084,1.3678453016736485
147648,Email Campaign,2023-05-02,All,Email,8093,218,95,2061.9,9766.32,3.22,0.026936859013962682,0.43577981651376146,4.736563363887676
860480,Referral Program,2023-05-02,All,Social Media,2026,882,97,1143.15,8138.32,3.57,0.4353405725567621,0.10997732426303855,7.1192057035384675
288640,New User Discount,2023-05-01,All,Social Media,2236,115,80,2338.12,8799.05,3.87,0.05143112701252236,0.6956521739130435,3.7633012847929104
773293,Weekend Special,2023-05-01,Premium,SMS,9775,238,86,2093.79,7166.28,2.81,0.02434782608695652,0.36134453781512604,3.422635507858954
426086,Festival Offer,2023-05-01,All,Social Media,4187,497,18,3573.18,5398.09,3.12,0.11870074038691188,0.03621730382293763,1.51072434078328
384946,Flash Sale,2023-05-01,Inactive,App,6335,993,77,1075.96,9185.55,2.9,0.15674822415153908,0.07754279959718026,8.537073868917059
479548,Membership Drive,2023-05-01,Premium,App,9198,125,20,3370.41,8731.99,2.52,0.013589910850184822,0.16,2.5907797567654973
775539,Category Promotion,2023-05-01,Premium,SMS,9419,876,23,2837.62,3495.72,1.96,0.09300350355664083,0.026255707762557076,1.2319197073603936
994496,App Push Notification,2023-05-01,All,SMS,9667,322,72,4537.64,5847.0,3.91,0.0333091962346126,0.2236024844720497,1.2885552842446732
959200,Email Campaign,2023-05-01,Inactive,SMS,5075,848,65,2325.88,5110.7,2.94,0.1670935960591133,0.07665094339622641,2.197318864257829
251405,Referral Program,2023-05-01,Premium,Email,4923,577,49,2400.1,3474.78,3.15,0.11720495632744261,0.08492201039861352,1.4477646764718137
611913,New User Discount,2023-04-30,Inactive,App,1112,113,41,3242.38,7915.72,1.99,0.10161870503597123,0.36283185840707965,2.441330134037343
905847,Weekend Special,2023-04-30,All,App,4374,236,83,3164.56,3144.28,1.84,0.053955189757658895,0.3516949152542373,0.993591526152135
203084,Festival Offer,2023-04-30,All,SMS,4642,980,80,4762.46,5680.11,1.81,0.2111158983196898,0.08163265306122448,1.1926840330417472
682159,Flash Sale,2023-04-30,Premium,SMS,3097,308,27,3168.95,2350.1,2.01,0.09945108169195996,0.08766233766233766,0.7416021079537386
513309,Membership Drive,2023-04-30,New Users,App,2397,406,99,2400.48,6194.57,2.0,0.16937838965373384,0.2438423645320197,2.5805547223888556
278796,Category Promotion,2023-04-30,Premium,Email,3814,746,32,4636.3,5441.7,3.06,0.19559517566858942,0.04289544235924933,1.1737161098289584
223366,App Push Notification,2023-04-30,New Users,Social Media,7641,512,10,4515.19,9561.4,2.44,0.0670069362648868,0.01953125,2.1176074539498893
378707,Email Campaign,2023-04-30,Inactive,Social Media,2347,919,32,4792.94,5506.96,1.94,0.39156369833830423,0.03482045701849837,1.1489732815349243
796926,Referral Program,2023-04-30,Inactive,App,1560,761,29,2492.53,3711.71,3.66,0.4878205128205128,0.03810775295663601,1.4891335309905998
976500,New User Discount,2023-04-29,Premium,App,3018,151,91,3020.85,4867.2,1.59,0.050033134526176276,0.6026490066225165,1.6112021450916132
409612,Weekend Special,2023-04-29,Premium,Social Media,3181,324,66,2743.83,8970.21,3.1,0.10185476265325369,0.2037037037037037,3.269229507659002
9650,Festival Offer,2023-04-29,Premium,Social Media,5010,232,91,1582.17,8900.41,2.18,0.04630738522954092,0.3922413793103448,5.625444800495521
519826,Flash Sale,2023-04-29,New Users,SMS,5865,212,94,2221.65,9322.73,2.04,0.036146632566069904,0.44339622641509435,4.196309049580266
929941,Membership Drive,2023-04-29,All,SMS,8856,788,40,3076.29,5633.32,1.71,0.08897922312556458,0.050761421319796954,1.8312057705872982
478646,Category Promotion,2023-04-29,Premium,Email,1112,322,64,1715.26,6831.32,2.99,0.289568345323741,0.19875776397515527,3.982673180742278
820037,App Push Notification,2023-04-29,Inactive,SMS,2015,738,40,4032.39,3433.97,3.43,0.36625310173697273,0.05420054200542006,0.8515966957561149
907515,Email Campaign,2023-04-29,New Users,Email,8751,633,46,1972.16,6814.81,2.33,0.07233459033253342,0.07266982622432859,3.4555056384877494
139388,Referral Program,2023-04-29,New Users,Email,1213,656,99,2957.67,8154.87,2.51,0.5408079142621599,0.15091463414634146,2.7571940074450496
807270,New User Discount,2023-04-28,Inactive,Social Media,9827,627,60,1448.96,7026.95,1.83,0.06380380584105017,0.09569377990430622,4.849650784010601
108229,Weekend Special,2023-04-28,New Users,App,8600,221,57,2650.04,7589.09,3.4,0.02569767441860465,0.2579185520361991,2.863764320538558
983126,Festival Offer,2023-04-28,New Users,Social Media,3878,183,100,2116.21,3599.86,2.18,0.047189272821041774,0.546448087431694,1.7010882662873723
292097,Flash Sale,2023-04-28,Premium,Email,1987,154,56,2468.2,4483.86,1.7,0.07750377453447409,0.36363636363636365,1.8166518110363827
843992,Membership Drive,2023-04-28,New Users,Email,3111,764,23,1265.7,8152.75,3.06,0.2455801992928319,0.030104712041884817,6.441297305838666
868947,Category Promotion,2023-04-28,New Users,App,6619,134,62,4405.54,8114.92,3.38,0.020244749962229944,0.4626865671641791,1.8419807787467597
390817,App Push Notification,2023-04-28,Premium,Social Media,5939,550,47,2675.93,7084.72,3.11,0.09260818319582421,0.08545454545454545,2.647572993314474
126056,Email Campaign,2023-04-28,Premium,Social Media,4735,277,68,1834.31,6566.1,1.52,0.05850052798310454,0.24548736462093862,3.5796021392240136
272636,Referral Program,2023-04-28,Premium,SMS,9012,277,87,3199.45,4950.54,3.44,0.030736795383932536,0.3140794223826715,1.5473096938536313
613112,New User Discount,2023-04-27,Inactive,Email,7747,306,36,2953.49,5443.03,3.22,0.039499160965535046,0.11764705882352941,1.8429146535116083
418387,Weekend Special,2023-04-27,Inactive,SMS,8823,490,24,3198.19,3477.77,3.21,0.05553666553326533,0.04897959183673469,1.0874181959170655
717858,Festival Offer,2023-04-27,All,Email,7381,474,73,1866.17,8215.22,2.14,0.06421894052296437,0.1540084388185654,4.402182009141717
463464,Flash Sale,2023-04-27,Inactive,SMS,6183,918,32,4814.38,6086.32,3.84,0.14847161572052403,0.034858387799564274,1.2641960127783847
405861,Membership Drive,2023-04-27,All,App,4445,660,50,3757.79,2060.73,2.83,0.1484814398200225,0.07575757575757576,0.5483888136378031
871327,Category Promotion,2023-04-27,Inactive,Email,7002,293,14,3709.21,6831.3,3.14,0.041845187089403026,0.04778156996587031,1.8417129253938171
775726,App Push Notification,2023-04-27,Premium,App,7302,180,76,3688.79,6023.25,2.91,0.024650780608052588,0.4222222222222222,1.6328525071907047
933013,Email Campaign,2023-04-27,All,App,5635,887,61,4177.0,9459.93,2.91,0.15740905057675245,0.06877113866967305,2.264766578884367
961794,Referral Program,2023-04-27,Inactive,SMS,1330,339,19,2989.43,7456.78,1.94,0.2548872180451128,0.05604719764011799,2.4943818721294697
600097,New User Discount,2023-04-26,Premium,App,8113,530,79,4603.36,6575.42,3.96,0.06532725255762356,0.1490566037735849,1.4283957804733936
877254,Weekend Special,2023-04-26,Inactive,SMS,4045,472,57,1718.15,4723.34,2.26,0.11668726823238566,0.12076271186440678,2.749084771411111
761714,Festival Offer,2023-04-26,All,Social Media,7696,821,22,4575.35,2907.22,2.97,0.10667879417879418,0.02679658952496955,0.635409312948736
709793,Flash Sale,2023-04-26,Premium,Social Media,2342,151,57,2804.82,6975.47,3.65,0.06447480785653288,0.37748344370860926,2.486958164873325
359615,Membership Drive,2023-04-26,Inactive,App,7172,509,80,2870.11,3214.21,3.43,0.07097044060234245,0.15717092337917485,1.1198908752626207
769330,Category Promotion,2023-04-26,Premium,Social Media,4243,112,11,2859.77,9781.45,1.65,0.026396417629036058,0.09821428571428571,3.4203624767026723
795749,App Push Notification,2023-04-26,Premium,Social Media,8392,219,37,1029.76,6018.12,1.86,0.02609628217349857,0.1689497716894977,5.8441967060285895
714155,Email Campaign,2023-04-26,Premium,SMS,7110,641,91,2208.24,5015.83,2.01,0.09015471167369901,0.1419656786271451,2.271415244719777
576438,Referral Program,2023-04-26,All,Social Media,6544,598,38,4692.28,9638.59,2.19,0.09138141809290953,0.06354515050167224,2.054137860485734
667892,New User Discount,2023-04-25,Premium,SMS,8041,524,87,2507.59,2960.87,2.62,0.06516602412635245,0.16603053435114504,1.1807632029159472
501523,Weekend Special,2023-04-25,New Users,Social Media,5106,538,19,2177.75,7883.2,1.91,0.1053662358010184,0.03531598513011153,3.619882906669728
592539,Festival Offer,2023-04-25,Premium,SMS,9938,839,53,2116.03,2735.69,2.1,0.0844234252364661,0.0631704410011919,1.2928408387404715
944351,Flash Sale,2023-04-25,Premium,Email,2931,229,98,3971.66,5937.54,2.9,0.07813033094506994,0.4279475982532751,1.4949769114173923
863399,Membership Drive,2023-04-25,All,SMS,4709,982,51,2212.54,3335.9,2.82,0.20853684434062433,0.051934826883910386,1.5077241541395863
642380,Category Promotion,2023-04-25,New Users,Email,8991,116,54,1649.92,4039.13,3.38,0.012901790679568457,0.46551724137931033,2.4480762703646235
178703,App Push Notification,2023-04-25,Premium,Email,5015,568,26,1472.31,3712.89,2.93,0.11326021934197408,0.045774647887323945,2.52181266173564
521134,Email Campaign,2023-04-25,Premium,Social Media,5548,187,24,1236.49,5631.47,2.99,0.033705839942321555,0.12834224598930483,4.554399954710512
492194,Referral Program,2023-04-25,Premium,Social Media,2341,674,70,1363.33,2589.95,2.27,0.28791114908158905,0.10385756676557864,1.899723471206531
358779,New User Discount,2023-04-24,Premium,Email,3894,771,63,2580.62,7719.94,2.88,0.19799691833590138,0.08171206225680934,2.9915059171826925
846164,Weekend Special,2023-04-24,Premium,Email,5555,914,50,3573.35,6055.92,2.28,0.16453645364536454,0.05470459518599562,1.6947458267452111
977801,Festival Offer,2023-04-24,Premium,App,8793,474,11,2928.88,2978.06,3.79,0.053906516547253494,0.023206751054852322,1.016791401491355
702142,Flash Sale,2023-04-24,Premium,SMS,6406,831,58,3113.07,6131.49,2.82,0.12972213549797065,0.06979542719614922,1.9695959294201542
967776,Membership Drive,2023-04-24,All,App,3989,866,97,3228.59,8028.08,2.41,0.21709701679618953,0.11200923787528869,2.4865591481110947
272895,Category Promotion,2023-04-24,Inactive,Social Media,7135,813,100,1099.78,8085.2,2.7,0.11394533987386125,0.12300123001230012,7.3516521486115405
182746,App Push Notification,2023-04-24,All,Email,7710,470,51,1536.87,6137.65,3.63,0.0609597924773022,0.10851063829787234,3.993603883217188
585465,Email Campaign,2023-04-24,Inactive,SMS,7953,571,56,2339.56,6799.55,2.11,0.07179680623664027,0.09807355516637478,2.906337089025287
439533,Referral Program,2023-04-24,Inactive,Email,1435,710,43,2460.26,5715.12,3.57,0.49477351916376305,0.06056338028169014,2.322973994618455
452054,New User Discount,2023-04-23,Premium,App,4448,846,55,4622.39,4638.01,3.79,0.19019784172661872,0.06501182033096926,1.0033792042644605
769588,Weekend Special,2023-04-23,New Users,Email,4453,581,73,1020.54,3953.43,2.4,0.13047383786211542,0.12564543889845095,3.873860897172085
292667,Festival Offer,2023-04-23,New Users,Email,3840,979,41,4195.22,4568.52,2.85,0.25494791666666666,0.04187946884576098,1.088982222624797
290059,Flash Sale,2023-04-23,All,Email,8577,817,78,4918.88,3113.7,2.8,0.09525475107846566,0.09547123623011015,0.6330099534853462
161129,Membership Drive,2023-04-23,Premium,App,4424,255,53,4342.66,9193.64,3.59,0.05764014466546112,0.20784313725490197,2.1170526819967486
489367,Category Promotion,2023-04-23,Inactive,Email,5757,670,38,3584.1,3067.07,3.11,0.11638005905853743,0.056716417910447764,0.8557434223375464
605188,App Push Notification,2023-04-23,New Users,App,9768,169,27,2502.16,2208.02,2.84,0.017301392301392302,0.15976331360946747,0.882445567030086
705775,Email Campaign,2023-04-23,Inactive,App,6592,101,10,4435.05,5067.37,2.19,0.015321601941747573,0.09900990099009901,1.1425733644491043
273217,Referral Program,2023-04-23,Premium,App,8875,910,31,4575.04,7774.59,2.62,0.10253521126760563,0.03406593406593406,1.6993490767293837
601617,New User Discount,2023-04-22,All,SMS,6424,918,78,1161.82,5149.61,2.69,0.14290161892901618,0.08496732026143791,4.4323647380833515
762053,Weekend Special,2023-04-22,Premium,Email,8387,649,84,2245.03,6244.0,3.4,0.0773816620961011,0.12942989214175654,2.7812545934798196
431436,Festival Offer,2023-04-22,Premium,Email,4659,442,51,1608.02,9395.69,2.17,0.09487014380768405,0.11538461538461539,5.843018121665154
621508,Flash Sale,2023-04-22,Inactive,App,2438,543,30,4297.63,6373.14,3.8,0.22272354388843313,0.055248618784530384,1.4829429243559822
976829,Membership Drive,2023-04-22,All,SMS,8137,112,22,3481.66,5034.83,2.29,0.013764286592110115,0.19642857142857142,1.4461004233612702
730085,Category Promotion,2023-04-22,All,Social Media,7079,413,98,2924.16,2414.84,3.34,0.05834157366859726,0.23728813559322035,0.8258234843510616
21583,App Push Notification,2023-04-22,All,Email,6287,572,18,4799.81,4253.05,2.81,0.09098139017019247,0.03146853146853147,0.8860871576166556
749734,Email Campaign,2023-04-22,Premium,Social Media,7906,249,97,1698.27,5717.08,2.35,0.03149506703769289,0.3895582329317269,3.3664140566576575
940610,Referral Program,2023-04-22,Premium,Social Media,3856,267,98,4033.47,8017.89,1.52,0.06924273858921162,0.36704119850187267,1.9878392550335073
763191,New User Discount,2023-04-21,Premium,App,2244,417,94,2120.49,4531.47,2.07,0.1858288770053476,0.22541966426858512,2.1369919216784803
227522,Weekend Special,2023-04-21,Inactive,Email,6947,475,99,2458.85,2555.47,2.83,0.06837483805959407,0.20842105263157895,1.0392947922809443
69342,Festival Offer,2023-04-21,All,App,5630,462,14,3372.27,3064.53,1.81,0.08206039076376555,0.030303030303030304,0.9087439617824197
379241,Flash Sale,2023-04-21,Inactive,Social Media,3960,271,98,4337.96,3897.25,3.93,0.06843434343434343,0.36162361623616235,0.8984061632656825
890911,Membership Drive,2023-04-21,Inactive,Social Media,4785,225,68,4414.5,8979.22,2.61,0.047021943573667714,0.3022222222222222,2.034028768829992
839825,Category Promotion,2023-04-21,New Users,App,1647,803,93,4582.52,5311.79,2.38,0.48755312689738917,0.11581569115815692,1.1591416949625968
931869,App Push Notification,2023-04-21,New Users,App,5499,236,14,3384.98,2388.79,2.58,0.04291689398072377,0.059322033898305086,0.7057028401940336
741618,Email Campaign,2023-04-21,New Users,App,9349,640,31,1777.09,4003.69,1.59,0.06845651941384105,0.0484375,2.2529472339611387
586420,Referral Program,2023-04-21,New Users,App,2334,352,52,3231.24,3690.68,2.23,0.15081405312767782,0.14772727272727273,1.1421869003849916
590957,New User Discount,2023-04-20,Premium,Email,2351,724,18,4056.52,4894.73,3.69,0.3079540621012335,0.024861878453038673,1.2066327788350606
491022,Weekend Special,2023-04-20,All,App,2096,582,52,2327.74,4705.85,3.05,0.2776717557251908,0.08934707903780069,2.021639014666587
489464,Festival Offer,2023-04-20,Premium,SMS,1309,350,100,2826.88,6372.4,2.18,0.26737967914438504,0.2857142857142857,2.2542166628933664
513571,Flash Sale,2023-04-20,All,Social Media,6778,416,25,2285.44,2843.67,2.04,0.06137503688403659,0.06009615384615385,1.2442549355922712
765157,Membership Drive,2023-04-20,Premium,SMS,9581,997,42,2578.4,4447.42,1.66,0.10406011898549213,0.04212637913741224,1.7248758920260627
276239,Category Promotion,2023-04-20,All,App,8064,759,85,2251.35,9052.54,3.1,0.09412202380952381,0.11198945981554677,4.020938547982322
456764,App Push Notification,2023-04-20,Premium,App,9425,243,37,3016.75,8671.94,2.5,0.025782493368700265,0.1522633744855967,2.874596834341593
460778,Email Campaign,2023-04-20,Inactive,Email,7107,734,62,4143.83,5436.41,1.89,0.10327845785844941,0.08446866485013624,1.311928819473772
350956,Referral Program,2023-04-20,Inactive,SMS,3667,710,65,4811.1,6180.77,2.79,0.19361876193073357,0.09154929577464789,1.2846895720313443
580945,New User Discount,2023-04-19,New Users,App,9352,299,99,4878.03,8217.49,1.64,0.03197177074422584,0.3311036789297659,1.6845919356789525
722642,Weekend Special,2023-04-19,All,SMS,4350,246,64,1474.35,7618.68,3.5,0.05655172413793103,0.2601626016260163,5.16748397598942
854007,Festival Offer,2023-04-19,All,App,9178,649,55,2260.39,3459.7,1.66,0.07071257354543474,0.0847457627118644,1.5305765819172799
517882,Flash Sale,2023-04-19,New Users,App,8707,905,23,3455.71,7875.24,3.14,0.1039393591363271,0.02541436464088398,2.2789065054648683
860706,Membership Drive,2023-04-19,Inactive,SMS,8560,530,28,2895.57,8546.35,2.58,0.06191588785046729,0.052830188679245285,2.9515259517124433
175630,Category Promotion,2023-04-19,New Users,Social Media,7164,241,40,2236.07,6012.69,3.18,0.03364042434394193,0.16597510373443983,2.6889542813954836
592245,App Push Notification,2023-04-19,All,App,8654,207,75,3616.01,8344.03,3.66,0.023919574763115323,0.36231884057971014,2.3075240389268834
901493,Email Campaign,2023-04-19,Premium,Social Media,7263,157,40,1736.23,4790.27,1.54,0.021616411950984443,0.25477707006369427,2.759006583229181
492382,Referral Program,2023-04-19,Premium,Social Media,2893,245,11,4754.62,2937.32,3.72,0.08468717594192879,0.044897959183673466,0.6177822833370491
425932,New User Discount,2023-04-18,Inactive,SMS,4822,359,63,3853.98,2376.13,1.83,0.07445043550394027,0.17548746518105848,0.6165392659017431
64743,Weekend Special,2023-04-18,All,Email,7827,866,42,2956.06,7615.61,3.23,0.11064264724671011,0.04849884526558892,2.5762704410600596
403509,Festival Offer,2023-04-18,Inactive,App,1926,501,100,4887.72,3946.11,2.13,0.2601246105919003,0.1996007984031936,0.8073518941346886
98114,Flash Sale,2023-04-18,Premium,SMS,7037,457,78,3840.41,4361.92,2.55,0.06494244706551087,0.17067833698030635,1.1357953968456493
666677,Membership Drive,2023-04-18,Premium,Social Media,5785,217,24,3021.9,6470.08,2.68,0.037510803802938635,0.11059907834101383,2.1410635692776068
151163,Category Promotion,2023-04-18,All,Email,1458,682,56,1422.03,9435.14,3.21,0.46776406035665297,0.08211143695014662,6.634979571457705
574873,App Push Notification,2023-04-18,All,SMS,9681,634,42,1246.55,3028.84,2.37,0.06548910236545812,0.06624605678233439,2.4297781877983238
292549,Email Campaign,2023-04-18,All,SMS,8784,271,81,1416.16,8142.02,3.75,0.030851548269581055,0.2988929889298893,5.74936447858999
678124,Referral Program,2023-04-18,New Users,Social Media,2228,250,84,4096.23,3558.65,2.87,0.11220825852782765,0.336,0.8687622521196321
350389,New User Discount,2023-04-17,Inactive,App,3538,777,15,2206.96,9897.86,2.11,0.21961560203504804,0.019305019305019305,4.48483887338239
565127,Weekend Special,2023-04-17,Premium,SMS,1656,344,59,2052.13,7427.75,3.54,0.20772946859903382,0.17151162790697674,3.619531901000424
933249,Festival Offer,2023-04-17,Premium,App,7878,717,11,3575.32,6148.18,3.9,0.09101294744859101,0.015341701534170154,1.7196167056375373
262898,Flash Sale,2023-04-17,All,Social Media,2594,996,57,4756.74,2792.49,2.42,0.38396299151888974,0.0572289156626506,0.587059624869133
194090,Membership Drive,2023-04-17,Inactive,SMS,9374,522,13,3939.8,6900.26,1.84,0.05568593983358225,0.02490421455938697,1.7514239301487384
356409,Category Promotion,2023-04-17,Inactive,Social Media,2576,580,63,3491.13,4789.0,3.48,0.2251552795031056,0.10862068965517241,1.3717621515096832
596915,App Push Notification,2023-04-17,Premium,Social Media,3386,789,46,1782.13,8154.42,3.08,0.23301831069108092,0.058301647655259824,4.575659463675489
432127,Email Campaign,2023-04-17,All,Social Media,2552,267,86,2402.89,6134.39,1.63,0.10462382445141066,0.32209737827715357,2.552921690131467
958437,Referral Program,2023-04-17,Inactive,SMS,4941,596,80,1826.15,3855.28,2.5,0.1206233555960332,0.1342281879194631,2.111151876899488
379633,New User Discount,2023-04-16,All,App,9641,489,25,4510.43,8415.9,3.58,0.05072087957680738,0.05112474437627812,1.8658753156572654
114071,Weekend Special,2023-04-16,New Users,App,7055,468,60,4000.89,5940.12,3.06,0.0663359319631467,0.1282051282051282,1.4846996543269122
545750,Festival Offer,2023-04-16,Premium,Social Media,4577,938,31,3481.5,8542.15,3.25,0.20493773213895564,0.03304904051172708,2.45358322562114
976657,Flash Sale,2023-04-16,New Users,SMS,7694,439,85,2024.19,6005.19,1.87,0.05705744736158045,0.19362186788154898,2.9667126109703137
337633,Membership Drive,2023-04-16,Inactive,SMS,9758,517,41,4354.3,7552.45,1.68,0.05298216847714696,0.07930367504835589,1.7344808580024342
953661,Category Promotion,2023-04-16,Inactive,App,9562,682,60,1641.26,5992.35,3.33,0.07132399079690441,0.08797653958944282,3.6510668632635905
314738,App Push Notification,2023-04-16,Inactive,SMS,5776,665,49,4563.33,7201.74,2.33,0.11513157894736842,0.07368421052631578,1.5781764632406599
712505,Email Campaign,2023-04-16,Inactive,SMS,1913,625,93,4740.54,9242.25,2.58,0.3267119707266074,0.1488,1.94961966358263
768168,Referral Program,2023-04-16,New Users,SMS,8603,995,99,2933.06,4409.47,2.77,0.11565732883877718,0.09949748743718594,1.5033684957007358
509467,New User Discount,2023-04-15,New Users,Email,5271,423,34,3168.18,8776.82,3.94,0.08025042686397268,0.08037825059101655,2.770303454980462
393654,Weekend Special,2023-04-15,New Users,App,4666,201,93,4868.23,3181.23,3.83,0.0430775825117874,0.4626865671641791,0.6534674820211864
415708,Festival Offer,2023-04-15,Inactive,Email,6067,422,84,3522.37,8178.42,2.38,0.06955661776825449,0.1990521327014218,2.321851480679202
120812,Flash Sale,2023-04-15,Inactive,Email,1872,386,45,4122.33,2991.89,2.39,0.20619658119658119,0.11658031088082901,0.7257764419636468
224487,Membership Drive,2023-04-15,Premium,App,5837,386,77,2230.47,5876.68,2.27,0.06612986123008395,0.19948186528497408,2.634727209960233
575516,Category Promotion,2023-04-15,Premium,Email,1630,255,76,1894.59,9935.59,1.66,0.15644171779141106,0.2980392156862745,5.244190035838889
859693,App Push Notification,2023-04-15,Inactive,Social Media,4696,413,97,4479.25,8137.79,3.99,0.08794718909710392,0.23486682808716708,1.8167751297650276
836553,Email Campaign,2023-04-15,New Users,SMS,6925,666,36,4068.72,8087.81,2.0,0.09617328519855596,0.05405405405405406,1.9878020605989108
601966,Referral Program,2023-04-15,All,SMS,1050,997,38,1550.31,3171.49,2.68,0.9495238095238095,0.03811434302908726,2.04571343795757
811435,New User Discount,2023-04-14,New Users,Email,5662,124,88,2275.81,7033.22,3.98,0.02190038855528082,0.7096774193548387,3.090424947601074
773570,Weekend Special,2023-04-14,Premium,App,4915,900,10,3667.09,9303.79,2.24,0.18311291963377416,0.011111111111111112,2.5371043524974843
991848,Festival Offer,2023-04-14,New Users,SMS,3195,914,90,4085.11,4280.95,2.43,0.28607198748043816,0.09846827133479212,1.0479399575531625
341725,Flash Sale,2023-04-14,New Users,App,7511,272,46,4031.61,5289.69,3.6,0.03621355345493277,0.16911764705882354,1.312053993317806
891576,Membership Drive,2023-04-14,New Users,App,6440,437,40,4331.58,4130.48,3.81,0.06785714285714285,0.09153318077803203,0.9535735228253893
771295,Category Promotion,2023-04-14,All,SMS,4457,530,55,1835.35,5808.48,2.73,0.118914067758582,0.10377358490566038,3.164780559566295
176606,App Push Notification,2023-04-14,New Users,Social Media,5120,513,39,3777.84,8997.78,3.13,0.1001953125,0.07602339181286549,2.38172606568833
670546,Email Campaign,2023-04-14,Inactive,App,2683,821,62,3545.74,9962.45,1.64,0.3060007454342154,0.07551766138855055,2.8096955783559996
212680,Referral Program,2023-04-14,All,App,2520,197,83,2689.71,3524.07,2.68,0.07817460317460317,0.4213197969543147,1.3102044458324504
328135,New User Discount,2023-04-13,All,App,5833,156,78,2917.95,5899.36,2.09,0.026744385393451055,0.5,2.0217481451018693
585057,Weekend Special,2023-04-13,Inactive,Social Media,9712,305,10,1327.54,4883.8,1.76,0.03140444810543657,0.03278688524590164,3.678834536059177
523780,Festival Offer,2023-04-13,All,Email,3631,257,11,2967.62,4735.87,2.53,0.07077939961443129,0.042801556420233464,1.5958478511399707
870335,Flash Sale,2023-04-13,Premium,Email,3708,697,10,1784.11,5207.17,3.51,0.18797195253505933,0.014347202295552367,2.9186373037536923
1836,Membership Drive,2023-04-13,All,App,4198,926,88,3265.42,7039.53,2.89,0.2205812291567413,0.09503239740820735,2.1557808796418225
435597,Category Promotion,2023-04-13,All,SMS,9282,647,74,3637.49,8327.82,3.67,0.06970480499892265,0.1143740340030912,2.289441345543218
110926,App Push Notification,2023-04-13,Premium,App,7076,760,41,2419.99,4756.83,2.57,0.10740531373657433,0.05394736842105263,1.96564035388576
937264,Email Campaign,2023-04-13,All,App,6308,481,69,4422.93,2197.34,2.92,0.07625237793278376,0.14345114345114346,0.4968064156565896
54476,Referral Program,2023-04-13,Premium,SMS,1211,935,99,3091.76,3766.76,3.83,0.7720891824938068,0.10588235294117647,1.2183222501099698
369077,New User Discount,2023-04-12,All,Social Media,1905,564,42,3361.55,5003.01,3.71,0.29606299212598425,0.07446808510638298,1.4883045023872916
350914,Weekend Special,2023-04-12,Premium,Social Media,9488,354,39,3685.71,5152.89,3.11,0.037310286677908935,0.11016949152542373,1.398072555898321
137049,Festival Offer,2023-04-12,All,SMS,4453,770,56,2491.75,7993.02,3.01,0.1729171345160566,0.07272727272727272,3.207793719273603
736163,Flash Sale,2023-04-12,Premium,Social Media,3942,604,72,2875.7,2616.97,2.68,0.15322171486555047,0.11920529801324503,0.9100288625378169
458871,Membership Drive,2023-04-12,Premium,Email,3564,633,12,1458.28,6504.13,2.32,0.1776094276094276,0.018957345971563982,4.460137970760074
881790,Category Promotion,2023-04-12,Premium,SMS,1715,733,35,1401.25,5272.33,3.58,0.4274052478134111,0.047748976807639835,3.7625905441570024
704949,App Push Notification,2023-04-12,Premium,Social Media,6877,943,52,2374.55,6040.92,1.56,0.13712374581939799,0.05514316012725345,2.5440272893811455
496238,Email Campaign,2023-04-12,All,App,4938,657,81,4955.58,2649.51,3.08,0.1330498177399757,0.1232876712328767,0.5346518470088265
691355,Referral Program,2023-04-12,All,Email,8021,464,16,3246.1,2130.42,2.04,0.057848148609899015,0.034482758620689655,0.6563014078432581
542979,New User Discount,2023-04-11,All,SMS,2887,535,50,3410.67,6461.03,1.53,0.18531347419466573,0.09345794392523364,1.8943580000410476
718585,Weekend Special,2023-04-11,Premium,App,9499,131,57,1913.48,6887.1,2.15,0.01379092536056427,0.4351145038167939,3.5992537157430444
542200,Festival Offer,2023-04-11,All,Social Media,9920,666,15,1246.61,3534.43,1.87,0.06713709677419355,0.02252252252252252,2.8352331523090624
55061,Flash Sale,2023-04-11,Inactive,SMS,9905,575,43,1377.87,7318.25,3.04,0.05805148914689551,0.07478260869565218,5.311277551583241
609208,Membership Drive,2023-04-11,Premium,Social Media,6238,475,69,4647.28,5720.01,2.99,0.07614620070535429,0.14526315789473684,1.2308296465889725
588500,Category Promotion,2023-04-11,Premium,Email,3743,295,68,4638.37,9110.79,2.99,0.07881378573336896,0.2305084745762712,1.9642223453497676
895468,App Push Notification,2023-04-11,New Users,Email,2741,891,81,4097.76,4017.56,3.64,0.32506384531192994,0.09090909090909091,0.9804283315762757
234128,Email Campaign,2023-04-11,All,SMS,6688,315,16,3255.99,7359.21,1.66,0.04709928229665072,0.050793650793650794,2.260206573116011
219946,Referral Program,2023-04-11,Inactive,SMS,7785,285,93,2843.66,4366.85,2.04,0.036608863198458574,0.3263157894736842,1.5356442050034114
705949,New User Discount,2023-04-10,All,Social Media,9221,106,70,2141.32,5650.53,3.93,0.011495499403535408,0.660377358490566,2.6388069041525783
271358,Weekend Special,2023-04-10,All,Email,5495,897,63,1860.21,8585.32,2.56,0.16323930846223839,0.07023411371237458,4.6152423651093155
467919,Festival Offer,2023-04-10,Premium,App,7596,500,58,4690.29,3764.12,2.29,0.06582411795681938,0.116,0.802534598073893
479178,Flash Sale,2023-04-10,Inactive,App,4037,401,14,2404.75,7676.71,2.9,0.09933118652464701,0.034912718204488775,3.192311051044807
324254,Membership Drive,2023-04-10,Inactive,SMS,9756,162,89,4006.37,4930.31,2.18,0.016605166051660517,0.5493827160493827,1.2306177412470642
228000,Category Promotion,2023-04-10,All,Email,3411,895,89,3497.26,2786.06,3.83,0.26238639695104077,0.09944134078212291,0.7966407987967723
553566,App Push Notification,2023-04-10,Premium,Email,3789,575,88,2485.95,5839.97,1.99,0.15175508049617314,0.15304347826086956,2.34919045033086
808912,Email Campaign,2023-04-10,Premium,Social Media,5490,485,89,3655.44,5802.17,2.96,0.0883424408014572,0.18350515463917524,1.5872699319370582
34479,Referral Program,2023-04-10,New Users,SMS,8100,801,84,1934.35,5040.8,2.94,0.09888888888888889,0.10486891385767791,2.6059399798381886
804902,New User Discount,2023-04-09,Premium,SMS,9653,452,61,3429.33,8343.56,2.47,0.04682482129907801,0.13495575221238937,2.433000032076236
178137,Weekend Special,2023-04-09,Inactive,Social Media,4705,578,38,3796.73,6764.18,2.8,0.1228480340063762,0.0657439446366782,1.7815804652951357
688255,Festival Offer,2023-04-09,Premium,Social Media,4826,689,21,4126.58,5222.03,3.83,0.1427683381682553,0.030478955007256895,1.2654619563900373
189210,Flash Sale,2023-04-09,All,SMS,9325,732,90,3843.93,9037.68,1.94,0.07849865951742627,0.12295081967213115,2.3511562385371225
363455,Membership Drive,2023-04-09,New Users,Email,1221,365,82,2263.96,7378.56,2.89,0.2989352989352989,0.22465753424657534,3.259138854043358
355933,Category Promotion,2023-04-09,All,Social Media,6882,653,74,2665.84,6708.83,2.23,0.0948852077884336,0.11332312404287902,2.516591393331933
695492,App Push Notification,2023-04-09,New Users,App,4714,946,98,3149.49,9236.8,1.74,0.2006788290199406,0.10359408033826638,2.932792293355432
233201,Email Campaign,2023-04-09,Inactive,SMS,1889,195,75,1141.53,9069.01,3.52,0.10322922181048173,0.38461538461538464,7.944609427697914
907773,Referral Program,2023-04-09,Inactive,App,6220,163,55,4938.44,2118.01,2.53,0.026205787781350482,0.3374233128834356,0.4288824001101563
955492,New User Discount,2023-04-08,Premium,Social Media,5814,302,24,4207.31,8538.37,2.69,0.05194358445132439,0.07947019867549669,2.029413092926359
565634,Weekend Special,2023-04-08,All,Email,6667,127,87,1401.4,7050.13,2.11,0.01904904754762262,0.6850393700787402,5.0307763664906515
832376,Festival Offer,2023-04-08,Inactive,App,6081,453,21,1913.55,4301.5,3.1,0.07449432659102122,0.046357615894039736,2.247916176739568
48515,Flash Sale,2023-04-08,New Users,Social Media,9969,985,66,4713.06,5157.51,3.51,0.09880629952853846,0.06700507614213198,1.0943017911929829
413148,Membership Drive,2023-04-08,All,Email,1695,911,99,2981.81,9680.96,2.01,0.5374631268436578,0.10867178924259056,3.246672323186252
268743,Category Promotion,2023-04-08,Premium,SMS,6482,464,85,1297.2,5269.53,2.44,0.07158284480098735,0.18318965517241378,4.062234042553191
545556,App Push Notification,2023-04-08,Premium,Social Media,7293,430,24,3428.23,4994.9,2.22,0.05896064719594132,0.05581395348837209,1.4569909253463156
336935,Email Campaign,2023-04-08,New Users,App,4972,684,66,3356.86,7895.98,3.41,0.13757039420756234,0.09649122807017543,2.352192227259999
182260,Referral Program,2023-04-08,All,SMS,5127,218,18,3980.61,7601.79,1.6,0.042519992198166566,0.08256880733944955,1.909704793988861
524447,New User Discount,2023-04-07,Inactive,Social Media,6558,630,74,3233.39,4216.39,2.21,0.09606587374199452,0.11746031746031746,1.3040152904536726
163962,Weekend Special,2023-04-07,New Users,SMS,5940,157,61,4353.75,2476.51,2.76,0.02643097643097643,0.3885350318471338,0.5688222796439851
106401,Festival Offer,2023-04-07,Premium,SMS,7906,800,84,2279.22,5312.62,2.15,0.10118897040222616,0.105,2.3308939022999096
848154,Flash Sale,2023-04-07,All,SMS,4640,275,27,2380.65,7555.88,2.36,0.059267241379310345,0.09818181818181818,3.1738726818305922
438903,Membership Drive,2023-04-07,All,SMS,6787,776,20,4189.85,6658.06,3.68,0.11433623102991013,0.02577319587628866,1.5890926882823968
254296,Category Promotion,2023-04-07,Premium,Social Media,7164,906,77,2895.95,3459.66,3.49,0.12646566164154105,0.08498896247240618,1.1946546038432984
294088,App Push Notification,2023-04-07,Premium,Social Media,2713,203,31,2378.54,3510.08,2.24,0.07482491706597862,0.15270935960591134,1.4757288084287
902106,Email Campaign,2023-04-07,All,App,5209,992,56,3532.78,8219.88,2.56,0.19043962372816278,0.056451612903225805,2.326745509202384
417894,Referral Program,2023-04-07,Premium,Social Media,9439,659,79,1836.98,7774.9,3.84,0.069816717872656,0.11987860394537178,4.2324358457903735
458783,New User Discount,2023-04-06,New Users,Email,2005,226,46,2727.19,3898.02,3.89,0.11271820448877805,0.20353982300884957,1.4293173559597974
381347,Weekend Special,2023-04-06,New Users,SMS,3852,442,98,1743.38,9520.66,2.83,0.11474558670820353,0.22171945701357465,5.461035459853846
872964,Festival Offer,2023-04-06,Inactive,Email,7024,872,78,2302.55,5192.68,1.61,0.12414578587699317,0.08944954128440367,2.2551866408981347
952584,Flash Sale,2023-04-06,Inactive,Email,5728,847,26,2662.2,7112.61,1.68,0.14787011173184358,0.030696576151121605,2.6717038539553752
55131,Membership Drive,2023-04-06,New Users,Email,4990,746,21,3226.93,5352.11,1.52,0.14949899799599198,0.028150134048257374,1.6585764178336686
137461,Category Promotion,2023-04-06,New Users,App,5414,690,58,4849.92,6865.5,2.36,0.12744735869966753,0.08405797101449275,1.415590360253365
13677,App Push Notification,2023-04-06,Premium,App,5698,744,99,3873.04,5814.04,3.76,0.13057213057213057,0.13306451612903225,1.5011567141057154
412891,Email Campaign,2023-04-06,Inactive,SMS,5064,881,62,2570.22,6222.32,2.06,0.1739731437598736,0.07037457434733257,2.420928947716538
320308,Referral Program,2023-04-06,All,Social Media,1864,690,52,3695.71,9724.87,2.47,0.3701716738197425,0.07536231884057971,2.6313942381842734
262320,New User Discount,2023-04-05,All,Social Media,4187,927,82,4754.69,4866.84,2.48,0.22139957009792213,0.08845738942826321,1.0235872370228134
221023,Weekend Special,2023-04-05,All,Email,5300,301,77,1913.78,9351.66,2.7,0.05679245283018868,0.2558139534883721,4.886486429997178
95809,Festival Offer,2023-04-05,Premium,Social Media,7272,706,96,2800.01,9179.48,3.85,0.09708470847084709,0.1359773371104816,3.278374005807122
467722,Flash Sale,2023-04-05,New Users,SMS,3655,280,53,4906.1,7788.79,1.61,0.07660738714090287,0.18928571428571428,1.5875726136850044
759562,Membership Drive,2023-04-05,All,Social Media,6323,782,20,4336.85,3994.19,3.57,0.12367547050450735,0.02557544757033248,0.920988736064194
556108,Category Promotion,2023-04-05,All,App,5089,475,14,3669.8,8122.74,3.96,0.09333857339359403,0.029473684210526315,2.2134012752738568
746123,App Push Notification,2023-04-05,Premium,App,8629,397,76,1873.02,7239.5,2.74,0.04600764862672384,0.19143576826196473,3.86514826323264
689759,Email Campaign,2023-04-05,All,Email,2187,460,40,4454.92,7995.66,1.51,0.21033379058070417,0.08695652173913043,1.7947931724924353
449091,Referral Program,2023-04-05,Inactive,SMS,9999,712,69,1239.22,9901.62,2.45,0.0712071207120712,0.09691011235955056,7.990203515114347
167941,New User Discount,2023-04-04,All,Social Media,3648,518,59,2039.34,5897.25,2.15,0.14199561403508773,0.1138996138996139,2.8917443878902
529073,Weekend Special,2023-04-04,All,Social Media,2604,950,48,4661.81,4031.15,3.06,0.36482334869431643,0.05052631578947368,0.8647177812909578
273357,Festival Offer,2023-04-04,Inactive,SMS,2331,411,50,2996.79,7260.03,2.35,0.17631917631917632,0.12165450121654502,2.422602184337241
208085,Flash Sale,2023-04-04,New Users,Email,8729,599,97,3266.41,4890.52,3.96,0.06862183526177111,0.16193656093489148,1.4972155975520527
193199,Membership Drive,2023-04-04,All,Email,1201,352,53,2753.95,3038.88,1.6,0.29308909242298087,0.15056818181818182,1.1034622996060206
937642,Category Promotion,2023-04-04,Premium,Email,2550,684,33,2725.61,7262.73,1.67,0.26823529411764707,0.04824561403508772,2.6646255333668423
469575,App Push Notification,2023-04-04,New Users,Email,5340,226,93,2312.99,8791.84,1.7,0.042322097378277156,0.41150442477876104,3.80107134055919
175791,Email Campaign,2023-04-04,Inactive,Social Media,5452,579,50,1988.75,7141.62,1.76,0.1061995597945708,0.08635578583765112,3.5910094280326836
325854,Referral Program,2023-04-04,Premium,SMS,7036,465,62,3597.51,6452.14,3.05,0.0660886867538374,0.13333333333333333,1.7935016163957849
625299,New User Discount,2023-04-03,All,App,1814,370,46,4990.65,4224.52,3.6,0.2039691289966924,0.12432432432432433,0.8464869305601477
77364,Weekend Special,2023-04-03,Premium,Social Media,9810,153,97,3459.95,3258.79,3.04,0.015596330275229359,0.6339869281045751,0.9418604315091259
337961,Festival Offer,2023-04-03,All,App,7960,214,66,1764.94,3109.38,1.54,0.026884422110552763,0.308411214953271,1.761748274728886
31741,Flash Sale,2023-04-03,All,App,8803,629,21,1692.28,8811.75,3.55,0.07145291377939339,0.033386327503974564,5.207028387737254
725385,Membership Drive,2023-04-03,Inactive,SMS,4414,704,17,3751.18,3299.71,1.66,0.15949252378794743,0.024147727272727272,0.879645871432456
833546,Category Promotion,2023-04-03,Inactive,Email,8045,263,58,2276.2,4167.68,1.68,0.0326911124922312,0.22053231939163498,1.830981460328618
260737,App Push Notification,2023-04-03,New Users,Social Media,3693,151,77,3418.02,7337.66,2.52,0.040888166802057944,0.5099337748344371,2.146757479476422
904089,Email Campaign,2023-04-03,All,SMS,7069,267,79,4027.71,5202.95,1.6,0.0377705474607441,0.2958801498127341,1.2917886342363278
211473,Referral Program,2023-04-03,Premium,App,6711,960,12,1727.22,9750.26,1.61,0.1430487259722843,0.0125,5.64505969129584
123265,New User Discount,2023-04-02,All,App,5344,808,81,3865.49,4650.29,2.29,0.15119760479041916,0.10024752475247525,1.203027300549219
717154,Weekend Special,2023-04-02,Inactive,App,8668,883,65,3581.02,7202.22,3.13,0.10186894323950162,0.07361268403171008,2.011220266851344
731136,Festival Offer,2023-04-02,Inactive,App,3368,381,20,2798.5,2926.03,2.03,0.11312351543942993,0.05249343832020997,1.0455708415222442
923434,Flash Sale,2023-04-02,New Users,SMS,3753,665,62,4954.56,6691.3,2.21,0.1771915800692779,0.09323308270676692,1.3505336498094684
569999,Membership Drive,2023-04-02,Inactive,SMS,6647,231,84,1138.22,4570.85,3.29,0.034752519933804724,0.36363636363636365,4.01578780903516
432920,Category Promotion,2023-04-02,New Users,App,5007,389,76,1379.33,2906.82,3.82,0.07769123227481525,0.1953727506426735,2.107414469343812
350572,App Push Notification,2023-04-02,All,Email,9689,823,12,1464.18,4749.32,3.5,0.08494168644854991,0.014580801944106925,3.24367222609242
398153,Email Campaign,2023-04-02,New Users,App,7939,792,42,4165.22,2196.74,1.56,0.09976067514800353,0.05303030303030303,0.5274007135277368
443885,Referral Program,2023-04-02,Inactive,Social Media,3520,102,78,3314.57,9933.94,1.95,0.028977272727272727,0.7647058823529411,2.997052408004658
352798,New User Discount,2023-04-01,Premium,App,9872,738,83,4036.72,7549.84,2.74,0.07475688816855754,0.11246612466124661,1.8702907310886068
645782,Weekend Special,2023-04-01,Inactive,App,3514,796,25,4117.71,7046.68,2.67,0.22652248150256118,0.031407035175879394,1.7113104128265468
533892,Festival Offer,2023-04-01,Premium,Social Media,9798,706,41,3727.11,3669.94,2.57,0.07205552153500715,0.05807365439093484,0.9846610376404238
941479,Flash Sale,2023-04-01,New Users,SMS,3633,222,91,2162.37,5409.96,2.1,0.0611065235342692,0.4099099099099099,2.501866008129969
204569,Membership Drive,2023-04-01,Premium,Social Media,9581,336,20,4465.4,8748.32,1.87,0.03506940820373656,0.05952380952380952,1.959134679983876
656675,Category Promotion,2023-04-01,Inactive,Email,1377,587,79,4314.61,6890.15,3.54,0.4262890341321714,0.13458262350936967,1.596934601273348
16552,App Push Notification,2023-04-01,Premium,Social Media,5791,466,38,3477.78,6151.75,3.76,0.08046969435330685,0.0815450643776824,1.768872671646855
644736,Email Campaign,2023-04-01,All,Email,9101,381,12,4617.46,8721.38,2.64,0.041863531480057135,0.031496062992125984,1.8887830105729122
22573,Referral Program,2023-04-01,All,Social Media,2166,546,22,3019.56,2248.48,2.86,0.2520775623268698,0.040293040293040296,0.7446382916716343
276546,New User Discount,2023-03-31,New Users,SMS,3911,844,74,2361.64,3959.62,3.92,0.21580158527230886,0.08767772511848342,1.6766399620602632
171017,Weekend Special,2023-03-31,Inactive,Social Media,2642,607,14,2754.4,5412.99,1.99,0.22975018925056775,0.023064250411861616,1.9652156549520765
410776,Festival Offer,2023-03-31,Premium,Social Media,2677,871,44,4177.77,5813.68,3.73,0.3253642136720209,0.0505166475315729,1.391574931123542
260088,Flash Sale,2023-03-31,New Users,App,5124,627,77,4041.52,2385.37,3.78,0.12236533957845433,0.12280701754385964,0.5902160573249668
569767,Membership Drive,2023-03-31,New Users,SMS,3306,321,82,1184.56,7495.76,3.88,0.09709618874773139,0.2554517133956386,6.327885459579929
310654,Category Promotion,2023-03-31,All,Email,9458,834,26,2352.62,4444.8,1.84,0.08817931909494607,0.03117505995203837,1.8892978891618708
752351,App Push Notification,2023-03-31,All,Email,2580,472,95,3725.26,5458.71,1.83,0.18294573643410852,0.20127118644067796,1.4653232257614233
790611,Email Campaign,2023-03-31,New Users,App,6135,881,26,2317.4,4012.86,3.14,0.14360228198859007,0.029511918274687854,1.7316216449469233
826193,Referral Program,2023-03-31,Premium,App,9396,655,83,2128.82,2492.54,2.43,0.06971051511281397,0.1267175572519084,1.1708552155654306
27431,New User Discount,2023-03-30,All,SMS,7902,167,99,2021.45,5977.6,1.53,0.021133890154391294,0.592814371257485,2.9570852605802767
257323,Weekend Special,2023-03-30,All,Email,8929,294,98,1369.45,5560.78,2.4,0.03292641953186247,0.3333333333333333,4.0605936689912
946149,Festival Offer,2023-03-30,New Users,Email,4391,498,41,1318.85,2947.82,4.0,0.11341380095650194,0.0823293172690763,2.235144254464117
241483,Flash Sale,2023-03-30,Inactive,SMS,8892,686,46,4883.96,8800.23,2.73,0.07714799820062979,0.06705539358600583,1.8018636516269584
665011,Membership Drive,2023-03-30,All,Email,1976,569,16,1843.14,4728.41,1.91,0.28795546558704455,0.028119507908611598,2.5654101153466367
5957,Category Promotion,2023-03-30,Premium,SMS,3916,775,96,3366.67,6669.28,1.77,0.19790602655771194,0.12387096774193548,1.9809722960670335
919079,App Push Notification,2023-03-30,New Users,App,4489,648,96,3199.57,8519.89,2.61,0.1443528625529071,0.14814814814814814,2.662823441900005
111429,Email Campaign,2023-03-30,All,SMS,3672,172,16,4188.2,6808.85,2.65,0.046840958605664486,0.09302325581395349,1.6257222673224776
436899,Referral Program,2023-03-30,New Users,Social Media,4993,143,87,2684.33,5713.54,1.59,0.028640096134588424,0.6083916083916084,2.12847898730782
374635,New User Discount,2023-03-29,Premium,Email,1864,674,75,4081.7,5808.31,1.58,0.361587982832618,0.11127596439169139,1.4230124702942404
151395,Weekend Special,2023-03-29,Premium,SMS,4834,408,89,1574.27,5312.99,1.84,0.08440215142738933,0.2181372549019608,3.3748912194223353
65159,Festival Offer,2023-03-29,Premium,App,3011,896,71,3345.6,4694.52,2.63,0.29757555629359017,0.07924107142857142,1.4031922525107605
60990,Flash Sale,2023-03-29,New Users,App,7888,798,61,3170.66,4184.41,2.32,0.10116632860040568,0.07644110275689223,1.3197283846265446
736093,Membership Drive,2023-03-29,All,Social Media,4671,547,96,4821.81,5426.91,1.99,0.1171055448512096,0.17550274223034734,1.1254922943873773
164441,Category Promotion,2023-03-29,All,SMS,5091,298,76,4098.68,9981.75,2.45,0.05853466902376743,0.2550335570469799,2.4353572369640957
619606,App Push Notification,2023-03-29,All,Social Media,5439,267,50,1138.46,3606.7,3.11,0.049089906232763374,0.18726591760299627,3.168051578448079
204858,Email Campaign,2023-03-29,Inactive,Email,8009,487,22,2485.6,9232.8,3.23,0.06080659258334374,0.045174537987679675,3.714515609913099
896959,Referral Program,2023-03-29,All,Email,4563,826,40,3132.83,9986.03,3.97,0.18102125794433488,0.048426150121065374,3.187542892528481
750763,New User Discount,2023-03-28,Premium,Email,4839,196,99,2856.05,3628.72,3.8,0.040504236412481916,0.5051020408163265,1.2705379807776473
225908,Weekend Special,2023-03-28,Inactive,SMS,1404,578,22,3003.2,5171.68,1.93,0.4116809116809117,0.03806228373702422,1.7220564730953651
346502,Festival Offer,2023-03-28,All,Email,7055,492,69,1250.01,6591.15,3.8,0.06973777462792345,0.1402439024390244,5.272877816977464
141742,Flash Sale,2023-03-28,Premium,Email,4433,601,35,3808.59,6844.83,1.99,0.1355741033160388,0.05823627287853577,1.7972084157129016
432100,Membership Drive,2023-03-28,Premium,SMS,2415,959,54,3156.4,9044.93,2.42,0.39710144927536234,0.056308654848800835,2.8655842098593336
631902,Category Promotion,2023-03-28,Premium,SMS,1983,714,96,3018.52,2258.47,2.41,0.3600605143721634,0.13445378151260504,0.7482044180591813
129327,App Push Notification,2023-03-28,Inactive,SMS,3877,644,77,2547.18,6142.99,2.49,0.1661078153211246,0.11956521739130435,2.411682723639476
546333,Email Campaign,2023-03-28,Premium,SMS,7778,339,22,4590.96,3003.48,2.98,0.043584469015171,0.06489675516224189,0.6542161116629202
887772,Referral Program,2023-03-28,New Users,Email,1746,812,54,4129.05,5963.97,3.25,0.4650630011454754,0.0665024630541872,1.444392777999782
177980,New User Discount,2023-03-27,Inactive,Social Media,2168,995,14,3727.85,3882.81,3.43,0.4589483394833948,0.01407035175879397,1.0415681961452312
261332,Weekend Special,2023-03-27,New Users,SMS,7627,409,95,2902.6,4870.49,3.85,0.05362527861544513,0.23227383863080683,1.6779749190381037
380639,Festival Offer,2023-03-27,Inactive,Social Media,9877,120,79,1004.12,5988.75,2.92,0.012149438088488408,0.6583333333333333,5.964177588336056
343368,Flash Sale,2023-03-27,All,SMS,8626,897,72,3849.1,7433.42,3.2,0.10398794342684906,0.0802675585284281,1.9312098932217923
337843,Membership Drive,2023-03-27,Premium,App,4331,933,57,3852.99,6865.78,3.71,0.21542368967905795,0.06109324758842444,1.7819355876864462
431817,Category Promotion,2023-03-27,Inactive,App,8936,383,55,4651.77,4537.64,2.56,0.042860340196956136,0.14360313315926893,0.9754652530112193
269931,App Push Notification,2023-03-27,Premium,SMS,5962,635,40,4000.94,6108.74,3.91,0.10650788326065079,0.06299212598425197,1.5268261958439766
733494,Email Campaign,2023-03-27,Premium,App,4960,221,32,1653.52,6389.35,3.87,0.044556451612903225,0.14479638009049775,3.864089941458223
13895,Referral Program,2023-03-27,Inactive,Email,3684,212,75,1743.39,4131.25,3.83,0.05754614549402823,0.35377358490566035,2.3696648483701295
184976,New User Discount,2023-03-26,All,Email,6515,978,55,3612.4,4154.15,1.57,0.1501151189562548,0.05623721881390593,1.1499695493300852
449708,Weekend Special,2023-03-26,All,Email,9486,982,82,3393.15,6056.88,3.8,0.10352097828378663,0.0835030549898167,1.7850316077980637
888800,Festival Offer,2023-03-26,Inactive,SMS,8840,738,97,1710.93,7613.05,3.48,0.0834841628959276,0.13143631436314362,4.449656035021889
571129,Flash Sale,2023-03-26,New Users,App,6557,713,36,2739.57,2195.17,1.54,0.1087387524782675,0.05049088359046283,0.8012826830487996
537138,Membership Drive,2023-03-26,Inactive,Social Media,1217,844,81,2935.02,4996.5,3.84,0.6935086277732129,0.09597156398104266,1.7023734080176627
144627,Category Promotion,2023-03-26,Premium,App,3264,377,33,4434.81,5948.99,2.85,0.11550245098039216,0.08753315649867374,1.3414306362617563
715064,App Push Notification,2023-03-26,Inactive,Email,8272,145,74,3268.34,3453.24,2.45,0.017529013539651837,0.5103448275862069,1.0565730615541833
566531,Email Campaign,2023-03-26,All,App,4892,778,11,1978.81,6047.43,3.28,0.1590351594439902,0.014138817480719794,3.056094319313123
529770,Referral Program,2023-03-26,All,SMS,4302,838,54,1396.97,7959.1,3.46,0.19479311947931194,0.06443914081145585,5.697402234836826
884998,New User Discount,2023-03-25,Premium,Email,8006,917,36,2916.87,8987.84,2.03,0.11453909567824132,0.03925845147219193,3.0813303301141293
387367,Weekend Special,2023-03-25,All,Social Media,1095,198,42,1462.65,3268.92,2.97,0.18082191780821918,0.21212121212121213,2.23492975079479
608627,Festival Offer,2023-03-25,New Users,Social Media,9996,400,21,4550.92,2914.84,3.57,0.040016006402561026,0.0525,0.6404946692097422
815677,Flash Sale,2023-03-25,All,Social Media,1794,579,67,1090.48,8166.84,3.3,0.32274247491638797,0.1157167530224525,7.489215758198225
925829,Membership Drive,2023-03-25,All,Email,9953,756,30,3901.92,7255.43,2.06,0.0759569978900834,0.03968253968253968,1.8594512445155207
759139,Category Promotion,2023-03-25,New Users,Email,8528,144,67,4893.44,6130.27,3.89,0.016885553470919325,0.4652777777777778,1.2527526647920484
351976,App Push Notification,2023-03-25,Inactive,Social Media,5652,203,91,1347.57,6147.63,3.66,0.03591648973814579,0.4482758620689655,4.562011620917652
594757,Email Campaign,2023-03-25,New Users,App,2404,104,92,4924.35,2998.0,2.5,0.04326123128119801,0.8846153846153846,0.6088113151989603
532658,Referral Program,2023-03-25,Inactive,Email,1191,707,18,4311.66,4300.83,3.43,0.5936188077246012,0.02545968882602546,0.9974882063984637
237122,New User Discount,2023-03-24,New Users,Email,8879,713,65,3229.43,8042.72,2.16,0.08030183579231895,0.091164095371669,2.4904456823649994
137772,Weekend Special,2023-03-24,New Users,App,8611,382,19,2805.98,4678.44,1.75,0.04436186273371269,0.049738219895287955,1.6673105296545234
79888,Festival Offer,2023-03-24,All,App,5606,385,43,4112.18,9159.18,1.88,0.06867641812343918,0.11168831168831168,2.227329542967477
879401,Flash Sale,2023-03-24,New Users,SMS,2054,917,78,3599.31,9439.85,3.0,0.44644595910418694,0.08505997818974918,2.62268323650922
142451,Membership Drive,2023-03-24,Premium,Email,4372,118,21,3685.58,6105.73,2.72,0.026989935956084173,0.17796610169491525,1.656653769555945
589818,Category Promotion,2023-03-24,Inactive,Social Media,6810,662,63,1873.15,2188.86,2.85,0.09720998531571219,0.09516616314199396,1.16854496436484
306347,App Push Notification,2023-03-24,New Users,Social Media,2471,517,87,2787.53,7948.75,3.09,0.20922703358963982,0.16827852998065765,2.8515388175194527
487032,Email Campaign,2023-03-24,All,Social Media,1305,912,44,3755.14,3285.47,3.93,0.6988505747126437,0.04824561403508772,0.8749261012904977
390374,Referral Program,2023-03-24,All,App,4211,161,60,2952.92,8978.51,3.6,0.03823319876513892,0.37267080745341613,3.0405530796635194
717115,New User Discount,2023-03-23,Inactive,SMS,6417,746,97,3803.8,4861.21,2.48,0.11625370110643603,0.13002680965147453,1.277987801672012
26051,Weekend Special,2023-03-23,Inactive,Email,5924,472,87,1948.25,5118.53,3.12,0.07967589466576637,0.1843220338983051,2.627244963428718
804432,Festival Offer,2023-03-23,Inactive,Email,7763,980,55,4171.25,8898.51,3.36,0.12623985572587917,0.05612244897959184,2.1332957746478876
654370,Flash Sale,2023-03-23,Inactive,SMS,1080,996,39,1190.48,3395.94,1.82,0.9222222222222223,0.0391566265060241,2.8525804717424905
322843,Membership Drive,2023-03-23,All,App,5130,225,62,4271.84,2663.9,2.04,0.043859649122807015,0.27555555555555555,0.6235954530132215
255650,Category Promotion,2023-03-23,Inactive,Email,7752,720,88,2303.66,9979.12,3.27,0.09287925696594428,0.12222222222222222,4.331854527143763
999950,App Push Notification,2023-03-23,New Users,SMS,2362,388,82,2454.03,4993.38,2.23,0.1642675698560542,0.211340206185567,2.034767301133238
370006,Email Campaign,2023-03-23,Inactive,App,9564,313,54,2459.63,8632.89,3.35,0.03272689251359264,0.17252396166134185,3.5098327797270317
114549,Referral Program,2023-03-23,Inactive,SMS,3612,410,98,4443.02,9532.87,2.52,0.11351052048726468,0.23902439024390243,2.145583409482739
765659,New User Discount,2023-03-22,Inactive,Email,9215,917,95,4078.9,6369.96,3.19,0.099511665762344,0.10359869138495092,1.5616857486086935
676110,Weekend Special,2023-03-22,New Users,Email,7296,407,63,2263.28,3328.71,2.87,0.05578399122807018,0.1547911547911548,1.470745996960164
531108,Festival Offer,2023-03-22,New Users,Email,3693,660,89,4290.94,6730.95,2.19,0.17871649065800163,0.13484848484848486,1.5686423021529083
137436,Flash Sale,2023-03-22,Premium,Social Media,8985,810,30,1490.98,2104.12,3.33,0.09015025041736227,0.037037037037037035,1.4112328803873961
451408,Membership Drive,2023-03-22,Premium,Email,7310,380,78,2233.48,7492.12,1.8,0.05198358413132695,0.20526315789473684,3.3544603040994323
362757,Category Promotion,2023-03-22,New Users,SMS,5909,107,64,4053.48,3118.41,2.49,0.018107970891859875,0.5981308411214953,0.7693167352497113
188504,App Push Notification,2023-03-22,New Users,Social Media,3868,219,37,2023.12,6476.34,2.49,0.056618407445708376,0.1689497716894977,3.2011645379413975
348603,Email Campaign,2023-03-22,All,Email,4130,221,30,3163.3,2518.13,3.84,0.05351089588377724,0.13574660633484162,0.7960452691809187
840229,Referral Program,2023-03-22,All,Social Media,3057,693,37,4725.78,7802.92,3.52,0.2266928361138371,0.05339105339105339,1.6511390712221052
212103,New User Discount,2023-03-21,All,SMS,5647,442,86,2316.72,7813.91,2.19,0.07827164866300691,0.19457013574660634,3.3728331434096486
881442,Weekend Special,2023-03-21,Inactive,App,5608,334,72,3777.41,9756.74,3.66,0.059557774607703284,0.2155688622754491,2.5829179252450754
503022,Festival Offer,2023-03-21,Premium,SMS,9415,384,61,2329.08,3584.95,1.83,0.04078597981943707,0.15885416666666666,1.5392129081010528
436226,Flash Sale,2023-03-21,Premium,Email,2826,658,52,4616.28,4606.87,2.04,0.23283793347487616,0.0790273556231003,0.9979615621236148
594172,Membership Drive,2023-03-21,Inactive,Social Media,8466,969,77,1266.57,2736.82,3.0,0.1144578313253012,0.07946336429308566,2.1608122725155345
126693,Category Promotion,2023-03-21,Premium,App,1164,147,59,3786.03,7929.31,3.15,0.12628865979381443,0.4013605442176871,2.0943600552557693
716248,App Push Notification,2023-03-21,All,App,7627,955,28,4079.72,9578.43,2.25,0.12521305886980463,0.02931937172774869,2.3478155363603386
466271,Email Campaign,2023-03-21,Premium,SMS,9879,537,85,1389.99,8628.28,1.55,0.054357728515031886,0.15828677839851024,6.20744034129742
805336,Referral Program,2023-03-21,Premium,Email,2173,954,76,3455.25,7399.09,3.51,0.43902439024390244,0.07966457023060797,2.141405108168729
876637,New User Discount,2023-03-20,Inactive,SMS,8310,599,37,3778.57,8332.14,2.73,0.07208182912154032,0.06176961602671119,2.2051040472983163
631745,Weekend Special,2023-03-20,New Users,Email,3127,865,61,1234.31,4913.44,3.77,0.27662296130476494,0.07052023121387284,3.9807179719843475
253182,Festival Offer,2023-03-20,Premium,App,1839,771,47,1400.73,6713.5,3.46,0.4192495921696574,0.0609597924773022,4.792858009752058
757989,Flash Sale,2023-03-20,New Users,SMS,2285,752,32,4078.77,5962.47,2.54,0.3291028446389497,0.0425531914893617,1.4618304047543746
899836,Membership Drive,2023-03-20,Inactive,SMS,5898,183,84,4545.14,2224.39,1.59,0.031027466937945065,0.45901639344262296,0.48939966645691874
479353,Category Promotion,2023-03-20,New Users,Email,5989,799,46,2310.46,3576.48,2.19,0.1334112539656036,0.057571964956195244,1.5479514901794447
281551,App Push Notification,2023-03-20,New Users,SMS,1175,258,79,4582.31,6159.5,3.25,0.2195744680851064,0.3062015503875969,1.344191030288217
515671,Email Campaign,2023-03-20,Inactive,SMS,3668,265,43,4647.18,6848.41,2.19,0.0722464558342421,0.16226415094339622,1.473670053666955
792914,Referral Program,2023-03-20,Premium,SMS,5805,751,80,4487.51,4496.41,3.25,0.12937123169681308,0.10652463382157124,1.0019832824885069
828749,New User Discount,2023-03-19,All,App,6482,303,98,2965.25,4747.72,3.47,0.04674483184202407,0.3234323432343234,1.6011196357811315
549810,Weekend Special,2023-03-19,Inactive,Email,6361,873,70,2707.96,9365.24,3.69,0.13724257192265368,0.08018327605956473,3.4584114979541796
510065,Festival Offer,2023-03-19,All,Social Media,4263,315,92,2919.33,8142.55,1.64,0.07389162561576355,0.2920634920634921,2.7891845046637416
259079,Flash Sale,2023-03-19,All,App,6838,552,54,4228.31,5697.99,3.0,0.08072535829189821,0.09782608695652174,1.3475809484167431
910029,Membership Drive,2023-03-19,Premium,SMS,4705,950,35,3550.33,7567.43,3.33,0.20191285866099895,0.03684210526315789,2.1314722856748527
670217,Category Promotion,2023-03-19,Inactive,Social Media,6884,281,21,3833.74,9876.77,1.68,0.04081929110981987,0.07473309608540925,2.576275386437265
844588,App Push Notification,2023-03-19,Inactive,Email,2064,240,98,3006.57,9905.9,2.72,0.11627906976744186,0.4083333333333333,3.2947511616227128
203042,Email Campaign,2023-03-19,Premium,App,8554,434,85,1912.22,5526.85,1.78,0.05073649754500818,0.195852534562212,2.890279361161373
448908,Referral Program,2023-03-19,All,SMS,9662,957,10,2782.62,8041.16,3.63,0.09904781618712481,0.01044932079414838,2.8897801352682007
851380,New User Discount,2023-03-18,New Users,App,8830,925,63,2094.05,3707.31,2.14,0.10475651189127973,0.0681081081081081,1.7704018528688426
273056,Weekend Special,2023-03-18,Inactive,App,9471,348,56,4403.58,6769.76,3.75,0.036743744060817235,0.16091954022988506,1.5373309897855836
897138,Festival Offer,2023-03-18,Inactive,Email,2376,406,36,3217.48,9245.6,2.88,0.17087542087542087,0.08866995073891626,2.8735532155600034
179349,Flash Sale,2023-03-18,New Users,Social Media,7518,588,10,2842.07,4104.47,2.27,0.0782122905027933,0.017006802721088437,1.4441832889408073
105008,Membership Drive,2023-03-18,All,App,8437,154,73,1114.55,3681.73,1.55,0.018252933507170794,0.474025974025974,3.303333183796151
415387,Category Promotion,2023-03-18,All,App,4678,933,93,3764.66,9022.56,1.57,0.19944420692603676,0.09967845659163987,2.3966467091317676
307671,App Push Notification,2023-03-18,New Users,Social Media,5143,877,72,4980.21,5334.19,3.54,0.17052304102663815,0.08209806157354618,1.0710773240485842
438000,Email Campaign,2023-03-18,All,Social Media,2983,112,41,3073.32,9767.38,2.53,0.03754609453570231,0.36607142857142855,3.1781200786120545
835474,Referral Program,2023-03-18,Inactive,Social Media,2333,671,92,1673.17,2489.65,1.53,0.28761251607372484,0.13710879284649777,1.4879838868734199
196046,New User Discount,2023-03-17,Inactive,SMS,8489,529,45,1090.49,2050.84,3.82,0.06231593827305925,0.08506616257088846,1.8806591532246972
77754,Weekend Special,2023-03-17,New Users,Social Media,5675,404,64,3685.09,6883.28,3.89,0.07118942731277533,0.15841584158415842,1.867872969181214
640799,Festival Offer,2023-03-17,New Users,Email,7462,639,47,2322.43,4769.51,3.57,0.08563387831680515,0.07355242566510173,2.0536722312405544
119887,Flash Sale,2023-03-17,All,App,9057,167,97,4493.34,3860.26,2.84,0.01843877663685547,0.5808383233532934,0.859107033965825
381623,Membership Drive,2023-03-17,New Users,Email,8331,809,92,2363.07,3710.79,1.64,0.0971071900132037,0.11372064276885044,1.5703258896266297
493317,Category Promotion,2023-03-17,Premium,Social Media,5216,860,34,3922.53,7701.25,2.01,0.16487730061349692,0.03953488372093023,1.9633374378271167
879292,App Push Notification,2023-03-17,All,App,8480,734,20,1990.75,6650.41,3.98,0.0865566037735849,0.027247956403269755,3.3406555318347357
461129,Email Campaign,2023-03-17,New Users,Email,3569,568,10,4246.47,5880.42,2.5,0.1591482207901373,0.017605633802816902,1.384778415954899
282514,Referral Program,2023-03-17,New Users,Social Media,5967,439,78,1511.93,8322.01,3.08,0.07357130886542651,0.1776765375854214,5.504229693173626
