order_id,product_id,quantity,unit_price,product_name,category,brand,mrp,margin_percentage,shelf_life_days,line_sales
1961864118,642612,3,517.03,Pet Treats,Pet Care,Pillay-Ahuja,795.43,35.0,365,1551.09
1549769649,378676,1,881.42,Orange Juice,Cold Drinks & Juices,Baral-Kamdar,1259.17,30.0,180,881.42
9185164487,741341,2,923.84,Eggs,Dairy & Breakfast,Prasad LLC,1154.8,20.0,7,1847.68
9644738826,561860,1,874.78,Orange Juice,Cold Drinks & Juices,Gupta Ltd,1249.69,30.0,180,874.78
5427684290,602241,2,976.55,Nuts,Snacks & Munchies,Bahl-Pau,1502.38,35.0,90,1953.1
3265154092,681063,1,321.28,Mango Drink,Cold Drinks & Juices,Dass and Sons,458.97,30.0,180,321.28
4898355547,56589,3,517.77,Vitamins,Pharmacy,"Pai, Kashyap and Ramachandran",647.21,20.0,365,1553.31
6568151549,500739,2,359.98,Bread,Dairy & Breakfast,Aggarwal Group,449.98,20.0,7,719.96
6006693867,490939,1,80.25,Lotion,Personal Care,"Roy, Barad and De",123.46,35.0,365,80.25
374186990,760828,2,563.45,Pet Treats,Pet Care,"Khurana, Khosla and Yohannan",866.85,35.0,365,1126.9
4455336265,753354,3,423.56,Shampoo,Personal Care,Sant-Mahajan,651.63,35.0,365,1270.68
3539286337,684939,1,727.95,Lotion,Personal Care,"Sibal, Bhatnagar and Rajan",1119.92,35.0,365,727.95
9171116867,500739,3,359.98,Bread,Dairy & Breakfast,Aggarwal Group,449.98,20.0,7,1079.94
5504941865,540618,1,317.05,Popcorn,Snacks & Munchies,Golla-Luthra,487.77,35.0,90,317.05
5868326481,53833,3,134.69,Rice,Grocery & Staples,Tella-Master,158.46,15.0,365,404.07
2137046916,455755,2,44.09,Detergent,Household Care,Mangal-Sathe,58.79,25.0,365,88.18
8195544338,131937,1,287.81,Frozen Pizza,Instant & Frozen Food,"Varkey, Devi and Ganguly",479.68,40.0,180,287.81
2889700050,798639,1,211.25,Eggs,Dairy & Breakfast,Subramaniam LLC,264.06,20.0,7,211.25
65827885,324809,3,608.0,Bread,Dairy & Breakfast,Sidhu PLC,760.0,20.0,7,1824.0
4656471694,679284,1,877.89,Cough Syrup,Pharmacy,Pant LLC,1097.36,20.0,365,877.89
6625178717,952168,3,236.95,Popcorn,Snacks & Munchies,"Krishnamurthy, Sibal and Das",364.54,35.0,90,710.8499999999999
7169557514,706112,2,478.79,Vitamins,Pharmacy,"Magar, Gara and Garg",598.49,20.0,365,957.58
2268306684,812607,2,416.65,Potatoes,Fruits & Vegetables,Rege Group,555.53,25.0,3,833.3
6905293278,799952,1,922.64,Cheese,Dairy & Breakfast,Padmanabhan-Virk,1153.3,20.0,7,922.64
1769493463,709916,3,33.76,Detergent,Household Care,Varkey LLC,45.01,25.0,365,101.28
5003387344,67197,3,552.2,Butter,Dairy & Breakfast,Shetty-Bora,690.25,20.0,7,1656.6000000000001
2064484752,937542,3,97.04,Wheat Flour,Grocery & Staples,Khurana and Sons,114.16,15.0,365,291.12
964822979,455755,2,44.09,Detergent,Household Care,Mangal-Sathe,58.79,25.0,365,88.18
6037899648,669378,1,212.14,Potatoes,Fruits & Vegetables,Chadha and Sons,282.85,25.0,3,212.14
9347571484,112390,2,877.98,Toothpaste,Personal Care,"Kibe, Contractor and Randhawa",1350.74,35.0,365,1755.96
3286177534,891833,1,493.19,Curd,Dairy & Breakfast,Mani PLC,616.49,20.0,7,493.19
9073572548,60619,1,726.41,Iced Tea,Cold Drinks & Juices,Bhasin LLC,1037.73,30.0,180,726.41
8395583761,561860,3,874.78,Orange Juice,Cold Drinks & Juices,Gupta Ltd,1249.69,30.0,180,2624.34
6355378227,993331,1,102.44,Pulses,Grocery & Staples,"Parmer, Gola and Yogi",120.52,15.0,365,102.44
277376321,94225,3,77.11,Toilet Cleaner,Household Care,"Gulati, Ram and Sarkar",102.81,25.0,365,231.32999999999998
8559748526,552496,1,508.0,Dish Soap,Household Care,Dhar PLC,677.33,25.0,365,508.0
1458051433,57405,3,607.67,Baby Food,Baby Care,Srinivas PLC,868.1,30.0,365,1823.0099999999998
5838302640,240179,3,90.56,Cough Syrup,Pharmacy,Ram-Suri,113.2,20.0,365,271.68
1380971977,602241,3,976.55,Nuts,Snacks & Munchies,Bahl-Pau,1502.38,35.0,90,2929.6499999999996
1221099013,131937,1,287.81,Frozen Pizza,Instant & Frozen Food,"Varkey, Devi and Ganguly",479.68,40.0,180,287.81
6771166303,677542,3,212.61,Toilet Cleaner,Household Care,Thaman-Lanka,283.48,25.0,365,637.83
7111337755,888807,3,230.58,Bread,Dairy & Breakfast,Arya Group,288.23,20.0,7,691.74
5562922993,540618,1,317.05,Popcorn,Snacks & Munchies,Golla-Luthra,487.77,35.0,90,317.05
5630957897,876139,2,415.75,Pulses,Grocery & Staples,Cherian-Dara,489.12,15.0,365,831.5
1787380558,444361,3,822.63,Pain Reliever,Pharmacy,"Prakash, Bawa and Kale",1028.29,20.0,365,2467.89
32613017,451812,1,530.85,Pain Reliever,Pharmacy,"Batra, Sant and Mandal",663.56,20.0,365,530.85
2039041670,287070,1,443.17,Wheat Flour,Grocery & Staples,"Gala, Magar and Rajagopal",521.38,15.0,365,443.17
210693801,432617,3,863.18,Baby Wipes,Baby Care,Dora-Pillai,1233.11,30.0,365,2589.54
8120002258,131937,1,287.81,Frozen Pizza,Instant & Frozen Food,"Varkey, Devi and Ganguly",479.68,40.0,180,287.81
2177917034,144124,2,162.67,Detergent,Household Care,Lalla-Srinivasan,216.89,25.0,365,325.34
4254814926,324809,1,608.0,Bread,Dairy & Breakfast,Sidhu PLC,760.0,20.0,7,608.0
6074172790,888807,2,230.58,Bread,Dairy & Breakfast,Arya Group,288.23,20.0,7,461.16
3381573131,684939,1,727.95,Lotion,Personal Care,"Sibal, Bhatnagar and Rajan",1119.92,35.0,365,727.95
3773745777,734789,1,395.82,Popcorn,Snacks & Munchies,"Chaudhari, Pant and Singh",608.95,35.0,90,395.82
9251939156,876139,3,415.75,Pulses,Grocery & Staples,Cherian-Dara,489.12,15.0,365,1247.25
3872982303,56589,2,517.77,Vitamins,Pharmacy,"Pai, Kashyap and Ramachandran",647.21,20.0,365,1035.54
2625987757,890232,1,432.0,Mango Drink,Cold Drinks & Juices,Jha Group,617.14,30.0,180,432.0
3162249401,432617,1,863.18,Baby Wipes,Baby Care,Dora-Pillai,1233.11,30.0,365,863.18
3108986741,687218,3,317.82,Mango Drink,Cold Drinks & Juices,"Sankaran, Pall and Gola",454.03,30.0,180,953.46
1851474741,970529,3,827.44,Diapers,Baby Care,"Kurian, Patla and Sanghvi",1182.06,30.0,365,2482.32
2425099132,604184,2,397.55,Toilet Cleaner,Household Care,"Gaba, Sodhi and Choudhary",530.07,25.0,365,795.1
6706793332,615545,2,448.16,Soap,Personal Care,Barman Inc,689.48,35.0,365,896.32
2149289255,567671,3,418.48,Biscuits,Snacks & Munchies,Nagar LLC,643.82,35.0,90,1255.44
1971008155,222892,1,869.22,Tomatoes,Fruits & Vegetables,Ramakrishnan-Ghose,1158.96,25.0,3,869.22
2087093460,34186,2,925.65,Mangoes,Fruits & Vegetables,Mandal-Kar,1234.2,25.0,3,1851.3
2116712588,891833,1,493.19,Curd,Dairy & Breakfast,Mani PLC,616.49,20.0,7,493.19
6054358790,532965,1,307.23,Frozen Pizza,Instant & Frozen Food,Sachdev Inc,512.05,40.0,180,307.23
532660797,962054,2,16.86,Orange Juice,Cold Drinks & Juices,Toor-Nagar,24.09,30.0,180,33.72
1491991005,33955,1,186.08,Frozen Pizza,Instant & Frozen Food,Baral Group,310.13,40.0,180,186.08
4136019599,644847,3,622.81,Salt,Grocery & Staples,"Jhaveri, Kata and Kapur",732.72,15.0,365,1868.4299999999998
2122832513,954722,1,616.45,Ice Cream,Instant & Frozen Food,Mohan-Virk,1027.42,40.0,180,616.45
3717703595,500633,3,154.5,Cereal,Dairy & Breakfast,Trivedi-Ahluwalia,193.12,20.0,7,463.5
3194733693,240179,2,90.56,Cough Syrup,Pharmacy,Ram-Suri,113.2,20.0,365,181.12
4471162437,820973,1,114.52,Baby Wipes,Baby Care,Lall LLC,163.6,30.0,365,114.52
1609331948,490602,3,549.47,Sugar,Grocery & Staples,Raghavan Inc,646.44,15.0,365,1648.41
6920030794,256783,2,906.54,Pet Treats,Pet Care,"Basu, Thakur and Rege",1394.68,35.0,365,1813.08
5127172657,913428,2,392.22,Pet Treats,Pet Care,Narayanan-Kumar,603.42,35.0,365,784.44
8607115856,324809,1,608.0,Bread,Dairy & Breakfast,Sidhu PLC,760.0,20.0,7,608.0
7154957395,516376,1,877.43,Onions,Fruits & Vegetables,Agarwal-Dhar,1169.91,25.0,3,877.43
2070762702,566052,3,87.3,Pain Reliever,Pharmacy,"Apte, Soman and Raju",109.12,20.0,365,261.9
3697242439,897083,2,972.69,Detergent,Household Care,Dutta-Halder,1296.92,25.0,365,1945.38
3063427913,799952,2,922.64,Cheese,Dairy & Breakfast,Padmanabhan-Virk,1153.3,20.0,7,1845.28
2060061337,690565,1,951.27,Cookies,Snacks & Munchies,"Roy, Seth and Patla",1463.49,35.0,90,951.27
4625892678,317242,1,198.15,Pulses,Grocery & Staples,Rastogi Group,233.12,15.0,365,198.15
6045698170,965755,3,532.57,Bananas,Fruits & Vegetables,"Doshi, Sarraf and Sama",710.09,25.0,3,1597.71
7876289647,863930,1,242.57,Shampoo,Personal Care,"Sathe, Agarwal and Dhar",373.18,35.0,365,242.57
3434084714,264803,2,995.98,Vitamins,Pharmacy,Gole-Doshi,1244.97,20.0,365,1991.96
9031695663,697683,1,123.74,Toilet Cleaner,Household Care,"Murty, Varghese and Saxena",164.99,25.0,365,123.74
1955989715,679284,1,877.89,Cough Syrup,Pharmacy,Pant LLC,1097.36,20.0,365,877.89
3459500455,992178,1,632.43,Pain Reliever,Pharmacy,Basu and Sons,790.54,20.0,365,632.43
5953376503,300159,1,44.35,Cola,Cold Drinks & Juices,"Basu, Rout and Mistry",63.36,30.0,180,44.35
121874867,952124,3,127.08,Onions,Fruits & Vegetables,"Wali, Sood and Bala",169.44,25.0,3,381.24
2460545397,925482,1,475.04,Frozen Biryani,Instant & Frozen Food,Viswanathan-Sha,791.73,40.0,180,475.04
9690050839,500633,2,154.5,Cereal,Dairy & Breakfast,Trivedi-Ahluwalia,193.12,20.0,7,309.0
2574349065,123983,3,785.67,Cough Syrup,Pharmacy,Kurian-Chhabra,982.09,20.0,365,2357.0099999999998
2461936988,272170,2,140.8,Ice Cream,Instant & Frozen Food,Purohit Group,234.67,40.0,180,281.6
6447596416,70969,1,631.7,Carrots,Fruits & Vegetables,Mohan Group,842.27,25.0,3,631.7
7228452275,757274,2,98.32,Pet Treats,Pet Care,"Minhas, Kapoor and Sethi",151.26,35.0,365,196.64
6696750742,14145,2,630.84,Spinach,Fruits & Vegetables,"Thakur, Shah and Pingle",841.12,25.0,3,1261.68
822235931,611575,3,482.06,Frozen Pizza,Instant & Frozen Food,"Bhat, Nigam and Hayer",803.43,40.0,180,1446.18
7678251499,704868,1,193.46,Detergent,Household Care,"Parikh, Oak and Kara",257.95,25.0,365,193.46
2497341976,451933,1,568.94,Wheat Flour,Grocery & Staples,Nadig Ltd,669.34,15.0,365,568.94
9107314128,820541,3,576.22,Toilet Cleaner,Household Care,"Borde, Peri and Upadhyay",768.29,25.0,365,1728.66
9855726256,349294,2,934.75,Onions,Fruits & Vegetables,Ganesan Ltd,1246.33,25.0,3,1869.5
9398719862,615545,2,448.16,Soap,Personal Care,Barman Inc,689.48,35.0,365,896.32
379494532,654297,3,13.25,Potatoes,Fruits & Vegetables,Chandran-Dass,17.67,25.0,3,39.75
1048784963,451933,2,568.94,Wheat Flour,Grocery & Staples,Nadig Ltd,669.34,15.0,365,1137.88
4386246924,613942,2,545.0,Pet Treats,Pet Care,"Dyal, Saraf and Goel",838.46,35.0,365,1090.0
2050362692,366066,1,918.58,Soap,Personal Care,Mandal LLC,1413.2,35.0,365,918.58
4142963293,287070,1,443.17,Wheat Flour,Grocery & Staples,"Gala, Magar and Rajagopal",521.38,15.0,365,443.17
9753528654,137909,1,864.3,Cough Syrup,Pharmacy,Dalal PLC,1080.37,20.0,365,864.3
8126970833,700048,3,141.28,Dish Soap,Household Care,Khalsa-Bhavsar,188.37,25.0,365,423.84000000000003
9747814712,256783,2,906.54,Pet Treats,Pet Care,"Basu, Thakur and Rege",1394.68,35.0,365,1813.08
6281619403,131136,2,37.8,Salt,Grocery & Staples,Deshpande-Rama,44.47,15.0,365,75.6
436184281,15314,3,578.85,Cheese,Dairy & Breakfast,Banik-Ratta,723.56,20.0,7,1736.5500000000002
9799231260,39154,3,946.86,Mangoes,Fruits & Vegetables,"Suresh, Bose and Bajwa",1262.48,25.0,3,2840.58
4071811527,661577,1,720.95,Cat Food,Pet Care,Majumdar PLC,1109.15,35.0,365,720.95
5645359563,723678,3,675.46,Dog Food,Pet Care,"Lall, Datta and Swamy",1039.17,35.0,365,2026.38
9411813703,557908,3,942.37,Vitamins,Pharmacy,Sundaram Inc,1177.96,20.0,365,2827.11
4270217473,336847,2,936.98,Toilet Cleaner,Household Care,"Dayal, Mammen and More",1249.31,25.0,365,1873.96
279851011,34186,3,925.65,Mangoes,Fruits & Vegetables,Mandal-Kar,1234.2,25.0,3,2776.95
6260524887,94225,2,77.11,Toilet Cleaner,Household Care,"Gulati, Ram and Sarkar",102.81,25.0,365,154.22
5853998391,257719,2,281.73,Eggs,Dairy & Breakfast,Chaudhuri PLC,352.16,20.0,7,563.46
9931976872,118820,3,12.32,Iced Tea,Cold Drinks & Juices,"Warrior, Ravel and Amble",17.6,30.0,180,36.96
8432209832,336847,1,936.98,Toilet Cleaner,Household Care,"Dayal, Mammen and More",1249.31,25.0,365,936.98
6023721507,327290,1,862.28,Sugar,Grocery & Staples,Nadkarni Inc,1014.45,15.0,365,862.28
3042338919,679284,3,877.89,Cough Syrup,Pharmacy,Pant LLC,1097.36,20.0,365,2633.67
233646065,803607,1,949.73,Soap,Personal Care,"Kadakia, Mohan and Sathe",1461.12,35.0,365,949.73
9870610018,615545,2,448.16,Soap,Personal Care,Barman Inc,689.48,35.0,365,896.32
1398230967,951463,3,787.4,Pet Treats,Pet Care,Balakrishnan-Kaur,1211.38,35.0,365,2362.2
8615488922,566052,3,87.3,Pain Reliever,Pharmacy,"Apte, Soman and Raju",109.12,20.0,365,261.9
2748841057,552496,2,508.0,Dish Soap,Household Care,Dhar PLC,677.33,25.0,365,1016.0
1375867721,500633,3,154.5,Cereal,Dairy & Breakfast,Trivedi-Ahluwalia,193.12,20.0,7,463.5
8595141097,274207,1,328.51,Cough Syrup,Pharmacy,"Savant, Batta and Mander",410.64,20.0,365,328.51
4673382071,256783,1,906.54,Pet Treats,Pet Care,"Basu, Thakur and Rege",1394.68,35.0,365,906.54
2948696008,131937,2,287.81,Frozen Pizza,Instant & Frozen Food,"Varkey, Devi and Ganguly",479.68,40.0,180,575.62
6839692624,67197,2,552.2,Butter,Dairy & Breakfast,Shetty-Bora,690.25,20.0,7,1104.4
5770951298,329351,3,310.87,Cheese,Dairy & Breakfast,"Lala, Kalita and Sathe",388.59,20.0,7,932.61
5084771819,154179,2,582.87,Pain Reliever,Pharmacy,"Barad, Devi and Andra",728.59,20.0,365,1165.74
422403644,317242,1,198.15,Pulses,Grocery & Staples,Rastogi Group,233.12,15.0,365,198.15
7176758896,492958,2,84.2,Lotion,Personal Care,Acharya PLC,129.54,35.0,365,168.4
8252905093,647462,3,326.42,Lotion,Personal Care,"Balan, Samra and Sekhon",502.18,35.0,365,979.26
1488561572,585299,1,799.46,Pet Treats,Pet Care,"Sharma, Chandra and Prashad",1229.94,35.0,365,799.46
6212984517,853932,1,941.19,Baby Wipes,Baby Care,Ranganathan-Peri,1344.56,30.0,365,941.19
6309784337,120532,1,697.53,Wheat Flour,Grocery & Staples,Nazareth Ltd,820.62,15.0,365,697.53
4613890018,490602,1,549.47,Sugar,Grocery & Staples,Raghavan Inc,646.44,15.0,365,549.47
3429728472,851978,1,715.72,Vitamins,Pharmacy,Parsa-Bala,894.65,20.0,365,715.72
267738904,606256,2,369.28,Frozen Biryani,Instant & Frozen Food,Agate Ltd,615.47,40.0,180,738.56
3850416839,697683,3,123.74,Toilet Cleaner,Household Care,"Murty, Varghese and Saxena",164.99,25.0,365,371.21999999999997
3412702479,444361,3,822.63,Pain Reliever,Pharmacy,"Prakash, Bawa and Kale",1028.29,20.0,365,2467.89
2016183232,14145,3,630.84,Spinach,Fruits & Vegetables,"Thakur, Shah and Pingle",841.12,25.0,3,1892.52
3810280204,880510,3,951.43,Bread,Dairy & Breakfast,Roy-Char,1189.29,20.0,7,2854.29
2416767295,284460,1,505.95,Potatoes,Fruits & Vegetables,"Ramakrishnan, Anand and Khare",674.6,25.0,3,505.95
2283439407,376447,1,724.84,Butter,Dairy & Breakfast,Gara and Sons,906.05,20.0,7,724.84
4328802292,378676,2,881.42,Orange Juice,Cold Drinks & Juices,Baral-Kamdar,1259.17,30.0,180,1762.84
7072715691,863930,2,242.57,Shampoo,Personal Care,"Sathe, Agarwal and Dhar",373.18,35.0,365,485.14
5640741373,89084,2,598.83,Milk,Dairy & Breakfast,"Wali, Virk and Iyer",748.54,20.0,7,1197.66
6931094066,461804,3,310.69,Sugar,Grocery & Staples,"Ghose, Ben and Divan",365.52,15.0,365,932.0699999999999
3417088709,366066,3,918.58,Soap,Personal Care,Mandal LLC,1413.2,35.0,365,2755.7400000000002
4424404315,313754,2,136.6,Biscuits,Snacks & Munchies,"Swaminathan, Mahal and Dara",210.15,35.0,90,273.2
2444087306,366066,1,918.58,Soap,Personal Care,Mandal LLC,1413.2,35.0,365,918.58
486085268,354409,3,325.08,Pulses,Grocery & Staples,Bose-Pandit,382.45,15.0,365,975.24
1731312620,589812,1,163.03,Detergent,Household Care,Bir PLC,217.37,25.0,365,163.03
6475582506,140489,2,650.2,Soap,Personal Care,"Biswas, Kapoor and Patel",1000.31,35.0,365,1300.4
1868581378,552883,3,888.16,Potatoes,Fruits & Vegetables,"Balan, Patel and Mall",1184.21,25.0,3,2664.48
8884235937,859361,2,432.39,Shampoo,Personal Care,Mitter Group,665.22,35.0,365,864.78
4590662628,131937,2,287.81,Frozen Pizza,Instant & Frozen Food,"Varkey, Devi and Ganguly",479.68,40.0,180,575.62
992302540,993331,2,102.44,Pulses,Grocery & Staples,"Parmer, Gola and Yogi",120.52,15.0,365,204.88
7169974633,153019,2,947.95,Onions,Fruits & Vegetables,Aurora LLC,1263.93,25.0,3,1895.9
6703651257,954722,1,616.45,Ice Cream,Instant & Frozen Food,Mohan-Virk,1027.42,40.0,180,616.45
7180810221,659290,3,319.34,Cheese,Dairy & Breakfast,Kapadia-D’Alia,399.17,20.0,7,958.02
7875587578,832348,1,831.43,Biscuits,Snacks & Munchies,Jani-Ram,1279.12,35.0,90,831.43
2578671497,118820,2,12.32,Iced Tea,Cold Drinks & Juices,"Warrior, Ravel and Amble",17.6,30.0,180,24.64
6284350691,112390,2,877.98,Toothpaste,Personal Care,"Kibe, Contractor and Randhawa",1350.74,35.0,365,1755.96
5383261788,557908,2,942.37,Vitamins,Pharmacy,Sundaram Inc,1177.96,20.0,365,1884.74
6590867973,712307,2,264.89,Orange Juice,Cold Drinks & Juices,Chana LLC,378.41,30.0,180,529.78
8787105023,398340,1,651.93,Instant Noodles,Instant & Frozen Food,"Nadig, Zachariah and Soni",1086.55,40.0,180,651.93
1402916311,516376,2,877.43,Onions,Fruits & Vegetables,Agarwal-Dhar,1169.91,25.0,3,1754.86
9715205272,440875,2,275.03,Baby Wipes,Baby Care,Loyal Inc,392.9,30.0,365,550.06
3946852375,894539,3,445.48,Dish Soap,Household Care,"Pall, Sule and Sood",593.97,25.0,365,1336.44
3367039425,385113,1,816.38,Lotion,Personal Care,"Sampath, Mane and Mody",1255.97,35.0,365,816.38
687711388,542300,3,255.35,Popcorn,Snacks & Munchies,Gulati-Tandon,392.85,35.0,90,766.05
647012431,18035,2,968.94,Dish Soap,Household Care,Ramesh Inc,1291.92,25.0,365,1937.88
7143278295,647462,1,326.42,Lotion,Personal Care,"Balan, Samra and Sekhon",502.18,35.0,365,326.42
9736844695,564692,1,215.65,Cat Food,Pet Care,"Krishna, Bail and Dyal",331.77,35.0,365,215.65
5933289680,747801,2,277.76,Toilet Cleaner,Household Care,Saha-Vora,370.35,25.0,365,555.52
9494303116,336847,3,936.98,Toilet Cleaner,Household Care,"Dayal, Mammen and More",1249.31,25.0,365,2810.94
9337878102,654623,3,422.14,Chips,Snacks & Munchies,Pradhan and Sons,649.45,35.0,90,1266.42
6872621077,228286,2,179.08,Cola,Cold Drinks & Juices,Bhattacharyya PLC,255.83,30.0,180,358.16
7330237253,677169,1,261.03,Cough Syrup,Pharmacy,Char-Divan,326.29,20.0,365,261.03
7942616242,970529,3,827.44,Diapers,Baby Care,"Kurian, Patla and Sanghvi",1182.06,30.0,365,2482.32
238520071,537274,2,702.71,Pet Treats,Pet Care,Lal-Chauhan,1081.09,35.0,365,1405.42
5812379362,833557,1,422.87,Cereal,Dairy & Breakfast,"Gole, Chand and Dada",528.59,20.0,7,422.87
2616623847,853932,3,941.19,Baby Wipes,Baby Care,Ranganathan-Peri,1344.56,30.0,365,2823.57
2040854480,684939,1,727.95,Lotion,Personal Care,"Sibal, Bhatnagar and Rajan",1119.92,35.0,365,727.95
5456484560,324809,1,608.0,Bread,Dairy & Breakfast,Sidhu PLC,760.0,20.0,7,608.0
883309006,131748,1,81.35,Dog Food,Pet Care,"Shroff, Wason and Dugar",125.15,35.0,365,81.35
6528341992,336847,2,936.98,Toilet Cleaner,Household Care,"Dayal, Mammen and More",1249.31,25.0,365,1873.96
3263203775,563740,1,96.33,Chips,Snacks & Munchies,Mann-Kapadia,148.2,35.0,90,96.33
3660010934,613942,3,545.0,Pet Treats,Pet Care,"Dyal, Saraf and Goel",838.46,35.0,365,1635.0
7944885043,760828,1,563.45,Pet Treats,Pet Care,"Khurana, Khosla and Yohannan",866.85,35.0,365,563.45
2506369831,144124,2,162.67,Detergent,Household Care,Lalla-Srinivasan,216.89,25.0,365,325.34
697061213,398340,2,651.93,Instant Noodles,Instant & Frozen Food,"Nadig, Zachariah and Soni",1086.55,40.0,180,1303.86
7079057004,714999,2,882.51,Bread,Dairy & Breakfast,Kala Group,1103.14,20.0,7,1765.02
1556153632,739448,3,755.66,Dish Soap,Household Care,Mand-Choudhry,1007.55,25.0,365,2266.98
2161235338,704868,3,193.46,Detergent,Household Care,"Parikh, Oak and Kara",257.95,25.0,365,580.38
1247978468,712003,1,671.68,Cola,Cold Drinks & Juices,"Karan, Bandi and Acharya",959.54,30.0,180,671.68
5437627061,679865,1,347.91,Wheat Flour,Grocery & Staples,Memon-Barad,409.31,15.0,365,347.91
9091960039,689769,1,46.62,Frozen Vegetables,Instant & Frozen Food,Kothari-Datta,77.7,40.0,180,46.62
619198317,194682,1,912.29,Iced Tea,Cold Drinks & Juices,Sastry-Issac,1303.27,30.0,180,912.29
9833179291,272170,2,140.8,Ice Cream,Instant & Frozen Food,Purohit Group,234.67,40.0,180,281.6
4148760273,51036,2,931.61,Baby Food,Baby Care,Karnik PLC,1330.87,30.0,365,1863.22
7206041763,124290,3,39.65,Lotion,Personal Care,Sachdev Group,61.0,35.0,365,118.94999999999999
690097648,291238,2,746.03,Chocolates,Snacks & Munchies,"Sinha, Pau and Chhabra",1147.74,35.0,90,1492.06
4197061567,621677,3,317.8,Frozen Biryani,Instant & Frozen Food,Sabharwal-Mital,529.67,40.0,180,953.4000000000001
2009394836,237083,3,577.13,Cough Syrup,Pharmacy,Hayer-Banerjee,721.41,20.0,365,1731.3899999999999
277502363,667163,1,441.2,Orange Juice,Cold Drinks & Juices,Palla LLC,630.29,30.0,180,441.2
4356959622,91670,2,439.24,Dish Soap,Household Care,Barman-Ahluwalia,585.65,25.0,365,878.48
174306009,832348,1,831.43,Biscuits,Snacks & Munchies,Jani-Ram,1279.12,35.0,90,831.43
9582674091,433521,2,321.33,Diapers,Baby Care,Mahal Group,459.04,30.0,365,642.66
8675579025,317242,1,198.15,Pulses,Grocery & Staples,Rastogi Group,233.12,15.0,365,198.15
5195999941,34186,3,925.65,Mangoes,Fruits & Vegetables,Mandal-Kar,1234.2,25.0,3,2776.95
5210007923,492958,1,84.2,Lotion,Personal Care,Acharya PLC,129.54,35.0,365,84.2
6595771960,949818,3,483.05,Biscuits,Snacks & Munchies,Yohannan Inc,743.15,35.0,90,1449.15
4247338382,354409,1,325.08,Pulses,Grocery & Staples,Bose-Pandit,382.45,15.0,365,325.08
819143326,891833,2,493.19,Curd,Dairy & Breakfast,Mani PLC,616.49,20.0,7,986.38
3830844750,487065,3,374.68,Chips,Snacks & Munchies,Kadakia-Yadav,576.43,35.0,90,1124.04
1687314172,378287,2,332.84,Lemonade,Cold Drinks & Juices,Ramesh-Jain,475.49,30.0,180,665.68
6756007265,820973,1,114.52,Baby Wipes,Baby Care,Lall LLC,163.6,30.0,365,114.52
489762747,349294,2,934.75,Onions,Fruits & Vegetables,Ganesan Ltd,1246.33,25.0,3,1869.5
7509195875,704868,1,193.46,Detergent,Household Care,"Parikh, Oak and Kara",257.95,25.0,365,193.46
2370917070,500739,1,359.98,Bread,Dairy & Breakfast,Aggarwal Group,449.98,20.0,7,359.98
2055388266,107548,1,891.6,Cola,Cold Drinks & Juices,"Bhandari, Bhasin and Palan",1273.71,30.0,180,891.6
8969304162,9436,2,88.43,Toothpaste,Personal Care,Naidu PLC,136.05,35.0,365,176.86
5412674107,644847,2,622.81,Salt,Grocery & Staples,"Jhaveri, Kata and Kapur",732.72,15.0,365,1245.62
1536516619,313754,3,136.6,Biscuits,Snacks & Munchies,"Swaminathan, Mahal and Dara",210.15,35.0,90,409.79999999999995
3858907413,51036,1,931.61,Baby Food,Baby Care,Karnik PLC,1330.87,30.0,365,931.61
4976389251,4452,1,169.88,Baby Wipes,Baby Care,Morar-Mistry,242.69,30.0,365,169.88
2218319201,378287,1,332.84,Lemonade,Cold Drinks & Juices,Ramesh-Jain,475.49,30.0,180,332.84
6729422433,552496,2,508.0,Dish Soap,Household Care,Dhar PLC,677.33,25.0,365,1016.0
1354097448,15314,2,578.85,Cheese,Dairy & Breakfast,Banik-Ratta,723.56,20.0,7,1157.7
8952275304,757274,3,98.32,Pet Treats,Pet Care,"Minhas, Kapoor and Sethi",151.26,35.0,365,294.96
436603801,557908,2,942.37,Vitamins,Pharmacy,Sundaram Inc,1177.96,20.0,365,1884.74
5273875984,859361,1,432.39,Shampoo,Personal Care,Mitter Group,665.22,35.0,365,432.39
9290203003,714999,1,882.51,Bread,Dairy & Breakfast,Kala Group,1103.14,20.0,7,882.51
6240982373,70969,3,631.7,Carrots,Fruits & Vegetables,Mohan Group,842.27,25.0,3,1895.1000000000001
2718348206,243235,2,109.03,Cat Food,Pet Care,Batta Inc,167.74,35.0,365,218.06
4903544026,470449,3,827.77,Frozen Biryani,Instant & Frozen Food,Kohli-Sawhney,1379.62,40.0,180,2483.31
2827266949,937542,3,97.04,Wheat Flour,Grocery & Staples,Khurana and Sons,114.16,15.0,365,291.12
4278423074,880510,2,951.43,Bread,Dairy & Breakfast,Roy-Char,1189.29,20.0,7,1902.86
645916247,812607,1,416.65,Potatoes,Fruits & Vegetables,Rege Group,555.53,25.0,3,416.65
5816647866,432617,2,863.18,Baby Wipes,Baby Care,Dora-Pillai,1233.11,30.0,365,1726.36
7282397914,600767,1,722.42,Toothpaste,Personal Care,Balan Group,1111.42,35.0,365,722.42
3260611473,712307,1,264.89,Orange Juice,Cold Drinks & Juices,Chana LLC,378.41,30.0,180,264.89
8638163868,832348,1,831.43,Biscuits,Snacks & Munchies,Jani-Ram,1279.12,35.0,90,831.43
177850987,237083,2,577.13,Cough Syrup,Pharmacy,Hayer-Banerjee,721.41,20.0,365,1154.26
9653859166,272170,1,140.8,Ice Cream,Instant & Frozen Food,Purohit Group,234.67,40.0,180,140.8
9991338690,26060,1,342.94,Vitamins,Pharmacy,Shah and Sons,428.67,20.0,365,342.94
1714593246,613942,3,545.0,Pet Treats,Pet Care,"Dyal, Saraf and Goel",838.46,35.0,365,1635.0
9742461226,478531,3,825.46,Carrots,Fruits & Vegetables,Uppal Group,1100.61,25.0,3,2476.38
3314393477,901144,3,340.36,Sugar,Grocery & Staples,Deo-Kamdar,400.42,15.0,365,1021.08
4188317986,951463,1,787.4,Pet Treats,Pet Care,Balakrishnan-Kaur,1211.38,35.0,365,787.4
1646665366,654297,3,13.25,Potatoes,Fruits & Vegetables,Chandran-Dass,17.67,25.0,3,39.75
9558804585,953175,2,225.21,Baby Food,Baby Care,Sehgal-Nagarajan,321.73,30.0,365,450.42
9047652469,319388,3,657.8,Orange Juice,Cold Drinks & Juices,D’Alia-Dey,939.71,30.0,180,1973.3999999999999
2893800377,187399,1,53.49,Frozen Pizza,Instant & Frozen Food,Chauhan Inc,89.15,40.0,180,53.49
6139157985,753354,3,423.56,Shampoo,Personal Care,Sant-Mahajan,651.63,35.0,365,1270.68
6029394789,803607,1,949.73,Soap,Personal Care,"Kadakia, Mohan and Sathe",1461.12,35.0,365,949.73
5874940276,91670,1,439.24,Dish Soap,Household Care,Barman-Ahluwalia,585.65,25.0,365,439.24
5205211911,561860,2,874.78,Orange Juice,Cold Drinks & Juices,Gupta Ltd,1249.69,30.0,180,1749.56
5314758068,552883,3,888.16,Potatoes,Fruits & Vegetables,"Balan, Patel and Mall",1184.21,25.0,3,2664.48
484869710,15314,2,578.85,Cheese,Dairy & Breakfast,Banik-Ratta,723.56,20.0,7,1157.7
9957728938,455755,2,44.09,Detergent,Household Care,Mangal-Sathe,58.79,25.0,365,88.18
3136056666,555121,1,354.91,Carrots,Fruits & Vegetables,"Subramanian, Chaudhuri and Dora",473.21,25.0,3,354.91
4926104391,642612,2,517.03,Pet Treats,Pet Care,Pillay-Ahuja,795.43,35.0,365,1034.06
1827844756,681063,1,321.28,Mango Drink,Cold Drinks & Juices,Dass and Sons,458.97,30.0,180,321.28
7032037874,491314,3,973.44,Ice Cream,Instant & Frozen Food,Banerjee Inc,1622.4,40.0,180,2920.32
3779230503,82484,3,914.88,Baby Food,Baby Care,Mallick PLC,1306.97,30.0,365,2744.64
3473012553,951463,2,787.4,Pet Treats,Pet Care,Balakrishnan-Kaur,1211.38,35.0,365,1574.8
7988504487,91670,3,439.24,Dish Soap,Household Care,Barman-Ahluwalia,585.65,25.0,365,1317.72
7193792738,500633,3,154.5,Cereal,Dairy & Breakfast,Trivedi-Ahluwalia,193.12,20.0,7,463.5
1533583386,240179,1,90.56,Cough Syrup,Pharmacy,Ram-Suri,113.2,20.0,365,90.56
7750989397,300159,1,44.35,Cola,Cold Drinks & Juices,"Basu, Rout and Mistry",63.36,30.0,180,44.35
4434816229,537274,1,702.71,Pet Treats,Pet Care,Lal-Chauhan,1081.09,35.0,365,702.71
6896732047,187399,3,53.49,Frozen Pizza,Instant & Frozen Food,Chauhan Inc,89.15,40.0,180,160.47
4740837071,833557,3,422.87,Cereal,Dairy & Breakfast,"Gole, Chand and Dada",528.59,20.0,7,1268.6100000000001
6649631729,863930,3,242.57,Shampoo,Personal Care,"Sathe, Agarwal and Dhar",373.18,35.0,365,727.71
5351526726,962054,2,16.86,Orange Juice,Cold Drinks & Juices,Toor-Nagar,24.09,30.0,180,33.72
1506082041,880510,1,951.43,Bread,Dairy & Breakfast,Roy-Char,1189.29,20.0,7,951.43
1023260165,470449,1,827.77,Frozen Biryani,Instant & Frozen Food,Kohli-Sawhney,1379.62,40.0,180,827.77
8257032403,859361,1,432.39,Shampoo,Personal Care,Mitter Group,665.22,35.0,365,432.39
7216524192,15314,2,578.85,Cheese,Dairy & Breakfast,Banik-Ratta,723.56,20.0,7,1157.7
8619795820,449106,2,48.55,Soap,Personal Care,"Shere, Thakur and Naik",74.69,35.0,365,97.1
6494708839,140154,2,171.2,Shampoo,Personal Care,Malhotra LLC,263.38,35.0,365,342.4
9859249765,600767,3,722.42,Toothpaste,Personal Care,Balan Group,1111.42,35.0,365,2167.2599999999998
3528020011,592784,2,280.35,Biscuits,Snacks & Munchies,"Andra, Mander and Kari",431.31,35.0,90,560.7
5937934264,462526,3,449.97,Curd,Dairy & Breakfast,Pau and Sons,562.46,20.0,7,1349.91
2976477423,585299,2,799.46,Pet Treats,Pet Care,"Sharma, Chandra and Prashad",1229.94,35.0,365,1598.92
1002438039,709916,3,33.76,Detergent,Household Care,Varkey LLC,45.01,25.0,365,101.28
2571163022,487931,3,709.08,Sugar,Grocery & Staples,"Bahl, Jaggi and Nath",834.21,15.0,365,2127.2400000000002
6850221497,812607,3,416.65,Potatoes,Fruits & Vegetables,Rege Group,555.53,25.0,3,1249.9499999999998
4706569127,15314,1,578.85,Cheese,Dairy & Breakfast,Banik-Ratta,723.56,20.0,7,578.85
8168261752,349294,2,934.75,Onions,Fruits & Vegetables,Ganesan Ltd,1246.33,25.0,3,1869.5
5828325906,15314,2,578.85,Cheese,Dairy & Breakfast,Banik-Ratta,723.56,20.0,7,1157.7
5012271549,67197,1,552.2,Butter,Dairy & Breakfast,Shetty-Bora,690.25,20.0,7,552.2
8110316958,451812,3,530.85,Pain Reliever,Pharmacy,"Batra, Sant and Mandal",663.56,20.0,365,1592.5500000000002
3190808443,140489,3,650.2,Soap,Personal Care,"Biswas, Kapoor and Patel",1000.31,35.0,365,1950.6000000000001
7175472728,435929,2,856.89,Toilet Cleaner,Household Care,Memon Ltd,1142.52,25.0,365,1713.78
6011117738,658389,3,152.55,Popcorn,Snacks & Munchies,"Chanda, Som and Vohra",234.69,35.0,90,457.65000000000003
5592928753,992178,2,632.43,Pain Reliever,Pharmacy,Basu and Sons,790.54,20.0,365,1264.86
3952040848,927651,2,426.72,Baby Wipes,Baby Care,Narula Group,609.6,30.0,365,853.44
7026479520,613942,1,545.0,Pet Treats,Pet Care,"Dyal, Saraf and Goel",838.46,35.0,365,545.0
6572695161,70969,1,631.7,Carrots,Fruits & Vegetables,Mohan Group,842.27,25.0,3,631.7
9090769419,305754,1,979.99,Frozen Vegetables,Instant & Frozen Food,Mammen-Hegde,1633.32,40.0,180,979.99
5979489110,853932,1,941.19,Baby Wipes,Baby Care,Ranganathan-Peri,1344.56,30.0,365,941.19
964698323,257719,3,281.73,Eggs,Dairy & Breakfast,Chaudhuri PLC,352.16,20.0,7,845.19
2304242664,516376,3,877.43,Onions,Fruits & Vegetables,Agarwal-Dhar,1169.91,25.0,3,2632.29
2483843748,812607,3,416.65,Potatoes,Fruits & Vegetables,Rege Group,555.53,25.0,3,1249.9499999999998
2560588609,186168,1,878.8,Dog Food,Pet Care,"Parekh, Lad and Kadakia",1352.0,35.0,365,878.8
9268920928,9436,2,88.43,Toothpaste,Personal Care,Naidu PLC,136.05,35.0,365,176.86
9554019312,578097,1,267.61,Nuts,Snacks & Munchies,Jha Group,411.71,35.0,90,267.61
3749174258,613942,3,545.0,Pet Treats,Pet Care,"Dyal, Saraf and Goel",838.46,35.0,365,1635.0
3947164241,131136,2,37.8,Salt,Grocery & Staples,Deshpande-Rama,44.47,15.0,365,75.6
487327038,673058,3,765.76,Cough Syrup,Pharmacy,Balan-Madan,957.2,20.0,365,2297.2799999999997
8830321199,894539,2,445.48,Dish Soap,Household Care,"Pall, Sule and Sood",593.97,25.0,365,890.96
3811318591,585299,1,799.46,Pet Treats,Pet Care,"Sharma, Chandra and Prashad",1229.94,35.0,365,799.46
6795601573,677542,1,212.61,Toilet Cleaner,Household Care,Thaman-Lanka,283.48,25.0,365,212.61
2348495717,709916,3,33.76,Detergent,Household Care,Varkey LLC,45.01,25.0,365,101.28
9505736584,667163,1,441.2,Orange Juice,Cold Drinks & Juices,Palla LLC,630.29,30.0,180,441.2
1857227304,194682,1,912.29,Iced Tea,Cold Drinks & Juices,Sastry-Issac,1303.27,30.0,180,912.29
5506485302,491521,1,556.35,Nuts,Snacks & Munchies,Karpe Inc,855.92,35.0,90,556.35
6074837981,373536,3,494.17,Dog Food,Pet Care,Chauhan-Sabharwal,760.26,35.0,365,1482.51
4150569633,820973,2,114.52,Baby Wipes,Baby Care,Lall LLC,163.6,30.0,365,229.04
609838437,382511,3,702.54,Butter,Dairy & Breakfast,Bora-Thakkar,878.17,20.0,7,2107.62
5229657139,487931,1,709.08,Sugar,Grocery & Staples,"Bahl, Jaggi and Nath",834.21,15.0,365,709.08
2589639350,500739,3,359.98,Bread,Dairy & Breakfast,Aggarwal Group,449.98,20.0,7,1079.94
7656948165,901144,3,340.36,Sugar,Grocery & Staples,Deo-Kamdar,400.42,15.0,365,1021.08
1806563605,183929,1,738.74,Bread,Dairy & Breakfast,"Nagi, Sampath and Khurana",923.42,20.0,7,738.74
359819834,952168,2,236.95,Popcorn,Snacks & Munchies,"Krishnamurthy, Sibal and Das",364.54,35.0,90,473.9
1908423841,449106,2,48.55,Soap,Personal Care,"Shere, Thakur and Naik",74.69,35.0,365,97.1
299859815,707935,2,820.9,Cat Food,Pet Care,"Anne, Mammen and Khatri",1262.92,35.0,365,1641.8
923659418,217710,1,58.59,Eggs,Dairy & Breakfast,Rout-Sarna,73.24,20.0,7,58.59
3560625119,679865,3,347.91,Wheat Flour,Grocery & Staples,Memon-Barad,409.31,15.0,365,1043.73
7111490680,317242,3,198.15,Pulses,Grocery & Staples,Rastogi Group,233.12,15.0,365,594.45
5766981431,53833,2,134.69,Rice,Grocery & Staples,Tella-Master,158.46,15.0,365,269.38
8609945311,853932,3,941.19,Baby Wipes,Baby Care,Ranganathan-Peri,1344.56,30.0,365,2823.57
1691260635,707935,1,820.9,Cat Food,Pet Care,"Anne, Mammen and Khatri",1262.92,35.0,365,820.9
8742091504,349294,3,934.75,Onions,Fruits & Vegetables,Ganesan Ltd,1246.33,25.0,3,2804.25
1997833025,123983,1,785.67,Cough Syrup,Pharmacy,Kurian-Chhabra,982.09,20.0,365,785.67
3588296877,757274,2,98.32,Pet Treats,Pet Care,"Minhas, Kapoor and Sethi",151.26,35.0,365,196.64
2404804990,557908,1,942.37,Vitamins,Pharmacy,Sundaram Inc,1177.96,20.0,365,942.37
8091385479,14145,1,630.84,Spinach,Fruits & Vegetables,"Thakur, Shah and Pingle",841.12,25.0,3,630.84
7133174424,264803,1,995.98,Vitamins,Pharmacy,Gole-Doshi,1244.97,20.0,365,995.98
6110446321,272170,1,140.8,Ice Cream,Instant & Frozen Food,Purohit Group,234.67,40.0,180,140.8
6964586050,378230,1,166.42,Nuts,Snacks & Munchies,Kala-Vig,256.03,35.0,90,166.42
2351986014,589812,2,163.03,Detergent,Household Care,Bir PLC,217.37,25.0,365,326.06
352569720,757274,1,98.32,Pet Treats,Pet Care,"Minhas, Kapoor and Sethi",151.26,35.0,365,98.32
1235280275,491521,2,556.35,Nuts,Snacks & Munchies,Karpe Inc,855.92,35.0,90,1112.7
9399859705,217710,1,58.59,Eggs,Dairy & Breakfast,Rout-Sarna,73.24,20.0,7,58.59
7530379037,952168,3,236.95,Popcorn,Snacks & Munchies,"Krishnamurthy, Sibal and Das",364.54,35.0,90,710.8499999999999
5952886441,328457,3,858.57,Mango Drink,Cold Drinks & Juices,Hayre-Shere,1226.53,30.0,180,2575.71
5815833211,373536,2,494.17,Dog Food,Pet Care,Chauhan-Sabharwal,760.26,35.0,365,988.34
7307394687,739448,2,755.66,Dish Soap,Household Care,Mand-Choudhry,1007.55,25.0,365,1511.32
6033014029,587645,1,801.81,Vitamins,Pharmacy,"Sura, Pillay and Mammen",1002.26,20.0,365,801.81
1409944718,153019,3,947.95,Onions,Fruits & Vegetables,Aurora LLC,1263.93,25.0,3,2843.8500000000004
1811382200,131748,3,81.35,Dog Food,Pet Care,"Shroff, Wason and Dugar",125.15,35.0,365,244.04999999999998
4485391413,863930,3,242.57,Shampoo,Personal Care,"Sathe, Agarwal and Dhar",373.18,35.0,365,727.71
4076279641,684939,3,727.95,Lotion,Personal Care,"Sibal, Bhatnagar and Rajan",1119.92,35.0,365,2183.8500000000004
2965387566,615545,2,448.16,Soap,Personal Care,Barman Inc,689.48,35.0,365,896.32
9397774189,112390,2,877.98,Toothpaste,Personal Care,"Kibe, Contractor and Randhawa",1350.74,35.0,365,1755.96
1437159967,803607,3,949.73,Soap,Personal Care,"Kadakia, Mohan and Sathe",1461.12,35.0,365,2849.19
8397785448,131136,2,37.8,Salt,Grocery & Staples,Deshpande-Rama,44.47,15.0,365,75.6
2778606949,654623,2,422.14,Chips,Snacks & Munchies,Pradhan and Sons,649.45,35.0,90,844.28
1774096863,784827,1,274.25,Baby Wipes,Baby Care,Balakrishnan Ltd,391.79,30.0,365,274.25
1497256618,853932,1,941.19,Baby Wipes,Baby Care,Ranganathan-Peri,1344.56,30.0,365,941.19
734095510,313754,1,136.6,Biscuits,Snacks & Munchies,"Swaminathan, Mahal and Dara",210.15,35.0,90,136.6
5755859055,473929,3,440.19,Carrots,Fruits & Vegetables,"Bhardwaj, Bhatia and Deshmukh",586.92,25.0,3,1320.57
5840290569,760828,1,563.45,Pet Treats,Pet Care,"Khurana, Khosla and Yohannan",866.85,35.0,365,563.45
8200985533,555121,2,354.91,Carrots,Fruits & Vegetables,"Subramanian, Chaudhuri and Dora",473.21,25.0,3,709.82
3255590064,709916,1,33.76,Detergent,Household Care,Varkey LLC,45.01,25.0,365,33.76
4258404747,272170,1,140.8,Ice Cream,Instant & Frozen Food,Purohit Group,234.67,40.0,180,140.8
2455161115,131748,2,81.35,Dog Food,Pet Care,"Shroff, Wason and Dugar",125.15,35.0,365,162.7
4448004569,455083,2,959.01,Butter,Dairy & Breakfast,Dutta Inc,1198.76,20.0,7,1918.02
5951090793,615545,1,448.16,Soap,Personal Care,Barman Inc,689.48,35.0,365,448.16
7402491996,672059,2,672.73,Toothpaste,Personal Care,Kaur-Gola,1034.97,35.0,365,1345.46
8532411923,77308,3,223.27,Onions,Fruits & Vegetables,Ratta-Sagar,297.69,25.0,3,669.8100000000001
7130555385,365133,3,915.45,Dish Soap,Household Care,Hans Inc,1220.6,25.0,365,2746.3500000000004
4338197132,107548,3,891.6,Cola,Cold Drinks & Juices,"Bhandari, Bhasin and Palan",1273.71,30.0,180,2674.8
8044366071,131937,3,287.81,Frozen Pizza,Instant & Frozen Food,"Varkey, Devi and Ganguly",479.68,40.0,180,863.4300000000001
4135251774,114414,2,832.06,Vitamins,Pharmacy,Kara-Golla,1040.07,20.0,365,1664.12
6331483812,291238,1,746.03,Chocolates,Snacks & Munchies,"Sinha, Pau and Chhabra",1147.74,35.0,90,746.03
6705171000,9436,3,88.43,Toothpaste,Personal Care,Naidu PLC,136.05,35.0,365,265.29
7850128898,962054,1,16.86,Orange Juice,Cold Drinks & Juices,Toor-Nagar,24.09,30.0,180,16.86
3602554049,818522,3,96.09,Cheese,Dairy & Breakfast,Hora-Roy,120.11,20.0,7,288.27
1070259187,949818,1,483.05,Biscuits,Snacks & Munchies,Yohannan Inc,743.15,35.0,90,483.05
8412338399,187399,2,53.49,Frozen Pizza,Instant & Frozen Food,Chauhan Inc,89.15,40.0,180,106.98
1478022303,600767,2,722.42,Toothpaste,Personal Care,Balan Group,1111.42,35.0,365,1444.84
2376108199,564692,2,215.65,Cat Food,Pet Care,"Krishna, Bail and Dyal",331.77,35.0,365,431.3
5243035202,991434,3,237.62,Cookies,Snacks & Munchies,Mital-Oza,365.57,35.0,90,712.86
3687581971,739448,2,755.66,Dish Soap,Household Care,Mand-Choudhry,1007.55,25.0,365,1511.32
7008586055,839170,1,481.63,Curd,Dairy & Breakfast,Shetty and Sons,602.04,20.0,7,481.63
5142069216,734789,2,395.82,Popcorn,Snacks & Munchies,"Chaudhari, Pant and Singh",608.95,35.0,90,791.64
4152441944,712307,2,264.89,Orange Juice,Cold Drinks & Juices,Chana LLC,378.41,30.0,180,529.78
5601670348,491521,1,556.35,Nuts,Snacks & Munchies,Karpe Inc,855.92,35.0,90,556.35
605105099,542300,1,255.35,Popcorn,Snacks & Munchies,Gulati-Tandon,392.85,35.0,90,255.35
4054936140,461804,1,310.69,Sugar,Grocery & Staples,"Ghose, Ben and Divan",365.52,15.0,365,310.69
8741892156,540618,2,317.05,Popcorn,Snacks & Munchies,Golla-Luthra,487.77,35.0,90,634.1
9143640828,140489,2,650.2,Soap,Personal Care,"Biswas, Kapoor and Patel",1000.31,35.0,365,1300.4
6900876252,367391,2,939.55,Baby Wipes,Baby Care,Talwar and Sons,1342.21,30.0,365,1879.1
9801174908,837480,1,217.4,Cough Syrup,Pharmacy,Edwin and Sons,271.75,20.0,365,217.4
551343632,272170,3,140.8,Ice Cream,Instant & Frozen Food,Purohit Group,234.67,40.0,180,422.40000000000003
7961173808,131937,3,287.81,Frozen Pizza,Instant & Frozen Food,"Varkey, Devi and Ganguly",479.68,40.0,180,863.4300000000001
328909145,681063,3,321.28,Mango Drink,Cold Drinks & Juices,Dass and Sons,458.97,30.0,180,963.8399999999999
5551173528,762527,2,690.08,Biscuits,Snacks & Munchies,"Chad, Yohannan and Chopra",1061.66,35.0,90,1380.16
4461788759,876139,2,415.75,Pulses,Grocery & Staples,Cherian-Dara,489.12,15.0,365,831.5
7256212429,217710,3,58.59,Eggs,Dairy & Breakfast,Rout-Sarna,73.24,20.0,7,175.77
9104077642,118820,2,12.32,Iced Tea,Cold Drinks & Juices,"Warrior, Ravel and Amble",17.6,30.0,180,24.64
2914056235,930284,3,189.47,Baby Food,Baby Care,"Garg, Saraf and Dutta",270.67,30.0,365,568.41
9127632807,681063,3,321.28,Mango Drink,Cold Drinks & Juices,Dass and Sons,458.97,30.0,180,963.8399999999999
6070154414,784827,1,274.25,Baby Wipes,Baby Care,Balakrishnan Ltd,391.79,30.0,365,274.25
2318969828,123983,1,785.67,Cough Syrup,Pharmacy,Kurian-Chhabra,982.09,20.0,365,785.67
3813047994,18035,2,968.94,Dish Soap,Household Care,Ramesh Inc,1291.92,25.0,365,1937.88
1416102774,56589,2,517.77,Vitamins,Pharmacy,"Pai, Kashyap and Ramachandran",647.21,20.0,365,1035.54
8086834412,566052,2,87.3,Pain Reliever,Pharmacy,"Apte, Soman and Raju",109.12,20.0,365,174.6
6193826826,478531,3,825.46,Carrots,Fruits & Vegetables,Uppal Group,1100.61,25.0,3,2476.38
8444509148,853932,3,941.19,Baby Wipes,Baby Care,Ranganathan-Peri,1344.56,30.0,365,2823.57
42332130,365133,1,915.45,Dish Soap,Household Care,Hans Inc,1220.6,25.0,365,915.45
6009342120,272170,2,140.8,Ice Cream,Instant & Frozen Food,Purohit Group,234.67,40.0,180,281.6
4818516411,367391,3,939.55,Baby Wipes,Baby Care,Talwar and Sons,1342.21,30.0,365,2818.6499999999996
1039229544,243235,3,109.03,Cat Food,Pet Care,Batta Inc,167.74,35.0,365,327.09000000000003
1515943657,760684,3,71.6,Rice,Grocery & Staples,Kanda-Gupta,84.24,15.0,365,214.79999999999998
9183547951,461804,2,310.69,Sugar,Grocery & Staples,"Ghose, Ben and Divan",365.52,15.0,365,621.38
8478376092,952168,1,236.95,Popcorn,Snacks & Munchies,"Krishnamurthy, Sibal and Das",364.54,35.0,90,236.95
1454073903,34186,3,925.65,Mangoes,Fruits & Vegetables,Mandal-Kar,1234.2,25.0,3,2776.95
2855402284,451812,2,530.85,Pain Reliever,Pharmacy,"Batra, Sant and Mandal",663.56,20.0,365,1061.7
7245730533,647462,2,326.42,Lotion,Personal Care,"Balan, Samra and Sekhon",502.18,35.0,365,652.84
2272892659,51036,3,931.61,Baby Food,Baby Care,Karnik PLC,1330.87,30.0,365,2794.83
9087377568,432617,1,863.18,Baby Wipes,Baby Care,Dora-Pillai,1233.11,30.0,365,863.18
8443685057,525531,1,831.1,Dog Food,Pet Care,Sandal PLC,1278.62,35.0,365,831.1
1590988730,764014,3,612.04,Salt,Grocery & Staples,"Grewal, Swamy and Dayal",720.05,15.0,365,1836.12
7357811417,692985,2,197.39,Pulses,Grocery & Staples,"Wable, Sankaran and Hari",232.22,15.0,365,394.78
394951937,63769,1,878.07,Lotion,Personal Care,Dalal-Shan,1350.88,35.0,365,878.07
3967445448,832348,3,831.43,Biscuits,Snacks & Munchies,Jani-Ram,1279.12,35.0,90,2494.29
6101022928,256783,3,906.54,Pet Treats,Pet Care,"Basu, Thakur and Rege",1394.68,35.0,365,2719.62
6322372546,613942,3,545.0,Pet Treats,Pet Care,"Dyal, Saraf and Goel",838.46,35.0,365,1635.0
9778782281,818990,3,163.55,Tomatoes,Fruits & Vegetables,Dugar Group,218.07,25.0,3,490.65000000000003
3867563962,647462,1,326.42,Lotion,Personal Care,"Balan, Samra and Sekhon",502.18,35.0,365,326.42
9277710098,542300,2,255.35,Popcorn,Snacks & Munchies,Gulati-Tandon,392.85,35.0,90,510.7
7669322773,77308,2,223.27,Onions,Fruits & Vegetables,Ratta-Sagar,297.69,25.0,3,446.54
3917427529,771228,2,83.18,Pet Treats,Pet Care,Raja and Sons,127.97,35.0,365,166.36
1934158144,120532,1,697.53,Wheat Flour,Grocery & Staples,Nazareth Ltd,820.62,15.0,365,697.53
3157338466,847349,2,781.08,Potatoes,Fruits & Vegetables,Chhabra-Agrawal,1041.44,25.0,3,1562.16
9640662474,760684,3,71.6,Rice,Grocery & Staples,Kanda-Gupta,84.24,15.0,365,214.79999999999998
2356272189,604184,3,397.55,Toilet Cleaner,Household Care,"Gaba, Sodhi and Choudhary",530.07,25.0,365,1192.65
1380510406,602241,1,976.55,Nuts,Snacks & Munchies,Bahl-Pau,1502.38,35.0,90,976.55
8008377895,349294,2,934.75,Onions,Fruits & Vegetables,Ganesan Ltd,1246.33,25.0,3,1869.5
3680678403,313754,3,136.6,Biscuits,Snacks & Munchies,"Swaminathan, Mahal and Dara",210.15,35.0,90,409.79999999999995
2847236502,871592,1,870.29,Carrots,Fruits & Vegetables,"Shankar, Nadkarni and Kumer",1160.39,25.0,3,870.29
5212392063,532965,1,307.23,Frozen Pizza,Instant & Frozen Food,Sachdev Inc,512.05,40.0,180,307.23
3804024939,57405,2,607.67,Baby Food,Baby Care,Srinivas PLC,868.1,30.0,365,1215.34
5395870775,432617,3,863.18,Baby Wipes,Baby Care,Dora-Pillai,1233.11,30.0,365,2589.54
511736499,4452,1,169.88,Baby Wipes,Baby Care,Morar-Mistry,242.69,30.0,365,169.88
2895886759,949818,1,483.05,Biscuits,Snacks & Munchies,Yohannan Inc,743.15,35.0,90,483.05
6638513435,306177,3,769.24,Frozen Biryani,Instant & Frozen Food,Som Inc,1282.07,40.0,180,2307.7200000000003
4168083780,187399,1,53.49,Frozen Pizza,Instant & Frozen Food,Chauhan Inc,89.15,40.0,180,53.49
2501516144,652118,3,22.04,Frozen Biryani,Instant & Frozen Food,Agate and Sons,36.73,40.0,180,66.12
7141387557,349294,3,934.75,Onions,Fruits & Vegetables,Ganesan Ltd,1246.33,25.0,3,2804.25
2747350024,186168,3,878.8,Dog Food,Pet Care,"Parekh, Lad and Kadakia",1352.0,35.0,365,2636.3999999999996
9503407492,764014,2,612.04,Salt,Grocery & Staples,"Grewal, Swamy and Dayal",720.05,15.0,365,1224.08
4845607487,513199,1,422.23,Cola,Cold Drinks & Juices,Rastogi Inc,603.19,30.0,180,422.23
2051769691,890232,1,432.0,Mango Drink,Cold Drinks & Juices,Jha Group,617.14,30.0,180,432.0
1092990139,820973,2,114.52,Baby Wipes,Baby Care,Lall LLC,163.6,30.0,365,229.04
5527612319,690565,3,951.27,Cookies,Snacks & Munchies,"Roy, Seth and Patla",1463.49,35.0,90,2853.81
8852367079,714999,3,882.51,Bread,Dairy & Breakfast,Kala Group,1103.14,20.0,7,2647.5299999999997
1666202264,337168,2,545.49,Eggs,Dairy & Breakfast,Dasgupta PLC,681.86,20.0,7,1090.98
8606484804,654297,1,13.25,Potatoes,Fruits & Vegetables,Chandran-Dass,17.67,25.0,3,13.25
8905341102,937542,2,97.04,Wheat Flour,Grocery & Staples,Khurana and Sons,114.16,15.0,365,194.08
5418735913,606256,1,369.28,Frozen Biryani,Instant & Frozen Food,Agate Ltd,615.47,40.0,180,369.28
970377475,734789,2,395.82,Popcorn,Snacks & Munchies,"Chaudhari, Pant and Singh",608.95,35.0,90,791.64
7320527109,291238,2,746.03,Chocolates,Snacks & Munchies,"Sinha, Pau and Chhabra",1147.74,35.0,90,1492.06
5120698,187399,1,53.49,Frozen Pizza,Instant & Frozen Food,Chauhan Inc,89.15,40.0,180,53.49
3812396179,114414,3,832.06,Vitamins,Pharmacy,Kara-Golla,1040.07,20.0,365,2496.18
8178951021,18035,3,968.94,Dish Soap,Household Care,Ramesh Inc,1291.92,25.0,365,2906.82
2479115586,532965,2,307.23,Frozen Pizza,Instant & Frozen Food,Sachdev Inc,512.05,40.0,180,614.46
6239453389,880510,2,951.43,Bread,Dairy & Breakfast,Roy-Char,1189.29,20.0,7,1902.86
3136508414,435929,3,856.89,Toilet Cleaner,Household Care,Memon Ltd,1142.52,25.0,365,2570.67
5521273487,18035,2,968.94,Dish Soap,Household Care,Ramesh Inc,1291.92,25.0,365,1937.88
5445047872,723678,3,675.46,Dog Food,Pet Care,"Lall, Datta and Swamy",1039.17,35.0,365,2026.38
3678525130,451812,1,530.85,Pain Reliever,Pharmacy,"Batra, Sant and Mandal",663.56,20.0,365,530.85
9328056960,237083,2,577.13,Cough Syrup,Pharmacy,Hayer-Banerjee,721.41,20.0,365,1154.26
2109203997,131937,1,287.81,Frozen Pizza,Instant & Frozen Food,"Varkey, Devi and Ganguly",479.68,40.0,180,287.81
556665455,876139,3,415.75,Pulses,Grocery & Staples,Cherian-Dara,489.12,15.0,365,1247.25
6573705785,567671,2,418.48,Biscuits,Snacks & Munchies,Nagar LLC,643.82,35.0,90,836.96
2609502403,131136,1,37.8,Salt,Grocery & Staples,Deshpande-Rama,44.47,15.0,365,37.8
1463293930,689769,1,46.62,Frozen Vegetables,Instant & Frozen Food,Kothari-Datta,77.7,40.0,180,46.62
8132887999,433521,2,321.33,Diapers,Baby Care,Mahal Group,459.04,30.0,365,642.66
7178789018,112390,1,877.98,Toothpaste,Personal Care,"Kibe, Contractor and Randhawa",1350.74,35.0,365,877.98
2295700159,760828,3,563.45,Pet Treats,Pet Care,"Khurana, Khosla and Yohannan",866.85,35.0,365,1690.3500000000001
9277089038,837480,2,217.4,Cough Syrup,Pharmacy,Edwin and Sons,271.75,20.0,365,434.8
145057465,26060,3,342.94,Vitamins,Pharmacy,Shah and Sons,428.67,20.0,365,1028.82
9452353274,34186,1,925.65,Mangoes,Fruits & Vegetables,Mandal-Kar,1234.2,25.0,3,925.65
5434328922,837480,2,217.4,Cough Syrup,Pharmacy,Edwin and Sons,271.75,20.0,365,434.8
3327051807,516376,3,877.43,Onions,Fruits & Vegetables,Agarwal-Dhar,1169.91,25.0,3,2632.29
1461604569,812607,1,416.65,Potatoes,Fruits & Vegetables,Rege Group,555.53,25.0,3,416.65
606518084,60619,1,726.41,Iced Tea,Cold Drinks & Juices,Bhasin LLC,1037.73,30.0,180,726.41
7637625389,585299,1,799.46,Pet Treats,Pet Care,"Sharma, Chandra and Prashad",1229.94,35.0,365,799.46
7311621328,317242,3,198.15,Pulses,Grocery & Staples,Rastogi Group,233.12,15.0,365,594.45
8790217194,589812,2,163.03,Detergent,Household Care,Bir PLC,217.37,25.0,365,326.06
1772445313,557908,3,942.37,Vitamins,Pharmacy,Sundaram Inc,1177.96,20.0,365,2827.11
159394992,473929,1,440.19,Carrots,Fruits & Vegetables,"Bhardwaj, Bhatia and Deshmukh",586.92,25.0,3,440.19
7992910755,243235,1,109.03,Cat Food,Pet Care,Batta Inc,167.74,35.0,365,109.03
1786931285,679321,1,738.46,Cola,Cold Drinks & Juices,Khurana-Dewan,1054.94,30.0,180,738.46
2225520858,448752,3,160.07,Toilet Cleaner,Household Care,Batta-Doctor,213.43,25.0,365,480.21
5635738740,319388,2,657.8,Orange Juice,Cold Drinks & Juices,D’Alia-Dey,939.71,30.0,180,1315.6
2230824358,679284,1,877.89,Cough Syrup,Pharmacy,Pant LLC,1097.36,20.0,365,877.89
9217211301,681063,2,321.28,Mango Drink,Cold Drinks & Juices,Dass and Sons,458.97,30.0,180,642.56
4501870609,839170,2,481.63,Curd,Dairy & Breakfast,Shetty and Sons,602.04,20.0,7,963.26
838401679,832348,3,831.43,Biscuits,Snacks & Munchies,Jani-Ram,1279.12,35.0,90,2494.29
9587315528,623234,3,329.79,Frozen Biryani,Instant & Frozen Food,Chakrabarti-Batra,549.65,40.0,180,989.3700000000001
3122936945,880510,1,951.43,Bread,Dairy & Breakfast,Roy-Char,1189.29,20.0,7,951.43
6093390755,337168,1,545.49,Eggs,Dairy & Breakfast,Dasgupta PLC,681.86,20.0,7,545.49
2032956677,993331,1,102.44,Pulses,Grocery & Staples,"Parmer, Gola and Yogi",120.52,15.0,365,102.44
1488430001,807452,3,144.19,Pulses,Grocery & Staples,Naik Ltd,169.64,15.0,365,432.57
615391848,284460,1,505.95,Potatoes,Fruits & Vegetables,"Ramakrishnan, Anand and Khare",674.6,25.0,3,505.95
8686093533,492958,2,84.2,Lotion,Personal Care,Acharya PLC,129.54,35.0,365,168.4
7038758506,51036,2,931.61,Baby Food,Baby Care,Karnik PLC,1330.87,30.0,365,1863.22
2385966456,451933,3,568.94,Wheat Flour,Grocery & Staples,Nadig Ltd,669.34,15.0,365,1706.8200000000002
259622674,154179,2,582.87,Pain Reliever,Pharmacy,"Barad, Devi and Andra",728.59,20.0,365,1165.74
2580381935,137909,2,864.3,Cough Syrup,Pharmacy,Dalal PLC,1080.37,20.0,365,1728.6
5035471587,927651,2,426.72,Baby Wipes,Baby Care,Narula Group,609.6,30.0,365,853.44
9421270813,154179,1,582.87,Pain Reliever,Pharmacy,"Barad, Devi and Andra",728.59,20.0,365,582.87
1831516625,264803,3,995.98,Vitamins,Pharmacy,Gole-Doshi,1244.97,20.0,365,2987.94
1918841793,256051,1,400.92,Lotion,Personal Care,"Mannan, Naidu and Sama",616.8,35.0,365,400.92
1757159071,589812,2,163.03,Detergent,Household Care,Bir PLC,217.37,25.0,365,326.06
7589464630,961614,1,227.22,Chocolates,Snacks & Munchies,Goda Inc,349.57,35.0,90,227.22
1577085460,723678,3,675.46,Dog Food,Pet Care,"Lall, Datta and Swamy",1039.17,35.0,365,2026.38
2279018877,993331,2,102.44,Pulses,Grocery & Staples,"Parmer, Gola and Yogi",120.52,15.0,365,204.88
7431412128,136533,2,826.21,Eggs,Dairy & Breakfast,"Raghavan, Magar and Shanker",1032.76,20.0,7,1652.42
8781520615,689769,2,46.62,Frozen Vegetables,Instant & Frozen Food,Kothari-Datta,77.7,40.0,180,93.24
1276192882,853932,1,941.19,Baby Wipes,Baby Care,Ranganathan-Peri,1344.56,30.0,365,941.19
4065794921,120385,3,597.91,Pet Treats,Pet Care,Dubey-Sarin,919.86,35.0,365,1793.73
1690800946,589812,1,163.03,Detergent,Household Care,Bir PLC,217.37,25.0,365,163.03
877883470,4452,2,169.88,Baby Wipes,Baby Care,Morar-Mistry,242.69,30.0,365,339.76
7322044533,382511,3,702.54,Butter,Dairy & Breakfast,Bora-Thakkar,878.17,20.0,7,2107.62
5243163885,833557,1,422.87,Cereal,Dairy & Breakfast,"Gole, Chand and Dada",528.59,20.0,7,422.87
4360255357,91670,3,439.24,Dish Soap,Household Care,Barman-Ahluwalia,585.65,25.0,365,1317.72
9623306038,365133,2,915.45,Dish Soap,Household Care,Hans Inc,1220.6,25.0,365,1830.9
6282385286,807452,2,144.19,Pulses,Grocery & Staples,Naik Ltd,169.64,15.0,365,288.38
1001900652,217710,2,58.59,Eggs,Dairy & Breakfast,Rout-Sarna,73.24,20.0,7,117.18
5161988291,82484,2,914.88,Baby Food,Baby Care,Mallick PLC,1306.97,30.0,365,1829.76
3597752998,376447,1,724.84,Butter,Dairy & Breakfast,Gara and Sons,906.05,20.0,7,724.84
9074325310,11422,2,127.16,Potatoes,Fruits & Vegetables,Ramaswamy-Tata,169.55,25.0,3,254.32
8875965392,361361,3,826.21,Biscuits,Snacks & Munchies,"Kunda, Dave and Sahni",1271.09,35.0,90,2478.63
971081962,673058,3,765.76,Cough Syrup,Pharmacy,Balan-Madan,957.2,20.0,365,2297.2799999999997
1948332638,18035,2,968.94,Dish Soap,Household Care,Ramesh Inc,1291.92,25.0,365,1937.88
1785558780,689769,1,46.62,Frozen Vegetables,Instant & Frozen Food,Kothari-Datta,77.7,40.0,180,46.62
7590462053,228286,3,179.08,Cola,Cold Drinks & Juices,Bhattacharyya PLC,255.83,30.0,180,537.24
2135743860,647462,1,326.42,Lotion,Personal Care,"Balan, Samra and Sekhon",502.18,35.0,365,326.42
9851365751,222892,3,869.22,Tomatoes,Fruits & Vegetables,Ramakrishnan-Ghose,1158.96,25.0,3,2607.66
9243090480,385113,3,816.38,Lotion,Personal Care,"Sampath, Mane and Mody",1255.97,35.0,365,2449.14
7168596454,563740,2,96.33,Chips,Snacks & Munchies,Mann-Kapadia,148.2,35.0,90,192.66
2483565595,52729,1,316.02,Cat Food,Pet Care,Saini LLC,486.18,35.0,365,316.02
2484470052,721521,2,417.39,Rice,Grocery & Staples,"Ramanathan, Agarwal and Baria",491.05,15.0,365,834.78
7702588270,305754,2,979.99,Frozen Vegetables,Instant & Frozen Food,Mammen-Hegde,1633.32,40.0,180,1959.98
5992338333,63769,2,878.07,Lotion,Personal Care,Dalal-Shan,1350.88,35.0,365,1756.14
9196796718,965755,1,532.57,Bananas,Fruits & Vegetables,"Doshi, Sarraf and Sama",710.09,25.0,3,532.57
3291765954,171602,2,883.44,Cola,Cold Drinks & Juices,Pal-Sehgal,1262.06,30.0,180,1766.88
652616858,589812,3,163.03,Detergent,Household Care,Bir PLC,217.37,25.0,365,489.09000000000003
2613508245,123983,3,785.67,Cough Syrup,Pharmacy,Kurian-Chhabra,982.09,20.0,365,2357.0099999999998
8169361928,818990,2,163.55,Tomatoes,Fruits & Vegetables,Dugar Group,218.07,25.0,3,327.1
9395982132,891833,2,493.19,Curd,Dairy & Breakfast,Mani PLC,616.49,20.0,7,986.38
1914701538,962591,1,130.01,Orange Juice,Cold Drinks & Juices,Murthy-Kaul,185.73,30.0,180,130.01
6236279358,77308,1,223.27,Onions,Fruits & Vegetables,Ratta-Sagar,297.69,25.0,3,223.27
2288561509,968887,3,40.7,Dish Soap,Household Care,Keer-Gill,54.27,25.0,365,122.10000000000001
2010415757,820973,3,114.52,Baby Wipes,Baby Care,Lall LLC,163.6,30.0,365,343.56
7164827734,9436,2,88.43,Toothpaste,Personal Care,Naidu PLC,136.05,35.0,365,176.86
7971819985,764014,3,612.04,Salt,Grocery & Staples,"Grewal, Swamy and Dayal",720.05,15.0,365,1836.12
8234021674,123983,3,785.67,Cough Syrup,Pharmacy,Kurian-Chhabra,982.09,20.0,365,2357.0099999999998
4274404843,803607,1,949.73,Soap,Personal Care,"Kadakia, Mohan and Sathe",1461.12,35.0,365,949.73
7353519273,927651,1,426.72,Baby Wipes,Baby Care,Narula Group,609.6,30.0,365,426.72
8539612501,707935,1,820.9,Cat Food,Pet Care,"Anne, Mammen and Khatri",1262.92,35.0,365,820.9
5894327065,953175,3,225.21,Baby Food,Baby Care,Sehgal-Nagarajan,321.73,30.0,365,675.63
77053363,883013,3,989.88,Eggs,Dairy & Breakfast,Chahal Group,1237.35,20.0,7,2969.64
4467084478,833557,2,422.87,Cereal,Dairy & Breakfast,"Gole, Chand and Dada",528.59,20.0,7,845.74
3514036230,107548,2,891.6,Cola,Cold Drinks & Juices,"Bhandari, Bhasin and Palan",1273.71,30.0,180,1783.2
4720421794,532965,2,307.23,Frozen Pizza,Instant & Frozen Food,Sachdev Inc,512.05,40.0,180,614.46
3202903413,140489,3,650.2,Soap,Personal Care,"Biswas, Kapoor and Patel",1000.31,35.0,365,1950.6000000000001
6938082428,764014,2,612.04,Salt,Grocery & Staples,"Grewal, Swamy and Dayal",720.05,15.0,365,1224.08
9202941711,144124,2,162.67,Detergent,Household Care,Lalla-Srinivasan,216.89,25.0,365,325.34
8963522960,264803,2,995.98,Vitamins,Pharmacy,Gole-Doshi,1244.97,20.0,365,1991.96
9266835891,243235,2,109.03,Cat Food,Pet Care,Batta Inc,167.74,35.0,365,218.06
5265722064,672059,3,672.73,Toothpaste,Personal Care,Kaur-Gola,1034.97,35.0,365,2018.19
5514326011,677542,1,212.61,Toilet Cleaner,Household Care,Thaman-Lanka,283.48,25.0,365,212.61
9578652103,15314,1,578.85,Cheese,Dairy & Breakfast,Banik-Ratta,723.56,20.0,7,578.85
3559061334,706112,3,478.79,Vitamins,Pharmacy,"Magar, Gara and Garg",598.49,20.0,365,1436.3700000000001
637944734,4452,3,169.88,Baby Wipes,Baby Care,Morar-Mistry,242.69,30.0,365,509.64
7454643275,365132,3,229.38,Instant Noodles,Instant & Frozen Food,Dar-Kumar,382.3,40.0,180,688.14
4319342350,951463,2,787.4,Pet Treats,Pet Care,Balakrishnan-Kaur,1211.38,35.0,365,1574.8
7568450733,871592,2,870.29,Carrots,Fruits & Vegetables,"Shankar, Nadkarni and Kumer",1160.39,25.0,3,1740.58
734744305,77308,3,223.27,Onions,Fruits & Vegetables,Ratta-Sagar,297.69,25.0,3,669.8100000000001
5233331050,171602,3,883.44,Cola,Cold Drinks & Juices,Pal-Sehgal,1262.06,30.0,180,2650.32
8326867788,798639,3,211.25,Eggs,Dairy & Breakfast,Subramaniam LLC,264.06,20.0,7,633.75
8368819094,968887,3,40.7,Dish Soap,Household Care,Keer-Gill,54.27,25.0,365,122.10000000000001
8700151605,820541,2,576.22,Toilet Cleaner,Household Care,"Borde, Peri and Upadhyay",768.29,25.0,365,1152.44
6269179048,700048,3,141.28,Dish Soap,Household Care,Khalsa-Bhavsar,188.37,25.0,365,423.84000000000003
1265254177,435929,1,856.89,Toilet Cleaner,Household Care,Memon Ltd,1142.52,25.0,365,856.89
9858963919,140489,3,650.2,Soap,Personal Care,"Biswas, Kapoor and Patel",1000.31,35.0,365,1950.6000000000001
7279564594,336847,2,936.98,Toilet Cleaner,Household Care,"Dayal, Mammen and More",1249.31,25.0,365,1873.96
6983253839,913428,3,392.22,Pet Treats,Pet Care,Narayanan-Kumar,603.42,35.0,365,1176.66
9479808024,712307,2,264.89,Orange Juice,Cold Drinks & Juices,Chana LLC,378.41,30.0,180,529.78
3583522679,712003,1,671.68,Cola,Cold Drinks & Juices,"Karan, Bandi and Acharya",959.54,30.0,180,671.68
1923226423,365133,2,915.45,Dish Soap,Household Care,Hans Inc,1220.6,25.0,365,1830.9
664198080,615545,1,448.16,Soap,Personal Care,Barman Inc,689.48,35.0,365,448.16
4224700084,305754,1,979.99,Frozen Vegetables,Instant & Frozen Food,Mammen-Hegde,1633.32,40.0,180,979.99
969621016,540618,3,317.05,Popcorn,Snacks & Munchies,Golla-Luthra,487.77,35.0,90,951.1500000000001
8178275820,136533,2,826.21,Eggs,Dairy & Breakfast,"Raghavan, Magar and Shanker",1032.76,20.0,7,1652.42
4949766982,490602,2,549.47,Sugar,Grocery & Staples,Raghavan Inc,646.44,15.0,365,1098.94
5258344385,712307,3,264.89,Orange Juice,Cold Drinks & Juices,Chana LLC,378.41,30.0,180,794.67
8101930640,833557,1,422.87,Cereal,Dairy & Breakfast,"Gole, Chand and Dada",528.59,20.0,7,422.87
6703316563,365132,1,229.38,Instant Noodles,Instant & Frozen Food,Dar-Kumar,382.3,40.0,180,229.38
7680297690,970529,2,827.44,Diapers,Baby Care,"Kurian, Patla and Sanghvi",1182.06,30.0,365,1654.88
7256340388,673058,3,765.76,Cough Syrup,Pharmacy,Balan-Madan,957.2,20.0,365,2297.2799999999997
2538269668,557908,1,942.37,Vitamins,Pharmacy,Sundaram Inc,1177.96,20.0,365,942.37
7506762237,700048,1,141.28,Dish Soap,Household Care,Khalsa-Bhavsar,188.37,25.0,365,141.28
6585436114,652118,1,22.04,Frozen Biryani,Instant & Frozen Food,Agate and Sons,36.73,40.0,180,22.04
9852996866,107548,2,891.6,Cola,Cold Drinks & Juices,"Bhandari, Bhasin and Palan",1273.71,30.0,180,1783.2
1991135167,901144,3,340.36,Sugar,Grocery & Staples,Deo-Kamdar,400.42,15.0,365,1021.08
7765110772,563740,2,96.33,Chips,Snacks & Munchies,Mann-Kapadia,148.2,35.0,90,192.66
3520718052,51036,3,931.61,Baby Food,Baby Care,Karnik PLC,1330.87,30.0,365,2794.83
5388573375,652118,3,22.04,Frozen Biryani,Instant & Frozen Food,Agate and Sons,36.73,40.0,180,66.12
8977771682,63769,2,878.07,Lotion,Personal Care,Dalal-Shan,1350.88,35.0,365,1756.14
3596900942,537274,2,702.71,Pet Treats,Pet Care,Lal-Chauhan,1081.09,35.0,365,1405.42
155295996,365133,3,915.45,Dish Soap,Household Care,Hans Inc,1220.6,25.0,365,2746.3500000000004
1945536198,34200,3,319.8,Lotion,Personal Care,Munshi-Grewal,492.0,35.0,365,959.4000000000001
2550246555,89084,3,598.83,Milk,Dairy & Breakfast,"Wali, Virk and Iyer",748.54,20.0,7,1796.4900000000002
4287631655,969851,2,340.66,Frozen Vegetables,Instant & Frozen Food,"Kara, Sodhi and Bassi",567.77,40.0,180,681.32
2033683703,954722,3,616.45,Ice Cream,Instant & Frozen Food,Mohan-Virk,1027.42,40.0,180,1849.3500000000001
9453583714,623234,3,329.79,Frozen Biryani,Instant & Frozen Food,Chakrabarti-Batra,549.65,40.0,180,989.3700000000001
852886125,679284,3,877.89,Cough Syrup,Pharmacy,Pant LLC,1097.36,20.0,365,2633.67
5705899665,784673,1,491.39,Dog Food,Pet Care,Ramanathan Group,755.98,35.0,365,491.39
5706043483,6405,3,236.51,Baby Food,Baby Care,Kashyap-Reddy,337.87,30.0,365,709.53
5190422833,962591,3,130.01,Orange Juice,Cold Drinks & Juices,Murthy-Kaul,185.73,30.0,180,390.03
7178188501,712307,2,264.89,Orange Juice,Cold Drinks & Juices,Chana LLC,378.41,30.0,180,529.78
2864819888,425341,3,486.28,Pet Treats,Pet Care,"Mani, Dhar and Muni",748.12,35.0,365,1458.84
7107216633,600767,1,722.42,Toothpaste,Personal Care,Balan Group,1111.42,35.0,365,722.42
1685382357,329351,2,310.87,Cheese,Dairy & Breakfast,"Lala, Kalita and Sathe",388.59,20.0,7,621.74
7562902958,927651,1,426.72,Baby Wipes,Baby Care,Narula Group,609.6,30.0,365,426.72
2819953077,762527,3,690.08,Biscuits,Snacks & Munchies,"Chad, Yohannan and Chopra",1061.66,35.0,90,2070.2400000000002
8453462258,542300,3,255.35,Popcorn,Snacks & Munchies,Gulati-Tandon,392.85,35.0,90,766.05
4605056279,473929,1,440.19,Carrots,Fruits & Vegetables,"Bhardwaj, Bhatia and Deshmukh",586.92,25.0,3,440.19
5998035939,642612,1,517.03,Pet Treats,Pet Care,Pillay-Ahuja,795.43,35.0,365,517.03
2311501690,144124,2,162.67,Detergent,Household Care,Lalla-Srinivasan,216.89,25.0,365,325.34
356495722,807452,2,144.19,Pulses,Grocery & Staples,Naik Ltd,169.64,15.0,365,288.38
2695448838,962591,1,130.01,Orange Juice,Cold Drinks & Juices,Murthy-Kaul,185.73,30.0,180,130.01
6986791144,500633,1,154.5,Cereal,Dairy & Breakfast,Trivedi-Ahluwalia,193.12,20.0,7,154.5
8619571588,820541,3,576.22,Toilet Cleaner,Household Care,"Borde, Peri and Upadhyay",768.29,25.0,365,1728.66
4088553674,606256,2,369.28,Frozen Biryani,Instant & Frozen Food,Agate Ltd,615.47,40.0,180,738.56
8177907004,945635,2,778.9,Pulses,Grocery & Staples,Balasubramanian PLC,916.35,15.0,365,1557.8
8533749006,490939,1,80.25,Lotion,Personal Care,"Roy, Barad and De",123.46,35.0,365,80.25
8694014791,478531,1,825.46,Carrots,Fruits & Vegetables,Uppal Group,1100.61,25.0,3,825.46
6311012195,222892,3,869.22,Tomatoes,Fruits & Vegetables,Ramakrishnan-Ghose,1158.96,25.0,3,2607.66
1312767771,704868,2,193.46,Detergent,Household Care,"Parikh, Oak and Kara",257.95,25.0,365,386.92
214919848,328457,1,858.57,Mango Drink,Cold Drinks & Juices,Hayre-Shere,1226.53,30.0,180,858.57
5521682945,888807,3,230.58,Bread,Dairy & Breakfast,Arya Group,288.23,20.0,7,691.74
5305770811,264803,2,995.98,Vitamins,Pharmacy,Gole-Doshi,1244.97,20.0,365,1991.96
5842420654,714999,2,882.51,Bread,Dairy & Breakfast,Kala Group,1103.14,20.0,7,1765.02
4566893863,228286,3,179.08,Cola,Cold Drinks & Juices,Bhattacharyya PLC,255.83,30.0,180,537.24
1523729855,647462,2,326.42,Lotion,Personal Care,"Balan, Samra and Sekhon",502.18,35.0,365,652.84
2899786983,336847,1,936.98,Toilet Cleaner,Household Care,"Dayal, Mammen and More",1249.31,25.0,365,936.98
9202528884,18035,1,968.94,Dish Soap,Household Care,Ramesh Inc,1291.92,25.0,365,968.94
4338327693,228286,2,179.08,Cola,Cold Drinks & Juices,Bhattacharyya PLC,255.83,30.0,180,358.16
6295686357,942001,1,671.55,Cat Food,Pet Care,Acharya Ltd,1033.15,35.0,365,671.55
6396194687,89084,1,598.83,Milk,Dairy & Breakfast,"Wali, Virk and Iyer",748.54,20.0,7,598.83
5662786245,563740,1,96.33,Chips,Snacks & Munchies,Mann-Kapadia,148.2,35.0,90,96.33
4868150114,564692,3,215.65,Cat Food,Pet Care,"Krishna, Bail and Dyal",331.77,35.0,365,646.95
502764834,112390,2,877.98,Toothpaste,Personal Care,"Kibe, Contractor and Randhawa",1350.74,35.0,365,1755.96
5056125341,378287,3,332.84,Lemonade,Cold Drinks & Juices,Ramesh-Jain,475.49,30.0,180,998.52
6388618916,41853,1,910.44,Curd,Dairy & Breakfast,Handa PLC,1138.05,20.0,7,910.44
3508668494,366066,2,918.58,Soap,Personal Care,Mandal LLC,1413.2,35.0,365,1837.16
5289436093,890623,1,354.52,Onions,Fruits & Vegetables,"Sangha, Nagar and Varty",472.69,25.0,3,354.52
7596333614,481843,2,297.68,Chocolates,Snacks & Munchies,"Taneja, Kala and Kota",457.97,35.0,90,595.36
6284076508,888807,1,230.58,Bread,Dairy & Breakfast,Arya Group,288.23,20.0,7,230.58
340050407,880510,1,951.43,Bread,Dairy & Breakfast,Roy-Char,1189.29,20.0,7,951.43
5927472701,747801,1,277.76,Toilet Cleaner,Household Care,Saha-Vora,370.35,25.0,365,277.76
9216536492,219598,1,367.08,Shampoo,Personal Care,Arora-Magar,564.74,35.0,365,367.08
3742662928,397973,2,728.73,Bananas,Fruits & Vegetables,"Wable, Randhawa and Mutti",971.64,25.0,3,1457.46
4797768073,34200,1,319.8,Lotion,Personal Care,Munshi-Grewal,492.0,35.0,365,319.8
6767935470,690565,1,951.27,Cookies,Snacks & Munchies,"Roy, Seth and Patla",1463.49,35.0,90,951.27
1963703928,644847,1,622.81,Salt,Grocery & Staples,"Jhaveri, Kata and Kapur",732.72,15.0,365,622.81
552470423,762527,1,690.08,Biscuits,Snacks & Munchies,"Chad, Yohannan and Chopra",1061.66,35.0,90,690.08
739434870,367391,3,939.55,Baby Wipes,Baby Care,Talwar and Sons,1342.21,30.0,365,2818.6499999999996
7930373606,901144,1,340.36,Sugar,Grocery & Staples,Deo-Kamdar,400.42,15.0,365,340.36
5374978054,146840,3,786.85,Bread,Dairy & Breakfast,"Bains, Deol and Vaidya",983.56,20.0,7,2360.55
4361797433,739534,2,994.56,Toilet Cleaner,Household Care,"Gera, Narang and Karpe",1326.08,25.0,365,1989.12
2002067527,317242,3,198.15,Pulses,Grocery & Staples,Rastogi Group,233.12,15.0,365,594.45
4228110436,366066,2,918.58,Soap,Personal Care,Mandal LLC,1413.2,35.0,365,1837.16
1251118825,953175,3,225.21,Baby Food,Baby Care,Sehgal-Nagarajan,321.73,30.0,365,675.63
7165265639,890232,3,432.0,Mango Drink,Cold Drinks & Juices,Jha Group,617.14,30.0,180,1296.0
1255323701,847349,1,781.08,Potatoes,Fruits & Vegetables,Chhabra-Agrawal,1041.44,25.0,3,781.08
807934194,256783,1,906.54,Pet Treats,Pet Care,"Basu, Thakur and Rege",1394.68,35.0,365,906.54
7968718292,11422,3,127.16,Potatoes,Fruits & Vegetables,Ramaswamy-Tata,169.55,25.0,3,381.48
2620531979,336847,2,936.98,Toilet Cleaner,Household Care,"Dayal, Mammen and More",1249.31,25.0,365,1873.96
6943430459,871592,1,870.29,Carrots,Fruits & Vegetables,"Shankar, Nadkarni and Kumer",1160.39,25.0,3,870.29
5607355353,707935,2,820.9,Cat Food,Pet Care,"Anne, Mammen and Khatri",1262.92,35.0,365,1641.8
6696352636,537274,3,702.71,Pet Treats,Pet Care,Lal-Chauhan,1081.09,35.0,365,2108.13
9325920156,784827,1,274.25,Baby Wipes,Baby Care,Balakrishnan Ltd,391.79,30.0,365,274.25
2286477025,949818,2,483.05,Biscuits,Snacks & Munchies,Yohannan Inc,743.15,35.0,90,966.1
6704773223,723678,3,675.46,Dog Food,Pet Care,"Lall, Datta and Swamy",1039.17,35.0,365,2026.38
1435353007,336847,1,936.98,Toilet Cleaner,Household Care,"Dayal, Mammen and More",1249.31,25.0,365,936.98
8080970647,91670,1,439.24,Dish Soap,Household Care,Barman-Ahluwalia,585.65,25.0,365,439.24
5881633926,6405,1,236.51,Baby Food,Baby Care,Kashyap-Reddy,337.87,30.0,365,236.51
4435459085,291238,1,746.03,Chocolates,Snacks & Munchies,"Sinha, Pau and Chhabra",1147.74,35.0,90,746.03
6172529406,327290,2,862.28,Sugar,Grocery & Staples,Nadkarni Inc,1014.45,15.0,365,1724.56
9127879048,890623,2,354.52,Onions,Fruits & Vegetables,"Sangha, Nagar and Varty",472.69,25.0,3,709.04
3806545110,760828,3,563.45,Pet Treats,Pet Care,"Khurana, Khosla and Yohannan",866.85,35.0,365,1690.3500000000001
6919395718,461804,1,310.69,Sugar,Grocery & Staples,"Ghose, Ben and Divan",365.52,15.0,365,310.69
5277462976,654297,3,13.25,Potatoes,Fruits & Vegetables,Chandran-Dass,17.67,25.0,3,39.75
3606274277,992178,2,632.43,Pain Reliever,Pharmacy,Basu and Sons,790.54,20.0,365,1264.86
2065203676,228286,1,179.08,Cola,Cold Drinks & Juices,Bhattacharyya PLC,255.83,30.0,180,179.08
4042066387,961614,3,227.22,Chocolates,Snacks & Munchies,Goda Inc,349.57,35.0,90,681.66
3604982656,968887,2,40.7,Dish Soap,Household Care,Keer-Gill,54.27,25.0,365,81.4
1149676745,94225,3,77.11,Toilet Cleaner,Household Care,"Gulati, Ram and Sarkar",102.81,25.0,365,231.32999999999998
3895011687,349294,1,934.75,Onions,Fruits & Vegetables,Ganesan Ltd,1246.33,25.0,3,934.75
772505056,313754,2,136.6,Biscuits,Snacks & Munchies,"Swaminathan, Mahal and Dara",210.15,35.0,90,273.2
5574765914,51036,3,931.61,Baby Food,Baby Care,Karnik PLC,1330.87,30.0,365,2794.83
8812616740,673058,2,765.76,Cough Syrup,Pharmacy,Balan-Madan,957.2,20.0,365,1531.52
1486655525,34186,1,925.65,Mangoes,Fruits & Vegetables,Mandal-Kar,1234.2,25.0,3,925.65
8423025639,365132,3,229.38,Instant Noodles,Instant & Frozen Food,Dar-Kumar,382.3,40.0,180,688.14
9020705185,654623,2,422.14,Chips,Snacks & Munchies,Pradhan and Sons,649.45,35.0,90,844.28
7719808698,118820,3,12.32,Iced Tea,Cold Drinks & Juices,"Warrior, Ravel and Amble",17.6,30.0,180,36.96
3414036630,767398,2,22.14,Dish Soap,Household Care,"Arya, Sundaram and Pingle",29.52,25.0,365,44.28
4157869967,848226,3,209.59,Tomatoes,Fruits & Vegetables,Barad and Sons,279.45,25.0,3,628.77
4873887251,652118,1,22.04,Frozen Biryani,Instant & Frozen Food,Agate and Sons,36.73,40.0,180,22.04
8031946454,455083,1,959.01,Butter,Dairy & Breakfast,Dutta Inc,1198.76,20.0,7,959.01
8168056170,194682,3,912.29,Iced Tea,Cold Drinks & Juices,Sastry-Issac,1303.27,30.0,180,2736.87
3108512811,993331,2,102.44,Pulses,Grocery & Staples,"Parmer, Gola and Yogi",120.52,15.0,365,204.88
1680591951,131748,1,81.35,Dog Food,Pet Care,"Shroff, Wason and Dugar",125.15,35.0,365,81.35
559245731,461804,1,310.69,Sugar,Grocery & Staples,"Ghose, Ben and Divan",365.52,15.0,365,310.69
8655600303,440875,2,275.03,Baby Wipes,Baby Care,Loyal Inc,392.9,30.0,365,550.06
8247327365,704868,3,193.46,Detergent,Household Care,"Parikh, Oak and Kara",257.95,25.0,365,580.38
9153347285,89084,2,598.83,Milk,Dairy & Breakfast,"Wali, Virk and Iyer",748.54,20.0,7,1197.66
1977533409,137909,1,864.3,Cough Syrup,Pharmacy,Dalal PLC,1080.37,20.0,365,864.3
2433646621,94225,2,77.11,Toilet Cleaner,Household Care,"Gulati, Ram and Sarkar",102.81,25.0,365,154.22
22830983,890232,3,432.0,Mango Drink,Cold Drinks & Juices,Jha Group,617.14,30.0,180,1296.0
1143763031,961614,3,227.22,Chocolates,Snacks & Munchies,Goda Inc,349.57,35.0,90,681.66
8524056436,540618,1,317.05,Popcorn,Snacks & Munchies,Golla-Luthra,487.77,35.0,90,317.05
4262338791,557908,3,942.37,Vitamins,Pharmacy,Sundaram Inc,1177.96,20.0,365,2827.11
187728451,880510,1,951.43,Bread,Dairy & Breakfast,Roy-Char,1189.29,20.0,7,951.43
6754346312,930284,1,189.47,Baby Food,Baby Care,"Garg, Saraf and Dutta",270.67,30.0,365,189.47
5790622967,137909,3,864.3,Cough Syrup,Pharmacy,Dalal PLC,1080.37,20.0,365,2592.8999999999996
4305348838,927651,1,426.72,Baby Wipes,Baby Care,Narula Group,609.6,30.0,365,426.72
2902411553,832348,1,831.43,Biscuits,Snacks & Munchies,Jani-Ram,1279.12,35.0,90,831.43
3691199770,564692,1,215.65,Cat Food,Pet Care,"Krishna, Bail and Dyal",331.77,35.0,365,215.65
775709102,818990,2,163.55,Tomatoes,Fruits & Vegetables,Dugar Group,218.07,25.0,3,327.1
5262508570,689769,2,46.62,Frozen Vegetables,Instant & Frozen Food,Kothari-Datta,77.7,40.0,180,93.24
192109127,721521,2,417.39,Rice,Grocery & Staples,"Ramanathan, Agarwal and Baria",491.05,15.0,365,834.78
1108215973,851978,3,715.72,Vitamins,Pharmacy,Parsa-Bala,894.65,20.0,365,2147.16
1719134546,473647,3,43.05,Toothpaste,Personal Care,Ben-Ravi,66.23,35.0,365,129.14999999999998
5280263316,847349,1,781.08,Potatoes,Fruits & Vegetables,Chhabra-Agrawal,1041.44,25.0,3,781.08
9448306266,487065,1,374.68,Chips,Snacks & Munchies,Kadakia-Yadav,576.43,35.0,90,374.68
8023626961,673058,1,765.76,Cough Syrup,Pharmacy,Balan-Madan,957.2,20.0,365,765.76
1118405605,287070,3,443.17,Wheat Flour,Grocery & Staples,"Gala, Magar and Rajagopal",521.38,15.0,365,1329.51
8226034341,723678,2,675.46,Dog Food,Pet Care,"Lall, Datta and Swamy",1039.17,35.0,365,1350.92
6976835753,563740,3,96.33,Chips,Snacks & Munchies,Mann-Kapadia,148.2,35.0,90,288.99
9171564499,807452,2,144.19,Pulses,Grocery & Staples,Naik Ltd,169.64,15.0,365,288.38
5393607402,965755,1,532.57,Bananas,Fruits & Vegetables,"Doshi, Sarraf and Sama",710.09,25.0,3,532.57
5670040592,700048,1,141.28,Dish Soap,Household Care,Khalsa-Bhavsar,188.37,25.0,365,141.28
6736891890,942001,3,671.55,Cat Food,Pet Care,Acharya Ltd,1033.15,35.0,365,2014.6499999999999
1223255075,820541,1,576.22,Toilet Cleaner,Household Care,"Borde, Peri and Upadhyay",768.29,25.0,365,576.22
8158413630,654623,3,422.14,Chips,Snacks & Munchies,Pradhan and Sons,649.45,35.0,90,1266.42
7867573412,741341,3,923.84,Eggs,Dairy & Breakfast,Prasad LLC,1154.8,20.0,7,2771.52
1624690598,799688,3,309.62,Lotion,Personal Care,Arora LLC,476.34,35.0,365,928.86
8968945932,52729,3,316.02,Cat Food,Pet Care,Saini LLC,486.18,35.0,365,948.06
1645212433,473929,2,440.19,Carrots,Fruits & Vegetables,"Bhardwaj, Bhatia and Deshmukh",586.92,25.0,3,880.38
9187046038,53833,2,134.69,Rice,Grocery & Staples,Tella-Master,158.46,15.0,365,269.38
9305357757,721521,2,417.39,Rice,Grocery & Staples,"Ramanathan, Agarwal and Baria",491.05,15.0,365,834.78
8312320295,654623,3,422.14,Chips,Snacks & Munchies,Pradhan and Sons,649.45,35.0,90,1266.42
3256941332,952168,3,236.95,Popcorn,Snacks & Munchies,"Krishnamurthy, Sibal and Das",364.54,35.0,90,710.8499999999999
8980502814,256783,3,906.54,Pet Treats,Pet Care,"Basu, Thakur and Rege",1394.68,35.0,365,2719.62
9270396838,440875,1,275.03,Baby Wipes,Baby Care,Loyal Inc,392.9,30.0,365,275.03
2892588628,820973,3,114.52,Baby Wipes,Baby Care,Lall LLC,163.6,30.0,365,343.56
8774158800,492958,2,84.2,Lotion,Personal Care,Acharya PLC,129.54,35.0,365,168.4
2056131802,397973,3,728.73,Bananas,Fruits & Vegetables,"Wable, Randhawa and Mutti",971.64,25.0,3,2186.19
3528007192,243235,3,109.03,Cat Food,Pet Care,Batta Inc,167.74,35.0,365,327.09000000000003
2845333894,313754,3,136.6,Biscuits,Snacks & Munchies,"Swaminathan, Mahal and Dara",210.15,35.0,90,409.79999999999995
6602340187,894539,3,445.48,Dish Soap,Household Care,"Pall, Sule and Sood",593.97,25.0,365,1336.44
721004875,677542,2,212.61,Toilet Cleaner,Household Care,Thaman-Lanka,283.48,25.0,365,425.22
7435895360,820973,2,114.52,Baby Wipes,Baby Care,Lall LLC,163.6,30.0,365,229.04
4217659083,692985,2,197.39,Pulses,Grocery & Staples,"Wable, Sankaran and Hari",232.22,15.0,365,394.78
9710865146,451812,3,530.85,Pain Reliever,Pharmacy,"Batra, Sant and Mandal",663.56,20.0,365,1592.5500000000002
5375295409,709916,3,33.76,Detergent,Household Care,Varkey LLC,45.01,25.0,365,101.28
6286044248,490939,1,80.25,Lotion,Personal Care,"Roy, Barad and De",123.46,35.0,365,80.25
1708282193,818522,3,96.09,Cheese,Dairy & Breakfast,Hora-Roy,120.11,20.0,7,288.27
5746303677,56589,3,517.77,Vitamins,Pharmacy,"Pai, Kashyap and Ramachandran",647.21,20.0,365,1553.31
3271726381,319388,3,657.8,Orange Juice,Cold Drinks & Juices,D’Alia-Dey,939.71,30.0,180,1973.3999999999999
9802569856,602241,3,976.55,Nuts,Snacks & Munchies,Bahl-Pau,1502.38,35.0,90,2929.6499999999996
662460037,82484,2,914.88,Baby Food,Baby Care,Mallick PLC,1306.97,30.0,365,1829.76
8664447334,57405,1,607.67,Baby Food,Baby Care,Srinivas PLC,868.1,30.0,365,607.67
3886370975,440875,1,275.03,Baby Wipes,Baby Care,Loyal Inc,392.9,30.0,365,275.03
3547006553,969851,1,340.66,Frozen Vegetables,Instant & Frozen Food,"Kara, Sodhi and Bassi",567.77,40.0,180,340.66
2575965518,952168,1,236.95,Popcorn,Snacks & Munchies,"Krishnamurthy, Sibal and Das",364.54,35.0,90,236.95
1529363954,853932,3,941.19,Baby Wipes,Baby Care,Ranganathan-Peri,1344.56,30.0,365,2823.57
8463856241,673058,2,765.76,Cough Syrup,Pharmacy,Balan-Madan,957.2,20.0,365,1531.52
2485242479,34186,3,925.65,Mangoes,Fruits & Vegetables,Mandal-Kar,1234.2,25.0,3,2776.95
9850673433,552883,3,888.16,Potatoes,Fruits & Vegetables,"Balan, Patel and Mall",1184.21,25.0,3,2664.48
2558680592,771228,1,83.18,Pet Treats,Pet Care,Raja and Sons,127.97,35.0,365,83.18
2859167116,60619,1,726.41,Iced Tea,Cold Drinks & Juices,Bhasin LLC,1037.73,30.0,180,726.41
1222236371,491314,3,973.44,Ice Cream,Instant & Frozen Food,Banerjee Inc,1622.4,40.0,180,2920.32
344177904,970529,1,827.44,Diapers,Baby Care,"Kurian, Patla and Sanghvi",1182.06,30.0,365,827.44
6126334783,425341,3,486.28,Pet Treats,Pet Care,"Mani, Dhar and Muni",748.12,35.0,365,1458.84
3742575364,240179,3,90.56,Cough Syrup,Pharmacy,Ram-Suri,113.2,20.0,365,271.68
9272166174,367391,2,939.55,Baby Wipes,Baby Care,Talwar and Sons,1342.21,30.0,365,1879.1
9416522701,217710,1,58.59,Eggs,Dairy & Breakfast,Rout-Sarna,73.24,20.0,7,58.59
7305871805,853932,3,941.19,Baby Wipes,Baby Care,Ranganathan-Peri,1344.56,30.0,365,2823.57
80296810,33955,2,186.08,Frozen Pizza,Instant & Frozen Food,Baral Group,310.13,40.0,180,372.16
2806868282,661577,3,720.95,Cat Food,Pet Care,Majumdar PLC,1109.15,35.0,365,2162.8500000000004
707033578,820973,1,114.52,Baby Wipes,Baby Care,Lall LLC,163.6,30.0,365,114.52
9026783092,432617,2,863.18,Baby Wipes,Baby Care,Dora-Pillai,1233.11,30.0,365,1726.36
6229466619,449106,2,48.55,Soap,Personal Care,"Shere, Thakur and Naik",74.69,35.0,365,97.1
408720270,721521,3,417.39,Rice,Grocery & Staples,"Ramanathan, Agarwal and Baria",491.05,15.0,365,1252.17
8870165072,186168,1,878.8,Dog Food,Pet Care,"Parekh, Lad and Kadakia",1352.0,35.0,365,878.8
1979319490,243235,1,109.03,Cat Food,Pet Care,Batta Inc,167.74,35.0,365,109.03
840761323,883013,3,989.88,Eggs,Dairy & Breakfast,Chahal Group,1237.35,20.0,7,2969.64
744721438,604184,2,397.55,Toilet Cleaner,Household Care,"Gaba, Sodhi and Choudhary",530.07,25.0,365,795.1
7421707488,721521,2,417.39,Rice,Grocery & Staples,"Ramanathan, Agarwal and Baria",491.05,15.0,365,834.78
1212718824,324809,2,608.0,Bread,Dairy & Breakfast,Sidhu PLC,760.0,20.0,7,1216.0
9603256001,832348,2,831.43,Biscuits,Snacks & Munchies,Jani-Ram,1279.12,35.0,90,1662.86
5626888972,681063,1,321.28,Mango Drink,Cold Drinks & Juices,Dass and Sons,458.97,30.0,180,321.28
2300753276,764014,1,612.04,Salt,Grocery & Staples,"Grewal, Swamy and Dayal",720.05,15.0,365,612.04
869629562,237083,2,577.13,Cough Syrup,Pharmacy,Hayer-Banerjee,721.41,20.0,365,1154.26
3429137520,993331,1,102.44,Pulses,Grocery & Staples,"Parmer, Gola and Yogi",120.52,15.0,365,102.44
9957927297,449106,3,48.55,Soap,Personal Care,"Shere, Thakur and Naik",74.69,35.0,365,145.64999999999998
202466684,642612,1,517.03,Pet Treats,Pet Care,Pillay-Ahuja,795.43,35.0,365,517.03
8465721207,33955,2,186.08,Frozen Pizza,Instant & Frozen Food,Baral Group,310.13,40.0,180,372.16
6194827199,555121,2,354.91,Carrots,Fruits & Vegetables,"Subramanian, Chaudhuri and Dora",473.21,25.0,3,709.82
3942174431,764014,2,612.04,Salt,Grocery & Staples,"Grewal, Swamy and Dayal",720.05,15.0,365,1224.08
3189863462,567671,2,418.48,Biscuits,Snacks & Munchies,Nagar LLC,643.82,35.0,90,836.96
5923573134,623234,2,329.79,Frozen Biryani,Instant & Frozen Food,Chakrabarti-Batra,549.65,40.0,180,659.58
6659747528,366066,3,918.58,Soap,Personal Care,Mandal LLC,1413.2,35.0,365,2755.7400000000002
6037541687,306177,3,769.24,Frozen Biryani,Instant & Frozen Food,Som Inc,1282.07,40.0,180,2307.7200000000003
2585438297,14145,3,630.84,Spinach,Fruits & Vegetables,"Thakur, Shah and Pingle",841.12,25.0,3,1892.52
8065774615,954722,3,616.45,Ice Cream,Instant & Frozen Food,Mohan-Virk,1027.42,40.0,180,1849.3500000000001
1816814476,667163,2,441.2,Orange Juice,Cold Drinks & Juices,Palla LLC,630.29,30.0,180,882.4
5278014717,658389,1,152.55,Popcorn,Snacks & Munchies,"Chanda, Som and Vohra",234.69,35.0,90,152.55
4265447949,784827,3,274.25,Baby Wipes,Baby Care,Balakrishnan Ltd,391.79,30.0,365,822.75
6752221435,760684,1,71.6,Rice,Grocery & Staples,Kanda-Gupta,84.24,15.0,365,71.6
8943989258,578097,1,267.61,Nuts,Snacks & Munchies,Jha Group,411.71,35.0,90,267.61
4068367936,525531,2,831.1,Dog Food,Pet Care,Sandal PLC,1278.62,35.0,365,1662.2
5735156904,552496,1,508.0,Dish Soap,Household Care,Dhar PLC,677.33,25.0,365,508.0
2405929115,937542,3,97.04,Wheat Flour,Grocery & Staples,Khurana and Sons,114.16,15.0,365,291.12
7913167260,123983,1,785.67,Cough Syrup,Pharmacy,Kurian-Chhabra,982.09,20.0,365,785.67
1989751369,837480,3,217.4,Cough Syrup,Pharmacy,Edwin and Sons,271.75,20.0,365,652.2
7338050095,257719,3,281.73,Eggs,Dairy & Breakfast,Chaudhuri PLC,352.16,20.0,7,845.19
9950986048,753354,1,423.56,Shampoo,Personal Care,Sant-Mahajan,651.63,35.0,365,423.56
5098703807,726958,3,887.48,Cat Food,Pet Care,Doctor-Patla,1365.35,35.0,365,2662.44
6937485392,561860,1,874.78,Orange Juice,Cold Drinks & Juices,Gupta Ltd,1249.69,30.0,180,874.78
1266440097,949818,2,483.05,Biscuits,Snacks & Munchies,Yohannan Inc,743.15,35.0,90,966.1
7415490509,365133,3,915.45,Dish Soap,Household Care,Hans Inc,1220.6,25.0,365,2746.3500000000004
7284991749,961614,2,227.22,Chocolates,Snacks & Munchies,Goda Inc,349.57,35.0,90,454.44
4645792703,734789,2,395.82,Popcorn,Snacks & Munchies,"Chaudhari, Pant and Singh",608.95,35.0,90,791.64
3174938939,365132,3,229.38,Instant Noodles,Instant & Frozen Food,Dar-Kumar,382.3,40.0,180,688.14
1752712049,440875,1,275.03,Baby Wipes,Baby Care,Loyal Inc,392.9,30.0,365,275.03
8187201830,925482,3,475.04,Frozen Biryani,Instant & Frozen Food,Viswanathan-Sha,791.73,40.0,180,1425.1200000000001
6900896329,557908,2,942.37,Vitamins,Pharmacy,Sundaram Inc,1177.96,20.0,365,1884.74
3793977529,256051,3,400.92,Lotion,Personal Care,"Mannan, Naidu and Sama",616.8,35.0,365,1202.76
194459698,760684,1,71.6,Rice,Grocery & Staples,Kanda-Gupta,84.24,15.0,365,71.6
9330447952,376447,1,724.84,Butter,Dairy & Breakfast,Gara and Sons,906.05,20.0,7,724.84
2097372277,757274,2,98.32,Pet Treats,Pet Care,"Minhas, Kapoor and Sethi",151.26,35.0,365,196.64
7060954153,903336,3,551.88,Pulses,Grocery & Staples,"Vaidya, Amble and Palla",649.27,15.0,365,1655.6399999999999
2921310646,63769,1,878.07,Lotion,Personal Care,Dalal-Shan,1350.88,35.0,365,878.07
3983082555,94225,3,77.11,Toilet Cleaner,Household Care,"Gulati, Ram and Sarkar",102.81,25.0,365,231.32999999999998
4867298468,82484,3,914.88,Baby Food,Baby Care,Mallick PLC,1306.97,30.0,365,2744.64
3402631472,91670,2,439.24,Dish Soap,Household Care,Barman-Ahluwalia,585.65,25.0,365,878.48
1648146562,398340,1,651.93,Instant Noodles,Instant & Frozen Food,"Nadig, Zachariah and Soni",1086.55,40.0,180,651.93
5907766010,114414,2,832.06,Vitamins,Pharmacy,Kara-Golla,1040.07,20.0,365,1664.12
9233577456,131136,2,37.8,Salt,Grocery & Staples,Deshpande-Rama,44.47,15.0,365,75.6
4084808075,324809,3,608.0,Bread,Dairy & Breakfast,Sidhu PLC,760.0,20.0,7,1824.0
7217049550,552496,3,508.0,Dish Soap,Household Care,Dhar PLC,677.33,25.0,365,1524.0
1831943568,799459,3,852.02,Vitamins,Pharmacy,"Garg, Kari and Kapur",1065.02,20.0,365,2556.06
8707473624,990993,3,263.7,Chocolates,Snacks & Munchies,Guha-Subramaniam,405.69,35.0,90,791.0999999999999
7075868285,336847,1,936.98,Toilet Cleaner,Household Care,"Dayal, Mammen and More",1249.31,25.0,365,936.98
5164162918,784827,3,274.25,Baby Wipes,Baby Care,Balakrishnan Ltd,391.79,30.0,365,822.75
2175298644,970529,1,827.44,Diapers,Baby Care,"Kurian, Patla and Sanghvi",1182.06,30.0,365,827.44
5882568464,623234,2,329.79,Frozen Biryani,Instant & Frozen Food,Chakrabarti-Batra,549.65,40.0,180,659.58
7847708619,837480,2,217.4,Cough Syrup,Pharmacy,Edwin and Sons,271.75,20.0,365,434.8
6366048116,679321,3,738.46,Cola,Cold Drinks & Juices,Khurana-Dewan,1054.94,30.0,180,2215.38
4926287333,747801,1,277.76,Toilet Cleaner,Household Care,Saha-Vora,370.35,25.0,365,277.76
5532838325,264803,3,995.98,Vitamins,Pharmacy,Gole-Doshi,1244.97,20.0,365,2987.94
2567996236,714999,3,882.51,Bread,Dairy & Breakfast,Kala Group,1103.14,20.0,7,2647.5299999999997
2655613624,131748,2,81.35,Dog Food,Pet Care,"Shroff, Wason and Dugar",125.15,35.0,365,162.7
7706089549,990993,1,263.7,Chocolates,Snacks & Munchies,Guha-Subramaniam,405.69,35.0,90,263.7
8257370396,451933,1,568.94,Wheat Flour,Grocery & Staples,Nadig Ltd,669.34,15.0,365,568.94
8623808984,462526,2,449.97,Curd,Dairy & Breakfast,Pau and Sons,562.46,20.0,7,899.94
7579506101,487065,2,374.68,Chips,Snacks & Munchies,Kadakia-Yadav,576.43,35.0,90,749.36
8861024199,329351,2,310.87,Cheese,Dairy & Breakfast,"Lala, Kalita and Sathe",388.59,20.0,7,621.74
7666131311,39154,1,946.86,Mangoes,Fruits & Vegetables,"Suresh, Bose and Bajwa",1262.48,25.0,3,946.86
103589925,542300,3,255.35,Popcorn,Snacks & Munchies,Gulati-Tandon,392.85,35.0,90,766.05
7346858138,552496,3,508.0,Dish Soap,Household Care,Dhar PLC,677.33,25.0,365,1524.0
4963962664,820541,1,576.22,Toilet Cleaner,Household Care,"Borde, Peri and Upadhyay",768.29,25.0,365,576.22
9069936094,991434,3,237.62,Cookies,Snacks & Munchies,Mital-Oza,365.57,35.0,90,712.86
4665363191,187399,3,53.49,Frozen Pizza,Instant & Frozen Food,Chauhan Inc,89.15,40.0,180,160.47
888510905,256051,2,400.92,Lotion,Personal Care,"Mannan, Naidu and Sama",616.8,35.0,365,801.84
6876091286,903336,3,551.88,Pulses,Grocery & Staples,"Vaidya, Amble and Palla",649.27,15.0,365,1655.6399999999999
2592923105,925482,3,475.04,Frozen Biryani,Instant & Frozen Food,Viswanathan-Sha,791.73,40.0,180,1425.1200000000001
2468550508,473647,2,43.05,Toothpaste,Personal Care,Ben-Ravi,66.23,35.0,365,86.1
5302956276,56589,3,517.77,Vitamins,Pharmacy,"Pai, Kashyap and Ramachandran",647.21,20.0,365,1553.31
9409714182,658389,1,152.55,Popcorn,Snacks & Munchies,"Chanda, Som and Vohra",234.69,35.0,90,152.55
1446221570,952168,2,236.95,Popcorn,Snacks & Munchies,"Krishnamurthy, Sibal and Das",364.54,35.0,90,473.9
8250036360,256051,3,400.92,Lotion,Personal Care,"Mannan, Naidu and Sama",616.8,35.0,365,1202.76
447464341,378230,2,166.42,Nuts,Snacks & Munchies,Kala-Vig,256.03,35.0,90,332.84
15642223,937542,3,97.04,Wheat Flour,Grocery & Staples,Khurana and Sons,114.16,15.0,365,291.12
3285378238,291238,2,746.03,Chocolates,Snacks & Munchies,"Sinha, Pau and Chhabra",1147.74,35.0,90,1492.06
2356483296,382511,1,702.54,Butter,Dairy & Breakfast,Bora-Thakkar,878.17,20.0,7,702.54
3382911339,697683,1,123.74,Toilet Cleaner,Household Care,"Murty, Varghese and Saxena",164.99,25.0,365,123.74
3690872026,951463,3,787.4,Pet Treats,Pet Care,Balakrishnan-Kaur,1211.38,35.0,365,2362.2
6755367585,561860,1,874.78,Orange Juice,Cold Drinks & Juices,Gupta Ltd,1249.69,30.0,180,874.78
6835850079,880510,3,951.43,Bread,Dairy & Breakfast,Roy-Char,1189.29,20.0,7,2854.29
9345418784,771228,3,83.18,Pet Treats,Pet Care,Raja and Sons,127.97,35.0,365,249.54000000000002
7185243614,552883,3,888.16,Potatoes,Fruits & Vegetables,"Balan, Patel and Mall",1184.21,25.0,3,2664.48
2319044818,615545,1,448.16,Soap,Personal Care,Barman Inc,689.48,35.0,365,448.16
931834374,41853,3,910.44,Curd,Dairy & Breakfast,Handa PLC,1138.05,20.0,7,2731.32
8485398781,33955,2,186.08,Frozen Pizza,Instant & Frozen Food,Baral Group,310.13,40.0,180,372.16
9806464912,133542,3,68.49,Detergent,Household Care,Edwin-Lall,91.32,25.0,365,205.46999999999997
8214365128,542300,2,255.35,Popcorn,Snacks & Munchies,Gulati-Tandon,392.85,35.0,90,510.7
137089318,39154,2,946.86,Mangoes,Fruits & Vegetables,"Suresh, Bose and Bajwa",1262.48,25.0,3,1893.72
7615602420,714999,3,882.51,Bread,Dairy & Breakfast,Kala Group,1103.14,20.0,7,2647.5299999999997
3995348964,697683,3,123.74,Toilet Cleaner,Household Care,"Murty, Varghese and Saxena",164.99,25.0,365,371.21999999999997
3816542830,942001,3,671.55,Cat Food,Pet Care,Acharya Ltd,1033.15,35.0,365,2014.6499999999999
9665004924,349294,3,934.75,Onions,Fruits & Vegetables,Ganesan Ltd,1246.33,25.0,3,2804.25
1728547597,798639,2,211.25,Eggs,Dairy & Breakfast,Subramaniam LLC,264.06,20.0,7,422.5
5311190131,965755,2,532.57,Bananas,Fruits & Vegetables,"Doshi, Sarraf and Sama",710.09,25.0,3,1065.14
9581592141,4452,3,169.88,Baby Wipes,Baby Care,Morar-Mistry,242.69,30.0,365,509.64
4848863693,876139,1,415.75,Pulses,Grocery & Staples,Cherian-Dara,489.12,15.0,365,415.75
6374883107,473929,1,440.19,Carrots,Fruits & Vegetables,"Bhardwaj, Bhatia and Deshmukh",586.92,25.0,3,440.19
3270131216,820973,3,114.52,Baby Wipes,Baby Care,Lall LLC,163.6,30.0,365,343.56
2643382562,563740,3,96.33,Chips,Snacks & Munchies,Mann-Kapadia,148.2,35.0,90,288.99
5212524996,784827,1,274.25,Baby Wipes,Baby Care,Balakrishnan Ltd,391.79,30.0,365,274.25
9594095277,925482,1,475.04,Frozen Biryani,Instant & Frozen Food,Viswanathan-Sha,791.73,40.0,180,475.04
8375863419,962591,1,130.01,Orange Juice,Cold Drinks & Juices,Murthy-Kaul,185.73,30.0,180,130.01
7523880783,880510,3,951.43,Bread,Dairy & Breakfast,Roy-Char,1189.29,20.0,7,2854.29
9670158103,647462,2,326.42,Lotion,Personal Care,"Balan, Samra and Sekhon",502.18,35.0,365,652.84
4344108631,880510,3,951.43,Bread,Dairy & Breakfast,Roy-Char,1189.29,20.0,7,2854.29
2237858,585299,1,799.46,Pet Treats,Pet Care,"Sharma, Chandra and Prashad",1229.94,35.0,365,799.46
3217791988,890623,1,354.52,Onions,Fruits & Vegetables,"Sangha, Nagar and Varty",472.69,25.0,3,354.52
3355718103,478531,2,825.46,Carrots,Fruits & Vegetables,Uppal Group,1100.61,25.0,3,1650.92
9590518103,140154,2,171.2,Shampoo,Personal Care,Malhotra LLC,263.38,35.0,365,342.4
6610120274,552496,2,508.0,Dish Soap,Household Care,Dhar PLC,677.33,25.0,365,1016.0
1180899898,274207,1,328.51,Cough Syrup,Pharmacy,"Savant, Batta and Mander",410.64,20.0,365,328.51
8758992688,891833,1,493.19,Curd,Dairy & Breakfast,Mani PLC,616.49,20.0,7,493.19
6965716176,970529,3,827.44,Diapers,Baby Care,"Kurian, Patla and Sanghvi",1182.06,30.0,365,2482.32
5527742274,712003,2,671.68,Cola,Cold Drinks & Juices,"Karan, Bandi and Acharya",959.54,30.0,180,1343.36
826610039,589812,3,163.03,Detergent,Household Care,Bir PLC,217.37,25.0,365,489.09000000000003
3303891913,313754,2,136.6,Biscuits,Snacks & Munchies,"Swaminathan, Mahal and Dara",210.15,35.0,90,273.2
2489292878,969851,2,340.66,Frozen Vegetables,Instant & Frozen Food,"Kara, Sodhi and Bassi",567.77,40.0,180,681.32
8589851630,687218,2,317.82,Mango Drink,Cold Drinks & Juices,"Sankaran, Pall and Gola",454.03,30.0,180,635.64
4598897781,709916,3,33.76,Detergent,Household Care,Varkey LLC,45.01,25.0,365,101.28
6932356214,131748,2,81.35,Dog Food,Pet Care,"Shroff, Wason and Dugar",125.15,35.0,365,162.7
3499004322,34200,1,319.8,Lotion,Personal Care,Munshi-Grewal,492.0,35.0,365,319.8
7517620171,687218,2,317.82,Mango Drink,Cold Drinks & Juices,"Sankaran, Pall and Gola",454.03,30.0,180,635.64
172987148,901144,3,340.36,Sugar,Grocery & Staples,Deo-Kamdar,400.42,15.0,365,1021.08
8347207794,890623,1,354.52,Onions,Fruits & Vegetables,"Sangha, Nagar and Varty",472.69,25.0,3,354.52
9472355181,962054,1,16.86,Orange Juice,Cold Drinks & Juices,Toor-Nagar,24.09,30.0,180,16.86
1315064289,883013,2,989.88,Eggs,Dairy & Breakfast,Chahal Group,1237.35,20.0,7,1979.76
9371869941,712307,2,264.89,Orange Juice,Cold Drinks & Juices,Chana LLC,378.41,30.0,180,529.78
5184568404,704868,2,193.46,Detergent,Household Care,"Parikh, Oak and Kara",257.95,25.0,365,386.92
5891002534,361361,2,826.21,Biscuits,Snacks & Munchies,"Kunda, Dave and Sahni",1271.09,35.0,90,1652.42
1479730711,123983,3,785.67,Cough Syrup,Pharmacy,Kurian-Chhabra,982.09,20.0,365,2357.0099999999998
7651037338,274207,2,328.51,Cough Syrup,Pharmacy,"Savant, Batta and Mander",410.64,20.0,365,657.02
8763754537,723678,3,675.46,Dog Food,Pet Care,"Lall, Datta and Swamy",1039.17,35.0,365,2026.38
7683813608,658389,2,152.55,Popcorn,Snacks & Munchies,"Chanda, Som and Vohra",234.69,35.0,90,305.1
6722955128,949818,1,483.05,Biscuits,Snacks & Munchies,Yohannan Inc,743.15,35.0,90,483.05
8259274680,256783,3,906.54,Pet Treats,Pet Care,"Basu, Thakur and Rege",1394.68,35.0,365,2719.62
4620484274,9436,2,88.43,Toothpaste,Personal Care,Naidu PLC,136.05,35.0,365,176.86
8260569466,144124,3,162.67,Detergent,Household Care,Lalla-Srinivasan,216.89,25.0,365,488.01
8498916204,537274,3,702.71,Pet Treats,Pet Care,Lal-Chauhan,1081.09,35.0,365,2108.13
3209538967,82484,1,914.88,Baby Food,Baby Care,Mallick PLC,1306.97,30.0,365,914.88
2570640420,542300,1,255.35,Popcorn,Snacks & Munchies,Gulati-Tandon,392.85,35.0,90,255.35
2066843639,764014,3,612.04,Salt,Grocery & Staples,"Grewal, Swamy and Dayal",720.05,15.0,365,1836.12
7402125753,319388,2,657.8,Orange Juice,Cold Drinks & Juices,D’Alia-Dey,939.71,30.0,180,1315.6
9171089443,274207,3,328.51,Cough Syrup,Pharmacy,"Savant, Batta and Mander",410.64,20.0,365,985.53
3272079644,741341,1,923.84,Eggs,Dairy & Breakfast,Prasad LLC,1154.8,20.0,7,923.84
438111050,171602,1,883.44,Cola,Cold Drinks & Juices,Pal-Sehgal,1262.06,30.0,180,883.44
7416160835,222892,1,869.22,Tomatoes,Fruits & Vegetables,Ramakrishnan-Ghose,1158.96,25.0,3,869.22
4075074492,140154,1,171.2,Shampoo,Personal Care,Malhotra LLC,263.38,35.0,365,171.2
5536024334,600767,3,722.42,Toothpaste,Personal Care,Balan Group,1111.42,35.0,365,2167.2599999999998
2013140214,962054,3,16.86,Orange Juice,Cold Drinks & Juices,Toor-Nagar,24.09,30.0,180,50.58
1113582397,757274,2,98.32,Pet Treats,Pet Care,"Minhas, Kapoor and Sethi",151.26,35.0,365,196.64
1083928258,264803,1,995.98,Vitamins,Pharmacy,Gole-Doshi,1244.97,20.0,365,995.98
4906957374,818990,3,163.55,Tomatoes,Fruits & Vegetables,Dugar Group,218.07,25.0,3,490.65000000000003
1876614122,366066,2,918.58,Soap,Personal Care,Mandal LLC,1413.2,35.0,365,1837.16
6556180328,839170,1,481.63,Curd,Dairy & Breakfast,Shetty and Sons,602.04,20.0,7,481.63
7960553477,585299,3,799.46,Pet Treats,Pet Care,"Sharma, Chandra and Prashad",1229.94,35.0,365,2398.38
6335972517,949818,2,483.05,Biscuits,Snacks & Munchies,Yohannan Inc,743.15,35.0,90,966.1
6254948159,726958,3,887.48,Cat Food,Pet Care,Doctor-Patla,1365.35,35.0,365,2662.44
7527936057,107548,3,891.6,Cola,Cold Drinks & Juices,"Bhandari, Bhasin and Palan",1273.71,30.0,180,2674.8
6257851675,677169,2,261.03,Cough Syrup,Pharmacy,Char-Divan,326.29,20.0,365,522.06
6832610950,9436,3,88.43,Toothpaste,Personal Care,Naidu PLC,136.05,35.0,365,265.29
5085005195,697683,3,123.74,Toilet Cleaner,Household Care,"Murty, Varghese and Saxena",164.99,25.0,365,371.21999999999997
2177207547,448752,1,160.07,Toilet Cleaner,Household Care,Batta-Doctor,213.43,25.0,365,160.07
3043364543,186168,1,878.8,Dog Food,Pet Care,"Parekh, Lad and Kadakia",1352.0,35.0,365,878.8
2823404098,891833,3,493.19,Curd,Dairy & Breakfast,Mani PLC,616.49,20.0,7,1479.57
646676955,77308,2,223.27,Onions,Fruits & Vegetables,Ratta-Sagar,297.69,25.0,3,446.54
5756607486,613942,3,545.0,Pet Treats,Pet Care,"Dyal, Saraf and Goel",838.46,35.0,365,1635.0
9373691795,880510,1,951.43,Bread,Dairy & Breakfast,Roy-Char,1189.29,20.0,7,951.43
2611601543,661577,1,720.95,Cat Food,Pet Care,Majumdar PLC,1109.15,35.0,365,720.95
1491360686,621677,2,317.8,Frozen Biryani,Instant & Frozen Food,Sabharwal-Mital,529.67,40.0,180,635.6
1824533423,949818,2,483.05,Biscuits,Snacks & Munchies,Yohannan Inc,743.15,35.0,90,966.1
2913841018,799688,1,309.62,Lotion,Personal Care,Arora LLC,476.34,35.0,365,309.62
3141803761,4452,3,169.88,Baby Wipes,Baby Care,Morar-Mistry,242.69,30.0,365,509.64
6184484468,240179,2,90.56,Cough Syrup,Pharmacy,Ram-Suri,113.2,20.0,365,181.12
4599327740,613942,3,545.0,Pet Treats,Pet Care,"Dyal, Saraf and Goel",838.46,35.0,365,1635.0
7479207574,60619,3,726.41,Iced Tea,Cold Drinks & Juices,Bhasin LLC,1037.73,30.0,180,2179.23
2996133401,903336,2,551.88,Pulses,Grocery & Staples,"Vaidya, Amble and Palla",649.27,15.0,365,1103.76
5972410040,968887,3,40.7,Dish Soap,Household Care,Keer-Gill,54.27,25.0,365,122.10000000000001
4007593324,305754,3,979.99,Frozen Vegetables,Instant & Frozen Food,Mammen-Hegde,1633.32,40.0,180,2939.9700000000003
3428454405,432617,2,863.18,Baby Wipes,Baby Care,Dora-Pillai,1233.11,30.0,365,1726.36
1160646195,876139,1,415.75,Pulses,Grocery & Staples,Cherian-Dara,489.12,15.0,365,415.75
4376524554,812607,2,416.65,Potatoes,Fruits & Vegetables,Rege Group,555.53,25.0,3,833.3
1519072771,925482,2,475.04,Frozen Biryani,Instant & Frozen Food,Viswanathan-Sha,791.73,40.0,180,950.08
8203685394,615545,3,448.16,Soap,Personal Care,Barman Inc,689.48,35.0,365,1344.48
7906789850,491521,2,556.35,Nuts,Snacks & Munchies,Karpe Inc,855.92,35.0,90,1112.7
8073770046,661577,1,720.95,Cat Food,Pet Care,Majumdar PLC,1109.15,35.0,365,720.95
5190202949,992178,1,632.43,Pain Reliever,Pharmacy,Basu and Sons,790.54,20.0,365,632.43
8542325207,373536,2,494.17,Dog Food,Pet Care,Chauhan-Sabharwal,760.26,35.0,365,988.34
7566730050,552496,3,508.0,Dish Soap,Household Care,Dhar PLC,677.33,25.0,365,1524.0
176509722,883013,1,989.88,Eggs,Dairy & Breakfast,Chahal Group,1237.35,20.0,7,989.88
1894603222,839170,1,481.63,Curd,Dairy & Breakfast,Shetty and Sons,602.04,20.0,7,481.63
2694800415,891833,2,493.19,Curd,Dairy & Breakfast,Mani PLC,616.49,20.0,7,986.38
5879390688,687218,1,317.82,Mango Drink,Cold Drinks & Juices,"Sankaran, Pall and Gola",454.03,30.0,180,317.82
1197715978,945635,3,778.9,Pulses,Grocery & Staples,Balasubramanian PLC,916.35,15.0,365,2336.7
7790696031,602241,1,976.55,Nuts,Snacks & Munchies,Bahl-Pau,1502.38,35.0,90,976.55
2189360099,6405,1,236.51,Baby Food,Baby Care,Kashyap-Reddy,337.87,30.0,365,236.51
3542041943,313754,1,136.6,Biscuits,Snacks & Munchies,"Swaminathan, Mahal and Dara",210.15,35.0,90,136.6
9202469009,563740,1,96.33,Chips,Snacks & Munchies,Mann-Kapadia,148.2,35.0,90,96.33
3985829990,578097,1,267.61,Nuts,Snacks & Munchies,Jha Group,411.71,35.0,90,267.61
4341872315,930284,3,189.47,Baby Food,Baby Care,"Garg, Saraf and Dutta",270.67,30.0,365,568.41
4748123248,673058,3,765.76,Cough Syrup,Pharmacy,Balan-Madan,957.2,20.0,365,2297.2799999999997
99905061,492958,1,84.2,Lotion,Personal Care,Acharya PLC,129.54,35.0,365,84.2
9118004489,473647,1,43.05,Toothpaste,Personal Care,Ben-Ravi,66.23,35.0,365,43.05
1696936610,490939,1,80.25,Lotion,Personal Care,"Roy, Barad and De",123.46,35.0,365,80.25
155669553,714999,1,882.51,Bread,Dairy & Breakfast,Kala Group,1103.14,20.0,7,882.51
2885541999,337168,3,545.49,Eggs,Dairy & Breakfast,Dasgupta PLC,681.86,20.0,7,1636.47
2846340681,287070,2,443.17,Wheat Flour,Grocery & Staples,"Gala, Magar and Rajagopal",521.38,15.0,365,886.34
963715332,771228,1,83.18,Pet Treats,Pet Care,Raja and Sons,127.97,35.0,365,83.18
2807634451,481843,3,297.68,Chocolates,Snacks & Munchies,"Taneja, Kala and Kota",457.97,35.0,90,893.04
3046341241,690565,1,951.27,Cookies,Snacks & Munchies,"Roy, Seth and Patla",1463.49,35.0,90,951.27
485687952,992178,3,632.43,Pain Reliever,Pharmacy,Basu and Sons,790.54,20.0,365,1897.29
7660904370,478531,1,825.46,Carrots,Fruits & Vegetables,Uppal Group,1100.61,25.0,3,825.46
9753033954,667163,1,441.2,Orange Juice,Cold Drinks & Juices,Palla LLC,630.29,30.0,180,441.2
9509887699,700048,2,141.28,Dish Soap,Household Care,Khalsa-Bhavsar,188.37,25.0,365,282.56
1054122071,473929,1,440.19,Carrots,Fruits & Vegetables,"Bhardwaj, Bhatia and Deshmukh",586.92,25.0,3,440.19
9135272808,952124,2,127.08,Onions,Fruits & Vegetables,"Wali, Sood and Bala",169.44,25.0,3,254.16
597447215,848226,1,209.59,Tomatoes,Fruits & Vegetables,Barad and Sons,279.45,25.0,3,209.59
5562099656,440875,2,275.03,Baby Wipes,Baby Care,Loyal Inc,392.9,30.0,365,550.06
4122736828,500633,1,154.5,Cereal,Dairy & Breakfast,Trivedi-Ahluwalia,193.12,20.0,7,154.5
7238138072,679284,3,877.89,Cough Syrup,Pharmacy,Pant LLC,1097.36,20.0,365,2633.67
6244736404,613942,1,545.0,Pet Treats,Pet Care,"Dyal, Saraf and Goel",838.46,35.0,365,545.0
1297341963,564692,1,215.65,Cat Food,Pet Care,"Krishna, Bail and Dyal",331.77,35.0,365,215.65
3842442278,567671,1,418.48,Biscuits,Snacks & Munchies,Nagar LLC,643.82,35.0,90,418.48
9576684860,587645,2,801.81,Vitamins,Pharmacy,"Sura, Pillay and Mammen",1002.26,20.0,365,1603.62
1592757566,124290,2,39.65,Lotion,Personal Care,Sachdev Group,61.0,35.0,365,79.3
5060677329,264803,3,995.98,Vitamins,Pharmacy,Gole-Doshi,1244.97,20.0,365,2987.94
2241930006,26060,3,342.94,Vitamins,Pharmacy,Shah and Sons,428.67,20.0,365,1028.82
3246505078,677169,1,261.03,Cough Syrup,Pharmacy,Char-Divan,326.29,20.0,365,261.03
5870152806,659290,1,319.34,Cheese,Dairy & Breakfast,Kapadia-D’Alia,399.17,20.0,7,319.34
8919999754,564692,3,215.65,Cat Food,Pet Care,"Krishna, Bail and Dyal",331.77,35.0,365,646.95
1080338783,433521,2,321.33,Diapers,Baby Care,Mahal Group,459.04,30.0,365,642.66
4641905606,112390,3,877.98,Toothpaste,Personal Care,"Kibe, Contractor and Randhawa",1350.74,35.0,365,2633.94
9456413999,839170,2,481.63,Curd,Dairy & Breakfast,Shetty and Sons,602.04,20.0,7,963.26
4764056827,767398,2,22.14,Dish Soap,Household Care,"Arya, Sundaram and Pingle",29.52,25.0,365,44.28
5168057633,272170,2,140.8,Ice Cream,Instant & Frozen Food,Purohit Group,234.67,40.0,180,281.6
1442559656,240179,2,90.56,Cough Syrup,Pharmacy,Ram-Suri,113.2,20.0,365,181.12
6590257283,435929,3,856.89,Toilet Cleaner,Household Care,Memon Ltd,1142.52,25.0,365,2570.67
3429671763,473929,1,440.19,Carrots,Fruits & Vegetables,"Bhardwaj, Bhatia and Deshmukh",586.92,25.0,3,440.19
4750086089,563740,1,96.33,Chips,Snacks & Munchies,Mann-Kapadia,148.2,35.0,90,96.33
3204128006,41853,3,910.44,Curd,Dairy & Breakfast,Handa PLC,1138.05,20.0,7,2731.32
3171917027,56589,3,517.77,Vitamins,Pharmacy,"Pai, Kashyap and Ramachandran",647.21,20.0,365,1553.31
8814047085,764014,2,612.04,Salt,Grocery & Staples,"Grewal, Swamy and Dayal",720.05,15.0,365,1224.08
1889723479,317242,1,198.15,Pulses,Grocery & Staples,Rastogi Group,233.12,15.0,365,198.15
942025494,888807,3,230.58,Bread,Dairy & Breakfast,Arya Group,288.23,20.0,7,691.74
4104444500,807452,1,144.19,Pulses,Grocery & Staples,Naik Ltd,169.64,15.0,365,144.19
7562260313,217710,2,58.59,Eggs,Dairy & Breakfast,Rout-Sarna,73.24,20.0,7,117.18
7140244766,942001,1,671.55,Cat Food,Pet Care,Acharya Ltd,1033.15,35.0,365,671.55
7967974077,448752,3,160.07,Toilet Cleaner,Household Care,Batta-Doctor,213.43,25.0,365,480.21
7456822422,962054,2,16.86,Orange Juice,Cold Drinks & Juices,Toor-Nagar,24.09,30.0,180,33.72
4813468096,516376,3,877.43,Onions,Fruits & Vegetables,Agarwal-Dhar,1169.91,25.0,3,2632.29
8618576020,382511,1,702.54,Butter,Dairy & Breakfast,Bora-Thakkar,878.17,20.0,7,702.54
3727646442,913428,3,392.22,Pet Treats,Pet Care,Narayanan-Kumar,603.42,35.0,365,1176.66
9208156337,319388,3,657.8,Orange Juice,Cold Drinks & Juices,D’Alia-Dey,939.71,30.0,180,1973.3999999999999
8328118787,500633,3,154.5,Cereal,Dairy & Breakfast,Trivedi-Ahluwalia,193.12,20.0,7,463.5
580528836,11422,3,127.16,Potatoes,Fruits & Vegetables,Ramaswamy-Tata,169.55,25.0,3,381.48
3350662630,927651,1,426.72,Baby Wipes,Baby Care,Narula Group,609.6,30.0,365,426.72
6716381725,328457,1,858.57,Mango Drink,Cold Drinks & Juices,Hayre-Shere,1226.53,30.0,180,858.57
2249567137,897083,3,972.69,Detergent,Household Care,Dutta-Halder,1296.92,25.0,365,2918.07
7484465509,706112,3,478.79,Vitamins,Pharmacy,"Magar, Gara and Garg",598.49,20.0,365,1436.3700000000001
2577208156,615545,1,448.16,Soap,Personal Care,Barman Inc,689.48,35.0,365,448.16
3321905621,820541,3,576.22,Toilet Cleaner,Household Care,"Borde, Peri and Upadhyay",768.29,25.0,365,1728.66
6686839282,726958,2,887.48,Cat Food,Pet Care,Doctor-Patla,1365.35,35.0,365,1774.96
5095558661,970529,3,827.44,Diapers,Baby Care,"Kurian, Patla and Sanghvi",1182.06,30.0,365,2482.32
112658009,604184,1,397.55,Toilet Cleaner,Household Care,"Gaba, Sodhi and Choudhary",530.07,25.0,365,397.55
1343610513,925482,2,475.04,Frozen Biryani,Instant & Frozen Food,Viswanathan-Sha,791.73,40.0,180,950.08
7190610535,990993,3,263.7,Chocolates,Snacks & Munchies,Guha-Subramaniam,405.69,35.0,90,791.0999999999999
5069426001,41853,1,910.44,Curd,Dairy & Breakfast,Handa PLC,1138.05,20.0,7,910.44
5655369002,6405,2,236.51,Baby Food,Baby Care,Kashyap-Reddy,337.87,30.0,365,473.02
5761530160,349294,1,934.75,Onions,Fruits & Vegetables,Ganesan Ltd,1246.33,25.0,3,934.75
4772519706,257719,1,281.73,Eggs,Dairy & Breakfast,Chaudhuri PLC,352.16,20.0,7,281.73
8209051735,336847,3,936.98,Toilet Cleaner,Household Care,"Dayal, Mammen and More",1249.31,25.0,365,2810.94
4870391666,324809,1,608.0,Bread,Dairy & Breakfast,Sidhu PLC,760.0,20.0,7,608.0
7777975083,684939,1,727.95,Lotion,Personal Care,"Sibal, Bhatnagar and Rajan",1119.92,35.0,365,727.95
8713948756,837480,2,217.4,Cough Syrup,Pharmacy,Edwin and Sons,271.75,20.0,365,434.8
6191050157,365133,3,915.45,Dish Soap,Household Care,Hans Inc,1220.6,25.0,365,2746.3500000000004
4060449266,953175,1,225.21,Baby Food,Baby Care,Sehgal-Nagarajan,321.73,30.0,365,225.21
5657605506,451933,3,568.94,Wheat Flour,Grocery & Staples,Nadig Ltd,669.34,15.0,365,1706.8200000000002
8851743592,385113,1,816.38,Lotion,Personal Care,"Sampath, Mane and Mody",1255.97,35.0,365,816.38
4689717606,473929,1,440.19,Carrots,Fruits & Vegetables,"Bhardwaj, Bhatia and Deshmukh",586.92,25.0,3,440.19
2860246948,859361,1,432.39,Shampoo,Personal Care,Mitter Group,665.22,35.0,365,432.39
2875550803,366066,3,918.58,Soap,Personal Care,Mandal LLC,1413.2,35.0,365,2755.7400000000002
5340575011,6405,2,236.51,Baby Food,Baby Care,Kashyap-Reddy,337.87,30.0,365,473.02
7717156533,820973,1,114.52,Baby Wipes,Baby Care,Lall LLC,163.6,30.0,365,114.52
8297255359,354409,1,325.08,Pulses,Grocery & Staples,Bose-Pandit,382.45,15.0,365,325.08
7873234939,367391,1,939.55,Baby Wipes,Baby Care,Talwar and Sons,1342.21,30.0,365,939.55
3668515922,328457,3,858.57,Mango Drink,Cold Drinks & Juices,Hayre-Shere,1226.53,30.0,180,2575.71
8356690330,566052,2,87.3,Pain Reliever,Pharmacy,"Apte, Soman and Raju",109.12,20.0,365,174.6
3508620293,991434,1,237.62,Cookies,Snacks & Munchies,Mital-Oza,365.57,35.0,90,237.62
9998297778,709916,3,33.76,Detergent,Household Care,Varkey LLC,45.01,25.0,365,101.28
3898421710,187399,2,53.49,Frozen Pizza,Instant & Frozen Food,Chauhan Inc,89.15,40.0,180,106.98
3960980694,927651,1,426.72,Baby Wipes,Baby Care,Narula Group,609.6,30.0,365,426.72
5008395294,131136,3,37.8,Salt,Grocery & Staples,Deshpande-Rama,44.47,15.0,365,113.39999999999999
3722869004,337168,3,545.49,Eggs,Dairy & Breakfast,Dasgupta PLC,681.86,20.0,7,1636.47
8391555591,644847,1,622.81,Salt,Grocery & Staples,"Jhaveri, Kata and Kapur",732.72,15.0,365,622.81
8063730776,196719,3,217.5,Bananas,Fruits & Vegetables,Yogi Group,290.0,25.0,3,652.5
9052752169,114414,2,832.06,Vitamins,Pharmacy,Kara-Golla,1040.07,20.0,365,1664.12
7471416647,927651,2,426.72,Baby Wipes,Baby Care,Narula Group,609.6,30.0,365,853.44
848332407,555121,2,354.91,Carrots,Fruits & Vegetables,"Subramanian, Chaudhuri and Dora",473.21,25.0,3,709.82
4062701987,194682,1,912.29,Iced Tea,Cold Drinks & Juices,Sastry-Issac,1303.27,30.0,180,912.29
8723912832,455755,3,44.09,Detergent,Household Care,Mangal-Sathe,58.79,25.0,365,132.27
9099298435,89084,3,598.83,Milk,Dairy & Breakfast,"Wali, Virk and Iyer",748.54,20.0,7,1796.4900000000002
5645691241,77308,2,223.27,Onions,Fruits & Vegetables,Ratta-Sagar,297.69,25.0,3,446.54
8258019846,734789,1,395.82,Popcorn,Snacks & Munchies,"Chaudhari, Pant and Singh",608.95,35.0,90,395.82
2732162016,305754,3,979.99,Frozen Vegetables,Instant & Frozen Food,Mammen-Hegde,1633.32,40.0,180,2939.9700000000003
1561902412,679321,1,738.46,Cola,Cold Drinks & Juices,Khurana-Dewan,1054.94,30.0,180,738.46
8979476889,256051,3,400.92,Lotion,Personal Care,"Mannan, Naidu and Sama",616.8,35.0,365,1202.76
8373953053,679284,3,877.89,Cough Syrup,Pharmacy,Pant LLC,1097.36,20.0,365,2633.67
7021309133,992178,3,632.43,Pain Reliever,Pharmacy,Basu and Sons,790.54,20.0,365,1897.29
3447085029,337168,2,545.49,Eggs,Dairy & Breakfast,Dasgupta PLC,681.86,20.0,7,1090.98
9284767341,470449,1,827.77,Frozen Biryani,Instant & Frozen Food,Kohli-Sawhney,1379.62,40.0,180,827.77
9770431940,679321,2,738.46,Cola,Cold Drinks & Juices,Khurana-Dewan,1054.94,30.0,180,1476.92
9650124390,123983,2,785.67,Cough Syrup,Pharmacy,Kurian-Chhabra,982.09,20.0,365,1571.34
9826894858,319388,2,657.8,Orange Juice,Cold Drinks & Juices,D’Alia-Dey,939.71,30.0,180,1315.6
4466839873,77308,1,223.27,Onions,Fruits & Vegetables,Ratta-Sagar,297.69,25.0,3,223.27
4331471900,762527,2,690.08,Biscuits,Snacks & Munchies,"Chad, Yohannan and Chopra",1061.66,35.0,90,1380.16
5777824005,945635,2,778.9,Pulses,Grocery & Staples,Balasubramanian PLC,916.35,15.0,365,1557.8
8795242622,33797,3,888.12,Pain Reliever,Pharmacy,Gaba LLC,1110.15,20.0,365,2664.36
8561878376,555121,3,354.91,Carrots,Fruits & Vegetables,"Subramanian, Chaudhuri and Dora",473.21,25.0,3,1064.73
2113243643,644847,3,622.81,Salt,Grocery & Staples,"Jhaveri, Kata and Kapur",732.72,15.0,365,1868.4299999999998
8497820340,327290,2,862.28,Sugar,Grocery & Staples,Nadkarni Inc,1014.45,15.0,365,1724.56
3167184563,798639,1,211.25,Eggs,Dairy & Breakfast,Subramaniam LLC,264.06,20.0,7,211.25
9997121955,739534,2,994.56,Toilet Cleaner,Household Care,"Gera, Narang and Karpe",1326.08,25.0,365,1989.12
2954397481,272170,1,140.8,Ice Cream,Instant & Frozen Food,Purohit Group,234.67,40.0,180,140.8
8125884987,764014,3,612.04,Salt,Grocery & Staples,"Grewal, Swamy and Dayal",720.05,15.0,365,1836.12
3765873352,365132,3,229.38,Instant Noodles,Instant & Frozen Food,Dar-Kumar,382.3,40.0,180,688.14
7733310993,820541,1,576.22,Toilet Cleaner,Household Care,"Borde, Peri and Upadhyay",768.29,25.0,365,576.22
738093341,257719,2,281.73,Eggs,Dairy & Breakfast,Chaudhuri PLC,352.16,20.0,7,563.46
1837574319,851978,3,715.72,Vitamins,Pharmacy,Parsa-Bala,894.65,20.0,365,2147.16
2468420564,365133,2,915.45,Dish Soap,Household Care,Hans Inc,1220.6,25.0,365,1830.9
5368005763,237083,2,577.13,Cough Syrup,Pharmacy,Hayer-Banerjee,721.41,20.0,365,1154.26
3823949592,39154,2,946.86,Mangoes,Fruits & Vegetables,"Suresh, Bose and Bajwa",1262.48,25.0,3,1893.72
6298008063,585299,3,799.46,Pet Treats,Pet Care,"Sharma, Chandra and Prashad",1229.94,35.0,365,2398.38
2499190829,679284,2,877.89,Cough Syrup,Pharmacy,Pant LLC,1097.36,20.0,365,1755.78
491116137,237083,2,577.13,Cough Syrup,Pharmacy,Hayer-Banerjee,721.41,20.0,365,1154.26
2206269404,642612,1,517.03,Pet Treats,Pet Care,Pillay-Ahuja,795.43,35.0,365,517.03
1330806043,760684,3,71.6,Rice,Grocery & Staples,Kanda-Gupta,84.24,15.0,365,214.79999999999998
6770858376,654297,2,13.25,Potatoes,Fruits & Vegetables,Chandran-Dass,17.67,25.0,3,26.5
4466716432,799459,3,852.02,Vitamins,Pharmacy,"Garg, Kari and Kapur",1065.02,20.0,365,2556.06
8292554686,478531,2,825.46,Carrots,Fruits & Vegetables,Uppal Group,1100.61,25.0,3,1650.92
4204069161,34200,2,319.8,Lotion,Personal Care,Munshi-Grewal,492.0,35.0,365,639.6
2163079658,661577,3,720.95,Cat Food,Pet Care,Majumdar PLC,1109.15,35.0,365,2162.8500000000004
6971561757,578097,3,267.61,Nuts,Snacks & Munchies,Jha Group,411.71,35.0,90,802.83
7965253060,739534,3,994.56,Toilet Cleaner,Household Care,"Gera, Narang and Karpe",1326.08,25.0,365,2983.68
8939040193,36412,3,397.68,Dish Soap,Household Care,Muni-Shankar,530.24,25.0,365,1193.04
8322028211,451812,2,530.85,Pain Reliever,Pharmacy,"Batra, Sant and Mandal",663.56,20.0,365,1061.7
6865922682,914071,2,296.94,Chips,Snacks & Munchies,Datta Ltd,456.83,35.0,90,593.88
5912729079,871592,1,870.29,Carrots,Fruits & Vegetables,"Shankar, Nadkarni and Kumer",1160.39,25.0,3,870.29
8764776130,82484,1,914.88,Baby Food,Baby Care,Mallick PLC,1306.97,30.0,365,914.88
7769965629,747801,2,277.76,Toilet Cleaner,Household Care,Saha-Vora,370.35,25.0,365,555.52
2166463032,851978,1,715.72,Vitamins,Pharmacy,Parsa-Bala,894.65,20.0,365,715.72
7035343259,853932,1,941.19,Baby Wipes,Baby Care,Ranganathan-Peri,1344.56,30.0,365,941.19
8914775994,91670,3,439.24,Dish Soap,Household Care,Barman-Ahluwalia,585.65,25.0,365,1317.72
7565647347,726958,2,887.48,Cat Food,Pet Care,Doctor-Patla,1365.35,35.0,365,1774.96
6172215120,714999,3,882.51,Bread,Dairy & Breakfast,Kala Group,1103.14,20.0,7,2647.5299999999997
4043585691,760684,3,71.6,Rice,Grocery & Staples,Kanda-Gupta,84.24,15.0,365,214.79999999999998
3735186180,120532,1,697.53,Wheat Flour,Grocery & Staples,Nazareth Ltd,820.62,15.0,365,697.53
5281459433,194682,1,912.29,Iced Tea,Cold Drinks & Juices,Sastry-Issac,1303.27,30.0,180,912.29
424087401,51036,1,931.61,Baby Food,Baby Care,Karnik PLC,1330.87,30.0,365,931.61
884327245,679321,2,738.46,Cola,Cold Drinks & Juices,Khurana-Dewan,1054.94,30.0,180,1476.92
6318008970,952124,3,127.08,Onions,Fruits & Vegetables,"Wali, Sood and Bala",169.44,25.0,3,381.24
3792751421,914071,2,296.94,Chips,Snacks & Munchies,Datta Ltd,456.83,35.0,90,593.88
5471255539,578097,1,267.61,Nuts,Snacks & Munchies,Jha Group,411.71,35.0,90,267.61
9917290378,991434,2,237.62,Cookies,Snacks & Munchies,Mital-Oza,365.57,35.0,90,475.24
208989475,432617,2,863.18,Baby Wipes,Baby Care,Dora-Pillai,1233.11,30.0,365,1726.36
7672827556,903336,1,551.88,Pulses,Grocery & Staples,"Vaidya, Amble and Palla",649.27,15.0,365,551.88
3792912325,36412,3,397.68,Dish Soap,Household Care,Muni-Shankar,530.24,25.0,365,1193.04
2478533601,349294,2,934.75,Onions,Fruits & Vegetables,Ganesan Ltd,1246.33,25.0,3,1869.5
2255745327,764014,1,612.04,Salt,Grocery & Staples,"Grewal, Swamy and Dayal",720.05,15.0,365,612.04
8612261848,672059,1,672.73,Toothpaste,Personal Care,Kaur-Gola,1034.97,35.0,365,672.73
6949810049,63769,2,878.07,Lotion,Personal Care,Dalal-Shan,1350.88,35.0,365,1756.14
2399456941,812607,2,416.65,Potatoes,Fruits & Vegetables,Rege Group,555.53,25.0,3,833.3
6292969164,222892,3,869.22,Tomatoes,Fruits & Vegetables,Ramakrishnan-Ghose,1158.96,25.0,3,2607.66
2929485756,365132,1,229.38,Instant Noodles,Instant & Frozen Food,Dar-Kumar,382.3,40.0,180,229.38
8757869416,435929,1,856.89,Toilet Cleaner,Household Care,Memon Ltd,1142.52,25.0,365,856.89
2653966619,706112,2,478.79,Vitamins,Pharmacy,"Magar, Gara and Garg",598.49,20.0,365,957.58
336103625,500633,3,154.5,Cereal,Dairy & Breakfast,Trivedi-Ahluwalia,193.12,20.0,7,463.5
3727289407,564692,3,215.65,Cat Food,Pet Care,"Krishna, Bail and Dyal",331.77,35.0,365,646.95
701250513,243235,2,109.03,Cat Food,Pet Care,Batta Inc,167.74,35.0,365,218.06
101816977,677169,2,261.03,Cough Syrup,Pharmacy,Char-Divan,326.29,20.0,365,522.06
7838223552,952124,1,127.08,Onions,Fruits & Vegetables,"Wali, Sood and Bala",169.44,25.0,3,127.08
4123140013,807452,2,144.19,Pulses,Grocery & Staples,Naik Ltd,169.64,15.0,365,288.38
9821008306,131748,3,81.35,Dog Food,Pet Care,"Shroff, Wason and Dugar",125.15,35.0,365,244.04999999999998
5414882934,990993,1,263.7,Chocolates,Snacks & Munchies,Guha-Subramaniam,405.69,35.0,90,263.7
9257313140,925482,3,475.04,Frozen Biryani,Instant & Frozen Food,Viswanathan-Sha,791.73,40.0,180,1425.1200000000001
3857021231,561860,2,874.78,Orange Juice,Cold Drinks & Juices,Gupta Ltd,1249.69,30.0,180,1749.56
1606381345,784673,1,491.39,Dog Food,Pet Care,Ramanathan Group,755.98,35.0,365,491.39
239830094,317242,3,198.15,Pulses,Grocery & Staples,Rastogi Group,233.12,15.0,365,594.45
580582858,274207,1,328.51,Cough Syrup,Pharmacy,"Savant, Batta and Mander",410.64,20.0,365,328.51
4191340899,642612,3,517.03,Pet Treats,Pet Care,Pillay-Ahuja,795.43,35.0,365,1551.09
1013630716,9436,2,88.43,Toothpaste,Personal Care,Naidu PLC,136.05,35.0,365,176.86
8220017366,894539,3,445.48,Dish Soap,Household Care,"Pall, Sule and Sood",593.97,25.0,365,1336.44
4353485612,324809,1,608.0,Bread,Dairy & Breakfast,Sidhu PLC,760.0,20.0,7,608.0
8682172393,891833,1,493.19,Curd,Dairy & Breakfast,Mani PLC,616.49,20.0,7,493.19
4085089017,925482,1,475.04,Frozen Biryani,Instant & Frozen Food,Viswanathan-Sha,791.73,40.0,180,475.04
1287686307,563740,1,96.33,Chips,Snacks & Munchies,Mann-Kapadia,148.2,35.0,90,96.33
4425450216,365132,2,229.38,Instant Noodles,Instant & Frozen Food,Dar-Kumar,382.3,40.0,180,458.76
7799346570,540618,2,317.05,Popcorn,Snacks & Munchies,Golla-Luthra,487.77,35.0,90,634.1
5917975686,927651,1,426.72,Baby Wipes,Baby Care,Narula Group,609.6,30.0,365,426.72
9588500388,712003,2,671.68,Cola,Cold Drinks & Juices,"Karan, Bandi and Acharya",959.54,30.0,180,1343.36
3963207709,274207,1,328.51,Cough Syrup,Pharmacy,"Savant, Batta and Mander",410.64,20.0,365,328.51
2217466286,992178,1,632.43,Pain Reliever,Pharmacy,Basu and Sons,790.54,20.0,365,632.43
7130088913,712003,3,671.68,Cola,Cold Drinks & Juices,"Karan, Bandi and Acharya",959.54,30.0,180,2015.04
9064682961,799688,3,309.62,Lotion,Personal Care,Arora LLC,476.34,35.0,365,928.86
6060156146,930284,1,189.47,Baby Food,Baby Care,"Garg, Saraf and Dutta",270.67,30.0,365,189.47
3106610673,444361,2,822.63,Pain Reliever,Pharmacy,"Prakash, Bawa and Kale",1028.29,20.0,365,1645.26
442408751,661577,1,720.95,Cat Food,Pet Care,Majumdar PLC,1109.15,35.0,365,720.95
353571238,552496,3,508.0,Dish Soap,Household Care,Dhar PLC,677.33,25.0,365,1524.0
4670530333,120385,1,597.91,Pet Treats,Pet Care,Dubey-Sarin,919.86,35.0,365,597.91
4961370923,832348,2,831.43,Biscuits,Snacks & Munchies,Jani-Ram,1279.12,35.0,90,1662.86
8946821991,462526,1,449.97,Curd,Dairy & Breakfast,Pau and Sons,562.46,20.0,7,449.97
5720622852,264803,2,995.98,Vitamins,Pharmacy,Gole-Doshi,1244.97,20.0,365,1991.96
7305353953,798639,3,211.25,Eggs,Dairy & Breakfast,Subramaniam LLC,264.06,20.0,7,633.75
1402723627,60619,3,726.41,Iced Tea,Cold Drinks & Juices,Bhasin LLC,1037.73,30.0,180,2179.23
9820620357,240179,3,90.56,Cough Syrup,Pharmacy,Ram-Suri,113.2,20.0,365,271.68
1930286155,953175,2,225.21,Baby Food,Baby Care,Sehgal-Nagarajan,321.73,30.0,365,450.42
6759029950,712003,1,671.68,Cola,Cold Drinks & Juices,"Karan, Bandi and Acharya",959.54,30.0,180,671.68
9032188284,52729,3,316.02,Cat Food,Pet Care,Saini LLC,486.18,35.0,365,948.06
9490161602,679321,3,738.46,Cola,Cold Drinks & Juices,Khurana-Dewan,1054.94,30.0,180,2215.38
8565257085,762527,3,690.08,Biscuits,Snacks & Munchies,"Chad, Yohannan and Chopra",1061.66,35.0,90,2070.2400000000002
4884845960,34186,3,925.65,Mangoes,Fruits & Vegetables,Mandal-Kar,1234.2,25.0,3,2776.95
6181604084,15314,2,578.85,Cheese,Dairy & Breakfast,Banik-Ratta,723.56,20.0,7,1157.7
2718508408,91670,1,439.24,Dish Soap,Household Care,Barman-Ahluwalia,585.65,25.0,365,439.24
8354866000,679865,1,347.91,Wheat Flour,Grocery & Staples,Memon-Barad,409.31,15.0,365,347.91
8025728977,952124,1,127.08,Onions,Fruits & Vegetables,"Wali, Sood and Bala",169.44,25.0,3,127.08
6531356394,487931,3,709.08,Sugar,Grocery & Staples,"Bahl, Jaggi and Nath",834.21,15.0,365,2127.2400000000002
5489184758,927651,1,426.72,Baby Wipes,Baby Care,Narula Group,609.6,30.0,365,426.72
1377599881,492958,2,84.2,Lotion,Personal Care,Acharya PLC,129.54,35.0,365,168.4
227162938,991434,2,237.62,Cookies,Snacks & Munchies,Mital-Oza,365.57,35.0,90,475.24
3449083612,284460,2,505.95,Potatoes,Fruits & Vegetables,"Ramakrishnan, Anand and Khare",674.6,25.0,3,1011.9
5662514948,240179,1,90.56,Cough Syrup,Pharmacy,Ram-Suri,113.2,20.0,365,90.56
2034571482,327290,3,862.28,Sugar,Grocery & Staples,Nadkarni Inc,1014.45,15.0,365,2586.84
348782569,644847,1,622.81,Salt,Grocery & Staples,"Jhaveri, Kata and Kapur",732.72,15.0,365,622.81
8697396531,658389,3,152.55,Popcorn,Snacks & Munchies,"Chanda, Som and Vohra",234.69,35.0,90,457.65000000000003
3538455450,799688,3,309.62,Lotion,Personal Care,Arora LLC,476.34,35.0,365,928.86
7513290139,954722,1,616.45,Ice Cream,Instant & Frozen Food,Mohan-Virk,1027.42,40.0,180,616.45
8320461939,432617,2,863.18,Baby Wipes,Baby Care,Dora-Pillai,1233.11,30.0,365,1726.36
8217899522,107548,3,891.6,Cola,Cold Drinks & Juices,"Bhandari, Bhasin and Palan",1273.71,30.0,180,2674.8
4217056877,131748,3,81.35,Dog Food,Pet Care,"Shroff, Wason and Dugar",125.15,35.0,365,244.04999999999998
3684167813,354409,1,325.08,Pulses,Grocery & Staples,Bose-Pandit,382.45,15.0,365,325.08
5351904164,82484,1,914.88,Baby Food,Baby Care,Mallick PLC,1306.97,30.0,365,914.88
2731829604,672059,2,672.73,Toothpaste,Personal Care,Kaur-Gola,1034.97,35.0,365,1345.46
7162485958,120532,3,697.53,Wheat Flour,Grocery & Staples,Nazareth Ltd,820.62,15.0,365,2092.59
4830502113,848226,2,209.59,Tomatoes,Fruits & Vegetables,Barad and Sons,279.45,25.0,3,419.18
9797013595,39154,2,946.86,Mangoes,Fruits & Vegetables,"Suresh, Bose and Bajwa",1262.48,25.0,3,1893.72
9487843345,587420,2,357.42,Cookies,Snacks & Munchies,Raj and Sons,549.88,35.0,90,714.84
2148242015,219598,3,367.08,Shampoo,Personal Care,Arora-Magar,564.74,35.0,365,1101.24
7465258008,615545,1,448.16,Soap,Personal Care,Barman Inc,689.48,35.0,365,448.16
8875274470,807452,3,144.19,Pulses,Grocery & Staples,Naik Ltd,169.64,15.0,365,432.57
7049717910,82484,2,914.88,Baby Food,Baby Care,Mallick PLC,1306.97,30.0,365,1829.76
4829897426,697683,2,123.74,Toilet Cleaner,Household Care,"Murty, Varghese and Saxena",164.99,25.0,365,247.48
3532186218,481843,3,297.68,Chocolates,Snacks & Munchies,"Taneja, Kala and Kota",457.97,35.0,90,893.04
6897674900,237083,1,577.13,Cough Syrup,Pharmacy,Hayer-Banerjee,721.41,20.0,365,577.13
163895717,654623,2,422.14,Chips,Snacks & Munchies,Pradhan and Sons,649.45,35.0,90,844.28
9857592403,661577,1,720.95,Cat Food,Pet Care,Majumdar PLC,1109.15,35.0,365,720.95
2521197661,585299,1,799.46,Pet Treats,Pet Care,"Sharma, Chandra and Prashad",1229.94,35.0,365,799.46
488314125,839170,2,481.63,Curd,Dairy & Breakfast,Shetty and Sons,602.04,20.0,7,963.26
5073549838,385113,3,816.38,Lotion,Personal Care,"Sampath, Mane and Mody",1255.97,35.0,365,2449.14
6399568661,965755,3,532.57,Bananas,Fruits & Vegetables,"Doshi, Sarraf and Sama",710.09,25.0,3,1597.71
3672658084,194682,3,912.29,Iced Tea,Cold Drinks & Juices,Sastry-Issac,1303.27,30.0,180,2736.87
8273236145,366066,3,918.58,Soap,Personal Care,Mandal LLC,1413.2,35.0,365,2755.7400000000002
3411233779,500633,1,154.5,Cereal,Dairy & Breakfast,Trivedi-Ahluwalia,193.12,20.0,7,154.5
8024667539,354409,3,325.08,Pulses,Grocery & Staples,Bose-Pandit,382.45,15.0,365,975.24
6112199794,397973,1,728.73,Bananas,Fruits & Vegetables,"Wable, Randhawa and Mutti",971.64,25.0,3,728.73
9484473160,137909,1,864.3,Cough Syrup,Pharmacy,Dalal PLC,1080.37,20.0,365,864.3
9729709418,784673,2,491.39,Dog Food,Pet Care,Ramanathan Group,755.98,35.0,365,982.78
7900224799,327290,2,862.28,Sugar,Grocery & Staples,Nadkarni Inc,1014.45,15.0,365,1724.56
1821414490,124290,2,39.65,Lotion,Personal Care,Sachdev Group,61.0,35.0,365,79.3
5813507399,500739,1,359.98,Bread,Dairy & Breakfast,Aggarwal Group,449.98,20.0,7,359.98
3928003125,274207,3,328.51,Cough Syrup,Pharmacy,"Savant, Batta and Mander",410.64,20.0,365,985.53
5271866987,681063,3,321.28,Mango Drink,Cold Drinks & Juices,Dass and Sons,458.97,30.0,180,963.8399999999999
9794537731,114414,1,832.06,Vitamins,Pharmacy,Kara-Golla,1040.07,20.0,365,832.06
4852718488,131937,3,287.81,Frozen Pizza,Instant & Frozen Food,"Varkey, Devi and Ganguly",479.68,40.0,180,863.4300000000001
8300546273,677169,3,261.03,Cough Syrup,Pharmacy,Char-Divan,326.29,20.0,365,783.0899999999999
976104194,557908,3,942.37,Vitamins,Pharmacy,Sundaram Inc,1177.96,20.0,365,2827.11
5373961125,433521,3,321.33,Diapers,Baby Care,Mahal Group,459.04,30.0,365,963.99
6056126973,256783,2,906.54,Pet Treats,Pet Care,"Basu, Thakur and Rege",1394.68,35.0,365,1813.08
6352881332,726958,3,887.48,Cat Food,Pet Care,Doctor-Patla,1365.35,35.0,365,2662.44
1643234106,557908,3,942.37,Vitamins,Pharmacy,Sundaram Inc,1177.96,20.0,365,2827.11
8697966993,60619,3,726.41,Iced Tea,Cold Drinks & Juices,Bhasin LLC,1037.73,30.0,180,2179.23
2276061263,687218,1,317.82,Mango Drink,Cold Drinks & Juices,"Sankaran, Pall and Gola",454.03,30.0,180,317.82
4045613782,600767,3,722.42,Toothpaste,Personal Care,Balan Group,1111.42,35.0,365,2167.2599999999998
2959828441,34186,1,925.65,Mangoes,Fruits & Vegetables,Mandal-Kar,1234.2,25.0,3,925.65
3514589876,669378,3,212.14,Potatoes,Fruits & Vegetables,Chadha and Sons,282.85,25.0,3,636.42
9444081952,532965,1,307.23,Frozen Pizza,Instant & Frozen Food,Sachdev Inc,512.05,40.0,180,307.23
8183959589,94225,3,77.11,Toilet Cleaner,Household Care,"Gulati, Ram and Sarkar",102.81,25.0,365,231.32999999999998
1712832927,425341,3,486.28,Pet Treats,Pet Care,"Mani, Dhar and Muni",748.12,35.0,365,1458.84
8162867215,112390,1,877.98,Toothpaste,Personal Care,"Kibe, Contractor and Randhawa",1350.74,35.0,365,877.98
4160230443,820973,1,114.52,Baby Wipes,Baby Care,Lall LLC,163.6,30.0,365,114.52
9787535949,240179,1,90.56,Cough Syrup,Pharmacy,Ram-Suri,113.2,20.0,365,90.56
3423995261,747801,2,277.76,Toilet Cleaner,Household Care,Saha-Vora,370.35,25.0,365,555.52
1523343168,298985,3,183.76,Vitamins,Pharmacy,"Ramanathan, Joshi and Srinivasan",229.7,20.0,365,551.28
1948066291,644847,1,622.81,Salt,Grocery & Staples,"Jhaveri, Kata and Kapur",732.72,15.0,365,622.81
2021361582,41853,3,910.44,Curd,Dairy & Breakfast,Handa PLC,1138.05,20.0,7,2731.32
7491420331,470449,2,827.77,Frozen Biryani,Instant & Frozen Food,Kohli-Sawhney,1379.62,40.0,180,1655.54
994840771,112390,2,877.98,Toothpaste,Personal Care,"Kibe, Contractor and Randhawa",1350.74,35.0,365,1755.96
6277344634,131136,2,37.8,Salt,Grocery & Staples,Deshpande-Rama,44.47,15.0,365,75.6
4092653338,317242,3,198.15,Pulses,Grocery & Staples,Rastogi Group,233.12,15.0,365,594.45
7213712604,500633,1,154.5,Cereal,Dairy & Breakfast,Trivedi-Ahluwalia,193.12,20.0,7,154.5
7326709115,883013,3,989.88,Eggs,Dairy & Breakfast,Chahal Group,1237.35,20.0,7,2969.64
9419789569,171602,3,883.44,Cola,Cold Drinks & Juices,Pal-Sehgal,1262.06,30.0,180,2650.32
5388191488,153019,3,947.95,Onions,Fruits & Vegetables,Aurora LLC,1263.93,25.0,3,2843.8500000000004
9065873433,930284,3,189.47,Baby Food,Baby Care,"Garg, Saraf and Dutta",270.67,30.0,365,568.41
4627342297,67197,3,552.2,Butter,Dairy & Breakfast,Shetty-Bora,690.25,20.0,7,1656.6000000000001
4286971111,114414,2,832.06,Vitamins,Pharmacy,Kara-Golla,1040.07,20.0,365,1664.12
645282074,697683,2,123.74,Toilet Cleaner,Household Care,"Murty, Varghese and Saxena",164.99,25.0,365,247.48
7260939789,604184,2,397.55,Toilet Cleaner,Household Care,"Gaba, Sodhi and Choudhary",530.07,25.0,365,795.1
1716322448,700048,2,141.28,Dish Soap,Household Care,Khalsa-Bhavsar,188.37,25.0,365,282.56
4293959647,361361,3,826.21,Biscuits,Snacks & Munchies,"Kunda, Dave and Sahni",1271.09,35.0,90,2478.63
3331935300,435929,2,856.89,Toilet Cleaner,Household Care,Memon Ltd,1142.52,25.0,365,1713.78
1775389576,961614,3,227.22,Chocolates,Snacks & Munchies,Goda Inc,349.57,35.0,90,681.66
8194774262,490602,3,549.47,Sugar,Grocery & Staples,Raghavan Inc,646.44,15.0,365,1648.41
3615279775,51036,1,931.61,Baby Food,Baby Care,Karnik PLC,1330.87,30.0,365,931.61
11467999,747801,3,277.76,Toilet Cleaner,Household Care,Saha-Vora,370.35,25.0,365,833.28
3971267196,171602,2,883.44,Cola,Cold Drinks & Juices,Pal-Sehgal,1262.06,30.0,180,1766.88
1584863963,455755,3,44.09,Detergent,Household Care,Mangal-Sathe,58.79,25.0,365,132.27
1557893814,70969,1,631.7,Carrots,Fruits & Vegetables,Mohan Group,842.27,25.0,3,631.7
8172695964,697683,1,123.74,Toilet Cleaner,Household Care,"Murty, Varghese and Saxena",164.99,25.0,365,123.74
7462800868,747801,2,277.76,Toilet Cleaner,Household Care,Saha-Vora,370.35,25.0,365,555.52
5438961669,425341,2,486.28,Pet Treats,Pet Care,"Mani, Dhar and Muni",748.12,35.0,365,972.56
4904849001,913428,2,392.22,Pet Treats,Pet Care,Narayanan-Kumar,603.42,35.0,365,784.44
4816980820,63769,3,878.07,Lotion,Personal Care,Dalal-Shan,1350.88,35.0,365,2634.21
9004078716,760828,3,563.45,Pet Treats,Pet Care,"Khurana, Khosla and Yohannan",866.85,35.0,365,1690.3500000000001
8350353728,481843,2,297.68,Chocolates,Snacks & Munchies,"Taneja, Kala and Kota",457.97,35.0,90,595.36
1204084245,690565,2,951.27,Cookies,Snacks & Munchies,"Roy, Seth and Patla",1463.49,35.0,90,1902.54
4142209897,440875,3,275.03,Baby Wipes,Baby Care,Loyal Inc,392.9,30.0,365,825.0899999999999
125551624,669378,2,212.14,Potatoes,Fruits & Vegetables,Chadha and Sons,282.85,25.0,3,424.28
9970545044,962591,3,130.01,Orange Juice,Cold Drinks & Juices,Murthy-Kaul,185.73,30.0,180,390.03
7976032064,621677,3,317.8,Frozen Biryani,Instant & Frozen Food,Sabharwal-Mital,529.67,40.0,180,953.4000000000001
8691567542,969851,3,340.66,Frozen Vegetables,Instant & Frozen Food,"Kara, Sodhi and Bassi",567.77,40.0,180,1021.98
3592747590,34200,1,319.8,Lotion,Personal Care,Munshi-Grewal,492.0,35.0,365,319.8
7495753437,644847,1,622.81,Salt,Grocery & Staples,"Jhaveri, Kata and Kapur",732.72,15.0,365,622.81
3965847120,654623,2,422.14,Chips,Snacks & Munchies,Pradhan and Sons,649.45,35.0,90,844.28
9365984533,470449,1,827.77,Frozen Biryani,Instant & Frozen Food,Kohli-Sawhney,1379.62,40.0,180,827.77
2948242102,587645,3,801.81,Vitamins,Pharmacy,"Sura, Pillay and Mammen",1002.26,20.0,365,2405.43
6161193691,187399,2,53.49,Frozen Pizza,Instant & Frozen Food,Chauhan Inc,89.15,40.0,180,106.98
5964122835,144124,3,162.67,Detergent,Household Care,Lalla-Srinivasan,216.89,25.0,365,488.01
8879377902,883013,2,989.88,Eggs,Dairy & Breakfast,Chahal Group,1237.35,20.0,7,1979.76
8158068874,692985,1,197.39,Pulses,Grocery & Staples,"Wable, Sankaran and Hari",232.22,15.0,365,197.39
7039570964,240179,3,90.56,Cough Syrup,Pharmacy,Ram-Suri,113.2,20.0,365,271.68
5482913265,880510,2,951.43,Bread,Dairy & Breakfast,Roy-Char,1189.29,20.0,7,1902.86
1018255782,264803,2,995.98,Vitamins,Pharmacy,Gole-Doshi,1244.97,20.0,365,1991.96
8441505853,153019,3,947.95,Onions,Fruits & Vegetables,Aurora LLC,1263.93,25.0,3,2843.8500000000004
3850018395,77308,2,223.27,Onions,Fruits & Vegetables,Ratta-Sagar,297.69,25.0,3,446.54
4884197611,692985,1,197.39,Pulses,Grocery & Staples,"Wable, Sankaran and Hari",232.22,15.0,365,197.39
5321849748,914071,3,296.94,Chips,Snacks & Munchies,Datta Ltd,456.83,35.0,90,890.8199999999999
9808738347,589812,1,163.03,Detergent,Household Care,Bir PLC,217.37,25.0,365,163.03
8727249149,555121,2,354.91,Carrots,Fruits & Vegetables,"Subramanian, Chaudhuri and Dora",473.21,25.0,3,709.82
2772154780,962591,1,130.01,Orange Juice,Cold Drinks & Juices,Murthy-Kaul,185.73,30.0,180,130.01
9128056381,930284,3,189.47,Baby Food,Baby Care,"Garg, Saraf and Dutta",270.67,30.0,365,568.41
4461463308,798639,3,211.25,Eggs,Dairy & Breakfast,Subramaniam LLC,264.06,20.0,7,633.75
5636483988,256783,2,906.54,Pet Treats,Pet Care,"Basu, Thakur and Rege",1394.68,35.0,365,1813.08
1532065529,762527,1,690.08,Biscuits,Snacks & Munchies,"Chad, Yohannan and Chopra",1061.66,35.0,90,690.08
9933994647,897083,1,972.69,Detergent,Household Care,Dutta-Halder,1296.92,25.0,365,972.69
4823026749,851978,1,715.72,Vitamins,Pharmacy,Parsa-Bala,894.65,20.0,365,715.72
7453442245,760828,1,563.45,Pet Treats,Pet Care,"Khurana, Khosla and Yohannan",866.85,35.0,365,563.45
6519941559,697683,3,123.74,Toilet Cleaner,Household Care,"Murty, Varghese and Saxena",164.99,25.0,365,371.21999999999997
3798769654,324809,1,608.0,Bread,Dairy & Breakfast,Sidhu PLC,760.0,20.0,7,608.0
5034289521,187399,3,53.49,Frozen Pizza,Instant & Frozen Food,Chauhan Inc,89.15,40.0,180,160.47
6971088688,700048,1,141.28,Dish Soap,Household Care,Khalsa-Bhavsar,188.37,25.0,365,141.28
5650184107,894539,2,445.48,Dish Soap,Household Care,"Pall, Sule and Sood",593.97,25.0,365,890.96
5770410311,764014,2,612.04,Salt,Grocery & Staples,"Grewal, Swamy and Dayal",720.05,15.0,365,1224.08
274530126,851978,3,715.72,Vitamins,Pharmacy,Parsa-Bala,894.65,20.0,365,2147.16
4819831152,432617,3,863.18,Baby Wipes,Baby Care,Dora-Pillai,1233.11,30.0,365,2589.54
6977688323,171602,3,883.44,Cola,Cold Drinks & Juices,Pal-Sehgal,1262.06,30.0,180,2650.32
2035952734,525531,2,831.1,Dog Food,Pet Care,Sandal PLC,1278.62,35.0,365,1662.2
3665334102,435929,3,856.89,Toilet Cleaner,Household Care,Memon Ltd,1142.52,25.0,365,2570.67
1862413314,490939,1,80.25,Lotion,Personal Care,"Roy, Barad and De",123.46,35.0,365,80.25
4466643926,9436,3,88.43,Toothpaste,Personal Care,Naidu PLC,136.05,35.0,365,265.29
4470717835,644847,2,622.81,Salt,Grocery & Staples,"Jhaveri, Kata and Kapur",732.72,15.0,365,1245.62
3018086191,217710,2,58.59,Eggs,Dairy & Breakfast,Rout-Sarna,73.24,20.0,7,117.18
2447983559,451933,1,568.94,Wheat Flour,Grocery & Staples,Nadig Ltd,669.34,15.0,365,568.94
5116322704,991434,3,237.62,Cookies,Snacks & Munchies,Mital-Oza,365.57,35.0,90,712.86
8941550852,36412,3,397.68,Dish Soap,Household Care,Muni-Shankar,530.24,25.0,365,1193.04
8026773850,812607,3,416.65,Potatoes,Fruits & Vegetables,Rege Group,555.53,25.0,3,1249.9499999999998
2102402075,965755,1,532.57,Bananas,Fruits & Vegetables,"Doshi, Sarraf and Sama",710.09,25.0,3,532.57
989844439,298985,3,183.76,Vitamins,Pharmacy,"Ramanathan, Joshi and Srinivasan",229.7,20.0,365,551.28
8426805628,897083,3,972.69,Detergent,Household Care,Dutta-Halder,1296.92,25.0,365,2918.07
7662188403,240179,3,90.56,Cough Syrup,Pharmacy,Ram-Suri,113.2,20.0,365,271.68
9141654140,532965,2,307.23,Frozen Pizza,Instant & Frozen Food,Sachdev Inc,512.05,40.0,180,614.46
5696947751,555121,2,354.91,Carrots,Fruits & Vegetables,"Subramanian, Chaudhuri and Dora",473.21,25.0,3,709.82
8953871540,144124,2,162.67,Detergent,Household Care,Lalla-Srinivasan,216.89,25.0,365,325.34
1767778760,516376,2,877.43,Onions,Fruits & Vegetables,Agarwal-Dhar,1169.91,25.0,3,1754.86
5516201271,600767,1,722.42,Toothpaste,Personal Care,Balan Group,1111.42,35.0,365,722.42
9358248664,513199,3,422.23,Cola,Cold Drinks & Juices,Rastogi Inc,603.19,30.0,180,1266.69
1530424665,760684,1,71.6,Rice,Grocery & Staples,Kanda-Gupta,84.24,15.0,365,71.6
7816293360,673058,2,765.76,Cough Syrup,Pharmacy,Balan-Madan,957.2,20.0,365,1531.52
1602396548,365132,2,229.38,Instant Noodles,Instant & Frozen Food,Dar-Kumar,382.3,40.0,180,458.76
7938126128,256783,1,906.54,Pet Treats,Pet Care,"Basu, Thakur and Rege",1394.68,35.0,365,906.54
271744331,153019,3,947.95,Onions,Fruits & Vegetables,Aurora LLC,1263.93,25.0,3,2843.8500000000004
387311360,903336,1,551.88,Pulses,Grocery & Staples,"Vaidya, Amble and Palla",649.27,15.0,365,551.88
1286123100,647462,1,326.42,Lotion,Personal Care,"Balan, Samra and Sekhon",502.18,35.0,365,326.42
4832392771,432617,1,863.18,Baby Wipes,Baby Care,Dora-Pillai,1233.11,30.0,365,863.18
4800106448,707935,1,820.9,Cat Food,Pet Care,"Anne, Mammen and Khatri",1262.92,35.0,365,820.9
5500008514,378287,2,332.84,Lemonade,Cold Drinks & Juices,Ramesh-Jain,475.49,30.0,180,665.68
7879575037,487931,3,709.08,Sugar,Grocery & Staples,"Bahl, Jaggi and Nath",834.21,15.0,365,2127.2400000000002
50845914,478531,3,825.46,Carrots,Fruits & Vegetables,Uppal Group,1100.61,25.0,3,2476.38
9766990467,361361,2,826.21,Biscuits,Snacks & Munchies,"Kunda, Dave and Sahni",1271.09,35.0,90,1652.42
4215602937,820973,3,114.52,Baby Wipes,Baby Care,Lall LLC,163.6,30.0,365,343.56
238484255,354409,3,325.08,Pulses,Grocery & Staples,Bose-Pandit,382.45,15.0,365,975.24
3293988248,272170,2,140.8,Ice Cream,Instant & Frozen Food,Purohit Group,234.67,40.0,180,281.6
5296157775,760684,3,71.6,Rice,Grocery & Staples,Kanda-Gupta,84.24,15.0,365,214.79999999999998
1143489067,4452,2,169.88,Baby Wipes,Baby Care,Morar-Mistry,242.69,30.0,365,339.76
8524452029,487931,1,709.08,Sugar,Grocery & Staples,"Bahl, Jaggi and Nath",834.21,15.0,365,709.08
4256779885,440875,1,275.03,Baby Wipes,Baby Care,Loyal Inc,392.9,30.0,365,275.03
7744686996,585299,1,799.46,Pet Treats,Pet Care,"Sharma, Chandra and Prashad",1229.94,35.0,365,799.46
5427462399,257719,2,281.73,Eggs,Dairy & Breakfast,Chaudhuri PLC,352.16,20.0,7,563.46
8596751747,863930,1,242.57,Shampoo,Personal Care,"Sathe, Agarwal and Dhar",373.18,35.0,365,242.57
4746468643,679865,3,347.91,Wheat Flour,Grocery & Staples,Memon-Barad,409.31,15.0,365,1043.73
3010047327,555121,3,354.91,Carrots,Fruits & Vegetables,"Subramanian, Chaudhuri and Dora",473.21,25.0,3,1064.73
1236959246,440875,1,275.03,Baby Wipes,Baby Care,Loyal Inc,392.9,30.0,365,275.03
6600422315,287070,3,443.17,Wheat Flour,Grocery & Staples,"Gala, Magar and Rajagopal",521.38,15.0,365,1329.51
3227252410,291238,3,746.03,Chocolates,Snacks & Munchies,"Sinha, Pau and Chhabra",1147.74,35.0,90,2238.09
6972292408,747801,1,277.76,Toilet Cleaner,Household Care,Saha-Vora,370.35,25.0,365,277.76
7562754470,82484,2,914.88,Baby Food,Baby Care,Mallick PLC,1306.97,30.0,365,1829.76
7361971676,397973,1,728.73,Bananas,Fruits & Vegetables,"Wable, Randhawa and Mutti",971.64,25.0,3,728.73
8875605037,876139,1,415.75,Pulses,Grocery & Staples,Cherian-Dara,489.12,15.0,365,415.75
8508253527,440875,1,275.03,Baby Wipes,Baby Care,Loyal Inc,392.9,30.0,365,275.03
6798775600,324809,2,608.0,Bread,Dairy & Breakfast,Sidhu PLC,760.0,20.0,7,1216.0
3624810422,818522,1,96.09,Cheese,Dairy & Breakfast,Hora-Roy,120.11,20.0,7,96.09
4740213452,726958,2,887.48,Cat Food,Pet Care,Doctor-Patla,1365.35,35.0,365,1774.96
3825468344,425341,3,486.28,Pet Treats,Pet Care,"Mani, Dhar and Muni",748.12,35.0,365,1458.84
902245665,298985,3,183.76,Vitamins,Pharmacy,"Ramanathan, Joshi and Srinivasan",229.7,20.0,365,551.28
6874299189,561860,2,874.78,Orange Juice,Cold Drinks & Juices,Gupta Ltd,1249.69,30.0,180,1749.56
1127125313,140154,2,171.2,Shampoo,Personal Care,Malhotra LLC,263.38,35.0,365,342.4
3606548818,448752,3,160.07,Toilet Cleaner,Household Care,Batta-Doctor,213.43,25.0,365,480.21
5750044154,930284,2,189.47,Baby Food,Baby Care,"Garg, Saraf and Dutta",270.67,30.0,365,378.94
3872847781,652118,3,22.04,Frozen Biryani,Instant & Frozen Food,Agate and Sons,36.73,40.0,180,66.12
5939554684,606256,1,369.28,Frozen Biryani,Instant & Frozen Food,Agate Ltd,615.47,40.0,180,369.28
676412814,818990,1,163.55,Tomatoes,Fruits & Vegetables,Dugar Group,218.07,25.0,3,163.55
4248390724,721521,2,417.39,Rice,Grocery & Staples,"Ramanathan, Agarwal and Baria",491.05,15.0,365,834.78
8938687150,319388,3,657.8,Orange Juice,Cold Drinks & Juices,D’Alia-Dey,939.71,30.0,180,1973.3999999999999
7898867047,767398,3,22.14,Dish Soap,Household Care,"Arya, Sundaram and Pingle",29.52,25.0,365,66.42
2142065357,968887,1,40.7,Dish Soap,Household Care,Keer-Gill,54.27,25.0,365,40.7
9024719693,659290,3,319.34,Cheese,Dairy & Breakfast,Kapadia-D’Alia,399.17,20.0,7,958.02
8976616698,120385,2,597.91,Pet Treats,Pet Care,Dubey-Sarin,919.86,35.0,365,1195.82
8792586840,937542,3,97.04,Wheat Flour,Grocery & Staples,Khurana and Sons,114.16,15.0,365,291.12
5375387413,378230,3,166.42,Nuts,Snacks & Munchies,Kala-Vig,256.03,35.0,90,499.26
4252164097,952124,1,127.08,Onions,Fruits & Vegetables,"Wali, Sood and Bala",169.44,25.0,3,127.08
8423273411,876139,3,415.75,Pulses,Grocery & Staples,Cherian-Dara,489.12,15.0,365,1247.25
2551179741,707935,3,820.9,Cat Food,Pet Care,"Anne, Mammen and Khatri",1262.92,35.0,365,2462.7
227511348,513199,1,422.23,Cola,Cold Drinks & Juices,Rastogi Inc,603.19,30.0,180,422.23
4434464045,153019,1,947.95,Onions,Fruits & Vegetables,Aurora LLC,1263.93,25.0,3,947.95
7041011843,883013,2,989.88,Eggs,Dairy & Breakfast,Chahal Group,1237.35,20.0,7,1979.76
6510283268,136533,3,826.21,Eggs,Dairy & Breakfast,"Raghavan, Magar and Shanker",1032.76,20.0,7,2478.63
6853654698,131748,1,81.35,Dog Food,Pet Care,"Shroff, Wason and Dugar",125.15,35.0,365,81.35
9338996795,34186,2,925.65,Mangoes,Fruits & Vegetables,Mandal-Kar,1234.2,25.0,3,1851.3
7346145952,449106,1,48.55,Soap,Personal Care,"Shere, Thakur and Naik",74.69,35.0,365,48.55
6497069610,329351,3,310.87,Cheese,Dairy & Breakfast,"Lala, Kalita and Sathe",388.59,20.0,7,932.61
1741402363,611575,1,482.06,Frozen Pizza,Instant & Frozen Food,"Bhat, Nigam and Hayer",803.43,40.0,180,482.06
4825878367,26060,2,342.94,Vitamins,Pharmacy,Shah and Sons,428.67,20.0,365,685.88
7019011442,552496,2,508.0,Dish Soap,Household Care,Dhar PLC,677.33,25.0,365,1016.0
1674463798,67197,1,552.2,Butter,Dairy & Breakfast,Shetty-Bora,690.25,20.0,7,552.2
305684588,709916,3,33.76,Detergent,Household Care,Varkey LLC,45.01,25.0,365,101.28
5967495442,516376,2,877.43,Onions,Fruits & Vegetables,Agarwal-Dhar,1169.91,25.0,3,1754.86
2571047526,760828,2,563.45,Pet Treats,Pet Care,"Khurana, Khosla and Yohannan",866.85,35.0,365,1126.9
7784811086,689769,2,46.62,Frozen Vegetables,Instant & Frozen Food,Kothari-Datta,77.7,40.0,180,93.24
7942005230,714999,2,882.51,Bread,Dairy & Breakfast,Kala Group,1103.14,20.0,7,1765.02
6653543195,287070,3,443.17,Wheat Flour,Grocery & Staples,"Gala, Magar and Rajagopal",521.38,15.0,365,1329.51
397928918,991434,2,237.62,Cookies,Snacks & Munchies,Mital-Oza,365.57,35.0,90,475.24
776120140,131937,2,287.81,Frozen Pizza,Instant & Frozen Food,"Varkey, Devi and Ganguly",479.68,40.0,180,575.62
8293188779,953175,1,225.21,Baby Food,Baby Care,Sehgal-Nagarajan,321.73,30.0,365,225.21
178737268,942001,3,671.55,Cat Food,Pet Care,Acharya Ltd,1033.15,35.0,365,2014.6499999999999
5246598523,272170,2,140.8,Ice Cream,Instant & Frozen Food,Purohit Group,234.67,40.0,180,281.6
1172544737,602241,2,976.55,Nuts,Snacks & Munchies,Bahl-Pau,1502.38,35.0,90,1953.1
6419533291,124290,1,39.65,Lotion,Personal Care,Sachdev Group,61.0,35.0,365,39.65
882083749,398340,1,651.93,Instant Noodles,Instant & Frozen Food,"Nadig, Zachariah and Soni",1086.55,40.0,180,651.93
3185510401,136533,1,826.21,Eggs,Dairy & Breakfast,"Raghavan, Magar and Shanker",1032.76,20.0,7,826.21
7760767006,667163,2,441.2,Orange Juice,Cold Drinks & Juices,Palla LLC,630.29,30.0,180,882.4
3833878150,140154,1,171.2,Shampoo,Personal Care,Malhotra LLC,263.38,35.0,365,171.2
369899578,525531,1,831.1,Dog Food,Pet Care,Sandal PLC,1278.62,35.0,365,831.1
1944466212,990993,1,263.7,Chocolates,Snacks & Munchies,Guha-Subramaniam,405.69,35.0,90,263.7
4064447117,284460,1,505.95,Potatoes,Fruits & Vegetables,"Ramakrishnan, Anand and Khare",674.6,25.0,3,505.95
1553685597,647462,3,326.42,Lotion,Personal Care,"Balan, Samra and Sekhon",502.18,35.0,365,979.26
3682284811,848226,1,209.59,Tomatoes,Fruits & Vegetables,Barad and Sons,279.45,25.0,3,209.59
291439357,615545,2,448.16,Soap,Personal Care,Barman Inc,689.48,35.0,365,896.32
8285784194,799952,1,922.64,Cheese,Dairy & Breakfast,Padmanabhan-Virk,1153.3,20.0,7,922.64
5058742647,679865,2,347.91,Wheat Flour,Grocery & Staples,Memon-Barad,409.31,15.0,365,695.82
6917020296,747801,1,277.76,Toilet Cleaner,Household Care,Saha-Vora,370.35,25.0,365,277.76
6671181961,461804,3,310.69,Sugar,Grocery & Staples,"Ghose, Ben and Divan",365.52,15.0,365,932.0699999999999
5123439997,89084,2,598.83,Milk,Dairy & Breakfast,"Wali, Virk and Iyer",748.54,20.0,7,1197.66
8510183245,587420,3,357.42,Cookies,Snacks & Munchies,Raj and Sons,549.88,35.0,90,1072.26
6081384585,942001,1,671.55,Cat Food,Pet Care,Acharya Ltd,1033.15,35.0,365,671.55
4423613746,969851,3,340.66,Frozen Vegetables,Instant & Frozen Food,"Kara, Sodhi and Bassi",567.77,40.0,180,1021.98
1530472691,611575,1,482.06,Frozen Pizza,Instant & Frozen Food,"Bhat, Nigam and Hayer",803.43,40.0,180,482.06
7009303199,600767,3,722.42,Toothpaste,Personal Care,Balan Group,1111.42,35.0,365,2167.2599999999998
5386652055,329351,3,310.87,Cheese,Dairy & Breakfast,"Lala, Kalita and Sathe",388.59,20.0,7,932.61
4413239746,131937,1,287.81,Frozen Pizza,Instant & Frozen Food,"Varkey, Devi and Ganguly",479.68,40.0,180,287.81
4988875078,53833,1,134.69,Rice,Grocery & Staples,Tella-Master,158.46,15.0,365,134.69
1617565217,726958,1,887.48,Cat Food,Pet Care,Doctor-Patla,1365.35,35.0,365,887.48
392038758,863930,3,242.57,Shampoo,Personal Care,"Sathe, Agarwal and Dhar",373.18,35.0,365,727.71
1828727552,820973,3,114.52,Baby Wipes,Baby Care,Lall LLC,163.6,30.0,365,343.56
7119397338,124290,2,39.65,Lotion,Personal Care,Sachdev Group,61.0,35.0,365,79.3
2611271708,798639,3,211.25,Eggs,Dairy & Breakfast,Subramaniam LLC,264.06,20.0,7,633.75
7162509481,606256,3,369.28,Frozen Biryani,Instant & Frozen Food,Agate Ltd,615.47,40.0,180,1107.84
131913576,871592,3,870.29,Carrots,Fruits & Vegetables,"Shankar, Nadkarni and Kumer",1160.39,25.0,3,2610.87
6627201490,812607,1,416.65,Potatoes,Fruits & Vegetables,Rege Group,555.53,25.0,3,416.65
4644950813,153019,3,947.95,Onions,Fruits & Vegetables,Aurora LLC,1263.93,25.0,3,2843.8500000000004
9434934993,397973,1,728.73,Bananas,Fruits & Vegetables,"Wable, Randhawa and Mutti",971.64,25.0,3,728.73
2556317798,679284,3,877.89,Cough Syrup,Pharmacy,Pant LLC,1097.36,20.0,365,2633.67
2826150539,859361,3,432.39,Shampoo,Personal Care,Mitter Group,665.22,35.0,365,1297.17
4283803308,942001,1,671.55,Cat Food,Pet Care,Acharya Ltd,1033.15,35.0,365,671.55
6873424093,34186,3,925.65,Mangoes,Fruits & Vegetables,Mandal-Kar,1234.2,25.0,3,2776.95
4741294126,604184,3,397.55,Toilet Cleaner,Household Care,"Gaba, Sodhi and Choudhary",530.07,25.0,365,1192.65
4967241271,587645,2,801.81,Vitamins,Pharmacy,"Sura, Pillay and Mammen",1002.26,20.0,365,1603.62
9554079946,561860,1,874.78,Orange Juice,Cold Drinks & Juices,Gupta Ltd,1249.69,30.0,180,874.78
4601205399,673058,2,765.76,Cough Syrup,Pharmacy,Balan-Madan,957.2,20.0,365,1531.52
5633967304,704868,2,193.46,Detergent,Household Care,"Parikh, Oak and Kara",257.95,25.0,365,386.92
4168163237,592784,1,280.35,Biscuits,Snacks & Munchies,"Andra, Mander and Kari",431.31,35.0,90,280.35
5924297360,654623,3,422.14,Chips,Snacks & Munchies,Pradhan and Sons,649.45,35.0,90,1266.42
2120299901,767398,2,22.14,Dish Soap,Household Care,"Arya, Sundaram and Pingle",29.52,25.0,365,44.28
1070876534,712307,2,264.89,Orange Juice,Cold Drinks & Juices,Chana LLC,378.41,30.0,180,529.78
7032280048,274207,2,328.51,Cough Syrup,Pharmacy,"Savant, Batta and Mander",410.64,20.0,365,657.02
156346853,490602,1,549.47,Sugar,Grocery & Staples,Raghavan Inc,646.44,15.0,365,549.47
6873267326,319388,1,657.8,Orange Juice,Cold Drinks & Juices,D’Alia-Dey,939.71,30.0,180,657.8
1370661468,187399,3,53.49,Frozen Pizza,Instant & Frozen Food,Chauhan Inc,89.15,40.0,180,160.47
3612128358,4452,1,169.88,Baby Wipes,Baby Care,Morar-Mistry,242.69,30.0,365,169.88
1736953222,146840,2,786.85,Bread,Dairy & Breakfast,"Bains, Deol and Vaidya",983.56,20.0,7,1573.7
9107923488,4452,1,169.88,Baby Wipes,Baby Care,Morar-Mistry,242.69,30.0,365,169.88
4378877600,952168,2,236.95,Popcorn,Snacks & Munchies,"Krishnamurthy, Sibal and Das",364.54,35.0,90,473.9
3232762361,124290,3,39.65,Lotion,Personal Care,Sachdev Group,61.0,35.0,365,118.94999999999999
1831641377,219598,3,367.08,Shampoo,Personal Care,Arora-Magar,564.74,35.0,365,1101.24
562428866,432617,3,863.18,Baby Wipes,Baby Care,Dora-Pillai,1233.11,30.0,365,2589.54
4607715908,555121,2,354.91,Carrots,Fruits & Vegetables,"Subramanian, Chaudhuri and Dora",473.21,25.0,3,709.82
4804575203,587420,3,357.42,Cookies,Snacks & Munchies,Raj and Sons,549.88,35.0,90,1072.26
8287234948,953175,1,225.21,Baby Food,Baby Care,Sehgal-Nagarajan,321.73,30.0,365,225.21
6074452586,965755,1,532.57,Bananas,Fruits & Vegetables,"Doshi, Sarraf and Sama",710.09,25.0,3,532.57
6821790656,487931,2,709.08,Sugar,Grocery & Staples,"Bahl, Jaggi and Nath",834.21,15.0,365,1418.16
7821942520,490939,1,80.25,Lotion,Personal Care,"Roy, Barad and De",123.46,35.0,365,80.25
3012496270,848226,2,209.59,Tomatoes,Fruits & Vegetables,Barad and Sons,279.45,25.0,3,419.18
8980370750,56589,1,517.77,Vitamins,Pharmacy,"Pai, Kashyap and Ramachandran",647.21,20.0,365,517.77
6535672015,798639,3,211.25,Eggs,Dairy & Breakfast,Subramaniam LLC,264.06,20.0,7,633.75
6999060704,137909,2,864.3,Cough Syrup,Pharmacy,Dalal PLC,1080.37,20.0,365,1728.6
9403732731,131748,2,81.35,Dog Food,Pet Care,"Shroff, Wason and Dugar",125.15,35.0,365,162.7
5649255352,449106,3,48.55,Soap,Personal Care,"Shere, Thakur and Naik",74.69,35.0,365,145.64999999999998
5034409841,700048,1,141.28,Dish Soap,Household Care,Khalsa-Bhavsar,188.37,25.0,365,141.28
9072111617,112390,1,877.98,Toothpaste,Personal Care,"Kibe, Contractor and Randhawa",1350.74,35.0,365,877.98
9556880451,621677,3,317.8,Frozen Biryani,Instant & Frozen Food,Sabharwal-Mital,529.67,40.0,180,953.4000000000001
4602796463,859361,3,432.39,Shampoo,Personal Care,Mitter Group,665.22,35.0,365,1297.17
6061353924,291238,1,746.03,Chocolates,Snacks & Munchies,"Sinha, Pau and Chhabra",1147.74,35.0,90,746.03
4366519080,764014,2,612.04,Salt,Grocery & Staples,"Grewal, Swamy and Dayal",720.05,15.0,365,1224.08
1324817141,739448,1,755.66,Dish Soap,Household Care,Mand-Choudhry,1007.55,25.0,365,755.66
5419080144,89084,2,598.83,Milk,Dairy & Breakfast,"Wali, Virk and Iyer",748.54,20.0,7,1197.66
8813470284,77308,1,223.27,Onions,Fruits & Vegetables,Ratta-Sagar,297.69,25.0,3,223.27
3182992799,449106,2,48.55,Soap,Personal Care,"Shere, Thakur and Naik",74.69,35.0,365,97.1
7792996715,961614,3,227.22,Chocolates,Snacks & Munchies,Goda Inc,349.57,35.0,90,681.66
6962624734,491314,3,973.44,Ice Cream,Instant & Frozen Food,Banerjee Inc,1622.4,40.0,180,2920.32
5948662456,848226,1,209.59,Tomatoes,Fruits & Vegetables,Barad and Sons,279.45,25.0,3,209.59
3395675979,300159,1,44.35,Cola,Cold Drinks & Juices,"Basu, Rout and Mistry",63.36,30.0,180,44.35
7550368787,237083,2,577.13,Cough Syrup,Pharmacy,Hayer-Banerjee,721.41,20.0,365,1154.26
8357671697,677169,3,261.03,Cough Syrup,Pharmacy,Char-Divan,326.29,20.0,365,783.0899999999999
9600704922,833557,3,422.87,Cereal,Dairy & Breakfast,"Gole, Chand and Dada",528.59,20.0,7,1268.6100000000001
9915229426,112390,2,877.98,Toothpaste,Personal Care,"Kibe, Contractor and Randhawa",1350.74,35.0,365,1755.96
9927474026,567671,1,418.48,Biscuits,Snacks & Munchies,Nagar LLC,643.82,35.0,90,418.48
6310535397,968887,1,40.7,Dish Soap,Household Care,Keer-Gill,54.27,25.0,365,40.7
8045941430,723678,2,675.46,Dog Food,Pet Care,"Lall, Datta and Swamy",1039.17,35.0,365,1350.92
4390394582,171602,2,883.44,Cola,Cold Drinks & Juices,Pal-Sehgal,1262.06,30.0,180,1766.88
5062545226,673058,2,765.76,Cough Syrup,Pharmacy,Balan-Madan,957.2,20.0,365,1531.52
2836701831,837480,3,217.4,Cough Syrup,Pharmacy,Edwin and Sons,271.75,20.0,365,652.2
4115492281,435929,1,856.89,Toilet Cleaner,Household Care,Memon Ltd,1142.52,25.0,365,856.89
3554645781,53833,3,134.69,Rice,Grocery & Staples,Tella-Master,158.46,15.0,365,404.07
3983605701,264803,3,995.98,Vitamins,Pharmacy,Gole-Doshi,1244.97,20.0,365,2987.94
8581516385,500633,1,154.5,Cereal,Dairy & Breakfast,Trivedi-Ahluwalia,193.12,20.0,7,154.5
8290229112,473647,1,43.05,Toothpaste,Personal Care,Ben-Ravi,66.23,35.0,365,43.05
1195560119,606256,1,369.28,Frozen Biryani,Instant & Frozen Food,Agate Ltd,615.47,40.0,180,369.28
5077327994,700048,1,141.28,Dish Soap,Household Care,Khalsa-Bhavsar,188.37,25.0,365,141.28
2945185661,903336,3,551.88,Pulses,Grocery & Staples,"Vaidya, Amble and Palla",649.27,15.0,365,1655.6399999999999
3951005873,587420,3,357.42,Cookies,Snacks & Munchies,Raj and Sons,549.88,35.0,90,1072.26
3490816523,880510,3,951.43,Bread,Dairy & Breakfast,Roy-Char,1189.29,20.0,7,2854.29
6739114301,33955,1,186.08,Frozen Pizza,Instant & Frozen Food,Baral Group,310.13,40.0,180,186.08
5728818155,243235,3,109.03,Cat Food,Pet Care,Batta Inc,167.74,35.0,365,327.09000000000003
7713651693,891833,1,493.19,Curd,Dairy & Breakfast,Mani PLC,616.49,20.0,7,493.19
5452048621,706112,2,478.79,Vitamins,Pharmacy,"Magar, Gara and Garg",598.49,20.0,365,957.58
2297027645,897083,1,972.69,Detergent,Household Care,Dutta-Halder,1296.92,25.0,365,972.69
2438302298,954722,2,616.45,Ice Cream,Instant & Frozen Food,Mohan-Virk,1027.42,40.0,180,1232.9
578811216,563740,1,96.33,Chips,Snacks & Munchies,Mann-Kapadia,148.2,35.0,90,96.33
8684710720,621677,3,317.8,Frozen Biryani,Instant & Frozen Food,Sabharwal-Mital,529.67,40.0,180,953.4000000000001
1249797614,327290,1,862.28,Sugar,Grocery & Staples,Nadkarni Inc,1014.45,15.0,365,862.28
8013026217,672059,1,672.73,Toothpaste,Personal Care,Kaur-Gola,1034.97,35.0,365,672.73
5421697986,606256,2,369.28,Frozen Biryani,Instant & Frozen Food,Agate Ltd,615.47,40.0,180,738.56
8922741261,863930,3,242.57,Shampoo,Personal Care,"Sathe, Agarwal and Dhar",373.18,35.0,365,727.71
3441102335,516376,3,877.43,Onions,Fruits & Vegetables,Agarwal-Dhar,1169.91,25.0,3,2632.29
6065607924,63769,2,878.07,Lotion,Personal Care,Dalal-Shan,1350.88,35.0,365,1756.14
5153395650,478531,1,825.46,Carrots,Fruits & Vegetables,Uppal Group,1100.61,25.0,3,825.46
2215235447,298985,1,183.76,Vitamins,Pharmacy,"Ramanathan, Joshi and Srinivasan",229.7,20.0,365,183.76
5678676134,319388,1,657.8,Orange Juice,Cold Drinks & Juices,D’Alia-Dey,939.71,30.0,180,657.8
5045588926,60619,1,726.41,Iced Tea,Cold Drinks & Juices,Bhasin LLC,1037.73,30.0,180,726.41
1677502866,969851,1,340.66,Frozen Vegetables,Instant & Frozen Food,"Kara, Sodhi and Bassi",567.77,40.0,180,340.66
4777610024,433521,3,321.33,Diapers,Baby Care,Mahal Group,459.04,30.0,365,963.99
477350788,762527,2,690.08,Biscuits,Snacks & Munchies,"Chad, Yohannan and Chopra",1061.66,35.0,90,1380.16
4616699342,818990,2,163.55,Tomatoes,Fruits & Vegetables,Dugar Group,218.07,25.0,3,327.1
8849914077,154179,3,582.87,Pain Reliever,Pharmacy,"Barad, Devi and Andra",728.59,20.0,365,1748.6100000000001
9183435457,107548,1,891.6,Cola,Cold Drinks & Juices,"Bhandari, Bhasin and Palan",1273.71,30.0,180,891.6
6922646336,799952,3,922.64,Cheese,Dairy & Breakfast,Padmanabhan-Virk,1153.3,20.0,7,2767.92
3228806806,679865,2,347.91,Wheat Flour,Grocery & Staples,Memon-Barad,409.31,15.0,365,695.82
4893095476,444361,2,822.63,Pain Reliever,Pharmacy,"Prakash, Bawa and Kale",1028.29,20.0,365,1645.26
7773468233,462526,2,449.97,Curd,Dairy & Breakfast,Pau and Sons,562.46,20.0,7,899.94
5928657526,473929,2,440.19,Carrots,Fruits & Vegetables,"Bhardwaj, Bhatia and Deshmukh",586.92,25.0,3,880.38
4435936422,837480,2,217.4,Cough Syrup,Pharmacy,Edwin and Sons,271.75,20.0,365,434.8
6031122324,298985,1,183.76,Vitamins,Pharmacy,"Ramanathan, Joshi and Srinivasan",229.7,20.0,365,183.76
7286969496,366066,3,918.58,Soap,Personal Care,Mandal LLC,1413.2,35.0,365,2755.7400000000002
4665508413,433521,2,321.33,Diapers,Baby Care,Mahal Group,459.04,30.0,365,642.66
9224598372,962054,1,16.86,Orange Juice,Cold Drinks & Juices,Toor-Nagar,24.09,30.0,180,16.86
842020543,927651,1,426.72,Baby Wipes,Baby Care,Narula Group,609.6,30.0,365,426.72
7237143327,820973,1,114.52,Baby Wipes,Baby Care,Lall LLC,163.6,30.0,365,114.52
5095141954,133542,1,68.49,Detergent,Household Care,Edwin-Lall,91.32,25.0,365,68.49
6229535077,739534,2,994.56,Toilet Cleaner,Household Care,"Gera, Narang and Karpe",1326.08,25.0,365,1989.12
2984879441,557908,1,942.37,Vitamins,Pharmacy,Sundaram Inc,1177.96,20.0,365,942.37
785895477,771228,2,83.18,Pet Treats,Pet Care,Raja and Sons,127.97,35.0,365,166.36
6220343481,525531,3,831.1,Dog Food,Pet Care,Sandal PLC,1278.62,35.0,365,2493.3
5897343054,991434,1,237.62,Cookies,Snacks & Munchies,Mital-Oza,365.57,35.0,90,237.62
60465,361361,2,826.21,Biscuits,Snacks & Munchies,"Kunda, Dave and Sahni",1271.09,35.0,90,1652.42
2245476104,327290,3,862.28,Sugar,Grocery & Staples,Nadkarni Inc,1014.45,15.0,365,2586.84
6347292505,658389,1,152.55,Popcorn,Snacks & Munchies,"Chanda, Som and Vohra",234.69,35.0,90,152.55
8321900643,611575,2,482.06,Frozen Pizza,Instant & Frozen Food,"Bhat, Nigam and Hayer",803.43,40.0,180,964.12
9639033064,949818,1,483.05,Biscuits,Snacks & Munchies,Yohannan Inc,743.15,35.0,90,483.05
2748368258,478531,3,825.46,Carrots,Fruits & Vegetables,Uppal Group,1100.61,25.0,3,2476.38
1444371693,455083,3,959.01,Butter,Dairy & Breakfast,Dutta Inc,1198.76,20.0,7,2877.0299999999997
7111342746,914071,1,296.94,Chips,Snacks & Munchies,Datta Ltd,456.83,35.0,90,296.94
9457576236,52729,3,316.02,Cat Food,Pet Care,Saini LLC,486.18,35.0,365,948.06
4167252733,991434,2,237.62,Cookies,Snacks & Munchies,Mital-Oza,365.57,35.0,90,475.24
4304875010,425341,1,486.28,Pet Treats,Pet Care,"Mani, Dhar and Muni",748.12,35.0,365,486.28
4870910859,516376,3,877.43,Onions,Fruits & Vegetables,Agarwal-Dhar,1169.91,25.0,3,2632.29
3674118222,839170,2,481.63,Curd,Dairy & Breakfast,Shetty and Sons,602.04,20.0,7,963.26
38408517,378287,2,332.84,Lemonade,Cold Drinks & Juices,Ramesh-Jain,475.49,30.0,180,665.68
3081609596,712003,3,671.68,Cola,Cold Drinks & Juices,"Karan, Bandi and Acharya",959.54,30.0,180,2015.04
1390229631,654623,1,422.14,Chips,Snacks & Munchies,Pradhan and Sons,649.45,35.0,90,422.14
7498092418,799688,1,309.62,Lotion,Personal Care,Arora LLC,476.34,35.0,365,309.62
3334055527,784673,2,491.39,Dog Food,Pet Care,Ramanathan Group,755.98,35.0,365,982.78
8729426842,942001,2,671.55,Cat Food,Pet Care,Acharya Ltd,1033.15,35.0,365,1343.1
1722808791,432617,1,863.18,Baby Wipes,Baby Care,Dora-Pillai,1233.11,30.0,365,863.18
9775070757,264803,1,995.98,Vitamins,Pharmacy,Gole-Doshi,1244.97,20.0,365,995.98
4737779056,491521,3,556.35,Nuts,Snacks & Munchies,Karpe Inc,855.92,35.0,90,1669.0500000000002
2047483376,51036,2,931.61,Baby Food,Baby Care,Karnik PLC,1330.87,30.0,365,1863.22
4758632331,753354,2,423.56,Shampoo,Personal Care,Sant-Mahajan,651.63,35.0,365,847.12
4741574337,851978,2,715.72,Vitamins,Pharmacy,Parsa-Bala,894.65,20.0,365,1431.44
5805120939,747801,1,277.76,Toilet Cleaner,Household Care,Saha-Vora,370.35,25.0,365,277.76
7550508,140154,2,171.2,Shampoo,Personal Care,Malhotra LLC,263.38,35.0,365,342.4
1966056265,305754,1,979.99,Frozen Vegetables,Instant & Frozen Food,Mammen-Hegde,1633.32,40.0,180,979.99
6363072906,26060,2,342.94,Vitamins,Pharmacy,Shah and Sons,428.67,20.0,365,685.88
7389054351,563740,3,96.33,Chips,Snacks & Munchies,Mann-Kapadia,148.2,35.0,90,288.99
7146572423,557908,2,942.37,Vitamins,Pharmacy,Sundaram Inc,1177.96,20.0,365,1884.74
4590810848,516376,3,877.43,Onions,Fruits & Vegetables,Agarwal-Dhar,1169.91,25.0,3,2632.29
9226364404,876139,3,415.75,Pulses,Grocery & Staples,Cherian-Dara,489.12,15.0,365,1247.25
6687792641,914071,2,296.94,Chips,Snacks & Munchies,Datta Ltd,456.83,35.0,90,593.88
5183577434,376447,1,724.84,Butter,Dairy & Breakfast,Gara and Sons,906.05,20.0,7,724.84
7440785414,397973,1,728.73,Bananas,Fruits & Vegetables,"Wable, Randhawa and Mutti",971.64,25.0,3,728.73
7932057095,26060,2,342.94,Vitamins,Pharmacy,Shah and Sons,428.67,20.0,365,685.88
6126906924,602241,1,976.55,Nuts,Snacks & Munchies,Bahl-Pau,1502.38,35.0,90,976.55
8997788831,146840,2,786.85,Bread,Dairy & Breakfast,"Bains, Deol and Vaidya",983.56,20.0,7,1573.7
3480516243,34186,3,925.65,Mangoes,Fruits & Vegetables,Mandal-Kar,1234.2,25.0,3,2776.95
1234692850,354409,3,325.08,Pulses,Grocery & Staples,Bose-Pandit,382.45,15.0,365,975.24
4954911880,136533,2,826.21,Eggs,Dairy & Breakfast,"Raghavan, Magar and Shanker",1032.76,20.0,7,1652.42
504060154,839170,2,481.63,Curd,Dairy & Breakfast,Shetty and Sons,602.04,20.0,7,963.26
8723752267,137909,2,864.3,Cough Syrup,Pharmacy,Dalal PLC,1080.37,20.0,365,1728.6
5724116944,366066,1,918.58,Soap,Personal Care,Mandal LLC,1413.2,35.0,365,918.58
8161349145,144124,3,162.67,Detergent,Household Care,Lalla-Srinivasan,216.89,25.0,365,488.01
2985254380,449106,2,48.55,Soap,Personal Care,"Shere, Thakur and Naik",74.69,35.0,365,97.1
9837170359,739534,3,994.56,Toilet Cleaner,Household Care,"Gera, Narang and Karpe",1326.08,25.0,365,2983.68
3915323515,681063,3,321.28,Mango Drink,Cold Drinks & Juices,Dass and Sons,458.97,30.0,180,963.8399999999999
8829163586,615545,3,448.16,Soap,Personal Care,Barman Inc,689.48,35.0,365,1344.48
961526405,516376,1,877.43,Onions,Fruits & Vegetables,Agarwal-Dhar,1169.91,25.0,3,877.43
5792721465,615545,3,448.16,Soap,Personal Care,Barman Inc,689.48,35.0,365,1344.48
8094117960,317242,2,198.15,Pulses,Grocery & Staples,Rastogi Group,233.12,15.0,365,396.3
9318325652,606256,2,369.28,Frozen Biryani,Instant & Frozen Food,Agate Ltd,615.47,40.0,180,738.56
852676412,679284,1,877.89,Cough Syrup,Pharmacy,Pant LLC,1097.36,20.0,365,877.89
6487883093,990993,2,263.7,Chocolates,Snacks & Munchies,Guha-Subramaniam,405.69,35.0,90,527.4
5398965602,661577,3,720.95,Cat Food,Pet Care,Majumdar PLC,1109.15,35.0,365,2162.8500000000004
6149664144,681063,2,321.28,Mango Drink,Cold Drinks & Juices,Dass and Sons,458.97,30.0,180,642.56
6231586256,329351,2,310.87,Cheese,Dairy & Breakfast,"Lala, Kalita and Sathe",388.59,20.0,7,621.74
4598622116,462526,1,449.97,Curd,Dairy & Breakfast,Pau and Sons,562.46,20.0,7,449.97
8971796779,952168,3,236.95,Popcorn,Snacks & Munchies,"Krishnamurthy, Sibal and Das",364.54,35.0,90,710.8499999999999
2148246883,131136,3,37.8,Salt,Grocery & Staples,Deshpande-Rama,44.47,15.0,365,113.39999999999999
4357632507,298985,3,183.76,Vitamins,Pharmacy,"Ramanathan, Joshi and Srinivasan",229.7,20.0,365,551.28
3323576462,114414,1,832.06,Vitamins,Pharmacy,Kara-Golla,1040.07,20.0,365,832.06
4220834107,876139,3,415.75,Pulses,Grocery & Staples,Cherian-Dara,489.12,15.0,365,1247.25
4409513224,721521,3,417.39,Rice,Grocery & Staples,"Ramanathan, Agarwal and Baria",491.05,15.0,365,1252.17
5610159677,760684,3,71.6,Rice,Grocery & Staples,Kanda-Gupta,84.24,15.0,365,214.79999999999998
6259219127,714999,1,882.51,Bread,Dairy & Breakfast,Kala Group,1103.14,20.0,7,882.51
5628497118,51036,1,931.61,Baby Food,Baby Care,Karnik PLC,1330.87,30.0,365,931.61
1508576390,602241,2,976.55,Nuts,Snacks & Munchies,Bahl-Pau,1502.38,35.0,90,1953.1
5922953060,34186,1,925.65,Mangoes,Fruits & Vegetables,Mandal-Kar,1234.2,25.0,3,925.65
5130838561,771228,1,83.18,Pet Treats,Pet Care,Raja and Sons,127.97,35.0,365,83.18
3217749279,327290,3,862.28,Sugar,Grocery & Staples,Nadkarni Inc,1014.45,15.0,365,2586.84
9279422297,954722,3,616.45,Ice Cream,Instant & Frozen Food,Mohan-Virk,1027.42,40.0,180,1849.3500000000001
222955546,566052,1,87.3,Pain Reliever,Pharmacy,"Apte, Soman and Raju",109.12,20.0,365,87.3
8290493339,602241,3,976.55,Nuts,Snacks & Munchies,Bahl-Pau,1502.38,35.0,90,2929.6499999999996
6418952352,667163,3,441.2,Orange Juice,Cold Drinks & Juices,Palla LLC,630.29,30.0,180,1323.6
8978231928,243235,3,109.03,Cat Food,Pet Care,Batta Inc,167.74,35.0,365,327.09000000000003
3746306403,890623,1,354.52,Onions,Fruits & Vegetables,"Sangha, Nagar and Varty",472.69,25.0,3,354.52
3157198428,927651,1,426.72,Baby Wipes,Baby Care,Narula Group,609.6,30.0,365,426.72
981939883,461804,1,310.69,Sugar,Grocery & Staples,"Ghose, Ben and Divan",365.52,15.0,365,310.69
6569836274,913428,2,392.22,Pet Treats,Pet Care,Narayanan-Kumar,603.42,35.0,365,784.44
5695124358,317242,3,198.15,Pulses,Grocery & Staples,Rastogi Group,233.12,15.0,365,594.45
773335066,833557,1,422.87,Cereal,Dairy & Breakfast,"Gole, Chand and Dada",528.59,20.0,7,422.87
3618712852,970529,3,827.44,Diapers,Baby Care,"Kurian, Patla and Sanghvi",1182.06,30.0,365,2482.32
6009732867,94225,1,77.11,Toilet Cleaner,Household Care,"Gulati, Ram and Sarkar",102.81,25.0,365,77.11
7269785858,274207,1,328.51,Cough Syrup,Pharmacy,"Savant, Batta and Mander",410.64,20.0,365,328.51
5798831066,33955,2,186.08,Frozen Pizza,Instant & Frozen Food,Baral Group,310.13,40.0,180,372.16
5330654120,969851,1,340.66,Frozen Vegetables,Instant & Frozen Food,"Kara, Sodhi and Bassi",567.77,40.0,180,340.66
462189338,839170,1,481.63,Curd,Dairy & Breakfast,Shetty and Sons,602.04,20.0,7,481.63
7536187765,927651,2,426.72,Baby Wipes,Baby Care,Narula Group,609.6,30.0,365,853.44
9938820107,51036,3,931.61,Baby Food,Baby Care,Karnik PLC,1330.87,30.0,365,2794.83
9410751894,652118,1,22.04,Frozen Biryani,Instant & Frozen Food,Agate and Sons,36.73,40.0,180,22.04
9172888683,14145,3,630.84,Spinach,Fruits & Vegetables,"Thakur, Shah and Pingle",841.12,25.0,3,1892.52
8018695018,124290,3,39.65,Lotion,Personal Care,Sachdev Group,61.0,35.0,365,118.94999999999999
7456610316,901144,2,340.36,Sugar,Grocery & Staples,Deo-Kamdar,400.42,15.0,365,680.72
5627902734,927651,3,426.72,Baby Wipes,Baby Care,Narula Group,609.6,30.0,365,1280.16
5189768940,327290,2,862.28,Sugar,Grocery & Staples,Nadkarni Inc,1014.45,15.0,365,1724.56
173709007,306177,3,769.24,Frozen Biryani,Instant & Frozen Food,Som Inc,1282.07,40.0,180,2307.7200000000003
1485229334,667163,1,441.2,Orange Juice,Cold Drinks & Juices,Palla LLC,630.29,30.0,180,441.2
9334479603,34200,2,319.8,Lotion,Personal Care,Munshi-Grewal,492.0,35.0,365,639.6
8674211510,654297,1,13.25,Potatoes,Fruits & Vegetables,Chandran-Dass,17.67,25.0,3,13.25
390257855,937542,1,97.04,Wheat Flour,Grocery & Staples,Khurana and Sons,114.16,15.0,365,97.04
6642374542,462526,2,449.97,Curd,Dairy & Breakfast,Pau and Sons,562.46,20.0,7,899.94
6585999443,444361,1,822.63,Pain Reliever,Pharmacy,"Prakash, Bawa and Kale",1028.29,20.0,365,822.63
622705569,337168,2,545.49,Eggs,Dairy & Breakfast,Dasgupta PLC,681.86,20.0,7,1090.98
1635083835,681063,2,321.28,Mango Drink,Cold Drinks & Juices,Dass and Sons,458.97,30.0,180,642.56
7359512417,606256,3,369.28,Frozen Biryani,Instant & Frozen Food,Agate Ltd,615.47,40.0,180,1107.84
9237698013,382511,3,702.54,Butter,Dairy & Breakfast,Bora-Thakkar,878.17,20.0,7,2107.62
3492935177,757274,1,98.32,Pet Treats,Pet Care,"Minhas, Kapoor and Sethi",151.26,35.0,365,98.32
4324086468,734789,1,395.82,Popcorn,Snacks & Munchies,"Chaudhari, Pant and Singh",608.95,35.0,90,395.82
9171218505,378230,1,166.42,Nuts,Snacks & Munchies,Kala-Vig,256.03,35.0,90,166.42
5068157547,186168,3,878.8,Dog Food,Pet Care,"Parekh, Lad and Kadakia",1352.0,35.0,365,2636.3999999999996
8558710948,880510,1,951.43,Bread,Dairy & Breakfast,Roy-Char,1189.29,20.0,7,951.43
3184669775,34200,3,319.8,Lotion,Personal Care,Munshi-Grewal,492.0,35.0,365,959.4000000000001
7079324691,398340,3,651.93,Instant Noodles,Instant & Frozen Food,"Nadig, Zachariah and Soni",1086.55,40.0,180,1955.79
4210311922,120532,2,697.53,Wheat Flour,Grocery & Staples,Nazareth Ltd,820.62,15.0,365,1395.06
7660037070,784673,3,491.39,Dog Food,Pet Care,Ramanathan Group,755.98,35.0,365,1474.17
9410025634,9436,3,88.43,Toothpaste,Personal Care,Naidu PLC,136.05,35.0,365,265.29
6798589010,11422,1,127.16,Potatoes,Fruits & Vegetables,Ramaswamy-Tata,169.55,25.0,3,127.16
5401466202,478531,3,825.46,Carrots,Fruits & Vegetables,Uppal Group,1100.61,25.0,3,2476.38
9102648124,859361,3,432.39,Shampoo,Personal Care,Mitter Group,665.22,35.0,365,1297.17
1969956670,848226,1,209.59,Tomatoes,Fruits & Vegetables,Barad and Sons,279.45,25.0,3,209.59
1194228460,140489,3,650.2,Soap,Personal Care,"Biswas, Kapoor and Patel",1000.31,35.0,365,1950.6000000000001
9628463148,566052,3,87.3,Pain Reliever,Pharmacy,"Apte, Soman and Raju",109.12,20.0,365,261.9
7745364283,654623,1,422.14,Chips,Snacks & Munchies,Pradhan and Sons,649.45,35.0,90,422.14
9892343037,131748,3,81.35,Dog Food,Pet Care,"Shroff, Wason and Dugar",125.15,35.0,365,244.04999999999998
1588828749,53833,3,134.69,Rice,Grocery & Staples,Tella-Master,158.46,15.0,365,404.07
4037647778,144124,2,162.67,Detergent,Household Care,Lalla-Srinivasan,216.89,25.0,365,325.34
6664301655,367391,1,939.55,Baby Wipes,Baby Care,Talwar and Sons,1342.21,30.0,365,939.55
7096225581,6405,1,236.51,Baby Food,Baby Care,Kashyap-Reddy,337.87,30.0,365,236.51
79029185,820973,3,114.52,Baby Wipes,Baby Care,Lall LLC,163.6,30.0,365,343.56
7831967187,993331,3,102.44,Pulses,Grocery & Staples,"Parmer, Gola and Yogi",120.52,15.0,365,307.32
482214790,51036,3,931.61,Baby Food,Baby Care,Karnik PLC,1330.87,30.0,365,2794.83
5931307224,891833,1,493.19,Curd,Dairy & Breakfast,Mani PLC,616.49,20.0,7,493.19
6410432854,894539,3,445.48,Dish Soap,Household Care,"Pall, Sule and Sood",593.97,25.0,365,1336.44
6124624375,644847,2,622.81,Salt,Grocery & Staples,"Jhaveri, Kata and Kapur",732.72,15.0,365,1245.62
8992870838,757274,2,98.32,Pet Treats,Pet Care,"Minhas, Kapoor and Sethi",151.26,35.0,365,196.64
8377146126,291238,3,746.03,Chocolates,Snacks & Munchies,"Sinha, Pau and Chhabra",1147.74,35.0,90,2238.09
7852428533,602241,3,976.55,Nuts,Snacks & Munchies,Bahl-Pau,1502.38,35.0,90,2929.6499999999996
9258876870,131748,1,81.35,Dog Food,Pet Care,"Shroff, Wason and Dugar",125.15,35.0,365,81.35
6810940082,606256,3,369.28,Frozen Biryani,Instant & Frozen Food,Agate Ltd,615.47,40.0,180,1107.84
3330538479,771228,2,83.18,Pet Treats,Pet Care,Raja and Sons,127.97,35.0,365,166.36
7270469981,131748,1,81.35,Dog Food,Pet Care,"Shroff, Wason and Dugar",125.15,35.0,365,81.35
5636241570,306177,1,769.24,Frozen Biryani,Instant & Frozen Food,Som Inc,1282.07,40.0,180,769.24
4467471002,51036,1,931.61,Baby Food,Baby Care,Karnik PLC,1330.87,30.0,365,931.61
6201821502,555121,3,354.91,Carrots,Fruits & Vegetables,"Subramanian, Chaudhuri and Dora",473.21,25.0,3,1064.73
6144140039,324809,1,608.0,Bread,Dairy & Breakfast,Sidhu PLC,760.0,20.0,7,608.0
3310749597,611575,3,482.06,Frozen Pizza,Instant & Frozen Food,"Bhat, Nigam and Hayer",803.43,40.0,180,1446.18
5085488484,56589,1,517.77,Vitamins,Pharmacy,"Pai, Kashyap and Ramachandran",647.21,20.0,365,517.77
587498345,970529,2,827.44,Diapers,Baby Care,"Kurian, Patla and Sanghvi",1182.06,30.0,365,1654.88
5136205193,473929,1,440.19,Carrots,Fruits & Vegetables,"Bhardwaj, Bhatia and Deshmukh",586.92,25.0,3,440.19
9321319130,807452,1,144.19,Pulses,Grocery & Staples,Naik Ltd,169.64,15.0,365,144.19
9113393578,832348,1,831.43,Biscuits,Snacks & Munchies,Jani-Ram,1279.12,35.0,90,831.43
3860678807,378287,3,332.84,Lemonade,Cold Drinks & Juices,Ramesh-Jain,475.49,30.0,180,998.52
3603683788,478531,1,825.46,Carrots,Fruits & Vegetables,Uppal Group,1100.61,25.0,3,825.46
4472082279,753354,2,423.56,Shampoo,Personal Care,Sant-Mahajan,651.63,35.0,365,847.12
4104732514,927651,1,426.72,Baby Wipes,Baby Care,Narula Group,609.6,30.0,365,426.72
9050314096,196719,2,217.5,Bananas,Fruits & Vegetables,Yogi Group,290.0,25.0,3,435.0
9296105870,692985,2,197.39,Pulses,Grocery & Staples,"Wable, Sankaran and Hari",232.22,15.0,365,394.78
4678456188,306177,3,769.24,Frozen Biryani,Instant & Frozen Food,Som Inc,1282.07,40.0,180,2307.7200000000003
812386333,567671,2,418.48,Biscuits,Snacks & Munchies,Nagar LLC,643.82,35.0,90,836.96
8100314462,760828,1,563.45,Pet Treats,Pet Care,"Khurana, Khosla and Yohannan",866.85,35.0,365,563.45
781509952,131748,2,81.35,Dog Food,Pet Care,"Shroff, Wason and Dugar",125.15,35.0,365,162.7
1918416669,77308,1,223.27,Onions,Fruits & Vegetables,Ratta-Sagar,297.69,25.0,3,223.27
1152165724,687218,3,317.82,Mango Drink,Cold Drinks & Juices,"Sankaran, Pall and Gola",454.03,30.0,180,953.46
9664390656,968887,1,40.7,Dish Soap,Household Care,Keer-Gill,54.27,25.0,365,40.7
2686950796,961614,2,227.22,Chocolates,Snacks & Munchies,Goda Inc,349.57,35.0,90,454.44
7332801173,118820,1,12.32,Iced Tea,Cold Drinks & Juices,"Warrior, Ravel and Amble",17.6,30.0,180,12.32
3503438244,123983,2,785.67,Cough Syrup,Pharmacy,Kurian-Chhabra,982.09,20.0,365,1571.34
4044591373,578097,3,267.61,Nuts,Snacks & Munchies,Jha Group,411.71,35.0,90,802.83
7817195618,945635,3,778.9,Pulses,Grocery & Staples,Balasubramanian PLC,916.35,15.0,365,2336.7
8974710941,962591,1,130.01,Orange Juice,Cold Drinks & Juices,Murthy-Kaul,185.73,30.0,180,130.01
2811268404,433521,2,321.33,Diapers,Baby Care,Mahal Group,459.04,30.0,365,642.66
7251548462,114414,3,832.06,Vitamins,Pharmacy,Kara-Golla,1040.07,20.0,365,2496.18
352037003,992178,3,632.43,Pain Reliever,Pharmacy,Basu and Sons,790.54,20.0,365,1897.29
8510312737,313754,1,136.6,Biscuits,Snacks & Munchies,"Swaminathan, Mahal and Dara",210.15,35.0,90,136.6
3242700095,490939,1,80.25,Lotion,Personal Care,"Roy, Barad and De",123.46,35.0,365,80.25
5833898647,851978,2,715.72,Vitamins,Pharmacy,Parsa-Bala,894.65,20.0,365,1431.44
7212771842,60619,3,726.41,Iced Tea,Cold Drinks & Juices,Bhasin LLC,1037.73,30.0,180,2179.23
7799757050,91670,1,439.24,Dish Soap,Household Care,Barman-Ahluwalia,585.65,25.0,365,439.24
9593303695,951463,2,787.4,Pet Treats,Pet Care,Balakrishnan-Kaur,1211.38,35.0,365,1574.8
7709693536,89084,2,598.83,Milk,Dairy & Breakfast,"Wali, Virk and Iyer",748.54,20.0,7,1197.66
5092922964,114414,3,832.06,Vitamins,Pharmacy,Kara-Golla,1040.07,20.0,365,2496.18
8318806722,196719,2,217.5,Bananas,Fruits & Vegetables,Yogi Group,290.0,25.0,3,435.0
4352870279,153019,2,947.95,Onions,Fruits & Vegetables,Aurora LLC,1263.93,25.0,3,1895.9
6722040962,945635,1,778.9,Pulses,Grocery & Staples,Balasubramanian PLC,916.35,15.0,365,778.9
1690831615,566052,2,87.3,Pain Reliever,Pharmacy,"Apte, Soman and Raju",109.12,20.0,365,174.6
6475689021,397973,1,728.73,Bananas,Fruits & Vegetables,"Wable, Randhawa and Mutti",971.64,25.0,3,728.73
8361280131,954722,2,616.45,Ice Cream,Instant & Frozen Food,Mohan-Virk,1027.42,40.0,180,1232.9
2664549359,440875,1,275.03,Baby Wipes,Baby Care,Loyal Inc,392.9,30.0,365,275.03
9510912773,555121,1,354.91,Carrots,Fruits & Vegetables,"Subramanian, Chaudhuri and Dora",473.21,25.0,3,354.91
3654462337,659290,2,319.34,Cheese,Dairy & Breakfast,Kapadia-D’Alia,399.17,20.0,7,638.68
2308652017,566052,3,87.3,Pain Reliever,Pharmacy,"Apte, Soman and Raju",109.12,20.0,365,261.9
8300200841,587420,2,357.42,Cookies,Snacks & Munchies,Raj and Sons,549.88,35.0,90,714.84
5027243163,540618,3,317.05,Popcorn,Snacks & Munchies,Golla-Luthra,487.77,35.0,90,951.1500000000001
713290065,799459,3,852.02,Vitamins,Pharmacy,"Garg, Kari and Kapur",1065.02,20.0,365,2556.06
2006434350,136533,1,826.21,Eggs,Dairy & Breakfast,"Raghavan, Magar and Shanker",1032.76,20.0,7,826.21
6587221270,120385,1,597.91,Pet Treats,Pet Care,Dubey-Sarin,919.86,35.0,365,597.91
969705468,256051,3,400.92,Lotion,Personal Care,"Mannan, Naidu and Sama",616.8,35.0,365,1202.76
4492000627,798639,1,211.25,Eggs,Dairy & Breakfast,Subramaniam LLC,264.06,20.0,7,211.25
977290328,942001,2,671.55,Cat Food,Pet Care,Acharya Ltd,1033.15,35.0,365,1343.1
8735245723,672059,3,672.73,Toothpaste,Personal Care,Kaur-Gola,1034.97,35.0,365,2018.19
6299539090,784673,3,491.39,Dog Food,Pet Care,Ramanathan Group,755.98,35.0,365,1474.17
2177211652,784827,1,274.25,Baby Wipes,Baby Care,Balakrishnan Ltd,391.79,30.0,365,274.25
8972569491,51036,3,931.61,Baby Food,Baby Care,Karnik PLC,1330.87,30.0,365,2794.83
7658414712,349294,3,934.75,Onions,Fruits & Vegetables,Ganesan Ltd,1246.33,25.0,3,2804.25
2069355540,183929,1,738.74,Bread,Dairy & Breakfast,"Nagi, Sampath and Khurana",923.42,20.0,7,738.74
4084790776,812607,3,416.65,Potatoes,Fruits & Vegetables,Rege Group,555.53,25.0,3,1249.9499999999998
8716008121,658389,3,152.55,Popcorn,Snacks & Munchies,"Chanda, Som and Vohra",234.69,35.0,90,457.65000000000003
9781965606,784827,2,274.25,Baby Wipes,Baby Care,Balakrishnan Ltd,391.79,30.0,365,548.5
8380133046,681063,3,321.28,Mango Drink,Cold Drinks & Juices,Dass and Sons,458.97,30.0,180,963.8399999999999
691827543,621677,1,317.8,Frozen Biryani,Instant & Frozen Food,Sabharwal-Mital,529.67,40.0,180,317.8
5750245858,217710,3,58.59,Eggs,Dairy & Breakfast,Rout-Sarna,73.24,20.0,7,175.77
1578150657,382511,2,702.54,Butter,Dairy & Breakfast,Bora-Thakkar,878.17,20.0,7,1405.08
9069556587,747801,1,277.76,Toilet Cleaner,Household Care,Saha-Vora,370.35,25.0,365,277.76
8396347551,913428,1,392.22,Pet Treats,Pet Care,Narayanan-Kumar,603.42,35.0,365,392.22
6083487488,820973,3,114.52,Baby Wipes,Baby Care,Lall LLC,163.6,30.0,365,343.56
3191281184,853932,3,941.19,Baby Wipes,Baby Care,Ranganathan-Peri,1344.56,30.0,365,2823.57
6397409024,762527,2,690.08,Biscuits,Snacks & Munchies,"Chad, Yohannan and Chopra",1061.66,35.0,90,1380.16
9021529086,107548,3,891.6,Cola,Cold Drinks & Juices,"Bhandari, Bhasin and Palan",1273.71,30.0,180,2674.8
8214544415,537274,3,702.71,Pet Treats,Pet Care,Lal-Chauhan,1081.09,35.0,365,2108.13
8569302709,131937,3,287.81,Frozen Pizza,Instant & Frozen Food,"Varkey, Devi and Ganguly",479.68,40.0,180,863.4300000000001
2219192870,799952,3,922.64,Cheese,Dairy & Breakfast,Padmanabhan-Virk,1153.3,20.0,7,2767.92
8537081061,894539,2,445.48,Dish Soap,Household Care,"Pall, Sule and Sood",593.97,25.0,365,890.96
9284683425,91670,3,439.24,Dish Soap,Household Care,Barman-Ahluwalia,585.65,25.0,365,1317.72
9774193601,451933,1,568.94,Wheat Flour,Grocery & Staples,Nadig Ltd,669.34,15.0,365,568.94
7496826261,219598,3,367.08,Shampoo,Personal Care,Arora-Magar,564.74,35.0,365,1101.24
1058749075,677169,1,261.03,Cough Syrup,Pharmacy,Char-Divan,326.29,20.0,365,261.03
7128038799,961614,1,227.22,Chocolates,Snacks & Munchies,Goda Inc,349.57,35.0,90,227.22
3596318350,700048,2,141.28,Dish Soap,Household Care,Khalsa-Bhavsar,188.37,25.0,365,282.56
3187042843,378230,2,166.42,Nuts,Snacks & Munchies,Kala-Vig,256.03,35.0,90,332.84
4673500573,70969,1,631.7,Carrots,Fruits & Vegetables,Mohan Group,842.27,25.0,3,631.7
881900445,328457,3,858.57,Mango Drink,Cold Drinks & Juices,Hayre-Shere,1226.53,30.0,180,2575.71
9874112459,739448,2,755.66,Dish Soap,Household Care,Mand-Choudhry,1007.55,25.0,365,1511.32
4531430634,952168,1,236.95,Popcorn,Snacks & Munchies,"Krishnamurthy, Sibal and Das",364.54,35.0,90,236.95
6715699166,107548,2,891.6,Cola,Cold Drinks & Juices,"Bhandari, Bhasin and Palan",1273.71,30.0,180,1783.2
4171748538,652118,3,22.04,Frozen Biryani,Instant & Frozen Food,Agate and Sons,36.73,40.0,180,66.12
4093115982,444361,3,822.63,Pain Reliever,Pharmacy,"Prakash, Bawa and Kale",1028.29,20.0,365,2467.89
2515279840,461804,1,310.69,Sugar,Grocery & Staples,"Ghose, Ben and Divan",365.52,15.0,365,310.69
4981424948,679865,1,347.91,Wheat Flour,Grocery & Staples,Memon-Barad,409.31,15.0,365,347.91
1911064507,500633,2,154.5,Cereal,Dairy & Breakfast,Trivedi-Ahluwalia,193.12,20.0,7,309.0
6438392384,654623,1,422.14,Chips,Snacks & Munchies,Pradhan and Sons,649.45,35.0,90,422.14
5859840400,552883,3,888.16,Potatoes,Fruits & Vegetables,"Balan, Patel and Mall",1184.21,25.0,3,2664.48
7640576778,305754,3,979.99,Frozen Vegetables,Instant & Frozen Food,Mammen-Hegde,1633.32,40.0,180,2939.9700000000003
5453475937,131748,1,81.35,Dog Food,Pet Care,"Shroff, Wason and Dugar",125.15,35.0,365,81.35
653610300,684939,1,727.95,Lotion,Personal Care,"Sibal, Bhatnagar and Rajan",1119.92,35.0,365,727.95
730299055,679321,1,738.46,Cola,Cold Drinks & Juices,Khurana-Dewan,1054.94,30.0,180,738.46
8396250231,721521,2,417.39,Rice,Grocery & Staples,"Ramanathan, Agarwal and Baria",491.05,15.0,365,834.78
8556969682,532965,1,307.23,Frozen Pizza,Instant & Frozen Food,Sachdev Inc,512.05,40.0,180,307.23
7159670875,684939,3,727.95,Lotion,Personal Care,"Sibal, Bhatnagar and Rajan",1119.92,35.0,365,2183.8500000000004
4922278509,644847,2,622.81,Salt,Grocery & Staples,"Jhaveri, Kata and Kapur",732.72,15.0,365,1245.62
8151274002,34186,2,925.65,Mangoes,Fruits & Vegetables,Mandal-Kar,1234.2,25.0,3,1851.3
5373978100,433521,3,321.33,Diapers,Baby Care,Mahal Group,459.04,30.0,365,963.99
6210207010,859361,1,432.39,Shampoo,Personal Care,Mitter Group,665.22,35.0,365,432.39
1837403174,14145,3,630.84,Spinach,Fruits & Vegetables,"Thakur, Shah and Pingle",841.12,25.0,3,1892.52
1148265823,542300,3,255.35,Popcorn,Snacks & Munchies,Gulati-Tandon,392.85,35.0,90,766.05
8472487149,837480,2,217.4,Cough Syrup,Pharmacy,Edwin and Sons,271.75,20.0,365,434.8
9111535172,784673,1,491.39,Dog Food,Pet Care,Ramanathan Group,755.98,35.0,365,491.39
6558001978,478531,3,825.46,Carrots,Fruits & Vegetables,Uppal Group,1100.61,25.0,3,2476.38
2762095386,623234,2,329.79,Frozen Biryani,Instant & Frozen Food,Chakrabarti-Batra,549.65,40.0,180,659.58
2406325099,734789,3,395.82,Popcorn,Snacks & Munchies,"Chaudhari, Pant and Singh",608.95,35.0,90,1187.46
4274182127,798639,2,211.25,Eggs,Dairy & Breakfast,Subramaniam LLC,264.06,20.0,7,422.5
7271609994,425341,3,486.28,Pet Treats,Pet Care,"Mani, Dhar and Muni",748.12,35.0,365,1458.84
9182539734,557908,3,942.37,Vitamins,Pharmacy,Sundaram Inc,1177.96,20.0,365,2827.11
7891517071,56589,1,517.77,Vitamins,Pharmacy,"Pai, Kashyap and Ramachandran",647.21,20.0,365,517.77
3666182849,51036,1,931.61,Baby Food,Baby Care,Karnik PLC,1330.87,30.0,365,931.61
8724590445,741341,1,923.84,Eggs,Dairy & Breakfast,Prasad LLC,1154.8,20.0,7,923.84
7919863938,945635,3,778.9,Pulses,Grocery & Staples,Balasubramanian PLC,916.35,15.0,365,2336.7
3545539999,287070,1,443.17,Wheat Flour,Grocery & Staples,"Gala, Magar and Rajagopal",521.38,15.0,365,443.17
7463392603,812607,3,416.65,Potatoes,Fruits & Vegetables,Rege Group,555.53,25.0,3,1249.9499999999998
7296733293,615545,3,448.16,Soap,Personal Care,Barman Inc,689.48,35.0,365,1344.48
7118924734,552496,2,508.0,Dish Soap,Household Care,Dhar PLC,677.33,25.0,365,1016.0
2529809156,513199,1,422.23,Cola,Cold Drinks & Juices,Rastogi Inc,603.19,30.0,180,422.23
2216699744,807452,2,144.19,Pulses,Grocery & Staples,Naik Ltd,169.64,15.0,365,288.38
8257221712,677542,2,212.61,Toilet Cleaner,Household Care,Thaman-Lanka,283.48,25.0,365,425.22
1357352531,799952,2,922.64,Cheese,Dairy & Breakfast,Padmanabhan-Virk,1153.3,20.0,7,1845.28
2108138590,602241,2,976.55,Nuts,Snacks & Munchies,Bahl-Pau,1502.38,35.0,90,1953.1
5648212121,41853,1,910.44,Curd,Dairy & Breakfast,Handa PLC,1138.05,20.0,7,910.44
3951878528,949818,1,483.05,Biscuits,Snacks & Munchies,Yohannan Inc,743.15,35.0,90,483.05
8310385249,39154,1,946.86,Mangoes,Fruits & Vegetables,"Suresh, Bose and Bajwa",1262.48,25.0,3,946.86
7513562596,144124,1,162.67,Detergent,Household Care,Lalla-Srinivasan,216.89,25.0,365,162.67
6304586678,679321,3,738.46,Cola,Cold Drinks & Juices,Khurana-Dewan,1054.94,30.0,180,2215.38
5222812863,451812,1,530.85,Pain Reliever,Pharmacy,"Batra, Sant and Mandal",663.56,20.0,365,530.85
5393039591,378230,1,166.42,Nuts,Snacks & Munchies,Kala-Vig,256.03,35.0,90,166.42
6708586922,799952,3,922.64,Cheese,Dairy & Breakfast,Padmanabhan-Virk,1153.3,20.0,7,2767.92
3177552965,328457,2,858.57,Mango Drink,Cold Drinks & Juices,Hayre-Shere,1226.53,30.0,180,1717.14
607125614,661577,3,720.95,Cat Food,Pet Care,Majumdar PLC,1109.15,35.0,365,2162.8500000000004
139417019,992178,1,632.43,Pain Reliever,Pharmacy,Basu and Sons,790.54,20.0,365,632.43
1893231742,913428,2,392.22,Pet Treats,Pet Care,Narayanan-Kumar,603.42,35.0,365,784.44
3580010065,89084,3,598.83,Milk,Dairy & Breakfast,"Wali, Virk and Iyer",748.54,20.0,7,1796.4900000000002
962319394,876139,1,415.75,Pulses,Grocery & Staples,Cherian-Dara,489.12,15.0,365,415.75
8321726382,970529,2,827.44,Diapers,Baby Care,"Kurian, Patla and Sanghvi",1182.06,30.0,365,1654.88
1485682761,70969,3,631.7,Carrots,Fruits & Vegetables,Mohan Group,842.27,25.0,3,1895.1000000000001
5008756947,36412,1,397.68,Dish Soap,Household Care,Muni-Shankar,530.24,25.0,365,397.68
1334996274,771228,3,83.18,Pet Treats,Pet Care,Raja and Sons,127.97,35.0,365,249.54000000000002
2914506024,274207,1,328.51,Cough Syrup,Pharmacy,"Savant, Batta and Mander",410.64,20.0,365,328.51
8811831663,136533,3,826.21,Eggs,Dairy & Breakfast,"Raghavan, Magar and Shanker",1032.76,20.0,7,2478.63
875427533,669378,3,212.14,Potatoes,Fruits & Vegetables,Chadha and Sons,282.85,25.0,3,636.42
5865390748,700048,3,141.28,Dish Soap,Household Care,Khalsa-Bhavsar,188.37,25.0,365,423.84000000000003
4054828941,77308,1,223.27,Onions,Fruits & Vegetables,Ratta-Sagar,297.69,25.0,3,223.27
1257568604,839170,1,481.63,Curd,Dairy & Breakfast,Shetty and Sons,602.04,20.0,7,481.63
2738862626,34200,1,319.8,Lotion,Personal Care,Munshi-Grewal,492.0,35.0,365,319.8
7352532839,313754,3,136.6,Biscuits,Snacks & Munchies,"Swaminathan, Mahal and Dara",210.15,35.0,90,409.79999999999995
520221662,57405,1,607.67,Baby Food,Baby Care,Srinivas PLC,868.1,30.0,365,607.67
7818925535,848226,1,209.59,Tomatoes,Fruits & Vegetables,Barad and Sons,279.45,25.0,3,209.59
3476023750,925482,1,475.04,Frozen Biryani,Instant & Frozen Food,Viswanathan-Sha,791.73,40.0,180,475.04
8945838922,114414,3,832.06,Vitamins,Pharmacy,Kara-Golla,1040.07,20.0,365,2496.18
2233053313,222892,2,869.22,Tomatoes,Fruits & Vegetables,Ramakrishnan-Ghose,1158.96,25.0,3,1738.44
1844073851,799688,2,309.62,Lotion,Personal Care,Arora LLC,476.34,35.0,365,619.24
8348125769,707935,3,820.9,Cat Food,Pet Care,"Anne, Mammen and Khatri",1262.92,35.0,365,2462.7
8475818223,721521,2,417.39,Rice,Grocery & Staples,"Ramanathan, Agarwal and Baria",491.05,15.0,365,834.78
4270941188,34200,1,319.8,Lotion,Personal Care,Munshi-Grewal,492.0,35.0,365,319.8
2611200126,679865,1,347.91,Wheat Flour,Grocery & Staples,Memon-Barad,409.31,15.0,365,347.91
8573833987,654297,3,13.25,Potatoes,Fruits & Vegetables,Chandran-Dass,17.67,25.0,3,39.75
2979246068,361361,3,826.21,Biscuits,Snacks & Munchies,"Kunda, Dave and Sahni",1271.09,35.0,90,2478.63
6779895105,112390,3,877.98,Toothpaste,Personal Care,"Kibe, Contractor and Randhawa",1350.74,35.0,365,2633.94
1731478314,6405,2,236.51,Baby Food,Baby Care,Kashyap-Reddy,337.87,30.0,365,473.02
3692405872,661577,3,720.95,Cat Food,Pet Care,Majumdar PLC,1109.15,35.0,365,2162.8500000000004
8853713324,799688,2,309.62,Lotion,Personal Care,Arora LLC,476.34,35.0,365,619.24
979766779,784673,3,491.39,Dog Food,Pet Care,Ramanathan Group,755.98,35.0,365,1474.17
5709672475,91670,2,439.24,Dish Soap,Household Care,Barman-Ahluwalia,585.65,25.0,365,878.48
3855709201,820973,3,114.52,Baby Wipes,Baby Care,Lall LLC,163.6,30.0,365,343.56
6861065282,832348,3,831.43,Biscuits,Snacks & Munchies,Jani-Ram,1279.12,35.0,90,2494.29
7919724613,112390,1,877.98,Toothpaste,Personal Care,"Kibe, Contractor and Randhawa",1350.74,35.0,365,877.98
7882742057,365133,1,915.45,Dish Soap,Household Care,Hans Inc,1220.6,25.0,365,915.45
1929002406,516376,3,877.43,Onions,Fruits & Vegetables,Agarwal-Dhar,1169.91,25.0,3,2632.29
2458349464,187399,2,53.49,Frozen Pizza,Instant & Frozen Food,Chauhan Inc,89.15,40.0,180,106.98
6608328221,313754,1,136.6,Biscuits,Snacks & Munchies,"Swaminathan, Mahal and Dara",210.15,35.0,90,136.6
7736615348,397973,3,728.73,Bananas,Fruits & Vegetables,"Wable, Randhawa and Mutti",971.64,25.0,3,2186.19
2591738507,171602,2,883.44,Cola,Cold Drinks & Juices,Pal-Sehgal,1262.06,30.0,180,1766.88
6751537971,903336,3,551.88,Pulses,Grocery & Staples,"Vaidya, Amble and Palla",649.27,15.0,365,1655.6399999999999
9768154003,11422,2,127.16,Potatoes,Fruits & Vegetables,Ramaswamy-Tata,169.55,25.0,3,254.32
5887288860,146840,3,786.85,Bread,Dairy & Breakfast,"Bains, Deol and Vaidya",983.56,20.0,7,2360.55
3559865135,365132,3,229.38,Instant Noodles,Instant & Frozen Food,Dar-Kumar,382.3,40.0,180,688.14
209044447,757274,2,98.32,Pet Treats,Pet Care,"Minhas, Kapoor and Sethi",151.26,35.0,365,196.64
9643668734,747801,2,277.76,Toilet Cleaner,Household Care,Saha-Vora,370.35,25.0,365,555.52
6115465612,767398,3,22.14,Dish Soap,Household Care,"Arya, Sundaram and Pingle",29.52,25.0,365,66.42
8493723088,803607,1,949.73,Soap,Personal Care,"Kadakia, Mohan and Sathe",1461.12,35.0,365,949.73
6392024503,451812,2,530.85,Pain Reliever,Pharmacy,"Batra, Sant and Mandal",663.56,20.0,365,1061.7
9863468109,256051,3,400.92,Lotion,Personal Care,"Mannan, Naidu and Sama",616.8,35.0,365,1202.76
5448628635,837480,3,217.4,Cough Syrup,Pharmacy,Edwin and Sons,271.75,20.0,365,652.2
3329455953,34200,2,319.8,Lotion,Personal Care,Munshi-Grewal,492.0,35.0,365,639.6
3584190892,26060,3,342.94,Vitamins,Pharmacy,Shah and Sons,428.67,20.0,365,1028.82
9097056321,540618,1,317.05,Popcorn,Snacks & Munchies,Golla-Luthra,487.77,35.0,90,317.05
525741957,784673,2,491.39,Dog Food,Pet Care,Ramanathan Group,755.98,35.0,365,982.78
5387395051,925482,2,475.04,Frozen Biryani,Instant & Frozen Food,Viswanathan-Sha,791.73,40.0,180,950.08
6799246060,803607,3,949.73,Soap,Personal Care,"Kadakia, Mohan and Sathe",1461.12,35.0,365,2849.19
8986314607,700048,1,141.28,Dish Soap,Household Care,Khalsa-Bhavsar,188.37,25.0,365,141.28
1085912198,697683,1,123.74,Toilet Cleaner,Household Care,"Murty, Varghese and Saxena",164.99,25.0,365,123.74
3423328091,679321,2,738.46,Cola,Cold Drinks & Juices,Khurana-Dewan,1054.94,30.0,180,1476.92
9848366909,365132,2,229.38,Instant Noodles,Instant & Frozen Food,Dar-Kumar,382.3,40.0,180,458.76
936021770,107548,3,891.6,Cola,Cold Drinks & Juices,"Bhandari, Bhasin and Palan",1273.71,30.0,180,2674.8
8916215165,925482,3,475.04,Frozen Biryani,Instant & Frozen Food,Viswanathan-Sha,791.73,40.0,180,1425.1200000000001
389558867,555121,3,354.91,Carrots,Fruits & Vegetables,"Subramanian, Chaudhuri and Dora",473.21,25.0,3,1064.73
7616883530,306177,3,769.24,Frozen Biryani,Instant & Frozen Food,Som Inc,1282.07,40.0,180,2307.7200000000003
3851744248,734789,1,395.82,Popcorn,Snacks & Munchies,"Chaudhari, Pant and Singh",608.95,35.0,90,395.82
4953665655,444361,2,822.63,Pain Reliever,Pharmacy,"Prakash, Bawa and Kale",1028.29,20.0,365,1645.26
962864152,455083,3,959.01,Butter,Dairy & Breakfast,Dutta Inc,1198.76,20.0,7,2877.0299999999997
923668833,771228,3,83.18,Pet Treats,Pet Care,Raja and Sons,127.97,35.0,365,249.54000000000002
4022122330,26060,3,342.94,Vitamins,Pharmacy,Shah and Sons,428.67,20.0,365,1028.82
4564846800,500739,2,359.98,Bread,Dairy & Breakfast,Aggarwal Group,449.98,20.0,7,719.96
690652905,451812,2,530.85,Pain Reliever,Pharmacy,"Batra, Sant and Mandal",663.56,20.0,365,1061.7
716741661,799688,2,309.62,Lotion,Personal Care,Arora LLC,476.34,35.0,365,619.24
6575532281,34200,1,319.8,Lotion,Personal Care,Munshi-Grewal,492.0,35.0,365,319.8
7486807731,803607,3,949.73,Soap,Personal Care,"Kadakia, Mohan and Sathe",1461.12,35.0,365,2849.19
9721870982,272170,1,140.8,Ice Cream,Instant & Frozen Food,Purohit Group,234.67,40.0,180,140.8
8105823343,56589,1,517.77,Vitamins,Pharmacy,"Pai, Kashyap and Ramachandran",647.21,20.0,365,517.77
7113554979,53833,1,134.69,Rice,Grocery & Staples,Tella-Master,158.46,15.0,365,134.69
507373134,847349,2,781.08,Potatoes,Fruits & Vegetables,Chhabra-Agrawal,1041.44,25.0,3,1562.16
4674132573,537274,3,702.71,Pet Treats,Pet Care,Lal-Chauhan,1081.09,35.0,365,2108.13
487395969,561860,1,874.78,Orange Juice,Cold Drinks & Juices,Gupta Ltd,1249.69,30.0,180,874.78
3962007460,378676,3,881.42,Orange Juice,Cold Drinks & Juices,Baral-Kamdar,1259.17,30.0,180,2644.2599999999998
2272882287,487931,2,709.08,Sugar,Grocery & Staples,"Bahl, Jaggi and Nath",834.21,15.0,365,1418.16
4426246696,382511,2,702.54,Butter,Dairy & Breakfast,Bora-Thakkar,878.17,20.0,7,1405.08
1714709914,256783,2,906.54,Pet Treats,Pet Care,"Basu, Thakur and Rege",1394.68,35.0,365,1813.08
3159133564,237083,2,577.13,Cough Syrup,Pharmacy,Hayer-Banerjee,721.41,20.0,365,1154.26
4531739740,552496,1,508.0,Dish Soap,Household Care,Dhar PLC,677.33,25.0,365,508.0
3158981349,859361,1,432.39,Shampoo,Personal Care,Mitter Group,665.22,35.0,365,432.39
1789010378,500633,3,154.5,Cereal,Dairy & Breakfast,Trivedi-Ahluwalia,193.12,20.0,7,463.5
705203916,89084,1,598.83,Milk,Dairy & Breakfast,"Wali, Virk and Iyer",748.54,20.0,7,598.83
7255510932,94225,1,77.11,Toilet Cleaner,Household Care,"Gulati, Ram and Sarkar",102.81,25.0,365,77.11
1991167685,237083,2,577.13,Cough Syrup,Pharmacy,Hayer-Banerjee,721.41,20.0,365,1154.26
5103721089,34186,3,925.65,Mangoes,Fruits & Vegetables,Mandal-Kar,1234.2,25.0,3,2776.95
9674006557,317242,3,198.15,Pulses,Grocery & Staples,Rastogi Group,233.12,15.0,365,594.45
1073466441,681063,3,321.28,Mango Drink,Cold Drinks & Juices,Dass and Sons,458.97,30.0,180,963.8399999999999
5407006470,70969,2,631.7,Carrots,Fruits & Vegetables,Mohan Group,842.27,25.0,3,1263.4
747347782,15314,3,578.85,Cheese,Dairy & Breakfast,Banik-Ratta,723.56,20.0,7,1736.5500000000002
8554063149,684939,3,727.95,Lotion,Personal Care,"Sibal, Bhatnagar and Rajan",1119.92,35.0,365,2183.8500000000004
4855215470,487065,3,374.68,Chips,Snacks & Munchies,Kadakia-Yadav,576.43,35.0,90,1124.04
5008998072,993331,1,102.44,Pulses,Grocery & Staples,"Parmer, Gola and Yogi",120.52,15.0,365,102.44
9696466906,118820,2,12.32,Iced Tea,Cold Drinks & Juices,"Warrior, Ravel and Amble",17.6,30.0,180,24.64
7189534591,951463,1,787.4,Pet Treats,Pet Care,Balakrishnan-Kaur,1211.38,35.0,365,787.4
9965941354,707935,1,820.9,Cat Food,Pet Care,"Anne, Mammen and Khatri",1262.92,35.0,365,820.9
1275232752,747801,1,277.76,Toilet Cleaner,Household Care,Saha-Vora,370.35,25.0,365,277.76
343479370,566052,1,87.3,Pain Reliever,Pharmacy,"Apte, Soman and Raju",109.12,20.0,365,87.3
2485933387,890232,1,432.0,Mango Drink,Cold Drinks & Juices,Jha Group,617.14,30.0,180,432.0
6735843326,992178,1,632.43,Pain Reliever,Pharmacy,Basu and Sons,790.54,20.0,365,632.43
6384313098,644847,1,622.81,Salt,Grocery & Staples,"Jhaveri, Kata and Kapur",732.72,15.0,365,622.81
1022032613,903336,1,551.88,Pulses,Grocery & Staples,"Vaidya, Amble and Palla",649.27,15.0,365,551.88
8026892264,487931,3,709.08,Sugar,Grocery & Staples,"Bahl, Jaggi and Nath",834.21,15.0,365,2127.2400000000002
7158825499,952124,2,127.08,Onions,Fruits & Vegetables,"Wali, Sood and Bala",169.44,25.0,3,254.16
5327013494,901144,2,340.36,Sugar,Grocery & Staples,Deo-Kamdar,400.42,15.0,365,680.72
1002526452,444361,2,822.63,Pain Reliever,Pharmacy,"Prakash, Bawa and Kale",1028.29,20.0,365,1645.26
4650525854,317242,2,198.15,Pulses,Grocery & Staples,Rastogi Group,233.12,15.0,365,396.3
6260291784,697683,1,123.74,Toilet Cleaner,Household Care,"Murty, Varghese and Saxena",164.99,25.0,365,123.74
1884314278,264803,2,995.98,Vitamins,Pharmacy,Gole-Doshi,1244.97,20.0,365,1991.96
7074219396,760828,3,563.45,Pet Treats,Pet Care,"Khurana, Khosla and Yohannan",866.85,35.0,365,1690.3500000000001
807183459,684939,3,727.95,Lotion,Personal Care,"Sibal, Bhatnagar and Rajan",1119.92,35.0,365,2183.8500000000004
598539940,876139,1,415.75,Pulses,Grocery & Staples,Cherian-Dara,489.12,15.0,365,415.75
427702490,120385,1,597.91,Pet Treats,Pet Care,Dubey-Sarin,919.86,35.0,365,597.91
955844536,784673,3,491.39,Dog Food,Pet Care,Ramanathan Group,755.98,35.0,365,1474.17
5397640599,89084,1,598.83,Milk,Dairy & Breakfast,"Wali, Virk and Iyer",748.54,20.0,7,598.83
3451246886,451812,2,530.85,Pain Reliever,Pharmacy,"Batra, Sant and Mandal",663.56,20.0,365,1061.7
8487733248,378287,3,332.84,Lemonade,Cold Drinks & Juices,Ramesh-Jain,475.49,30.0,180,998.52
2921621434,532965,3,307.23,Frozen Pizza,Instant & Frozen Food,Sachdev Inc,512.05,40.0,180,921.69
4757133884,812607,3,416.65,Potatoes,Fruits & Vegetables,Rege Group,555.53,25.0,3,1249.9499999999998
1793847102,131748,3,81.35,Dog Food,Pet Care,"Shroff, Wason and Dugar",125.15,35.0,365,244.04999999999998
6197760573,799952,3,922.64,Cheese,Dairy & Breakfast,Padmanabhan-Virk,1153.3,20.0,7,2767.92
6818660907,298985,2,183.76,Vitamins,Pharmacy,"Ramanathan, Joshi and Srinivasan",229.7,20.0,365,367.52
7807587130,962591,2,130.01,Orange Juice,Cold Drinks & Juices,Murthy-Kaul,185.73,30.0,180,260.02
4540563647,222892,2,869.22,Tomatoes,Fruits & Vegetables,Ramakrishnan-Ghose,1158.96,25.0,3,1738.44
2480913332,876139,1,415.75,Pulses,Grocery & Staples,Cherian-Dara,489.12,15.0,365,415.75
5735481292,945635,3,778.9,Pulses,Grocery & Staples,Balasubramanian PLC,916.35,15.0,365,2336.7
7112326373,690565,3,951.27,Cookies,Snacks & Munchies,"Roy, Seth and Patla",1463.49,35.0,90,2853.81
614274161,604184,3,397.55,Toilet Cleaner,Household Care,"Gaba, Sodhi and Choudhary",530.07,25.0,365,1192.65
5512258335,687218,2,317.82,Mango Drink,Cold Drinks & Juices,"Sankaran, Pall and Gola",454.03,30.0,180,635.64
1214757247,53833,3,134.69,Rice,Grocery & Staples,Tella-Master,158.46,15.0,365,404.07
4211686231,94225,2,77.11,Toilet Cleaner,Household Care,"Gulati, Ram and Sarkar",102.81,25.0,365,154.22
5288088590,951463,2,787.4,Pet Treats,Pet Care,Balakrishnan-Kaur,1211.38,35.0,365,1574.8
1193525681,186168,1,878.8,Dog Food,Pet Care,"Parekh, Lad and Kadakia",1352.0,35.0,365,878.8
5132095929,487931,2,709.08,Sugar,Grocery & Staples,"Bahl, Jaggi and Nath",834.21,15.0,365,1418.16
7703144556,196719,2,217.5,Bananas,Fruits & Vegetables,Yogi Group,290.0,25.0,3,435.0
6786199145,589812,3,163.03,Detergent,Household Care,Bir PLC,217.37,25.0,365,489.09000000000003
2463627380,623234,3,329.79,Frozen Biryani,Instant & Frozen Food,Chakrabarti-Batra,549.65,40.0,180,989.3700000000001
6331115638,298985,1,183.76,Vitamins,Pharmacy,"Ramanathan, Joshi and Srinivasan",229.7,20.0,365,183.76
9212312136,952124,3,127.08,Onions,Fruits & Vegetables,"Wali, Sood and Bala",169.44,25.0,3,381.24
6788500162,677169,1,261.03,Cough Syrup,Pharmacy,Char-Divan,326.29,20.0,365,261.03
2166421384,41853,1,910.44,Curd,Dairy & Breakfast,Handa PLC,1138.05,20.0,7,910.44
2744509800,378676,2,881.42,Orange Juice,Cold Drinks & Juices,Baral-Kamdar,1259.17,30.0,180,1762.84
8806260669,611575,1,482.06,Frozen Pizza,Instant & Frozen Food,"Bhat, Nigam and Hayer",803.43,40.0,180,482.06
7773287963,942001,1,671.55,Cat Food,Pet Care,Acharya Ltd,1033.15,35.0,365,671.55
8153845667,449106,2,48.55,Soap,Personal Care,"Shere, Thakur and Naik",74.69,35.0,365,97.1
8345887091,667163,2,441.2,Orange Juice,Cold Drinks & Juices,Palla LLC,630.29,30.0,180,882.4
6638429050,799688,2,309.62,Lotion,Personal Care,Arora LLC,476.34,35.0,365,619.24
4132900691,837480,2,217.4,Cough Syrup,Pharmacy,Edwin and Sons,271.75,20.0,365,434.8
2119346062,222892,1,869.22,Tomatoes,Fruits & Vegetables,Ramakrishnan-Ghose,1158.96,25.0,3,869.22
689310626,952124,2,127.08,Onions,Fruits & Vegetables,"Wali, Sood and Bala",169.44,25.0,3,254.16
9246993674,490602,2,549.47,Sugar,Grocery & Staples,Raghavan Inc,646.44,15.0,365,1098.94
2282234185,734789,1,395.82,Popcorn,Snacks & Munchies,"Chaudhari, Pant and Singh",608.95,35.0,90,395.82
9697170386,992178,2,632.43,Pain Reliever,Pharmacy,Basu and Sons,790.54,20.0,365,1264.86
6376147802,799952,1,922.64,Cheese,Dairy & Breakfast,Padmanabhan-Virk,1153.3,20.0,7,922.64
7415158732,433521,1,321.33,Diapers,Baby Care,Mahal Group,459.04,30.0,365,321.33
343300311,962591,2,130.01,Orange Juice,Cold Drinks & Juices,Murthy-Kaul,185.73,30.0,180,260.02
3922539531,647462,1,326.42,Lotion,Personal Care,"Balan, Samra and Sekhon",502.18,35.0,365,326.42
7634516705,154179,1,582.87,Pain Reliever,Pharmacy,"Barad, Devi and Andra",728.59,20.0,365,582.87
8731122718,847349,3,781.08,Potatoes,Fruits & Vegetables,Chhabra-Agrawal,1041.44,25.0,3,2343.2400000000002
9471236505,669378,3,212.14,Potatoes,Fruits & Vegetables,Chadha and Sons,282.85,25.0,3,636.42
9497014025,492958,3,84.2,Lotion,Personal Care,Acharya PLC,129.54,35.0,365,252.60000000000002
592358946,378676,3,881.42,Orange Juice,Cold Drinks & Juices,Baral-Kamdar,1259.17,30.0,180,2644.2599999999998
9680783354,41853,3,910.44,Curd,Dairy & Breakfast,Handa PLC,1138.05,20.0,7,2731.32
6109792602,723678,3,675.46,Dog Food,Pet Care,"Lall, Datta and Swamy",1039.17,35.0,365,2026.38
2734817654,365132,3,229.38,Instant Noodles,Instant & Frozen Food,Dar-Kumar,382.3,40.0,180,688.14
6380542008,961614,2,227.22,Chocolates,Snacks & Munchies,Goda Inc,349.57,35.0,90,454.44
4784760589,820973,3,114.52,Baby Wipes,Baby Care,Lall LLC,163.6,30.0,365,343.56
1577703194,647462,1,326.42,Lotion,Personal Care,"Balan, Samra and Sekhon",502.18,35.0,365,326.42
6758737749,186168,2,878.8,Dog Food,Pet Care,"Parekh, Lad and Kadakia",1352.0,35.0,365,1757.6
4081640450,136533,2,826.21,Eggs,Dairy & Breakfast,"Raghavan, Magar and Shanker",1032.76,20.0,7,1652.42
9258266990,492958,1,84.2,Lotion,Personal Care,Acharya PLC,129.54,35.0,365,84.2
2109410707,91670,3,439.24,Dish Soap,Household Care,Barman-Ahluwalia,585.65,25.0,365,1317.72
576022547,243235,2,109.03,Cat Food,Pet Care,Batta Inc,167.74,35.0,365,218.06
2106943908,133542,1,68.49,Detergent,Household Care,Edwin-Lall,91.32,25.0,365,68.49
6541281594,26060,1,342.94,Vitamins,Pharmacy,Shah and Sons,428.67,20.0,365,342.94
2664220988,183929,3,738.74,Bread,Dairy & Breakfast,"Nagi, Sampath and Khurana",923.42,20.0,7,2216.2200000000003
493514666,542300,2,255.35,Popcorn,Snacks & Munchies,Gulati-Tandon,392.85,35.0,90,510.7
9658669384,658389,2,152.55,Popcorn,Snacks & Munchies,"Chanda, Som and Vohra",234.69,35.0,90,305.1
8765283513,449106,3,48.55,Soap,Personal Care,"Shere, Thakur and Naik",74.69,35.0,365,145.64999999999998
6421427812,51036,2,931.61,Baby Food,Baby Care,Karnik PLC,1330.87,30.0,365,1863.22
4467093205,739448,3,755.66,Dish Soap,Household Care,Mand-Choudhry,1007.55,25.0,365,2266.98
7560862152,328457,3,858.57,Mango Drink,Cold Drinks & Juices,Hayre-Shere,1226.53,30.0,180,2575.71
8218080678,365133,1,915.45,Dish Soap,Household Care,Hans Inc,1220.6,25.0,365,915.45
8196173573,481843,3,297.68,Chocolates,Snacks & Munchies,"Taneja, Kala and Kota",457.97,35.0,90,893.04
1174856327,654623,2,422.14,Chips,Snacks & Munchies,Pradhan and Sons,649.45,35.0,90,844.28
9754365788,949818,3,483.05,Biscuits,Snacks & Munchies,Yohannan Inc,743.15,35.0,90,1449.15
8398774908,256051,1,400.92,Lotion,Personal Care,"Mannan, Naidu and Sama",616.8,35.0,365,400.92
626433439,913428,1,392.22,Pet Treats,Pet Care,Narayanan-Kumar,603.42,35.0,365,392.22
3097299525,257719,3,281.73,Eggs,Dairy & Breakfast,Chaudhuri PLC,352.16,20.0,7,845.19
5367488413,592784,3,280.35,Biscuits,Snacks & Munchies,"Andra, Mander and Kari",431.31,35.0,90,841.0500000000001
3700795655,153019,3,947.95,Onions,Fruits & Vegetables,Aurora LLC,1263.93,25.0,3,2843.8500000000004
3161904185,654623,2,422.14,Chips,Snacks & Munchies,Pradhan and Sons,649.45,35.0,90,844.28
8149944548,968887,2,40.7,Dish Soap,Household Care,Keer-Gill,54.27,25.0,365,81.4
4961830447,144124,3,162.67,Detergent,Household Care,Lalla-Srinivasan,216.89,25.0,365,488.01
613578154,287070,3,443.17,Wheat Flour,Grocery & Staples,"Gala, Magar and Rajagopal",521.38,15.0,365,1329.51
2582466700,444361,2,822.63,Pain Reliever,Pharmacy,"Prakash, Bawa and Kale",1028.29,20.0,365,1645.26
3840910839,592784,1,280.35,Biscuits,Snacks & Munchies,"Andra, Mander and Kari",431.31,35.0,90,280.35
399559401,658389,2,152.55,Popcorn,Snacks & Munchies,"Chanda, Som and Vohra",234.69,35.0,90,305.1
4037817241,561860,3,874.78,Orange Juice,Cold Drinks & Juices,Gupta Ltd,1249.69,30.0,180,2624.34
582598096,689769,2,46.62,Frozen Vegetables,Instant & Frozen Food,Kothari-Datta,77.7,40.0,180,93.24
9218060399,949818,3,483.05,Biscuits,Snacks & Munchies,Yohannan Inc,743.15,35.0,90,1449.15
6650174202,833557,2,422.87,Cereal,Dairy & Breakfast,"Gole, Chand and Dada",528.59,20.0,7,845.74
2715902884,672059,3,672.73,Toothpaste,Personal Care,Kaur-Gola,1034.97,35.0,365,2018.19
7957986242,41853,2,910.44,Curd,Dairy & Breakfast,Handa PLC,1138.05,20.0,7,1820.88
7148568995,397973,3,728.73,Bananas,Fruits & Vegetables,"Wable, Randhawa and Mutti",971.64,25.0,3,2186.19
670358911,124290,2,39.65,Lotion,Personal Care,Sachdev Group,61.0,35.0,365,79.3
6098277214,11422,2,127.16,Potatoes,Fruits & Vegetables,Ramaswamy-Tata,169.55,25.0,3,254.32
4621664126,491314,3,973.44,Ice Cream,Instant & Frozen Food,Banerjee Inc,1622.4,40.0,180,2920.32
6336460663,820541,3,576.22,Toilet Cleaner,Household Care,"Borde, Peri and Upadhyay",768.29,25.0,365,1728.66
909027635,444361,3,822.63,Pain Reliever,Pharmacy,"Prakash, Bawa and Kale",1028.29,20.0,365,2467.89
2854202683,51036,3,931.61,Baby Food,Baby Care,Karnik PLC,1330.87,30.0,365,2794.83
7936387697,992178,3,632.43,Pain Reliever,Pharmacy,Basu and Sons,790.54,20.0,365,1897.29
8337736091,613942,1,545.0,Pet Treats,Pet Care,"Dyal, Saraf and Goel",838.46,35.0,365,545.0
4404350734,298985,2,183.76,Vitamins,Pharmacy,"Ramanathan, Joshi and Srinivasan",229.7,20.0,365,367.52
6565246127,803607,2,949.73,Soap,Personal Care,"Kadakia, Mohan and Sathe",1461.12,35.0,365,1899.46
3494650073,642612,2,517.03,Pet Treats,Pet Care,Pillay-Ahuja,795.43,35.0,365,1034.06
1920923798,451812,3,530.85,Pain Reliever,Pharmacy,"Batra, Sant and Mandal",663.56,20.0,365,1592.5500000000002
5069524975,913428,3,392.22,Pet Treats,Pet Care,Narayanan-Kumar,603.42,35.0,365,1176.66
3873368520,812607,2,416.65,Potatoes,Fruits & Vegetables,Rege Group,555.53,25.0,3,833.3
3111414152,587645,1,801.81,Vitamins,Pharmacy,"Sura, Pillay and Mammen",1002.26,20.0,365,801.81
7104489974,53833,1,134.69,Rice,Grocery & Staples,Tella-Master,158.46,15.0,365,134.69
3211566084,621677,1,317.8,Frozen Biryani,Instant & Frozen Food,Sabharwal-Mital,529.67,40.0,180,317.8
2416717644,183929,3,738.74,Bread,Dairy & Breakfast,"Nagi, Sampath and Khurana",923.42,20.0,7,2216.2200000000003
4535670244,890232,2,432.0,Mango Drink,Cold Drinks & Juices,Jha Group,617.14,30.0,180,864.0
7309958460,961614,1,227.22,Chocolates,Snacks & Munchies,Goda Inc,349.57,35.0,90,227.22
9996182478,592784,3,280.35,Biscuits,Snacks & Munchies,"Andra, Mander and Kari",431.31,35.0,90,841.0500000000001
2231942521,659290,2,319.34,Cheese,Dairy & Breakfast,Kapadia-D’Alia,399.17,20.0,7,638.68
554028972,734789,2,395.82,Popcorn,Snacks & Munchies,"Chaudhari, Pant and Singh",608.95,35.0,90,791.64
8756001290,726958,1,887.48,Cat Food,Pet Care,Doctor-Patla,1365.35,35.0,365,887.48
8047899303,684939,2,727.95,Lotion,Personal Care,"Sibal, Bhatnagar and Rajan",1119.92,35.0,365,1455.9
9720683332,542300,3,255.35,Popcorn,Snacks & Munchies,Gulati-Tandon,392.85,35.0,90,766.05
218670241,131748,1,81.35,Dog Food,Pet Care,"Shroff, Wason and Dugar",125.15,35.0,365,81.35
1382880255,820541,2,576.22,Toilet Cleaner,Household Care,"Borde, Peri and Upadhyay",768.29,25.0,365,1152.44
332975964,490602,1,549.47,Sugar,Grocery & Staples,Raghavan Inc,646.44,15.0,365,549.47
2638683222,652118,2,22.04,Frozen Biryani,Instant & Frozen Food,Agate and Sons,36.73,40.0,180,44.08
9150146711,734789,2,395.82,Popcorn,Snacks & Munchies,"Chaudhari, Pant and Singh",608.95,35.0,90,791.64
1553626879,602241,3,976.55,Nuts,Snacks & Munchies,Bahl-Pau,1502.38,35.0,90,2929.6499999999996
9271384187,186168,2,878.8,Dog Food,Pet Care,"Parekh, Lad and Kadakia",1352.0,35.0,365,1757.6
1409544327,677542,3,212.61,Toilet Cleaner,Household Care,Thaman-Lanka,283.48,25.0,365,637.83
637100019,677169,1,261.03,Cough Syrup,Pharmacy,Char-Divan,326.29,20.0,365,261.03
186083059,337168,3,545.49,Eggs,Dairy & Breakfast,Dasgupta PLC,681.86,20.0,7,1636.47
1804073530,661577,1,720.95,Cat Food,Pet Care,Majumdar PLC,1109.15,35.0,365,720.95
5291430311,894539,2,445.48,Dish Soap,Household Care,"Pall, Sule and Sood",593.97,25.0,365,890.96
6947225582,34200,3,319.8,Lotion,Personal Care,Munshi-Grewal,492.0,35.0,365,959.4000000000001
5710643134,712307,3,264.89,Orange Juice,Cold Drinks & Juices,Chana LLC,378.41,30.0,180,794.67
8329733630,36412,2,397.68,Dish Soap,Household Care,Muni-Shankar,530.24,25.0,365,795.36
6772651293,818522,2,96.09,Cheese,Dairy & Breakfast,Hora-Roy,120.11,20.0,7,192.18
581212790,219598,2,367.08,Shampoo,Personal Care,Arora-Magar,564.74,35.0,365,734.16
4766571706,131748,3,81.35,Dog Food,Pet Care,"Shroff, Wason and Dugar",125.15,35.0,365,244.04999999999998
9961298199,336847,1,936.98,Toilet Cleaner,Household Care,"Dayal, Mammen and More",1249.31,25.0,365,936.98
8102675591,679865,1,347.91,Wheat Flour,Grocery & Staples,Memon-Barad,409.31,15.0,365,347.91
604050223,818990,1,163.55,Tomatoes,Fruits & Vegetables,Dugar Group,218.07,25.0,3,163.55
782327552,52729,2,316.02,Cat Food,Pet Care,Saini LLC,486.18,35.0,365,632.04
6156638188,525531,1,831.1,Dog Food,Pet Care,Sandal PLC,1278.62,35.0,365,831.1
6475299855,567671,1,418.48,Biscuits,Snacks & Munchies,Nagar LLC,643.82,35.0,90,418.48
689110145,378676,3,881.42,Orange Juice,Cold Drinks & Juices,Baral-Kamdar,1259.17,30.0,180,2644.2599999999998
2785467351,587645,3,801.81,Vitamins,Pharmacy,"Sura, Pillay and Mammen",1002.26,20.0,365,2405.43
7188270379,704868,2,193.46,Detergent,Household Care,"Parikh, Oak and Kara",257.95,25.0,365,386.92
9209192342,799952,3,922.64,Cheese,Dairy & Breakfast,Padmanabhan-Virk,1153.3,20.0,7,2767.92
3193016310,990993,3,263.7,Chocolates,Snacks & Munchies,Guha-Subramaniam,405.69,35.0,90,791.0999999999999
9743228131,131748,3,81.35,Dog Food,Pet Care,"Shroff, Wason and Dugar",125.15,35.0,365,244.04999999999998
4417542973,131937,2,287.81,Frozen Pizza,Instant & Frozen Food,"Varkey, Devi and Ganguly",479.68,40.0,180,575.62
3065857200,222892,1,869.22,Tomatoes,Fruits & Vegetables,Ramakrishnan-Ghose,1158.96,25.0,3,869.22
6994732191,94225,2,77.11,Toilet Cleaner,Household Care,"Gulati, Ram and Sarkar",102.81,25.0,365,154.22
7663189769,937542,2,97.04,Wheat Flour,Grocery & Staples,Khurana and Sons,114.16,15.0,365,194.08
5012619147,287070,1,443.17,Wheat Flour,Grocery & Staples,"Gala, Magar and Rajagopal",521.38,15.0,365,443.17
7456088789,799952,1,922.64,Cheese,Dairy & Breakfast,Padmanabhan-Virk,1153.3,20.0,7,922.64
3270559373,382511,1,702.54,Butter,Dairy & Breakfast,Bora-Thakkar,878.17,20.0,7,702.54
4703798183,557908,3,942.37,Vitamins,Pharmacy,Sundaram Inc,1177.96,20.0,365,2827.11
3968840556,818522,3,96.09,Cheese,Dairy & Breakfast,Hora-Roy,120.11,20.0,7,288.27
2331647373,832348,1,831.43,Biscuits,Snacks & Munchies,Jani-Ram,1279.12,35.0,90,831.43
6683347454,847349,2,781.08,Potatoes,Fruits & Vegetables,Chhabra-Agrawal,1041.44,25.0,3,1562.16
5710259220,222892,1,869.22,Tomatoes,Fruits & Vegetables,Ramakrishnan-Ghose,1158.96,25.0,3,869.22
9871546057,894539,1,445.48,Dish Soap,Household Care,"Pall, Sule and Sood",593.97,25.0,365,445.48
5459704311,77308,1,223.27,Onions,Fruits & Vegetables,Ratta-Sagar,297.69,25.0,3,223.27
3426702134,542300,3,255.35,Popcorn,Snacks & Munchies,Gulati-Tandon,392.85,35.0,90,766.05
7671357353,256051,1,400.92,Lotion,Personal Care,"Mannan, Naidu and Sama",616.8,35.0,365,400.92
9656230693,604184,3,397.55,Toilet Cleaner,Household Care,"Gaba, Sodhi and Choudhary",530.07,25.0,365,1192.65
3315369956,33955,3,186.08,Frozen Pizza,Instant & Frozen Food,Baral Group,310.13,40.0,180,558.24
1762287720,851978,3,715.72,Vitamins,Pharmacy,Parsa-Bala,894.65,20.0,365,2147.16
4816206081,667163,2,441.2,Orange Juice,Cold Drinks & Juices,Palla LLC,630.29,30.0,180,882.4
2808133351,94225,1,77.11,Toilet Cleaner,Household Care,"Gulati, Ram and Sarkar",102.81,25.0,365,77.11
3444569396,237083,3,577.13,Cough Syrup,Pharmacy,Hayer-Banerjee,721.41,20.0,365,1731.3899999999999
9704671447,306177,2,769.24,Frozen Biryani,Instant & Frozen Food,Som Inc,1282.07,40.0,180,1538.48
6454001692,319388,1,657.8,Orange Juice,Cold Drinks & Juices,D’Alia-Dey,939.71,30.0,180,657.8
2624508626,70969,3,631.7,Carrots,Fruits & Vegetables,Mohan Group,842.27,25.0,3,1895.1000000000001
932273820,513199,3,422.23,Cola,Cold Drinks & Juices,Rastogi Inc,603.19,30.0,180,1266.69
7908614088,600767,3,722.42,Toothpaste,Personal Care,Balan Group,1111.42,35.0,365,2167.2599999999998
9730765358,654623,2,422.14,Chips,Snacks & Munchies,Pradhan and Sons,649.45,35.0,90,844.28
4748284156,118820,1,12.32,Iced Tea,Cold Drinks & Juices,"Warrior, Ravel and Amble",17.6,30.0,180,12.32
1829286278,6405,2,236.51,Baby Food,Baby Care,Kashyap-Reddy,337.87,30.0,365,473.02
3180415318,697683,1,123.74,Toilet Cleaner,Household Care,"Murty, Varghese and Saxena",164.99,25.0,365,123.74
1008158736,721521,1,417.39,Rice,Grocery & Staples,"Ramanathan, Agarwal and Baria",491.05,15.0,365,417.39
5092816701,337168,3,545.49,Eggs,Dairy & Breakfast,Dasgupta PLC,681.86,20.0,7,1636.47
4339850858,914071,1,296.94,Chips,Snacks & Munchies,Datta Ltd,456.83,35.0,90,296.94
1564040362,217710,1,58.59,Eggs,Dairy & Breakfast,Rout-Sarna,73.24,20.0,7,58.59
4856827800,398340,1,651.93,Instant Noodles,Instant & Frozen Food,"Nadig, Zachariah and Soni",1086.55,40.0,180,651.93
2465711187,513199,2,422.23,Cola,Cold Drinks & Juices,Rastogi Inc,603.19,30.0,180,844.46
7741314063,26060,2,342.94,Vitamins,Pharmacy,Shah and Sons,428.67,20.0,365,685.88
6973696848,965755,3,532.57,Bananas,Fruits & Vegetables,"Doshi, Sarraf and Sama",710.09,25.0,3,1597.71
443178123,587645,1,801.81,Vitamins,Pharmacy,"Sura, Pillay and Mammen",1002.26,20.0,365,801.81
2155491764,194682,2,912.29,Iced Tea,Cold Drinks & Juices,Sastry-Issac,1303.27,30.0,180,1824.58
282887897,491521,3,556.35,Nuts,Snacks & Munchies,Karpe Inc,855.92,35.0,90,1669.0500000000002
1014190951,913428,2,392.22,Pet Treats,Pet Care,Narayanan-Kumar,603.42,35.0,365,784.44
4632027192,298985,2,183.76,Vitamins,Pharmacy,"Ramanathan, Joshi and Srinivasan",229.7,20.0,365,367.52
9196809062,222892,2,869.22,Tomatoes,Fruits & Vegetables,Ramakrishnan-Ghose,1158.96,25.0,3,1738.44
3802671506,876139,2,415.75,Pulses,Grocery & Staples,Cherian-Dara,489.12,15.0,365,831.5
931138604,378676,2,881.42,Orange Juice,Cold Drinks & Juices,Baral-Kamdar,1259.17,30.0,180,1762.84
6507222211,131136,2,37.8,Salt,Grocery & Staples,Deshpande-Rama,44.47,15.0,365,75.6
9091185978,552883,2,888.16,Potatoes,Fruits & Vegetables,"Balan, Patel and Mall",1184.21,25.0,3,1776.32
6314310505,615545,2,448.16,Soap,Personal Care,Barman Inc,689.48,35.0,365,896.32
2711467206,124290,1,39.65,Lotion,Personal Care,Sachdev Group,61.0,35.0,365,39.65
1359318731,120532,1,697.53,Wheat Flour,Grocery & Staples,Nazareth Ltd,820.62,15.0,365,697.53
4521042050,57405,2,607.67,Baby Food,Baby Care,Srinivas PLC,868.1,30.0,365,1215.34
1317016672,818522,3,96.09,Cheese,Dairy & Breakfast,Hora-Roy,120.11,20.0,7,288.27
7624598493,661577,1,720.95,Cat Food,Pet Care,Majumdar PLC,1109.15,35.0,365,720.95
1753431230,222892,2,869.22,Tomatoes,Fruits & Vegetables,Ramakrishnan-Ghose,1158.96,25.0,3,1738.44
8650539199,194682,1,912.29,Iced Tea,Cold Drinks & Juices,Sastry-Issac,1303.27,30.0,180,912.29
3276478503,329351,3,310.87,Cheese,Dairy & Breakfast,"Lala, Kalita and Sathe",388.59,20.0,7,932.61
5080943123,15314,1,578.85,Cheese,Dairy & Breakfast,Banik-Ratta,723.56,20.0,7,578.85
6158083683,832348,3,831.43,Biscuits,Snacks & Munchies,Jani-Ram,1279.12,35.0,90,2494.29
9228072842,883013,1,989.88,Eggs,Dairy & Breakfast,Chahal Group,1237.35,20.0,7,989.88
4028432722,951463,3,787.4,Pet Treats,Pet Care,Balakrishnan-Kaur,1211.38,35.0,365,2362.2
3679730192,707935,1,820.9,Cat Food,Pet Care,"Anne, Mammen and Khatri",1262.92,35.0,365,820.9
71793937,94225,1,77.11,Toilet Cleaner,Household Care,"Gulati, Ram and Sarkar",102.81,25.0,365,77.11
47467466,120385,1,597.91,Pet Treats,Pet Care,Dubey-Sarin,919.86,35.0,365,597.91
4538136436,726958,2,887.48,Cat Food,Pet Care,Doctor-Patla,1365.35,35.0,365,1774.96
8750169461,373536,2,494.17,Dog Food,Pet Care,Chauhan-Sabharwal,760.26,35.0,365,988.34
9371021811,753354,3,423.56,Shampoo,Personal Care,Sant-Mahajan,651.63,35.0,365,1270.68
679274212,721521,2,417.39,Rice,Grocery & Staples,"Ramanathan, Agarwal and Baria",491.05,15.0,365,834.78
6601671674,500739,2,359.98,Bread,Dairy & Breakfast,Aggarwal Group,449.98,20.0,7,719.96
2708441500,14145,1,630.84,Spinach,Fruits & Vegetables,"Thakur, Shah and Pingle",841.12,25.0,3,630.84
9548480220,799688,1,309.62,Lotion,Personal Care,Arora LLC,476.34,35.0,365,309.62
5440864021,324809,3,608.0,Bread,Dairy & Breakfast,Sidhu PLC,760.0,20.0,7,1824.0
5705224767,604184,2,397.55,Toilet Cleaner,Household Care,"Gaba, Sodhi and Choudhary",530.07,25.0,365,795.1
9945458771,63769,3,878.07,Lotion,Personal Care,Dalal-Shan,1350.88,35.0,365,2634.21
336832815,647462,3,326.42,Lotion,Personal Care,"Balan, Samra and Sekhon",502.18,35.0,365,979.26
9543126726,600767,3,722.42,Toothpaste,Personal Care,Balan Group,1111.42,35.0,365,2167.2599999999998
5134666123,942001,1,671.55,Cat Food,Pet Care,Acharya Ltd,1033.15,35.0,365,671.55
5663657880,859361,1,432.39,Shampoo,Personal Care,Mitter Group,665.22,35.0,365,432.39
5352647396,606256,3,369.28,Frozen Biryani,Instant & Frozen Food,Agate Ltd,615.47,40.0,180,1107.84
7995172779,913428,2,392.22,Pet Treats,Pet Care,Narayanan-Kumar,603.42,35.0,365,784.44
605779703,888807,1,230.58,Bread,Dairy & Breakfast,Arya Group,288.23,20.0,7,230.58
685688121,337168,3,545.49,Eggs,Dairy & Breakfast,Dasgupta PLC,681.86,20.0,7,1636.47
5966726971,26060,2,342.94,Vitamins,Pharmacy,Shah and Sons,428.67,20.0,365,685.88
6763510083,11422,1,127.16,Potatoes,Fruits & Vegetables,Ramaswamy-Tata,169.55,25.0,3,127.16
6735813139,171602,3,883.44,Cola,Cold Drinks & Juices,Pal-Sehgal,1262.06,30.0,180,2650.32
8361205778,820973,2,114.52,Baby Wipes,Baby Care,Lall LLC,163.6,30.0,365,229.04
3640952655,954722,2,616.45,Ice Cream,Instant & Frozen Food,Mohan-Virk,1027.42,40.0,180,1232.9
6395279829,833557,2,422.87,Cereal,Dairy & Breakfast,"Gole, Chand and Dada",528.59,20.0,7,845.74
339410846,760684,1,71.6,Rice,Grocery & Staples,Kanda-Gupta,84.24,15.0,365,71.6
8924056486,820973,2,114.52,Baby Wipes,Baby Care,Lall LLC,163.6,30.0,365,229.04
6616322616,927651,1,426.72,Baby Wipes,Baby Care,Narula Group,609.6,30.0,365,426.72
4178578583,291238,1,746.03,Chocolates,Snacks & Munchies,"Sinha, Pau and Chhabra",1147.74,35.0,90,746.03
7558107764,692985,3,197.39,Pulses,Grocery & Staples,"Wable, Sankaran and Hari",232.22,15.0,365,592.17
7894708851,455755,3,44.09,Detergent,Household Care,Mangal-Sathe,58.79,25.0,365,132.27
1916638346,9436,2,88.43,Toothpaste,Personal Care,Naidu PLC,136.05,35.0,365,176.86
4973943462,704868,3,193.46,Detergent,Household Care,"Parikh, Oak and Kara",257.95,25.0,365,580.38
6567129123,891833,1,493.19,Curd,Dairy & Breakfast,Mani PLC,616.49,20.0,7,493.19
8702642032,107548,1,891.6,Cola,Cold Drinks & Juices,"Bhandari, Bhasin and Palan",1273.71,30.0,180,891.6
7857954356,903336,3,551.88,Pulses,Grocery & Staples,"Vaidya, Amble and Palla",649.27,15.0,365,1655.6399999999999
5376218500,644847,2,622.81,Salt,Grocery & Staples,"Jhaveri, Kata and Kapur",732.72,15.0,365,1245.62
3452449295,555121,2,354.91,Carrots,Fruits & Vegetables,"Subramanian, Chaudhuri and Dora",473.21,25.0,3,709.82
1694826296,709916,1,33.76,Detergent,Household Care,Varkey LLC,45.01,25.0,365,33.76
9449954611,63769,1,878.07,Lotion,Personal Care,Dalal-Shan,1350.88,35.0,365,878.07
7722059222,888807,1,230.58,Bread,Dairy & Breakfast,Arya Group,288.23,20.0,7,230.58
2871448124,798639,2,211.25,Eggs,Dairy & Breakfast,Subramaniam LLC,264.06,20.0,7,422.5
4158839033,4452,1,169.88,Baby Wipes,Baby Care,Morar-Mistry,242.69,30.0,365,169.88
9936118648,961614,1,227.22,Chocolates,Snacks & Munchies,Goda Inc,349.57,35.0,90,227.22
6804747901,848226,2,209.59,Tomatoes,Fruits & Vegetables,Barad and Sons,279.45,25.0,3,419.18
7579444448,500633,3,154.5,Cereal,Dairy & Breakfast,Trivedi-Ahluwalia,193.12,20.0,7,463.5
4379043082,587420,2,357.42,Cookies,Snacks & Munchies,Raj and Sons,549.88,35.0,90,714.84
4212894712,883013,1,989.88,Eggs,Dairy & Breakfast,Chahal Group,1237.35,20.0,7,989.88
7962511808,687218,1,317.82,Mango Drink,Cold Drinks & Juices,"Sankaran, Pall and Gola",454.03,30.0,180,317.82
6478815087,67197,3,552.2,Butter,Dairy & Breakfast,Shetty-Bora,690.25,20.0,7,1656.6000000000001
6239166986,679865,3,347.91,Wheat Flour,Grocery & Staples,Memon-Barad,409.31,15.0,365,1043.73
9894863460,945635,1,778.9,Pulses,Grocery & Staples,Balasubramanian PLC,916.35,15.0,365,778.9
2982638677,706112,2,478.79,Vitamins,Pharmacy,"Magar, Gara and Garg",598.49,20.0,365,957.58
3284797515,925482,3,475.04,Frozen Biryani,Instant & Frozen Food,Viswanathan-Sha,791.73,40.0,180,1425.1200000000001
8895501673,82484,1,914.88,Baby Food,Baby Care,Mallick PLC,1306.97,30.0,365,914.88
914992221,194682,3,912.29,Iced Tea,Cold Drinks & Juices,Sastry-Issac,1303.27,30.0,180,2736.87
2067729457,679321,3,738.46,Cola,Cold Drinks & Juices,Khurana-Dewan,1054.94,30.0,180,2215.38
5389250154,481843,2,297.68,Chocolates,Snacks & Munchies,"Taneja, Kala and Kota",457.97,35.0,90,595.36
4352973016,883013,3,989.88,Eggs,Dairy & Breakfast,Chahal Group,1237.35,20.0,7,2969.64
7667555396,365133,1,915.45,Dish Soap,Household Care,Hans Inc,1220.6,25.0,365,915.45
168804744,925482,1,475.04,Frozen Biryani,Instant & Frozen Food,Viswanathan-Sha,791.73,40.0,180,475.04
854218304,863930,2,242.57,Shampoo,Personal Care,"Sathe, Agarwal and Dhar",373.18,35.0,365,485.14
2616618240,171602,3,883.44,Cola,Cold Drinks & Juices,Pal-Sehgal,1262.06,30.0,180,2650.32
8891144024,492958,1,84.2,Lotion,Personal Care,Acharya PLC,129.54,35.0,365,84.2
4606856320,217710,2,58.59,Eggs,Dairy & Breakfast,Rout-Sarna,73.24,20.0,7,117.18
1876194333,540618,2,317.05,Popcorn,Snacks & Munchies,Golla-Luthra,487.77,35.0,90,634.1
1471186096,455083,2,959.01,Butter,Dairy & Breakfast,Dutta Inc,1198.76,20.0,7,1918.02
4763556417,18035,3,968.94,Dish Soap,Household Care,Ramesh Inc,1291.92,25.0,365,2906.82
5961097387,992178,2,632.43,Pain Reliever,Pharmacy,Basu and Sons,790.54,20.0,365,1264.86
1509646137,481843,3,297.68,Chocolates,Snacks & Munchies,"Taneja, Kala and Kota",457.97,35.0,90,893.04
7533431274,63769,3,878.07,Lotion,Personal Care,Dalal-Shan,1350.88,35.0,365,2634.21
3598818329,196719,2,217.5,Bananas,Fruits & Vegetables,Yogi Group,290.0,25.0,3,435.0
2561337790,853932,3,941.19,Baby Wipes,Baby Care,Ranganathan-Peri,1344.56,30.0,365,2823.57
2359692348,284460,3,505.95,Potatoes,Fruits & Vegetables,"Ramakrishnan, Anand and Khare",674.6,25.0,3,1517.85
3146098826,513199,3,422.23,Cola,Cold Drinks & Juices,Rastogi Inc,603.19,30.0,180,1266.69
8638050442,689769,3,46.62,Frozen Vegetables,Instant & Frozen Food,Kothari-Datta,77.7,40.0,180,139.85999999999999
1833854180,992178,2,632.43,Pain Reliever,Pharmacy,Basu and Sons,790.54,20.0,365,1264.86
5687148136,859361,2,432.39,Shampoo,Personal Care,Mitter Group,665.22,35.0,365,864.78
7133253616,654297,1,13.25,Potatoes,Fruits & Vegetables,Chandran-Dass,17.67,25.0,3,13.25
7899569162,500633,1,154.5,Cereal,Dairy & Breakfast,Trivedi-Ahluwalia,193.12,20.0,7,154.5
6119637917,903336,3,551.88,Pulses,Grocery & Staples,"Vaidya, Amble and Palla",649.27,15.0,365,1655.6399999999999
4924477011,500633,3,154.5,Cereal,Dairy & Breakfast,Trivedi-Ahluwalia,193.12,20.0,7,463.5
577458306,863930,1,242.57,Shampoo,Personal Care,"Sathe, Agarwal and Dhar",373.18,35.0,365,242.57
1605287230,871592,2,870.29,Carrots,Fruits & Vegetables,"Shankar, Nadkarni and Kumer",1160.39,25.0,3,1740.58
5743074720,589812,2,163.03,Detergent,Household Care,Bir PLC,217.37,25.0,365,326.06
1645477578,473929,3,440.19,Carrots,Fruits & Vegetables,"Bhardwaj, Bhatia and Deshmukh",586.92,25.0,3,1320.57
6231311270,965755,1,532.57,Bananas,Fruits & Vegetables,"Doshi, Sarraf and Sama",710.09,25.0,3,532.57
4629648516,689769,2,46.62,Frozen Vegetables,Instant & Frozen Food,Kothari-Datta,77.7,40.0,180,93.24
2706229594,36412,3,397.68,Dish Soap,Household Care,Muni-Shankar,530.24,25.0,365,1193.04
6814009039,291238,2,746.03,Chocolates,Snacks & Munchies,"Sinha, Pau and Chhabra",1147.74,35.0,90,1492.06
5604135912,757274,2,98.32,Pet Treats,Pet Care,"Minhas, Kapoor and Sethi",151.26,35.0,365,196.64
766789724,709916,1,33.76,Detergent,Household Care,Varkey LLC,45.01,25.0,365,33.76
2727595593,739534,1,994.56,Toilet Cleaner,Household Care,"Gera, Narang and Karpe",1326.08,25.0,365,994.56
9887978407,968887,2,40.7,Dish Soap,Household Care,Keer-Gill,54.27,25.0,365,81.4
6825742544,365132,2,229.38,Instant Noodles,Instant & Frozen Food,Dar-Kumar,382.3,40.0,180,458.76
7081192087,847349,2,781.08,Potatoes,Fruits & Vegetables,Chhabra-Agrawal,1041.44,25.0,3,1562.16
3185620074,305754,1,979.99,Frozen Vegetables,Instant & Frozen Food,Mammen-Hegde,1633.32,40.0,180,979.99
7162086351,962591,1,130.01,Orange Juice,Cold Drinks & Juices,Murthy-Kaul,185.73,30.0,180,130.01
5504768409,39154,3,946.86,Mangoes,Fruits & Vegetables,"Suresh, Bose and Bajwa",1262.48,25.0,3,2840.58
6721093047,473929,3,440.19,Carrots,Fruits & Vegetables,"Bhardwaj, Bhatia and Deshmukh",586.92,25.0,3,1320.57
1134990529,704868,2,193.46,Detergent,Household Care,"Parikh, Oak and Kara",257.95,25.0,365,386.92
4632975114,287070,2,443.17,Wheat Flour,Grocery & Staples,"Gala, Magar and Rajagopal",521.38,15.0,365,886.34
1471897083,228286,2,179.08,Cola,Cold Drinks & Juices,Bhattacharyya PLC,255.83,30.0,180,358.16
6081974624,621677,1,317.8,Frozen Biryani,Instant & Frozen Food,Sabharwal-Mital,529.67,40.0,180,317.8
806680874,739534,2,994.56,Toilet Cleaner,Household Care,"Gera, Narang and Karpe",1326.08,25.0,365,1989.12
8213018419,689769,3,46.62,Frozen Vegetables,Instant & Frozen Food,Kothari-Datta,77.7,40.0,180,139.85999999999999
4610876894,654297,1,13.25,Potatoes,Fruits & Vegetables,Chandran-Dass,17.67,25.0,3,13.25
9116180240,890623,1,354.52,Onions,Fruits & Vegetables,"Sangha, Nagar and Varty",472.69,25.0,3,354.52
8916648395,952168,3,236.95,Popcorn,Snacks & Munchies,"Krishnamurthy, Sibal and Das",364.54,35.0,90,710.8499999999999
3626990751,171602,2,883.44,Cola,Cold Drinks & Juices,Pal-Sehgal,1262.06,30.0,180,1766.88
2544173358,487931,3,709.08,Sugar,Grocery & Staples,"Bahl, Jaggi and Nath",834.21,15.0,365,2127.2400000000002
3654075570,94225,1,77.11,Toilet Cleaner,Household Care,"Gulati, Ram and Sarkar",102.81,25.0,365,77.11
9846277624,677169,2,261.03,Cough Syrup,Pharmacy,Char-Divan,326.29,20.0,365,522.06
8600159148,799459,3,852.02,Vitamins,Pharmacy,"Garg, Kari and Kapur",1065.02,20.0,365,2556.06
9184012674,171602,3,883.44,Cola,Cold Drinks & Juices,Pal-Sehgal,1262.06,30.0,180,2650.32
5842678913,962054,1,16.86,Orange Juice,Cold Drinks & Juices,Toor-Nagar,24.09,30.0,180,16.86
6284066457,51036,3,931.61,Baby Food,Baby Care,Karnik PLC,1330.87,30.0,365,2794.83
957188879,561860,1,874.78,Orange Juice,Cold Drinks & Juices,Gupta Ltd,1249.69,30.0,180,874.78
2027766693,969851,1,340.66,Frozen Vegetables,Instant & Frozen Food,"Kara, Sodhi and Bassi",567.77,40.0,180,340.66
5201172375,621677,2,317.8,Frozen Biryani,Instant & Frozen Food,Sabharwal-Mital,529.67,40.0,180,635.6
5211206337,679865,2,347.91,Wheat Flour,Grocery & Staples,Memon-Barad,409.31,15.0,365,695.82
519985157,91670,1,439.24,Dish Soap,Household Care,Barman-Ahluwalia,585.65,25.0,365,439.24
2599819074,378230,3,166.42,Nuts,Snacks & Munchies,Kala-Vig,256.03,35.0,90,499.26
6564176767,146840,3,786.85,Bread,Dairy & Breakfast,"Bains, Deol and Vaidya",983.56,20.0,7,2360.55
5969684091,771228,2,83.18,Pet Treats,Pet Care,Raja and Sons,127.97,35.0,365,166.36
8152246475,478531,1,825.46,Carrots,Fruits & Vegetables,Uppal Group,1100.61,25.0,3,825.46
1954493018,820973,3,114.52,Baby Wipes,Baby Care,Lall LLC,163.6,30.0,365,343.56
3695589383,41853,2,910.44,Curd,Dairy & Breakfast,Handa PLC,1138.05,20.0,7,1820.88
6340807810,673058,3,765.76,Cough Syrup,Pharmacy,Balan-Madan,957.2,20.0,365,2297.2799999999997
8029845822,435929,3,856.89,Toilet Cleaner,Household Care,Memon Ltd,1142.52,25.0,365,2570.67
8208755570,487931,3,709.08,Sugar,Grocery & Staples,"Bahl, Jaggi and Nath",834.21,15.0,365,2127.2400000000002
9622488249,837480,1,217.4,Cough Syrup,Pharmacy,Edwin and Sons,271.75,20.0,365,217.4
5410788959,853932,3,941.19,Baby Wipes,Baby Care,Ranganathan-Peri,1344.56,30.0,365,2823.57
7087374685,677542,3,212.61,Toilet Cleaner,Household Care,Thaman-Lanka,283.48,25.0,365,637.83
1469556300,951463,3,787.4,Pet Treats,Pet Care,Balakrishnan-Kaur,1211.38,35.0,365,2362.2
864290652,473647,3,43.05,Toothpaste,Personal Care,Ben-Ravi,66.23,35.0,365,129.14999999999998
3052167498,659290,2,319.34,Cheese,Dairy & Breakfast,Kapadia-D’Alia,399.17,20.0,7,638.68
8370088792,491521,1,556.35,Nuts,Snacks & Munchies,Karpe Inc,855.92,35.0,90,556.35
8955500595,925482,1,475.04,Frozen Biryani,Instant & Frozen Food,Viswanathan-Sha,791.73,40.0,180,475.04
6946637946,540618,2,317.05,Popcorn,Snacks & Munchies,Golla-Luthra,487.77,35.0,90,634.1
5461546808,673058,1,765.76,Cough Syrup,Pharmacy,Balan-Madan,957.2,20.0,365,765.76
9921425481,700048,3,141.28,Dish Soap,Household Care,Khalsa-Bhavsar,188.37,25.0,365,423.84000000000003
3583323379,690565,1,951.27,Cookies,Snacks & Munchies,"Roy, Seth and Patla",1463.49,35.0,90,951.27
3427534518,77308,1,223.27,Onions,Fruits & Vegetables,Ratta-Sagar,297.69,25.0,3,223.27
9997994965,461804,2,310.69,Sugar,Grocery & Staples,"Ghose, Ben and Divan",365.52,15.0,365,621.38
5015358514,891833,1,493.19,Curd,Dairy & Breakfast,Mani PLC,616.49,20.0,7,493.19
5769065545,376447,3,724.84,Butter,Dairy & Breakfast,Gara and Sons,906.05,20.0,7,2174.52
4062815570,492958,1,84.2,Lotion,Personal Care,Acharya PLC,129.54,35.0,365,84.2
39405769,880510,2,951.43,Bread,Dairy & Breakfast,Roy-Char,1189.29,20.0,7,1902.86
9553518696,336847,3,936.98,Toilet Cleaner,Household Care,"Dayal, Mammen and More",1249.31,25.0,365,2810.94
8023712979,328457,2,858.57,Mango Drink,Cold Drinks & Juices,Hayre-Shere,1226.53,30.0,180,1717.14
1111747100,677169,1,261.03,Cough Syrup,Pharmacy,Char-Divan,326.29,20.0,365,261.03
3598180305,492958,1,84.2,Lotion,Personal Care,Acharya PLC,129.54,35.0,365,84.2
8171660349,118820,3,12.32,Iced Tea,Cold Drinks & Juices,"Warrior, Ravel and Amble",17.6,30.0,180,36.96
3644704128,186168,1,878.8,Dog Food,Pet Care,"Parekh, Lad and Kadakia",1352.0,35.0,365,878.8
1254907139,183929,1,738.74,Bread,Dairy & Breakfast,"Nagi, Sampath and Khurana",923.42,20.0,7,738.74
9810593187,942001,3,671.55,Cat Food,Pet Care,Acharya Ltd,1033.15,35.0,365,2014.6499999999999
3205629870,552883,1,888.16,Potatoes,Fruits & Vegetables,"Balan, Patel and Mall",1184.21,25.0,3,888.16
8608459871,39154,3,946.86,Mangoes,Fruits & Vegetables,"Suresh, Bose and Bajwa",1262.48,25.0,3,2840.58
2730458449,425341,1,486.28,Pet Treats,Pet Care,"Mani, Dhar and Muni",748.12,35.0,365,486.28
2807397566,669378,2,212.14,Potatoes,Fruits & Vegetables,Chadha and Sons,282.85,25.0,3,424.28
7217535512,954722,3,616.45,Ice Cream,Instant & Frozen Food,Mohan-Virk,1027.42,40.0,180,1849.3500000000001
3321951407,901144,2,340.36,Sugar,Grocery & Staples,Deo-Kamdar,400.42,15.0,365,680.72
7189146676,18035,2,968.94,Dish Soap,Household Care,Ramesh Inc,1291.92,25.0,365,1937.88
5601251774,602241,2,976.55,Nuts,Snacks & Munchies,Bahl-Pau,1502.38,35.0,90,1953.1
8884350133,851978,1,715.72,Vitamins,Pharmacy,Parsa-Bala,894.65,20.0,365,715.72
8168306307,557908,2,942.37,Vitamins,Pharmacy,Sundaram Inc,1177.96,20.0,365,1884.74
7689275881,564692,1,215.65,Cat Food,Pet Care,"Krishna, Bail and Dyal",331.77,35.0,365,215.65
6593510732,741341,1,923.84,Eggs,Dairy & Breakfast,Prasad LLC,1154.8,20.0,7,923.84
3066405445,883013,3,989.88,Eggs,Dairy & Breakfast,Chahal Group,1237.35,20.0,7,2969.64
5319633841,137909,2,864.3,Cough Syrup,Pharmacy,Dalal PLC,1080.37,20.0,365,1728.6
1113665104,82484,3,914.88,Baby Food,Baby Care,Mallick PLC,1306.97,30.0,365,2744.64
8436983782,376447,3,724.84,Butter,Dairy & Breakfast,Gara and Sons,906.05,20.0,7,2174.52
1958942711,669378,2,212.14,Potatoes,Fruits & Vegetables,Chadha and Sons,282.85,25.0,3,424.28
6485627928,257719,2,281.73,Eggs,Dairy & Breakfast,Chaudhuri PLC,352.16,20.0,7,563.46
8147959428,712307,2,264.89,Orange Juice,Cold Drinks & Juices,Chana LLC,378.41,30.0,180,529.78
3697060283,949818,2,483.05,Biscuits,Snacks & Munchies,Yohannan Inc,743.15,35.0,90,966.1
2039437258,992178,2,632.43,Pain Reliever,Pharmacy,Basu and Sons,790.54,20.0,365,1264.86
7655293952,337168,1,545.49,Eggs,Dairy & Breakfast,Dasgupta PLC,681.86,20.0,7,545.49
39791095,700048,3,141.28,Dish Soap,Household Care,Khalsa-Bhavsar,188.37,25.0,365,423.84000000000003
8071046067,26060,2,342.94,Vitamins,Pharmacy,Shah and Sons,428.67,20.0,365,685.88
2656326203,613942,1,545.0,Pet Treats,Pet Care,"Dyal, Saraf and Goel",838.46,35.0,365,545.0
2366866840,52729,1,316.02,Cat Food,Pet Care,Saini LLC,486.18,35.0,365,316.02
8227348656,487931,1,709.08,Sugar,Grocery & Staples,"Bahl, Jaggi and Nath",834.21,15.0,365,709.08
3917024194,927651,1,426.72,Baby Wipes,Baby Care,Narula Group,609.6,30.0,365,426.72
3101265,300159,1,44.35,Cola,Cold Drinks & Juices,"Basu, Rout and Mistry",63.36,30.0,180,44.35
9907835880,432617,3,863.18,Baby Wipes,Baby Care,Dora-Pillai,1233.11,30.0,365,2589.54
3396210655,700048,3,141.28,Dish Soap,Household Care,Khalsa-Bhavsar,188.37,25.0,365,423.84000000000003
3000018472,70969,2,631.7,Carrots,Fruits & Vegetables,Mohan Group,842.27,25.0,3,1263.4
7166339556,667163,1,441.2,Orange Juice,Cold Drinks & Juices,Palla LLC,630.29,30.0,180,441.2
2194351161,561860,3,874.78,Orange Juice,Cold Drinks & Juices,Gupta Ltd,1249.69,30.0,180,2624.34
3224986973,876139,3,415.75,Pulses,Grocery & Staples,Cherian-Dara,489.12,15.0,365,1247.25
6882280967,305754,2,979.99,Frozen Vegetables,Instant & Frozen Food,Mammen-Hegde,1633.32,40.0,180,1959.98
8556188247,721521,3,417.39,Rice,Grocery & Staples,"Ramanathan, Agarwal and Baria",491.05,15.0,365,1252.17
5236345617,613942,1,545.0,Pet Treats,Pet Care,"Dyal, Saraf and Goel",838.46,35.0,365,545.0
5153146875,677169,1,261.03,Cough Syrup,Pharmacy,Char-Divan,326.29,20.0,365,261.03
2011151353,525531,3,831.1,Dog Food,Pet Care,Sandal PLC,1278.62,35.0,365,2493.3
9880145668,433521,3,321.33,Diapers,Baby Care,Mahal Group,459.04,30.0,365,963.99
2724264210,990993,3,263.7,Chocolates,Snacks & Munchies,Guha-Subramaniam,405.69,35.0,90,791.0999999999999
871734663,4452,1,169.88,Baby Wipes,Baby Care,Morar-Mistry,242.69,30.0,365,169.88
3883638432,89084,1,598.83,Milk,Dairy & Breakfast,"Wali, Virk and Iyer",748.54,20.0,7,598.83
1282422181,478531,1,825.46,Carrots,Fruits & Vegetables,Uppal Group,1100.61,25.0,3,825.46
4500802008,228286,3,179.08,Cola,Cold Drinks & Juices,Bhattacharyya PLC,255.83,30.0,180,537.24
8209715885,807452,2,144.19,Pulses,Grocery & Staples,Naik Ltd,169.64,15.0,365,288.38
9391482926,490602,3,549.47,Sugar,Grocery & Staples,Raghavan Inc,646.44,15.0,365,1648.41
7217765772,672059,1,672.73,Toothpaste,Personal Care,Kaur-Gola,1034.97,35.0,365,672.73
7848556658,36412,3,397.68,Dish Soap,Household Care,Muni-Shankar,530.24,25.0,365,1193.04
9000851345,623234,3,329.79,Frozen Biryani,Instant & Frozen Food,Chakrabarti-Batra,549.65,40.0,180,989.3700000000001
3019634875,118820,1,12.32,Iced Tea,Cold Drinks & Juices,"Warrior, Ravel and Amble",17.6,30.0,180,12.32
7013612817,237083,2,577.13,Cough Syrup,Pharmacy,Hayer-Banerjee,721.41,20.0,365,1154.26
59461109,991434,3,237.62,Cookies,Snacks & Munchies,Mital-Oza,365.57,35.0,90,712.86
740245864,901144,2,340.36,Sugar,Grocery & Staples,Deo-Kamdar,400.42,15.0,365,680.72
8432648823,26060,2,342.94,Vitamins,Pharmacy,Shah and Sons,428.67,20.0,365,685.88
5863164527,433521,1,321.33,Diapers,Baby Care,Mahal Group,459.04,30.0,365,321.33
8615999186,6405,2,236.51,Baby Food,Baby Care,Kashyap-Reddy,337.87,30.0,365,473.02
1743268828,9436,1,88.43,Toothpaste,Personal Care,Naidu PLC,136.05,35.0,365,88.43
5475369740,133542,2,68.49,Detergent,Household Care,Edwin-Lall,91.32,25.0,365,136.98
6520584496,820973,3,114.52,Baby Wipes,Baby Care,Lall LLC,163.6,30.0,365,343.56
3854394048,300159,2,44.35,Cola,Cold Drinks & Juices,"Basu, Rout and Mistry",63.36,30.0,180,88.7
4105779656,243235,3,109.03,Cat Food,Pet Care,Batta Inc,167.74,35.0,365,327.09000000000003
5960266785,760684,3,71.6,Rice,Grocery & Staples,Kanda-Gupta,84.24,15.0,365,214.79999999999998
7380998329,621677,3,317.8,Frozen Biryani,Instant & Frozen Food,Sabharwal-Mital,529.67,40.0,180,953.4000000000001
460625201,131748,1,81.35,Dog Food,Pet Care,"Shroff, Wason and Dugar",125.15,35.0,365,81.35
5442705208,739534,2,994.56,Toilet Cleaner,Household Care,"Gera, Narang and Karpe",1326.08,25.0,365,1989.12
643302284,726958,3,887.48,Cat Food,Pet Care,Doctor-Patla,1365.35,35.0,365,2662.44
6141016209,451812,2,530.85,Pain Reliever,Pharmacy,"Batra, Sant and Mandal",663.56,20.0,365,1061.7
4058658914,937542,3,97.04,Wheat Flour,Grocery & Staples,Khurana and Sons,114.16,15.0,365,291.12
4731454539,140154,3,171.2,Shampoo,Personal Care,Malhotra LLC,263.38,35.0,365,513.5999999999999
148408710,448752,2,160.07,Toilet Cleaner,Household Care,Batta-Doctor,213.43,25.0,365,320.14
3263142674,969851,1,340.66,Frozen Vegetables,Instant & Frozen Food,"Kara, Sodhi and Bassi",567.77,40.0,180,340.66
9591201821,146840,3,786.85,Bread,Dairy & Breakfast,"Bains, Deol and Vaidya",983.56,20.0,7,2360.55
2227944524,914071,1,296.94,Chips,Snacks & Munchies,Datta Ltd,456.83,35.0,90,296.94
2307375554,328457,1,858.57,Mango Drink,Cold Drinks & Juices,Hayre-Shere,1226.53,30.0,180,858.57
8521887524,131937,3,287.81,Frozen Pizza,Instant & Frozen Food,"Varkey, Devi and Ganguly",479.68,40.0,180,863.4300000000001
3298709387,604184,1,397.55,Toilet Cleaner,Household Care,"Gaba, Sodhi and Choudhary",530.07,25.0,365,397.55
8608686211,336847,3,936.98,Toilet Cleaner,Household Care,"Dayal, Mammen and More",1249.31,25.0,365,2810.94
5125482761,118820,3,12.32,Iced Tea,Cold Drinks & Juices,"Warrior, Ravel and Amble",17.6,30.0,180,36.96
7388146343,721521,2,417.39,Rice,Grocery & Staples,"Ramanathan, Agarwal and Baria",491.05,15.0,365,834.78
7064723322,257719,3,281.73,Eggs,Dairy & Breakfast,Chaudhuri PLC,352.16,20.0,7,845.19
1766291529,799459,3,852.02,Vitamins,Pharmacy,"Garg, Kari and Kapur",1065.02,20.0,365,2556.06
8183491568,684939,1,727.95,Lotion,Personal Care,"Sibal, Bhatnagar and Rajan",1119.92,35.0,365,727.95
6419111681,784673,1,491.39,Dog Food,Pet Care,Ramanathan Group,755.98,35.0,365,491.39
9193945481,991434,3,237.62,Cookies,Snacks & Munchies,Mital-Oza,365.57,35.0,90,712.86
3937750618,41853,3,910.44,Curd,Dairy & Breakfast,Handa PLC,1138.05,20.0,7,2731.32
2056682923,654297,1,13.25,Potatoes,Fruits & Vegetables,Chandran-Dass,17.67,25.0,3,13.25
7229998672,970529,3,827.44,Diapers,Baby Care,"Kurian, Patla and Sanghvi",1182.06,30.0,365,2482.32
7028582657,487931,1,709.08,Sugar,Grocery & Staples,"Bahl, Jaggi and Nath",834.21,15.0,365,709.08
1732091066,851978,1,715.72,Vitamins,Pharmacy,Parsa-Bala,894.65,20.0,365,715.72
9389363975,679865,2,347.91,Wheat Flour,Grocery & Staples,Memon-Barad,409.31,15.0,365,695.82
9477050930,187399,1,53.49,Frozen Pizza,Instant & Frozen Food,Chauhan Inc,89.15,40.0,180,53.49
6808771388,264803,3,995.98,Vitamins,Pharmacy,Gole-Doshi,1244.97,20.0,365,2987.94
7616458551,67197,1,552.2,Butter,Dairy & Breakfast,Shetty-Bora,690.25,20.0,7,552.2
2784959025,962054,3,16.86,Orange Juice,Cold Drinks & Juices,Toor-Nagar,24.09,30.0,180,50.58
2716611235,9436,1,88.43,Toothpaste,Personal Care,Naidu PLC,136.05,35.0,365,88.43
3797871396,140154,1,171.2,Shampoo,Personal Care,Malhotra LLC,263.38,35.0,365,171.2
5895445193,897083,2,972.69,Detergent,Household Care,Dutta-Halder,1296.92,25.0,365,1945.38
5281640953,611575,3,482.06,Frozen Pizza,Instant & Frozen Food,"Bhat, Nigam and Hayer",803.43,40.0,180,1446.18
9006387145,968887,3,40.7,Dish Soap,Household Care,Keer-Gill,54.27,25.0,365,122.10000000000001
2015702046,219598,3,367.08,Shampoo,Personal Care,Arora-Magar,564.74,35.0,365,1101.24
9260334793,992178,3,632.43,Pain Reliever,Pharmacy,Basu and Sons,790.54,20.0,365,1897.29
5912752928,833557,1,422.87,Cereal,Dairy & Breakfast,"Gole, Chand and Dada",528.59,20.0,7,422.87
7691723645,455755,2,44.09,Detergent,Household Care,Mangal-Sathe,58.79,25.0,365,88.18
9166904790,194682,3,912.29,Iced Tea,Cold Drinks & Juices,Sastry-Issac,1303.27,30.0,180,2736.87
1668797251,133542,2,68.49,Detergent,Household Care,Edwin-Lall,91.32,25.0,365,136.98
3350348511,726958,2,887.48,Cat Food,Pet Care,Doctor-Patla,1365.35,35.0,365,1774.96
2475154947,317242,3,198.15,Pulses,Grocery & Staples,Rastogi Group,233.12,15.0,365,594.45
1348544692,587420,3,357.42,Cookies,Snacks & Munchies,Raj and Sons,549.88,35.0,90,1072.26
6770208707,228286,1,179.08,Cola,Cold Drinks & Juices,Bhattacharyya PLC,255.83,30.0,180,179.08
9500356395,284460,1,505.95,Potatoes,Fruits & Vegetables,"Ramakrishnan, Anand and Khare",674.6,25.0,3,505.95
6280233997,118820,2,12.32,Iced Tea,Cold Drinks & Juices,"Warrior, Ravel and Amble",17.6,30.0,180,24.64
935645101,677169,1,261.03,Cough Syrup,Pharmacy,Char-Divan,326.29,20.0,365,261.03
3492077995,863930,3,242.57,Shampoo,Personal Care,"Sathe, Agarwal and Dhar",373.18,35.0,365,727.71
6971044672,120532,2,697.53,Wheat Flour,Grocery & Staples,Nazareth Ltd,820.62,15.0,365,1395.06
9417710958,70969,1,631.7,Carrots,Fruits & Vegetables,Mohan Group,842.27,25.0,3,631.7
114851727,11422,1,127.16,Potatoes,Fruits & Vegetables,Ramaswamy-Tata,169.55,25.0,3,127.16
7521503340,642612,2,517.03,Pet Treats,Pet Care,Pillay-Ahuja,795.43,35.0,365,1034.06
7709878408,555121,1,354.91,Carrots,Fruits & Vegetables,"Subramanian, Chaudhuri and Dora",473.21,25.0,3,354.91
7941755463,851978,1,715.72,Vitamins,Pharmacy,Parsa-Bala,894.65,20.0,365,715.72
4540271027,257719,1,281.73,Eggs,Dairy & Breakfast,Chaudhuri PLC,352.16,20.0,7,281.73
8022168472,67197,1,552.2,Butter,Dairy & Breakfast,Shetty-Bora,690.25,20.0,7,552.2
3808358945,257719,2,281.73,Eggs,Dairy & Breakfast,Chaudhuri PLC,352.16,20.0,7,563.46
5112444865,747801,3,277.76,Toilet Cleaner,Household Care,Saha-Vora,370.35,25.0,365,833.28
9965551056,123983,2,785.67,Cough Syrup,Pharmacy,Kurian-Chhabra,982.09,20.0,365,1571.34
7695708103,487065,3,374.68,Chips,Snacks & Munchies,Kadakia-Yadav,576.43,35.0,90,1124.04
7022728237,455083,1,959.01,Butter,Dairy & Breakfast,Dutta Inc,1198.76,20.0,7,959.01
2062715135,661577,2,720.95,Cat Food,Pet Care,Majumdar PLC,1109.15,35.0,365,1441.9
3287815959,34186,1,925.65,Mangoes,Fruits & Vegetables,Mandal-Kar,1234.2,25.0,3,925.65
9015471552,679865,2,347.91,Wheat Flour,Grocery & Staples,Memon-Barad,409.31,15.0,365,695.82
1595123446,137909,2,864.3,Cough Syrup,Pharmacy,Dalal PLC,1080.37,20.0,365,1728.6
4888577440,697683,2,123.74,Toilet Cleaner,Household Care,"Murty, Varghese and Saxena",164.99,25.0,365,247.48
9039053330,94225,3,77.11,Toilet Cleaner,Household Care,"Gulati, Ram and Sarkar",102.81,25.0,365,231.32999999999998
3091360904,799459,1,852.02,Vitamins,Pharmacy,"Garg, Kari and Kapur",1065.02,20.0,365,852.02
6821938492,256051,3,400.92,Lotion,Personal Care,"Mannan, Naidu and Sama",616.8,35.0,365,1202.76
4553785640,818990,2,163.55,Tomatoes,Fruits & Vegetables,Dugar Group,218.07,25.0,3,327.1
4005611015,613942,3,545.0,Pet Treats,Pet Care,"Dyal, Saraf and Goel",838.46,35.0,365,1635.0
8480910658,871592,3,870.29,Carrots,Fruits & Vegetables,"Shankar, Nadkarni and Kumer",1160.39,25.0,3,2610.87
1922667245,378287,3,332.84,Lemonade,Cold Drinks & Juices,Ramesh-Jain,475.49,30.0,180,998.52
379758677,171602,2,883.44,Cola,Cold Drinks & Juices,Pal-Sehgal,1262.06,30.0,180,1766.88
4903380842,317242,3,198.15,Pulses,Grocery & Staples,Rastogi Group,233.12,15.0,365,594.45
9244122658,26060,3,342.94,Vitamins,Pharmacy,Shah and Sons,428.67,20.0,365,1028.82
5054410467,60619,2,726.41,Iced Tea,Cold Drinks & Juices,Bhasin LLC,1037.73,30.0,180,1452.82
9877212995,739534,3,994.56,Toilet Cleaner,Household Care,"Gera, Narang and Karpe",1326.08,25.0,365,2983.68
8375236356,890232,1,432.0,Mango Drink,Cold Drinks & Juices,Jha Group,617.14,30.0,180,432.0
2652063230,604184,3,397.55,Toilet Cleaner,Household Care,"Gaba, Sodhi and Choudhary",530.07,25.0,365,1192.65
7258243894,473929,3,440.19,Carrots,Fruits & Vegetables,"Bhardwaj, Bhatia and Deshmukh",586.92,25.0,3,1320.57
5980648426,373536,2,494.17,Dog Food,Pet Care,Chauhan-Sabharwal,760.26,35.0,365,988.34
365104159,771228,2,83.18,Pet Treats,Pet Care,Raja and Sons,127.97,35.0,365,166.36
7038005775,284460,1,505.95,Potatoes,Fruits & Vegetables,"Ramakrishnan, Anand and Khare",674.6,25.0,3,505.95
1456792223,33797,2,888.12,Pain Reliever,Pharmacy,Gaba LLC,1110.15,20.0,365,1776.24
6673964264,133542,1,68.49,Detergent,Household Care,Edwin-Lall,91.32,25.0,365,68.49
5780280518,883013,1,989.88,Eggs,Dairy & Breakfast,Chahal Group,1237.35,20.0,7,989.88
6220137166,11422,1,127.16,Potatoes,Fruits & Vegetables,Ramaswamy-Tata,169.55,25.0,3,127.16
2615887425,784827,3,274.25,Baby Wipes,Baby Care,Balakrishnan Ltd,391.79,30.0,365,822.75
5610987488,611575,2,482.06,Frozen Pizza,Instant & Frozen Food,"Bhat, Nigam and Hayer",803.43,40.0,180,964.12
6038240765,51036,2,931.61,Baby Food,Baby Care,Karnik PLC,1330.87,30.0,365,1863.22
5004974422,567671,1,418.48,Biscuits,Snacks & Munchies,Nagar LLC,643.82,35.0,90,418.48
2349863203,726958,3,887.48,Cat Food,Pet Care,Doctor-Patla,1365.35,35.0,365,2662.44
9487956261,4452,1,169.88,Baby Wipes,Baby Care,Morar-Mistry,242.69,30.0,365,169.88
7169945062,376447,3,724.84,Butter,Dairy & Breakfast,Gara and Sons,906.05,20.0,7,2174.52
5393866026,256051,2,400.92,Lotion,Personal Care,"Mannan, Naidu and Sama",616.8,35.0,365,801.84
7266772806,137909,1,864.3,Cough Syrup,Pharmacy,Dalal PLC,1080.37,20.0,365,864.3
2411227007,337168,1,545.49,Eggs,Dairy & Breakfast,Dasgupta PLC,681.86,20.0,7,545.49
960728650,187399,3,53.49,Frozen Pizza,Instant & Frozen Food,Chauhan Inc,89.15,40.0,180,160.47
2326500581,123983,2,785.67,Cough Syrup,Pharmacy,Kurian-Chhabra,982.09,20.0,365,1571.34
9489310879,891833,3,493.19,Curd,Dairy & Breakfast,Mani PLC,616.49,20.0,7,1479.57
2341242955,171602,1,883.44,Cola,Cold Drinks & Juices,Pal-Sehgal,1262.06,30.0,180,883.44
1023485121,94225,3,77.11,Toilet Cleaner,Household Care,"Gulati, Ram and Sarkar",102.81,25.0,365,231.32999999999998
9742218709,891833,2,493.19,Curd,Dairy & Breakfast,Mani PLC,616.49,20.0,7,986.38
9039933820,317242,3,198.15,Pulses,Grocery & Staples,Rastogi Group,233.12,15.0,365,594.45
1391881327,123983,3,785.67,Cough Syrup,Pharmacy,Kurian-Chhabra,982.09,20.0,365,2357.0099999999998
3360648053,131136,1,37.8,Salt,Grocery & Staples,Deshpande-Rama,44.47,15.0,365,37.8
9758418980,949818,2,483.05,Biscuits,Snacks & Munchies,Yohannan Inc,743.15,35.0,90,966.1
9859459525,667163,2,441.2,Orange Juice,Cold Drinks & Juices,Palla LLC,630.29,30.0,180,882.4
6924226309,604184,2,397.55,Toilet Cleaner,Household Care,"Gaba, Sodhi and Choudhary",530.07,25.0,365,795.1
7672052920,228286,3,179.08,Cola,Cold Drinks & Juices,Bhattacharyya PLC,255.83,30.0,180,537.24
4597359399,552496,3,508.0,Dish Soap,Household Care,Dhar PLC,677.33,25.0,365,1524.0
665402174,894539,2,445.48,Dish Soap,Household Care,"Pall, Sule and Sood",593.97,25.0,365,890.96
3986082657,604184,1,397.55,Toilet Cleaner,Household Care,"Gaba, Sodhi and Choudhary",530.07,25.0,365,397.55
4275746826,120532,3,697.53,Wheat Flour,Grocery & Staples,Nazareth Ltd,820.62,15.0,365,2092.59
525864604,6405,3,236.51,Baby Food,Baby Care,Kashyap-Reddy,337.87,30.0,365,709.53
4473658819,432617,2,863.18,Baby Wipes,Baby Care,Dora-Pillai,1233.11,30.0,365,1726.36
8824559505,578097,3,267.61,Nuts,Snacks & Munchies,Jha Group,411.71,35.0,90,802.83
1824646473,378287,3,332.84,Lemonade,Cold Drinks & Juices,Ramesh-Jain,475.49,30.0,180,998.52
776389097,243235,1,109.03,Cat Food,Pet Care,Batta Inc,167.74,35.0,365,109.03
4908634706,839170,3,481.63,Curd,Dairy & Breakfast,Shetty and Sons,602.04,20.0,7,1444.8899999999999
3516204561,677169,2,261.03,Cough Syrup,Pharmacy,Char-Divan,326.29,20.0,365,522.06
9510792757,937542,1,97.04,Wheat Flour,Grocery & Staples,Khurana and Sons,114.16,15.0,365,97.04
3504903228,256783,1,906.54,Pet Treats,Pet Care,"Basu, Thakur and Rege",1394.68,35.0,365,906.54
3438202422,602241,2,976.55,Nuts,Snacks & Munchies,Bahl-Pau,1502.38,35.0,90,1953.1
3007616042,451933,2,568.94,Wheat Flour,Grocery & Staples,Nadig Ltd,669.34,15.0,365,1137.88
4656199468,373536,3,494.17,Dog Food,Pet Care,Chauhan-Sabharwal,760.26,35.0,365,1482.51
6994560237,366066,2,918.58,Soap,Personal Care,Mandal LLC,1413.2,35.0,365,1837.16
8442552565,385113,1,816.38,Lotion,Personal Care,"Sampath, Mane and Mody",1255.97,35.0,365,816.38
414299117,470449,3,827.77,Frozen Biryani,Instant & Frozen Food,Kohli-Sawhney,1379.62,40.0,180,2483.31
8146956033,490602,2,549.47,Sugar,Grocery & Staples,Raghavan Inc,646.44,15.0,365,1098.94
7919748594,481843,1,297.68,Chocolates,Snacks & Munchies,"Taneja, Kala and Kota",457.97,35.0,90,297.68
7834171020,687218,2,317.82,Mango Drink,Cold Drinks & Juices,"Sankaran, Pall and Gola",454.03,30.0,180,635.64
3735968672,767398,3,22.14,Dish Soap,Household Care,"Arya, Sundaram and Pingle",29.52,25.0,365,66.42
3864051985,490939,1,80.25,Lotion,Personal Care,"Roy, Barad and De",123.46,35.0,365,80.25
8299074079,600767,1,722.42,Toothpaste,Personal Care,Balan Group,1111.42,35.0,365,722.42
891333736,552496,1,508.0,Dish Soap,Household Care,Dhar PLC,677.33,25.0,365,508.0
2874220576,146840,2,786.85,Bread,Dairy & Breakfast,"Bains, Deol and Vaidya",983.56,20.0,7,1573.7
6375536946,937542,3,97.04,Wheat Flour,Grocery & Staples,Khurana and Sons,114.16,15.0,365,291.12
1966054573,552883,1,888.16,Potatoes,Fruits & Vegetables,"Balan, Patel and Mall",1184.21,25.0,3,888.16
1565942558,272170,2,140.8,Ice Cream,Instant & Frozen Food,Purohit Group,234.67,40.0,180,281.6
4624281313,490939,2,80.25,Lotion,Personal Care,"Roy, Barad and De",123.46,35.0,365,160.5
6884010758,818990,2,163.55,Tomatoes,Fruits & Vegetables,Dugar Group,218.07,25.0,3,327.1
4351744653,851978,1,715.72,Vitamins,Pharmacy,Parsa-Bala,894.65,20.0,365,715.72
8698000932,690565,2,951.27,Cookies,Snacks & Munchies,"Roy, Seth and Patla",1463.49,35.0,90,1902.54
3844380421,131937,3,287.81,Frozen Pizza,Instant & Frozen Food,"Varkey, Devi and Ganguly",479.68,40.0,180,863.4300000000001
7105842598,897083,1,972.69,Detergent,Household Care,Dutta-Halder,1296.92,25.0,365,972.69
8993722297,952124,2,127.08,Onions,Fruits & Vegetables,"Wali, Sood and Bala",169.44,25.0,3,254.16
2929439019,654623,1,422.14,Chips,Snacks & Munchies,Pradhan and Sons,649.45,35.0,90,422.14
1661854320,382511,2,702.54,Butter,Dairy & Breakfast,Bora-Thakkar,878.17,20.0,7,1405.08
3082165628,621677,3,317.8,Frozen Biryani,Instant & Frozen Food,Sabharwal-Mital,529.67,40.0,180,953.4000000000001
1745045814,677169,1,261.03,Cough Syrup,Pharmacy,Char-Divan,326.29,20.0,365,261.03
813387880,897083,1,972.69,Detergent,Household Care,Dutta-Halder,1296.92,25.0,365,972.69
8189879400,491521,1,556.35,Nuts,Snacks & Munchies,Karpe Inc,855.92,35.0,90,556.35
8465045467,136533,3,826.21,Eggs,Dairy & Breakfast,"Raghavan, Magar and Shanker",1032.76,20.0,7,2478.63
9232350528,67197,2,552.2,Butter,Dairy & Breakfast,Shetty-Bora,690.25,20.0,7,1104.4
1728666371,131748,1,81.35,Dog Food,Pet Care,"Shroff, Wason and Dugar",125.15,35.0,365,81.35
6131815766,564692,2,215.65,Cat Food,Pet Care,"Krishna, Bail and Dyal",331.77,35.0,365,431.3
6438773635,965755,2,532.57,Bananas,Fruits & Vegetables,"Doshi, Sarraf and Sama",710.09,25.0,3,1065.14
6912676966,26060,1,342.94,Vitamins,Pharmacy,Shah and Sons,428.67,20.0,365,342.94
2840314717,679321,3,738.46,Cola,Cold Drinks & Juices,Khurana-Dewan,1054.94,30.0,180,2215.38
9508359721,679865,2,347.91,Wheat Flour,Grocery & Staples,Memon-Barad,409.31,15.0,365,695.82
2244679313,557908,3,942.37,Vitamins,Pharmacy,Sundaram Inc,1177.96,20.0,365,2827.11
9407544177,34200,1,319.8,Lotion,Personal Care,Munshi-Grewal,492.0,35.0,365,319.8
2528398796,552496,3,508.0,Dish Soap,Household Care,Dhar PLC,677.33,25.0,365,1524.0
9464988762,33955,3,186.08,Frozen Pizza,Instant & Frozen Food,Baral Group,310.13,40.0,180,558.24
6373867899,36412,2,397.68,Dish Soap,Household Care,Muni-Shankar,530.24,25.0,365,795.36
4028185110,367391,1,939.55,Baby Wipes,Baby Care,Talwar and Sons,1342.21,30.0,365,939.55
9717018638,613942,3,545.0,Pet Treats,Pet Care,"Dyal, Saraf and Goel",838.46,35.0,365,1635.0
4898477588,287070,2,443.17,Wheat Flour,Grocery & Staples,"Gala, Magar and Rajagopal",521.38,15.0,365,886.34
4723165081,461804,3,310.69,Sugar,Grocery & Staples,"Ghose, Ben and Divan",365.52,15.0,365,932.0699999999999
2845954128,237083,2,577.13,Cough Syrup,Pharmacy,Hayer-Banerjee,721.41,20.0,365,1154.26
23158044,669378,1,212.14,Potatoes,Fruits & Vegetables,Chadha and Sons,282.85,25.0,3,212.14
1486548042,222892,3,869.22,Tomatoes,Fruits & Vegetables,Ramakrishnan-Ghose,1158.96,25.0,3,2607.66
708351411,659290,2,319.34,Cheese,Dairy & Breakfast,Kapadia-D’Alia,399.17,20.0,7,638.68
5512110908,654623,2,422.14,Chips,Snacks & Munchies,Pradhan and Sons,649.45,35.0,90,844.28
2295441899,820973,3,114.52,Baby Wipes,Baby Care,Lall LLC,163.6,30.0,365,343.56
4867173151,287070,2,443.17,Wheat Flour,Grocery & Staples,"Gala, Magar and Rajagopal",521.38,15.0,365,886.34
4635037652,256783,3,906.54,Pet Treats,Pet Care,"Basu, Thakur and Rege",1394.68,35.0,365,2719.62
2209259378,305754,1,979.99,Frozen Vegetables,Instant & Frozen Food,Mammen-Hegde,1633.32,40.0,180,979.99
4079286483,487065,2,374.68,Chips,Snacks & Munchies,Kadakia-Yadav,576.43,35.0,90,749.36
9506078962,114414,2,832.06,Vitamins,Pharmacy,Kara-Golla,1040.07,20.0,365,1664.12
6894691072,606256,2,369.28,Frozen Biryani,Instant & Frozen Food,Agate Ltd,615.47,40.0,180,738.56
4481256065,937542,2,97.04,Wheat Flour,Grocery & Staples,Khurana and Sons,114.16,15.0,365,194.08
5050919809,760828,1,563.45,Pet Treats,Pet Care,"Khurana, Khosla and Yohannan",866.85,35.0,365,563.45
1328085383,131937,2,287.81,Frozen Pizza,Instant & Frozen Food,"Varkey, Devi and Ganguly",479.68,40.0,180,575.62
5382246981,897083,2,972.69,Detergent,Household Care,Dutta-Halder,1296.92,25.0,365,1945.38
5647827263,264803,2,995.98,Vitamins,Pharmacy,Gole-Doshi,1244.97,20.0,365,1991.96
9244268951,712003,1,671.68,Cola,Cold Drinks & Juices,"Karan, Bandi and Acharya",959.54,30.0,180,671.68
6217777735,305754,2,979.99,Frozen Vegetables,Instant & Frozen Food,Mammen-Hegde,1633.32,40.0,180,1959.98
3682639473,654297,1,13.25,Potatoes,Fruits & Vegetables,Chandran-Dass,17.67,25.0,3,13.25
3859331666,677542,1,212.61,Toilet Cleaner,Household Care,Thaman-Lanka,283.48,25.0,365,212.61
7971689217,642612,3,517.03,Pet Treats,Pet Care,Pillay-Ahuja,795.43,35.0,365,1551.09
6822492679,767398,3,22.14,Dish Soap,Household Care,"Arya, Sundaram and Pingle",29.52,25.0,365,66.42
7211194993,734789,2,395.82,Popcorn,Snacks & Munchies,"Chaudhari, Pant and Singh",608.95,35.0,90,791.64
461485679,723678,1,675.46,Dog Food,Pet Care,"Lall, Datta and Swamy",1039.17,35.0,365,675.46
3209732414,264803,1,995.98,Vitamins,Pharmacy,Gole-Doshi,1244.97,20.0,365,995.98
6537694730,930284,3,189.47,Baby Food,Baby Care,"Garg, Saraf and Dutta",270.67,30.0,365,568.41
7653097776,487065,1,374.68,Chips,Snacks & Munchies,Kadakia-Yadav,576.43,35.0,90,374.68
4928556641,589812,2,163.03,Detergent,Household Care,Bir PLC,217.37,25.0,365,326.06
5905518100,604184,1,397.55,Toilet Cleaner,Household Care,"Gaba, Sodhi and Choudhary",530.07,25.0,365,397.55
8337948336,687218,2,317.82,Mango Drink,Cold Drinks & Juices,"Sankaran, Pall and Gola",454.03,30.0,180,635.64
8814435884,256783,1,906.54,Pet Treats,Pet Care,"Basu, Thakur and Rege",1394.68,35.0,365,906.54
6645415772,704868,2,193.46,Detergent,Household Care,"Parikh, Oak and Kara",257.95,25.0,365,386.92
5274039950,41853,1,910.44,Curd,Dairy & Breakfast,Handa PLC,1138.05,20.0,7,910.44
7404052550,33955,3,186.08,Frozen Pizza,Instant & Frozen Food,Baral Group,310.13,40.0,180,558.24
8179058864,222892,1,869.22,Tomatoes,Fruits & Vegetables,Ramakrishnan-Ghose,1158.96,25.0,3,869.22
5195997912,951463,2,787.4,Pet Treats,Pet Care,Balakrishnan-Kaur,1211.38,35.0,365,1574.8
3320194259,734789,1,395.82,Popcorn,Snacks & Munchies,"Chaudhari, Pant and Singh",608.95,35.0,90,395.82
8185684967,784673,2,491.39,Dog Food,Pet Care,Ramanathan Group,755.98,35.0,365,982.78
2324568019,313754,2,136.6,Biscuits,Snacks & Munchies,"Swaminathan, Mahal and Dara",210.15,35.0,90,273.2
3522645150,513199,2,422.23,Cola,Cold Drinks & Juices,Rastogi Inc,603.19,30.0,180,844.46
4510488834,63769,1,878.07,Lotion,Personal Care,Dalal-Shan,1350.88,35.0,365,878.07
9433427403,623234,2,329.79,Frozen Biryani,Instant & Frozen Food,Chakrabarti-Batra,549.65,40.0,180,659.58
8065436106,490602,1,549.47,Sugar,Grocery & Staples,Raghavan Inc,646.44,15.0,365,549.47
846586265,585299,1,799.46,Pet Treats,Pet Care,"Sharma, Chandra and Prashad",1229.94,35.0,365,799.46
4337013612,739534,2,994.56,Toilet Cleaner,Household Care,"Gera, Narang and Karpe",1326.08,25.0,365,1989.12
8916023990,34186,2,925.65,Mangoes,Fruits & Vegetables,Mandal-Kar,1234.2,25.0,3,1851.3
6018805430,440875,1,275.03,Baby Wipes,Baby Care,Loyal Inc,392.9,30.0,365,275.03
2676353168,327290,3,862.28,Sugar,Grocery & Staples,Nadkarni Inc,1014.45,15.0,365,2586.84
1069724600,890623,3,354.52,Onions,Fruits & Vegetables,"Sangha, Nagar and Varty",472.69,25.0,3,1063.56
5503476312,604184,3,397.55,Toilet Cleaner,Household Care,"Gaba, Sodhi and Choudhary",530.07,25.0,365,1192.65
4439677910,961614,2,227.22,Chocolates,Snacks & Munchies,Goda Inc,349.57,35.0,90,454.44
8045361592,602241,1,976.55,Nuts,Snacks & Munchies,Bahl-Pau,1502.38,35.0,90,976.55
1873731593,647462,2,326.42,Lotion,Personal Care,"Balan, Samra and Sekhon",502.18,35.0,365,652.84
1126011099,714999,2,882.51,Bread,Dairy & Breakfast,Kala Group,1103.14,20.0,7,1765.02
4100626744,760684,3,71.6,Rice,Grocery & Staples,Kanda-Gupta,84.24,15.0,365,214.79999999999998
8616880376,859361,2,432.39,Shampoo,Personal Care,Mitter Group,665.22,35.0,365,864.78
1427911940,451933,3,568.94,Wheat Flour,Grocery & Staples,Nadig Ltd,669.34,15.0,365,1706.8200000000002
4416398885,863930,1,242.57,Shampoo,Personal Care,"Sathe, Agarwal and Dhar",373.18,35.0,365,242.57
2584579895,953175,1,225.21,Baby Food,Baby Care,Sehgal-Nagarajan,321.73,30.0,365,225.21
7770651576,114414,3,832.06,Vitamins,Pharmacy,Kara-Golla,1040.07,20.0,365,2496.18
3705985582,473647,3,43.05,Toothpaste,Personal Care,Ben-Ravi,66.23,35.0,365,129.14999999999998
5160295213,186168,3,878.8,Dog Food,Pet Care,"Parekh, Lad and Kadakia",1352.0,35.0,365,2636.3999999999996
4374285559,820541,3,576.22,Toilet Cleaner,Household Care,"Borde, Peri and Upadhyay",768.29,25.0,365,1728.66
9096638812,240179,3,90.56,Cough Syrup,Pharmacy,Ram-Suri,113.2,20.0,365,271.68
2888179397,818522,3,96.09,Cheese,Dairy & Breakfast,Hora-Roy,120.11,20.0,7,288.27
3387165389,146840,3,786.85,Bread,Dairy & Breakfast,"Bains, Deol and Vaidya",983.56,20.0,7,2360.55
1925647539,397973,1,728.73,Bananas,Fruits & Vegetables,"Wable, Randhawa and Mutti",971.64,25.0,3,728.73
6160848562,397973,2,728.73,Bananas,Fruits & Vegetables,"Wable, Randhawa and Mutti",971.64,25.0,3,1457.46
2343495895,552496,3,508.0,Dish Soap,Household Care,Dhar PLC,677.33,25.0,365,1524.0
8812220964,659290,2,319.34,Cheese,Dairy & Breakfast,Kapadia-D’Alia,399.17,20.0,7,638.68
8640364495,398340,3,651.93,Instant Noodles,Instant & Frozen Food,"Nadig, Zachariah and Soni",1086.55,40.0,180,1955.79
4610687284,723678,1,675.46,Dog Food,Pet Care,"Lall, Datta and Swamy",1039.17,35.0,365,675.46
189431942,51036,3,931.61,Baby Food,Baby Care,Karnik PLC,1330.87,30.0,365,2794.83
1746826454,798639,2,211.25,Eggs,Dairy & Breakfast,Subramaniam LLC,264.06,20.0,7,422.5
948345459,993331,1,102.44,Pulses,Grocery & Staples,"Parmer, Gola and Yogi",120.52,15.0,365,102.44
9959881029,654623,2,422.14,Chips,Snacks & Munchies,Pradhan and Sons,649.45,35.0,90,844.28
621213006,739448,3,755.66,Dish Soap,Household Care,Mand-Choudhry,1007.55,25.0,365,2266.98
1772464528,954722,1,616.45,Ice Cream,Instant & Frozen Food,Mohan-Virk,1027.42,40.0,180,616.45
7732863862,194682,2,912.29,Iced Tea,Cold Drinks & Juices,Sastry-Issac,1303.27,30.0,180,1824.58
3064828239,689769,1,46.62,Frozen Vegetables,Instant & Frozen Food,Kothari-Datta,77.7,40.0,180,46.62
6363526452,965755,3,532.57,Bananas,Fruits & Vegetables,"Doshi, Sarraf and Sama",710.09,25.0,3,1597.71
6988011282,807452,1,144.19,Pulses,Grocery & Staples,Naik Ltd,169.64,15.0,365,144.19
8523250818,799459,2,852.02,Vitamins,Pharmacy,"Garg, Kari and Kapur",1065.02,20.0,365,1704.04
5595210484,60619,3,726.41,Iced Tea,Cold Drinks & Juices,Bhasin LLC,1037.73,30.0,180,2179.23
1461081366,33955,1,186.08,Frozen Pizza,Instant & Frozen Food,Baral Group,310.13,40.0,180,186.08
4922364507,313754,3,136.6,Biscuits,Snacks & Munchies,"Swaminathan, Mahal and Dara",210.15,35.0,90,409.79999999999995
6597871211,478531,3,825.46,Carrots,Fruits & Vegetables,Uppal Group,1100.61,25.0,3,2476.38
2719816862,876139,3,415.75,Pulses,Grocery & Staples,Cherian-Dara,489.12,15.0,365,1247.25
9830788650,587645,1,801.81,Vitamins,Pharmacy,"Sura, Pillay and Mammen",1002.26,20.0,365,801.81
140980199,492958,2,84.2,Lotion,Personal Care,Acharya PLC,129.54,35.0,365,168.4
7595842583,555121,1,354.91,Carrots,Fruits & Vegetables,"Subramanian, Chaudhuri and Dora",473.21,25.0,3,354.91
2390228992,328457,2,858.57,Mango Drink,Cold Drinks & Juices,Hayre-Shere,1226.53,30.0,180,1717.14
8178738469,140154,3,171.2,Shampoo,Personal Care,Malhotra LLC,263.38,35.0,365,513.5999999999999
9964671001,256051,1,400.92,Lotion,Personal Care,"Mannan, Naidu and Sama",616.8,35.0,365,400.92
1258689954,623234,3,329.79,Frozen Biryani,Instant & Frozen Food,Chakrabarti-Batra,549.65,40.0,180,989.3700000000001
4647158015,990993,3,263.7,Chocolates,Snacks & Munchies,Guha-Subramaniam,405.69,35.0,90,791.0999999999999
2382974038,461804,1,310.69,Sugar,Grocery & Staples,"Ghose, Ben and Divan",365.52,15.0,365,310.69
3663827875,604184,3,397.55,Toilet Cleaner,Household Care,"Gaba, Sodhi and Choudhary",530.07,25.0,365,1192.65
6501113916,871592,3,870.29,Carrots,Fruits & Vegetables,"Shankar, Nadkarni and Kumer",1160.39,25.0,3,2610.87
3300719369,739534,1,994.56,Toilet Cleaner,Household Care,"Gera, Narang and Karpe",1326.08,25.0,365,994.56
3239722852,39154,3,946.86,Mangoes,Fruits & Vegetables,"Suresh, Bose and Bajwa",1262.48,25.0,3,2840.58
6694899030,361361,3,826.21,Biscuits,Snacks & Munchies,"Kunda, Dave and Sahni",1271.09,35.0,90,2478.63
992895707,324809,1,608.0,Bread,Dairy & Breakfast,Sidhu PLC,760.0,20.0,7,608.0
8432150432,621677,2,317.8,Frozen Biryani,Instant & Frozen Food,Sabharwal-Mital,529.67,40.0,180,635.6
6220520171,764014,2,612.04,Salt,Grocery & Staples,"Grewal, Swamy and Dayal",720.05,15.0,365,1224.08
735608722,784673,3,491.39,Dog Food,Pet Care,Ramanathan Group,755.98,35.0,365,1474.17
7303161073,94225,1,77.11,Toilet Cleaner,Household Care,"Gulati, Ram and Sarkar",102.81,25.0,365,77.11
9783380107,243235,3,109.03,Cat Food,Pet Care,Batta Inc,167.74,35.0,365,327.09000000000003
3835886077,839170,2,481.63,Curd,Dairy & Breakfast,Shetty and Sons,602.04,20.0,7,963.26
8140652447,585299,1,799.46,Pet Treats,Pet Care,"Sharma, Chandra and Prashad",1229.94,35.0,365,799.46
6412390967,196719,2,217.5,Bananas,Fruits & Vegetables,Yogi Group,290.0,25.0,3,435.0
6688575911,848226,1,209.59,Tomatoes,Fruits & Vegetables,Barad and Sons,279.45,25.0,3,209.59
3890111511,305754,3,979.99,Frozen Vegetables,Instant & Frozen Food,Mammen-Hegde,1633.32,40.0,180,2939.9700000000003
5145256852,888807,3,230.58,Bread,Dairy & Breakfast,Arya Group,288.23,20.0,7,691.74
7375057413,237083,1,577.13,Cough Syrup,Pharmacy,Hayer-Banerjee,721.41,20.0,365,577.13
3047491006,14145,1,630.84,Spinach,Fruits & Vegetables,"Thakur, Shah and Pingle",841.12,25.0,3,630.84
7715738110,820973,1,114.52,Baby Wipes,Baby Care,Lall LLC,163.6,30.0,365,114.52
6191554160,154179,3,582.87,Pain Reliever,Pharmacy,"Barad, Devi and Andra",728.59,20.0,365,1748.6100000000001
896919031,378230,3,166.42,Nuts,Snacks & Munchies,Kala-Vig,256.03,35.0,90,499.26
1535818185,803607,1,949.73,Soap,Personal Care,"Kadakia, Mohan and Sathe",1461.12,35.0,365,949.73
4428830794,131748,1,81.35,Dog Food,Pet Care,"Shroff, Wason and Dugar",125.15,35.0,365,81.35
3610035622,561860,3,874.78,Orange Juice,Cold Drinks & Juices,Gupta Ltd,1249.69,30.0,180,2624.34
8674445072,891833,3,493.19,Curd,Dairy & Breakfast,Mani PLC,616.49,20.0,7,1479.57
9623704312,425341,3,486.28,Pet Treats,Pet Care,"Mani, Dhar and Muni",748.12,35.0,365,1458.84
7786002894,237083,1,577.13,Cough Syrup,Pharmacy,Hayer-Banerjee,721.41,20.0,365,577.13
3264409553,336847,2,936.98,Toilet Cleaner,Household Care,"Dayal, Mammen and More",1249.31,25.0,365,1873.96
7736534043,14145,3,630.84,Spinach,Fruits & Vegetables,"Thakur, Shah and Pingle",841.12,25.0,3,1892.52
5936596117,952124,1,127.08,Onions,Fruits & Vegetables,"Wali, Sood and Bala",169.44,25.0,3,127.08
1980087245,306177,3,769.24,Frozen Biryani,Instant & Frozen Food,Som Inc,1282.07,40.0,180,2307.7200000000003
8861557989,398340,3,651.93,Instant Noodles,Instant & Frozen Food,"Nadig, Zachariah and Soni",1086.55,40.0,180,1955.79
6702391437,256051,2,400.92,Lotion,Personal Care,"Mannan, Naidu and Sama",616.8,35.0,365,801.84
6385452188,564692,3,215.65,Cat Food,Pet Care,"Krishna, Bail and Dyal",331.77,35.0,365,646.95
8813216380,876139,3,415.75,Pulses,Grocery & Staples,Cherian-Dara,489.12,15.0,365,1247.25
5563712992,354409,2,325.08,Pulses,Grocery & Staples,Bose-Pandit,382.45,15.0,365,650.16
966468552,949818,2,483.05,Biscuits,Snacks & Munchies,Yohannan Inc,743.15,35.0,90,966.1
4368529506,461804,2,310.69,Sugar,Grocery & Staples,"Ghose, Ben and Divan",365.52,15.0,365,621.38
3777009463,491314,1,973.44,Ice Cream,Instant & Frozen Food,Banerjee Inc,1622.4,40.0,180,973.44
3560912801,894539,3,445.48,Dish Soap,Household Care,"Pall, Sule and Sood",593.97,25.0,365,1336.44
1741224538,306177,2,769.24,Frozen Biryani,Instant & Frozen Food,Som Inc,1282.07,40.0,180,1538.48
4579251445,131136,2,37.8,Salt,Grocery & Staples,Deshpande-Rama,44.47,15.0,365,75.6
3438127101,287070,1,443.17,Wheat Flour,Grocery & Staples,"Gala, Magar and Rajagopal",521.38,15.0,365,443.17
9741958794,903336,3,551.88,Pulses,Grocery & Staples,"Vaidya, Amble and Palla",649.27,15.0,365,1655.6399999999999
882082341,470449,3,827.77,Frozen Biryani,Instant & Frozen Food,Kohli-Sawhney,1379.62,40.0,180,2483.31
3629321763,757274,3,98.32,Pet Treats,Pet Care,"Minhas, Kapoor and Sethi",151.26,35.0,365,294.96
888938572,240179,2,90.56,Cough Syrup,Pharmacy,Ram-Suri,113.2,20.0,365,181.12
5263181887,264803,1,995.98,Vitamins,Pharmacy,Gole-Doshi,1244.97,20.0,365,995.98
7071557807,667163,3,441.2,Orange Juice,Cold Drinks & Juices,Palla LLC,630.29,30.0,180,1323.6
6888804296,542300,2,255.35,Popcorn,Snacks & Munchies,Gulati-Tandon,392.85,35.0,90,510.7
814182718,930284,3,189.47,Baby Food,Baby Care,"Garg, Saraf and Dutta",270.67,30.0,365,568.41
3513524740,373536,1,494.17,Dog Food,Pet Care,Chauhan-Sabharwal,760.26,35.0,365,494.17
1234169434,378230,1,166.42,Nuts,Snacks & Munchies,Kala-Vig,256.03,35.0,90,166.42
2577990012,500633,2,154.5,Cereal,Dairy & Breakfast,Trivedi-Ahluwalia,193.12,20.0,7,309.0
8446065263,153019,3,947.95,Onions,Fruits & Vegetables,Aurora LLC,1263.93,25.0,3,2843.8500000000004
4220970302,812607,2,416.65,Potatoes,Fruits & Vegetables,Rege Group,555.53,25.0,3,833.3
5712516128,228286,3,179.08,Cola,Cold Drinks & Juices,Bhattacharyya PLC,255.83,30.0,180,537.24
807167715,14145,1,630.84,Spinach,Fruits & Vegetables,"Thakur, Shah and Pingle",841.12,25.0,3,630.84
213972345,927651,3,426.72,Baby Wipes,Baby Care,Narula Group,609.6,30.0,365,1280.16
1013762407,552496,1,508.0,Dish Soap,Household Care,Dhar PLC,677.33,25.0,365,508.0
5234194751,94225,1,77.11,Toilet Cleaner,Household Care,"Gulati, Ram and Sarkar",102.81,25.0,365,77.11
1389077693,319388,3,657.8,Orange Juice,Cold Drinks & Juices,D’Alia-Dey,939.71,30.0,180,1973.3999999999999
1895143216,621677,1,317.8,Frozen Biryani,Instant & Frozen Food,Sabharwal-Mital,529.67,40.0,180,317.8
3667250123,324809,3,608.0,Bread,Dairy & Breakfast,Sidhu PLC,760.0,20.0,7,1824.0
6430529802,709916,2,33.76,Detergent,Household Care,Varkey LLC,45.01,25.0,365,67.52
4856277700,592784,2,280.35,Biscuits,Snacks & Munchies,"Andra, Mander and Kari",431.31,35.0,90,560.7
1492403962,4452,1,169.88,Baby Wipes,Baby Care,Morar-Mistry,242.69,30.0,365,169.88
4348167632,140154,2,171.2,Shampoo,Personal Care,Malhotra LLC,263.38,35.0,365,342.4
3682471195,953175,2,225.21,Baby Food,Baby Care,Sehgal-Nagarajan,321.73,30.0,365,450.42
6888837939,274207,3,328.51,Cough Syrup,Pharmacy,"Savant, Batta and Mander",410.64,20.0,365,985.53
2278004109,954722,1,616.45,Ice Cream,Instant & Frozen Food,Mohan-Virk,1027.42,40.0,180,616.45
7471013149,398340,2,651.93,Instant Noodles,Instant & Frozen Food,"Nadig, Zachariah and Soni",1086.55,40.0,180,1303.86
755745232,871592,3,870.29,Carrots,Fruits & Vegetables,"Shankar, Nadkarni and Kumer",1160.39,25.0,3,2610.87
2963187161,799688,2,309.62,Lotion,Personal Care,Arora LLC,476.34,35.0,365,619.24
3980591844,566052,3,87.3,Pain Reliever,Pharmacy,"Apte, Soman and Raju",109.12,20.0,365,261.9
9960808976,123983,2,785.67,Cough Syrup,Pharmacy,Kurian-Chhabra,982.09,20.0,365,1571.34
8740552000,876139,1,415.75,Pulses,Grocery & Staples,Cherian-Dara,489.12,15.0,365,415.75
9230099449,969851,2,340.66,Frozen Vegetables,Instant & Frozen Food,"Kara, Sodhi and Bassi",567.77,40.0,180,681.32
4277432248,337168,2,545.49,Eggs,Dairy & Breakfast,Dasgupta PLC,681.86,20.0,7,1090.98
3624765984,689769,2,46.62,Frozen Vegetables,Instant & Frozen Food,Kothari-Datta,77.7,40.0,180,93.24
8533110341,880510,3,951.43,Bread,Dairy & Breakfast,Roy-Char,1189.29,20.0,7,2854.29
5036664068,952168,3,236.95,Popcorn,Snacks & Munchies,"Krishnamurthy, Sibal and Das",364.54,35.0,90,710.8499999999999
9989636336,762527,1,690.08,Biscuits,Snacks & Munchies,"Chad, Yohannan and Chopra",1061.66,35.0,90,690.08
2843642858,615545,1,448.16,Soap,Personal Care,Barman Inc,689.48,35.0,365,448.16
7510849424,140154,2,171.2,Shampoo,Personal Care,Malhotra LLC,263.38,35.0,365,342.4
8744806310,491521,3,556.35,Nuts,Snacks & Munchies,Karpe Inc,855.92,35.0,90,1669.0500000000002
7605774154,33955,1,186.08,Frozen Pizza,Instant & Frozen Food,Baral Group,310.13,40.0,180,186.08
6904233594,771228,2,83.18,Pet Treats,Pet Care,Raja and Sons,127.97,35.0,365,166.36
6371336060,820973,2,114.52,Baby Wipes,Baby Care,Lall LLC,163.6,30.0,365,229.04
8137624530,462526,2,449.97,Curd,Dairy & Breakfast,Pau and Sons,562.46,20.0,7,899.94
9131474241,367391,1,939.55,Baby Wipes,Baby Care,Talwar and Sons,1342.21,30.0,365,939.55
7413772322,14145,2,630.84,Spinach,Fruits & Vegetables,"Thakur, Shah and Pingle",841.12,25.0,3,1261.68
9400852015,952124,1,127.08,Onions,Fruits & Vegetables,"Wali, Sood and Bala",169.44,25.0,3,127.08
4867437863,677542,1,212.61,Toilet Cleaner,Household Care,Thaman-Lanka,283.48,25.0,365,212.61
4219458877,812607,1,416.65,Potatoes,Fruits & Vegetables,Rege Group,555.53,25.0,3,416.65
35135941,306177,1,769.24,Frozen Biryani,Instant & Frozen Food,Som Inc,1282.07,40.0,180,769.24
4754258275,14145,1,630.84,Spinach,Fruits & Vegetables,"Thakur, Shah and Pingle",841.12,25.0,3,630.84
9195687538,897083,2,972.69,Detergent,Household Care,Dutta-Halder,1296.92,25.0,365,1945.38
344554037,140154,3,171.2,Shampoo,Personal Care,Malhotra LLC,263.38,35.0,365,513.5999999999999
7503255456,140489,3,650.2,Soap,Personal Care,"Biswas, Kapoor and Patel",1000.31,35.0,365,1950.6000000000001
5903638531,613942,1,545.0,Pet Treats,Pet Care,"Dyal, Saraf and Goel",838.46,35.0,365,545.0
1670694517,704868,3,193.46,Detergent,Household Care,"Parikh, Oak and Kara",257.95,25.0,365,580.38
2369121788,444361,1,822.63,Pain Reliever,Pharmacy,"Prakash, Bawa and Kale",1028.29,20.0,365,822.63
6012082951,34186,2,925.65,Mangoes,Fruits & Vegetables,Mandal-Kar,1234.2,25.0,3,1851.3
3675914158,329351,1,310.87,Cheese,Dairy & Breakfast,"Lala, Kalita and Sathe",388.59,20.0,7,310.87
1396605672,451812,2,530.85,Pain Reliever,Pharmacy,"Batra, Sant and Mandal",663.56,20.0,365,1061.7
4260996213,642612,2,517.03,Pet Treats,Pet Care,Pillay-Ahuja,795.43,35.0,365,1034.06
4749534376,566052,1,87.3,Pain Reliever,Pharmacy,"Apte, Soman and Raju",109.12,20.0,365,87.3
6095091385,123983,2,785.67,Cough Syrup,Pharmacy,Kurian-Chhabra,982.09,20.0,365,1571.34
1131338162,451933,2,568.94,Wheat Flour,Grocery & Staples,Nadig Ltd,669.34,15.0,365,1137.88
6100236720,274207,2,328.51,Cough Syrup,Pharmacy,"Savant, Batta and Mander",410.64,20.0,365,657.02
3363683548,679284,3,877.89,Cough Syrup,Pharmacy,Pant LLC,1097.36,20.0,365,2633.67
8721540965,328457,2,858.57,Mango Drink,Cold Drinks & Juices,Hayre-Shere,1226.53,30.0,180,1717.14
1712456261,669378,1,212.14,Potatoes,Fruits & Vegetables,Chadha and Sons,282.85,25.0,3,212.14
760930025,969851,1,340.66,Frozen Vegetables,Instant & Frozen Food,"Kara, Sodhi and Bassi",567.77,40.0,180,340.66
5652465358,712307,1,264.89,Orange Juice,Cold Drinks & Juices,Chana LLC,378.41,30.0,180,264.89
3580915899,51036,1,931.61,Baby Food,Baby Care,Karnik PLC,1330.87,30.0,365,931.61
1174382816,284460,2,505.95,Potatoes,Fruits & Vegetables,"Ramakrishnan, Anand and Khare",674.6,25.0,3,1011.9
3200474667,60619,3,726.41,Iced Tea,Cold Drinks & Juices,Bhasin LLC,1037.73,30.0,180,2179.23
7474651061,712003,1,671.68,Cola,Cold Drinks & Juices,"Karan, Bandi and Acharya",959.54,30.0,180,671.68
1892282465,67197,3,552.2,Butter,Dairy & Breakfast,Shetty-Bora,690.25,20.0,7,1656.6000000000001
3859828998,287070,1,443.17,Wheat Flour,Grocery & Staples,"Gala, Magar and Rajagopal",521.38,15.0,365,443.17
2554590672,306177,3,769.24,Frozen Biryani,Instant & Frozen Food,Som Inc,1282.07,40.0,180,2307.7200000000003
9667675052,77308,2,223.27,Onions,Fruits & Vegetables,Ratta-Sagar,297.69,25.0,3,446.54
8382437838,848226,2,209.59,Tomatoes,Fruits & Vegetables,Barad and Sons,279.45,25.0,3,419.18
6247090607,298985,2,183.76,Vitamins,Pharmacy,"Ramanathan, Joshi and Srinivasan",229.7,20.0,365,367.52
5004073261,451933,1,568.94,Wheat Flour,Grocery & Staples,Nadig Ltd,669.34,15.0,365,568.94
6595898122,901144,1,340.36,Sugar,Grocery & Staples,Deo-Kamdar,400.42,15.0,365,340.36
9844371682,799688,1,309.62,Lotion,Personal Care,Arora LLC,476.34,35.0,365,309.62
7198169379,726958,1,887.48,Cat Food,Pet Care,Doctor-Patla,1365.35,35.0,365,887.48
2815855636,883013,1,989.88,Eggs,Dairy & Breakfast,Chahal Group,1237.35,20.0,7,989.88
6033660622,658389,3,152.55,Popcorn,Snacks & Munchies,"Chanda, Som and Vohra",234.69,35.0,90,457.65000000000003
7944056454,853932,1,941.19,Baby Wipes,Baby Care,Ranganathan-Peri,1344.56,30.0,365,941.19
4354264440,667163,2,441.2,Orange Juice,Cold Drinks & Juices,Palla LLC,630.29,30.0,180,882.4
5623096090,237083,1,577.13,Cough Syrup,Pharmacy,Hayer-Banerjee,721.41,20.0,365,577.13
701856661,681063,2,321.28,Mango Drink,Cold Drinks & Juices,Dass and Sons,458.97,30.0,180,642.56
1911276445,264803,1,995.98,Vitamins,Pharmacy,Gole-Doshi,1244.97,20.0,365,995.98
9323909987,398340,1,651.93,Instant Noodles,Instant & Frozen Food,"Nadig, Zachariah and Soni",1086.55,40.0,180,651.93
1988898073,942001,1,671.55,Cat Food,Pet Care,Acharya Ltd,1033.15,35.0,365,671.55
6457671753,382511,1,702.54,Butter,Dairy & Breakfast,Bora-Thakkar,878.17,20.0,7,702.54
3556497272,880510,3,951.43,Bread,Dairy & Breakfast,Roy-Char,1189.29,20.0,7,2854.29
2182762247,291238,2,746.03,Chocolates,Snacks & Munchies,"Sinha, Pau and Chhabra",1147.74,35.0,90,1492.06
6026842782,397973,2,728.73,Bananas,Fruits & Vegetables,"Wable, Randhawa and Mutti",971.64,25.0,3,1457.46
1227108607,525531,1,831.1,Dog Food,Pet Care,Sandal PLC,1278.62,35.0,365,831.1
9362226645,131937,2,287.81,Frozen Pizza,Instant & Frozen Food,"Varkey, Devi and Ganguly",479.68,40.0,180,575.62
6313785973,564692,3,215.65,Cat Food,Pet Care,"Krishna, Bail and Dyal",331.77,35.0,365,646.95
1297253359,63769,1,878.07,Lotion,Personal Care,Dalal-Shan,1350.88,35.0,365,878.07
6138091203,376447,2,724.84,Butter,Dairy & Breakfast,Gara and Sons,906.05,20.0,7,1449.68
4770739350,425341,3,486.28,Pet Treats,Pet Care,"Mani, Dhar and Muni",748.12,35.0,365,1458.84
6253838449,448752,1,160.07,Toilet Cleaner,Household Care,Batta-Doctor,213.43,25.0,365,160.07
1015708455,444361,3,822.63,Pain Reliever,Pharmacy,"Prakash, Bawa and Kale",1028.29,20.0,365,2467.89
2201201842,137909,1,864.3,Cough Syrup,Pharmacy,Dalal PLC,1080.37,20.0,365,864.3
200000051,552496,1,508.0,Dish Soap,Household Care,Dhar PLC,677.33,25.0,365,508.0
409570377,712307,1,264.89,Orange Juice,Cold Drinks & Juices,Chana LLC,378.41,30.0,180,264.89
5944464513,913428,3,392.22,Pet Treats,Pet Care,Narayanan-Kumar,603.42,35.0,365,1176.66
7064377287,564692,3,215.65,Cat Food,Pet Care,"Krishna, Bail and Dyal",331.77,35.0,365,646.95
7763036477,953175,3,225.21,Baby Food,Baby Care,Sehgal-Nagarajan,321.73,30.0,365,675.63
7494002152,228286,3,179.08,Cola,Cold Drinks & Juices,Bhattacharyya PLC,255.83,30.0,180,537.24
692127479,739534,2,994.56,Toilet Cleaner,Household Care,"Gera, Narang and Karpe",1326.08,25.0,365,1989.12
7544245121,689769,1,46.62,Frozen Vegetables,Instant & Frozen Food,Kothari-Datta,77.7,40.0,180,46.62
4429641190,669378,2,212.14,Potatoes,Fruits & Vegetables,Chadha and Sons,282.85,25.0,3,424.28
8093366865,53833,1,134.69,Rice,Grocery & Staples,Tella-Master,158.46,15.0,365,134.69
6269075067,89084,3,598.83,Milk,Dairy & Breakfast,"Wali, Virk and Iyer",748.54,20.0,7,1796.4900000000002
4056304110,516376,2,877.43,Onions,Fruits & Vegetables,Agarwal-Dhar,1169.91,25.0,3,1754.86
4447978623,481843,1,297.68,Chocolates,Snacks & Munchies,"Taneja, Kala and Kota",457.97,35.0,90,297.68
5875285677,953175,3,225.21,Baby Food,Baby Care,Sehgal-Nagarajan,321.73,30.0,365,675.63
4177774653,120385,1,597.91,Pet Treats,Pet Care,Dubey-Sarin,919.86,35.0,365,597.91
502632296,525531,2,831.1,Dog Food,Pet Care,Sandal PLC,1278.62,35.0,365,1662.2
5037688536,9436,3,88.43,Toothpaste,Personal Care,Naidu PLC,136.05,35.0,365,265.29
6844277478,376447,1,724.84,Butter,Dairy & Breakfast,Gara and Sons,906.05,20.0,7,724.84
3368317718,39154,1,946.86,Mangoes,Fruits & Vegetables,"Suresh, Bose and Bajwa",1262.48,25.0,3,946.86
913881994,993331,2,102.44,Pulses,Grocery & Staples,"Parmer, Gola and Yogi",120.52,15.0,365,204.88
6445700839,951463,2,787.4,Pet Treats,Pet Care,Balakrishnan-Kaur,1211.38,35.0,365,1574.8
101613683,784827,2,274.25,Baby Wipes,Baby Care,Balakrishnan Ltd,391.79,30.0,365,548.5
7094586913,564692,2,215.65,Cat Food,Pet Care,"Krishna, Bail and Dyal",331.77,35.0,365,431.3
2478557609,968887,3,40.7,Dish Soap,Household Care,Keer-Gill,54.27,25.0,365,122.10000000000001
9516720368,839170,1,481.63,Curd,Dairy & Breakfast,Shetty and Sons,602.04,20.0,7,481.63
3808010352,448752,2,160.07,Toilet Cleaner,Household Care,Batta-Doctor,213.43,25.0,365,320.14
7921886899,673058,1,765.76,Cough Syrup,Pharmacy,Balan-Madan,957.2,20.0,365,765.76
6818712547,367391,2,939.55,Baby Wipes,Baby Care,Talwar and Sons,1342.21,30.0,365,1879.1
4538204462,490602,3,549.47,Sugar,Grocery & Staples,Raghavan Inc,646.44,15.0,365,1648.41
2008331630,451933,2,568.94,Wheat Flour,Grocery & Staples,Nadig Ltd,669.34,15.0,365,1137.88
3901338038,89084,2,598.83,Milk,Dairy & Breakfast,"Wali, Virk and Iyer",748.54,20.0,7,1197.66
1483786406,555121,2,354.91,Carrots,Fruits & Vegetables,"Subramanian, Chaudhuri and Dora",473.21,25.0,3,709.82
5022936426,532965,1,307.23,Frozen Pizza,Instant & Frozen Food,Sachdev Inc,512.05,40.0,180,307.23
5470875365,992178,2,632.43,Pain Reliever,Pharmacy,Basu and Sons,790.54,20.0,365,1264.86
7144611408,490939,3,80.25,Lotion,Personal Care,"Roy, Barad and De",123.46,35.0,365,240.75
9411421675,56589,1,517.77,Vitamins,Pharmacy,"Pai, Kashyap and Ramachandran",647.21,20.0,365,517.77
7315949343,112390,1,877.98,Toothpaste,Personal Care,"Kibe, Contractor and Randhawa",1350.74,35.0,365,877.98
9430475133,798639,2,211.25,Eggs,Dairy & Breakfast,Subramaniam LLC,264.06,20.0,7,422.5
3062145702,448752,2,160.07,Toilet Cleaner,Household Care,Batta-Doctor,213.43,25.0,365,320.14
6500458984,859361,1,432.39,Shampoo,Personal Care,Mitter Group,665.22,35.0,365,432.39
7429306851,712003,3,671.68,Cola,Cold Drinks & Juices,"Karan, Bandi and Acharya",959.54,30.0,180,2015.04
2687236003,4452,2,169.88,Baby Wipes,Baby Care,Morar-Mistry,242.69,30.0,365,339.76
1885906938,672059,1,672.73,Toothpaste,Personal Care,Kaur-Gola,1034.97,35.0,365,672.73
9949334146,704868,1,193.46,Detergent,Household Care,"Parikh, Oak and Kara",257.95,25.0,365,193.46
2555454584,470449,3,827.77,Frozen Biryani,Instant & Frozen Food,Kohli-Sawhney,1379.62,40.0,180,2483.31
2503209946,661577,1,720.95,Cat Food,Pet Care,Majumdar PLC,1109.15,35.0,365,720.95
2329563439,186168,3,878.8,Dog Food,Pet Care,"Parekh, Lad and Kadakia",1352.0,35.0,365,2636.3999999999996
1041536174,89084,1,598.83,Milk,Dairy & Breakfast,"Wali, Virk and Iyer",748.54,20.0,7,598.83
6631188689,63769,2,878.07,Lotion,Personal Care,Dalal-Shan,1350.88,35.0,365,1756.14
9300178512,818522,2,96.09,Cheese,Dairy & Breakfast,Hora-Roy,120.11,20.0,7,192.18
1086881691,621677,3,317.8,Frozen Biryani,Instant & Frozen Food,Sabharwal-Mital,529.67,40.0,180,953.4000000000001
8008880980,589812,3,163.03,Detergent,Household Care,Bir PLC,217.37,25.0,365,489.09000000000003
2417680703,687218,3,317.82,Mango Drink,Cold Drinks & Juices,"Sankaran, Pall and Gola",454.03,30.0,180,953.46
1117730990,820973,1,114.52,Baby Wipes,Baby Care,Lall LLC,163.6,30.0,365,114.52
1678557345,329351,1,310.87,Cheese,Dairy & Breakfast,"Lala, Kalita and Sathe",388.59,20.0,7,310.87
4505129824,382511,2,702.54,Butter,Dairy & Breakfast,Bora-Thakkar,878.17,20.0,7,1405.08
8737295686,490602,3,549.47,Sugar,Grocery & Staples,Raghavan Inc,646.44,15.0,365,1648.41
7997347191,803607,3,949.73,Soap,Personal Care,"Kadakia, Mohan and Sathe",1461.12,35.0,365,2849.19
1930645698,140489,3,650.2,Soap,Personal Care,"Biswas, Kapoor and Patel",1000.31,35.0,365,1950.6000000000001
5393373590,112390,2,877.98,Toothpaste,Personal Care,"Kibe, Contractor and Randhawa",1350.74,35.0,365,1755.96
5851854765,587645,2,801.81,Vitamins,Pharmacy,"Sura, Pillay and Mammen",1002.26,20.0,365,1603.62
3765179520,373536,1,494.17,Dog Food,Pet Care,Chauhan-Sabharwal,760.26,35.0,365,494.17
683969424,540618,3,317.05,Popcorn,Snacks & Munchies,Golla-Luthra,487.77,35.0,90,951.1500000000001
8459624382,602241,3,976.55,Nuts,Snacks & Munchies,Bahl-Pau,1502.38,35.0,90,2929.6499999999996
7110044004,298985,1,183.76,Vitamins,Pharmacy,"Ramanathan, Joshi and Srinivasan",229.7,20.0,365,183.76
4302375314,942001,2,671.55,Cat Food,Pet Care,Acharya Ltd,1033.15,35.0,365,1343.1
1245307588,669378,2,212.14,Potatoes,Fruits & Vegetables,Chadha and Sons,282.85,25.0,3,424.28
3876260101,451933,1,568.94,Wheat Flour,Grocery & Staples,Nadig Ltd,669.34,15.0,365,568.94
3162263618,94225,3,77.11,Toilet Cleaner,Household Care,"Gulati, Ram and Sarkar",102.81,25.0,365,231.32999999999998
655792395,798639,1,211.25,Eggs,Dairy & Breakfast,Subramaniam LLC,264.06,20.0,7,211.25
7624743284,257719,3,281.73,Eggs,Dairy & Breakfast,Chaudhuri PLC,352.16,20.0,7,845.19
4783962671,272170,1,140.8,Ice Cream,Instant & Frozen Food,Purohit Group,234.67,40.0,180,140.8
7166787473,425341,2,486.28,Pet Treats,Pet Care,"Mani, Dhar and Muni",748.12,35.0,365,972.56
9395228070,52729,2,316.02,Cat Food,Pet Care,Saini LLC,486.18,35.0,365,632.04
902157975,440875,1,275.03,Baby Wipes,Baby Care,Loyal Inc,392.9,30.0,365,275.03
6947741744,272170,2,140.8,Ice Cream,Instant & Frozen Food,Purohit Group,234.67,40.0,180,281.6
4788498083,451812,2,530.85,Pain Reliever,Pharmacy,"Batra, Sant and Mandal",663.56,20.0,365,1061.7
8070127087,120532,2,697.53,Wheat Flour,Grocery & Staples,Nazareth Ltd,820.62,15.0,365,1395.06
5191429552,734789,3,395.82,Popcorn,Snacks & Munchies,"Chaudhari, Pant and Singh",608.95,35.0,90,1187.46
5220651138,448752,2,160.07,Toilet Cleaner,Household Care,Batta-Doctor,213.43,25.0,365,320.14
2758734705,563740,3,96.33,Chips,Snacks & Munchies,Mann-Kapadia,148.2,35.0,90,288.99
2907887532,937542,1,97.04,Wheat Flour,Grocery & Staples,Khurana and Sons,114.16,15.0,365,97.04
7388846009,561860,2,874.78,Orange Juice,Cold Drinks & Juices,Gupta Ltd,1249.69,30.0,180,1749.56
2606843929,354409,1,325.08,Pulses,Grocery & Staples,Bose-Pandit,382.45,15.0,365,325.08
5637567433,513199,2,422.23,Cola,Cold Drinks & Juices,Rastogi Inc,603.19,30.0,180,844.46
8838095431,592784,1,280.35,Biscuits,Snacks & Munchies,"Andra, Mander and Kari",431.31,35.0,90,280.35
1564649286,425341,3,486.28,Pet Treats,Pet Care,"Mani, Dhar and Muni",748.12,35.0,365,1458.84
4098166849,771228,2,83.18,Pet Treats,Pet Care,Raja and Sons,127.97,35.0,365,166.36
8091143423,611575,3,482.06,Frozen Pizza,Instant & Frozen Food,"Bhat, Nigam and Hayer",803.43,40.0,180,1446.18
3024045336,600767,2,722.42,Toothpaste,Personal Care,Balan Group,1111.42,35.0,365,1444.84
6152984028,153019,2,947.95,Onions,Fruits & Vegetables,Aurora LLC,1263.93,25.0,3,1895.9
3450790653,803607,3,949.73,Soap,Personal Care,"Kadakia, Mohan and Sathe",1461.12,35.0,365,2849.19
8028917900,491521,1,556.35,Nuts,Snacks & Munchies,Karpe Inc,855.92,35.0,90,556.35
7781884407,196719,3,217.5,Bananas,Fruits & Vegetables,Yogi Group,290.0,25.0,3,652.5
3483689828,9436,2,88.43,Toothpaste,Personal Care,Naidu PLC,136.05,35.0,365,176.86
8341286014,767398,3,22.14,Dish Soap,Household Care,"Arya, Sundaram and Pingle",29.52,25.0,365,66.42
7936106887,367391,2,939.55,Baby Wipes,Baby Care,Talwar and Sons,1342.21,30.0,365,1879.1
2247354978,589812,2,163.03,Detergent,Household Care,Bir PLC,217.37,25.0,365,326.06
5347701114,337168,2,545.49,Eggs,Dairy & Breakfast,Dasgupta PLC,681.86,20.0,7,1090.98
7846068436,914071,3,296.94,Chips,Snacks & Munchies,Datta Ltd,456.83,35.0,90,890.8199999999999
9893439302,14145,2,630.84,Spinach,Fruits & Vegetables,"Thakur, Shah and Pingle",841.12,25.0,3,1261.68
4160816433,34186,2,925.65,Mangoes,Fruits & Vegetables,Mandal-Kar,1234.2,25.0,3,1851.3
6000890622,33955,3,186.08,Frozen Pizza,Instant & Frozen Food,Baral Group,310.13,40.0,180,558.24
7317676958,667163,1,441.2,Orange Juice,Cold Drinks & Juices,Palla LLC,630.29,30.0,180,441.2
8620144614,123983,2,785.67,Cough Syrup,Pharmacy,Kurian-Chhabra,982.09,20.0,365,1571.34
3940758882,136533,2,826.21,Eggs,Dairy & Breakfast,"Raghavan, Magar and Shanker",1032.76,20.0,7,1652.42
5216555041,914071,1,296.94,Chips,Snacks & Munchies,Datta Ltd,456.83,35.0,90,296.94
5144793312,937542,1,97.04,Wheat Flour,Grocery & Staples,Khurana and Sons,114.16,15.0,365,97.04
7241413847,684939,3,727.95,Lotion,Personal Care,"Sibal, Bhatnagar and Rajan",1119.92,35.0,365,2183.8500000000004
3567610983,337168,2,545.49,Eggs,Dairy & Breakfast,Dasgupta PLC,681.86,20.0,7,1090.98
16878685,432617,2,863.18,Baby Wipes,Baby Care,Dora-Pillai,1233.11,30.0,365,1726.36
951657166,679321,3,738.46,Cola,Cold Drinks & Juices,Khurana-Dewan,1054.94,30.0,180,2215.38
4189022307,968887,1,40.7,Dish Soap,Household Care,Keer-Gill,54.27,25.0,365,40.7
7378521428,833557,3,422.87,Cereal,Dairy & Breakfast,"Gole, Chand and Dada",528.59,20.0,7,1268.6100000000001
6266311709,644847,3,622.81,Salt,Grocery & Staples,"Jhaveri, Kata and Kapur",732.72,15.0,365,1868.4299999999998
7985347262,15314,2,578.85,Cheese,Dairy & Breakfast,Banik-Ratta,723.56,20.0,7,1157.7
992764262,324809,3,608.0,Bread,Dairy & Breakfast,Sidhu PLC,760.0,20.0,7,1824.0
3080291353,888807,2,230.58,Bread,Dairy & Breakfast,Arya Group,288.23,20.0,7,461.16
5532188237,131136,1,37.8,Salt,Grocery & Staples,Deshpande-Rama,44.47,15.0,365,37.8
6814658453,661577,2,720.95,Cat Food,Pet Care,Majumdar PLC,1109.15,35.0,365,1441.9
4861499558,615545,3,448.16,Soap,Personal Care,Barman Inc,689.48,35.0,365,1344.48
2521042570,516376,3,877.43,Onions,Fruits & Vegetables,Agarwal-Dhar,1169.91,25.0,3,2632.29
5217781278,34200,3,319.8,Lotion,Personal Care,Munshi-Grewal,492.0,35.0,365,959.4000000000001
8006034379,807452,1,144.19,Pulses,Grocery & Staples,Naik Ltd,169.64,15.0,365,144.19
7380913411,723678,2,675.46,Dog Food,Pet Care,"Lall, Datta and Swamy",1039.17,35.0,365,1350.92
7706841114,461804,3,310.69,Sugar,Grocery & Staples,"Ghose, Ben and Divan",365.52,15.0,365,932.0699999999999
1561779937,367391,1,939.55,Baby Wipes,Baby Care,Talwar and Sons,1342.21,30.0,365,939.55
7196559586,77308,2,223.27,Onions,Fruits & Vegetables,Ratta-Sagar,297.69,25.0,3,446.54
2359961993,500633,2,154.5,Cereal,Dairy & Breakfast,Trivedi-Ahluwalia,193.12,20.0,7,309.0
243819964,880510,3,951.43,Bread,Dairy & Breakfast,Roy-Char,1189.29,20.0,7,2854.29
4806735178,677169,2,261.03,Cough Syrup,Pharmacy,Char-Divan,326.29,20.0,365,522.06
9198762300,131937,2,287.81,Frozen Pizza,Instant & Frozen Food,"Varkey, Devi and Ganguly",479.68,40.0,180,575.62
1105231941,585299,1,799.46,Pet Treats,Pet Care,"Sharma, Chandra and Prashad",1229.94,35.0,365,799.46
5533955218,552496,2,508.0,Dish Soap,Household Care,Dhar PLC,677.33,25.0,365,1016.0
5130246751,33797,1,888.12,Pain Reliever,Pharmacy,Gaba LLC,1110.15,20.0,365,888.12
4528445001,689769,2,46.62,Frozen Vegetables,Instant & Frozen Food,Kothari-Datta,77.7,40.0,180,93.24
9503959018,473929,1,440.19,Carrots,Fruits & Vegetables,"Bhardwaj, Bhatia and Deshmukh",586.92,25.0,3,440.19
4107052604,306177,2,769.24,Frozen Biryani,Instant & Frozen Food,Som Inc,1282.07,40.0,180,1538.48
5578822558,298985,3,183.76,Vitamins,Pharmacy,"Ramanathan, Joshi and Srinivasan",229.7,20.0,365,551.28
5506634472,894539,1,445.48,Dish Soap,Household Care,"Pall, Sule and Sood",593.97,25.0,365,445.48
4112426763,41853,1,910.44,Curd,Dairy & Breakfast,Handa PLC,1138.05,20.0,7,910.44
7157334145,18035,3,968.94,Dish Soap,Household Care,Ramesh Inc,1291.92,25.0,365,2906.82
8423458672,491521,1,556.35,Nuts,Snacks & Munchies,Karpe Inc,855.92,35.0,90,556.35
3011683470,712307,1,264.89,Orange Juice,Cold Drinks & Juices,Chana LLC,378.41,30.0,180,264.89
1884947290,455083,2,959.01,Butter,Dairy & Breakfast,Dutta Inc,1198.76,20.0,7,1918.02
558163882,585299,2,799.46,Pet Treats,Pet Care,"Sharma, Chandra and Prashad",1229.94,35.0,365,1598.92
824869105,376447,2,724.84,Butter,Dairy & Breakfast,Gara and Sons,906.05,20.0,7,1449.68
4193492511,51036,2,931.61,Baby Food,Baby Care,Karnik PLC,1330.87,30.0,365,1863.22
120996684,690565,2,951.27,Cookies,Snacks & Munchies,"Roy, Seth and Patla",1463.49,35.0,90,1902.54
2531932780,726958,3,887.48,Cat Food,Pet Care,Doctor-Patla,1365.35,35.0,365,2662.44
8095547865,89084,2,598.83,Milk,Dairy & Breakfast,"Wali, Virk and Iyer",748.54,20.0,7,1197.66
6894204435,992178,3,632.43,Pain Reliever,Pharmacy,Basu and Sons,790.54,20.0,365,1897.29
9514917126,425341,2,486.28,Pet Treats,Pet Care,"Mani, Dhar and Muni",748.12,35.0,365,972.56
9329665908,140154,2,171.2,Shampoo,Personal Care,Malhotra LLC,263.38,35.0,365,342.4
1435406360,723678,3,675.46,Dog Food,Pet Care,"Lall, Datta and Swamy",1039.17,35.0,365,2026.38
3460843508,883013,3,989.88,Eggs,Dairy & Breakfast,Chahal Group,1237.35,20.0,7,2969.64
4762084133,433521,3,321.33,Diapers,Baby Care,Mahal Group,459.04,30.0,365,963.99
3884862300,712003,1,671.68,Cola,Cold Drinks & Juices,"Karan, Bandi and Acharya",959.54,30.0,180,671.68
1990946411,237083,1,577.13,Cough Syrup,Pharmacy,Hayer-Banerjee,721.41,20.0,365,577.13
5054937065,552496,2,508.0,Dish Soap,Household Care,Dhar PLC,677.33,25.0,365,1016.0
9431652023,63769,1,878.07,Lotion,Personal Care,Dalal-Shan,1350.88,35.0,365,878.07
2268736598,243235,1,109.03,Cat Food,Pet Care,Batta Inc,167.74,35.0,365,109.03
2793638565,120532,2,697.53,Wheat Flour,Grocery & Staples,Nazareth Ltd,820.62,15.0,365,1395.06
4168839407,487065,2,374.68,Chips,Snacks & Munchies,Kadakia-Yadav,576.43,35.0,90,749.36
7406514357,611575,2,482.06,Frozen Pizza,Instant & Frozen Food,"Bhat, Nigam and Hayer",803.43,40.0,180,964.12
6087916798,557908,3,942.37,Vitamins,Pharmacy,Sundaram Inc,1177.96,20.0,365,2827.11
4319962076,644847,2,622.81,Salt,Grocery & Staples,"Jhaveri, Kata and Kapur",732.72,15.0,365,1245.62
3904134741,120385,1,597.91,Pet Treats,Pet Care,Dubey-Sarin,919.86,35.0,365,597.91
3770123374,753354,1,423.56,Shampoo,Personal Care,Sant-Mahajan,651.63,35.0,365,423.56
4494390731,714999,1,882.51,Bread,Dairy & Breakfast,Kala Group,1103.14,20.0,7,882.51
6109777696,378230,3,166.42,Nuts,Snacks & Munchies,Kala-Vig,256.03,35.0,90,499.26
1401372388,679321,3,738.46,Cola,Cold Drinks & Juices,Khurana-Dewan,1054.94,30.0,180,2215.38
4283973398,361361,2,826.21,Biscuits,Snacks & Munchies,"Kunda, Dave and Sahni",1271.09,35.0,90,1652.42
3261847147,455755,1,44.09,Detergent,Household Care,Mangal-Sathe,58.79,25.0,365,44.09
3153811191,739534,3,994.56,Toilet Cleaner,Household Care,"Gera, Narang and Karpe",1326.08,25.0,365,2983.68
2639216409,120532,3,697.53,Wheat Flour,Grocery & Staples,Nazareth Ltd,820.62,15.0,365,2092.59
5948575331,487931,2,709.08,Sugar,Grocery & Staples,"Bahl, Jaggi and Nath",834.21,15.0,365,1418.16
7792925364,968887,1,40.7,Dish Soap,Household Care,Keer-Gill,54.27,25.0,365,40.7
7286478750,871592,2,870.29,Carrots,Fruits & Vegetables,"Shankar, Nadkarni and Kumer",1160.39,25.0,3,1740.58
9776505630,672059,3,672.73,Toothpaste,Personal Care,Kaur-Gola,1034.97,35.0,365,2018.19
4527342708,57405,2,607.67,Baby Food,Baby Care,Srinivas PLC,868.1,30.0,365,1215.34
1124359689,799952,1,922.64,Cheese,Dairy & Breakfast,Padmanabhan-Virk,1153.3,20.0,7,922.64
3717458742,56589,2,517.77,Vitamins,Pharmacy,"Pai, Kashyap and Ramachandran",647.21,20.0,365,1035.54
283675535,53833,3,134.69,Rice,Grocery & Staples,Tella-Master,158.46,15.0,365,404.07
6039353394,692985,1,197.39,Pulses,Grocery & Staples,"Wable, Sankaran and Hari",232.22,15.0,365,197.39
6735917931,264803,1,995.98,Vitamins,Pharmacy,Gole-Doshi,1244.97,20.0,365,995.98
5155256671,679865,2,347.91,Wheat Flour,Grocery & Staples,Memon-Barad,409.31,15.0,365,695.82
3984108726,832348,3,831.43,Biscuits,Snacks & Munchies,Jani-Ram,1279.12,35.0,90,2494.29
2491374111,762527,2,690.08,Biscuits,Snacks & Munchies,"Chad, Yohannan and Chopra",1061.66,35.0,90,1380.16
2043371805,784673,3,491.39,Dog Food,Pet Care,Ramanathan Group,755.98,35.0,365,1474.17
9657782153,89084,3,598.83,Milk,Dairy & Breakfast,"Wali, Virk and Iyer",748.54,20.0,7,1796.4900000000002
9237289778,219598,1,367.08,Shampoo,Personal Care,Arora-Magar,564.74,35.0,365,367.08
8917116859,34186,1,925.65,Mangoes,Fruits & Vegetables,Mandal-Kar,1234.2,25.0,3,925.65
720578658,382511,2,702.54,Butter,Dairy & Breakfast,Bora-Thakkar,878.17,20.0,7,1405.08
9122210530,567671,3,418.48,Biscuits,Snacks & Munchies,Nagar LLC,643.82,35.0,90,1255.44
3540524256,349294,2,934.75,Onions,Fruits & Vegetables,Ganesan Ltd,1246.33,25.0,3,1869.5
1909520255,361361,3,826.21,Biscuits,Snacks & Munchies,"Kunda, Dave and Sahni",1271.09,35.0,90,2478.63
8022279737,784827,1,274.25,Baby Wipes,Baby Care,Balakrishnan Ltd,391.79,30.0,365,274.25
7381549355,4452,2,169.88,Baby Wipes,Baby Care,Morar-Mistry,242.69,30.0,365,339.76
3998829973,491521,1,556.35,Nuts,Snacks & Munchies,Karpe Inc,855.92,35.0,90,556.35
2895464675,589812,2,163.03,Detergent,Household Care,Bir PLC,217.37,25.0,365,326.06
3971098657,818990,3,163.55,Tomatoes,Fruits & Vegetables,Dugar Group,218.07,25.0,3,490.65000000000003
5278249111,951463,2,787.4,Pet Treats,Pet Care,Balakrishnan-Kaur,1211.38,35.0,365,1574.8
9810576443,681063,2,321.28,Mango Drink,Cold Drinks & Juices,Dass and Sons,458.97,30.0,180,642.56
4128844410,741341,2,923.84,Eggs,Dairy & Breakfast,Prasad LLC,1154.8,20.0,7,1847.68
6103869123,589812,3,163.03,Detergent,Household Care,Bir PLC,217.37,25.0,365,489.09000000000003
6595041423,183929,2,738.74,Bread,Dairy & Breakfast,"Nagi, Sampath and Khurana",923.42,20.0,7,1477.48
3991011923,726958,1,887.48,Cat Food,Pet Care,Doctor-Patla,1365.35,35.0,365,887.48
5275440923,969851,3,340.66,Frozen Vegetables,Instant & Frozen Food,"Kara, Sodhi and Bassi",567.77,40.0,180,1021.98
6468633344,15314,2,578.85,Cheese,Dairy & Breakfast,Banik-Ratta,723.56,20.0,7,1157.7
9992859795,196719,2,217.5,Bananas,Fruits & Vegetables,Yogi Group,290.0,25.0,3,435.0
7518488485,140489,3,650.2,Soap,Personal Care,"Biswas, Kapoor and Patel",1000.31,35.0,365,1950.6000000000001
9746950023,952168,3,236.95,Popcorn,Snacks & Munchies,"Krishnamurthy, Sibal and Das",364.54,35.0,90,710.8499999999999
2721433550,217710,2,58.59,Eggs,Dairy & Breakfast,Rout-Sarna,73.24,20.0,7,117.18
6131680348,123983,1,785.67,Cough Syrup,Pharmacy,Kurian-Chhabra,982.09,20.0,365,785.67
2281544500,217710,1,58.59,Eggs,Dairy & Breakfast,Rout-Sarna,73.24,20.0,7,58.59
4283802879,305754,1,979.99,Frozen Vegetables,Instant & Frozen Food,Mammen-Hegde,1633.32,40.0,180,979.99
8621732366,256051,1,400.92,Lotion,Personal Care,"Mannan, Naidu and Sama",616.8,35.0,365,400.92
3797679856,118820,2,12.32,Iced Tea,Cold Drinks & Juices,"Warrior, Ravel and Amble",17.6,30.0,180,24.64
8532100929,726958,3,887.48,Cat Food,Pet Care,Doctor-Patla,1365.35,35.0,365,2662.44
2973976544,39154,1,946.86,Mangoes,Fruits & Vegetables,"Suresh, Bose and Bajwa",1262.48,25.0,3,946.86
814260962,15314,1,578.85,Cheese,Dairy & Breakfast,Banik-Ratta,723.56,20.0,7,578.85
9411848231,183929,2,738.74,Bread,Dairy & Breakfast,"Nagi, Sampath and Khurana",923.42,20.0,7,1477.48
6637284724,721521,2,417.39,Rice,Grocery & Staples,"Ramanathan, Agarwal and Baria",491.05,15.0,365,834.78
6497594124,487065,1,374.68,Chips,Snacks & Munchies,Kadakia-Yadav,576.43,35.0,90,374.68
7213146086,287070,2,443.17,Wheat Flour,Grocery & Staples,"Gala, Magar and Rajagopal",521.38,15.0,365,886.34
5110274761,373536,1,494.17,Dog Food,Pet Care,Chauhan-Sabharwal,760.26,35.0,365,494.17
1112110363,566052,1,87.3,Pain Reliever,Pharmacy,"Apte, Soman and Raju",109.12,20.0,365,87.3
1209202931,219598,2,367.08,Shampoo,Personal Care,Arora-Magar,564.74,35.0,365,734.16
6384745391,39154,3,946.86,Mangoes,Fruits & Vegetables,"Suresh, Bose and Bajwa",1262.48,25.0,3,2840.58
3367452972,611575,1,482.06,Frozen Pizza,Instant & Frozen Food,"Bhat, Nigam and Hayer",803.43,40.0,180,482.06
2317597587,894539,3,445.48,Dish Soap,Household Care,"Pall, Sule and Sood",593.97,25.0,365,1336.44
2254884198,970529,2,827.44,Diapers,Baby Care,"Kurian, Patla and Sanghvi",1182.06,30.0,365,1654.88
679196318,799952,3,922.64,Cheese,Dairy & Breakfast,Padmanabhan-Virk,1153.3,20.0,7,2767.92
2185319815,433521,1,321.33,Diapers,Baby Care,Mahal Group,459.04,30.0,365,321.33
5965281449,39154,1,946.86,Mangoes,Fruits & Vegetables,"Suresh, Bose and Bajwa",1262.48,25.0,3,946.86
8616726869,217710,2,58.59,Eggs,Dairy & Breakfast,Rout-Sarna,73.24,20.0,7,117.18
4786027510,33955,3,186.08,Frozen Pizza,Instant & Frozen Food,Baral Group,310.13,40.0,180,558.24
4910445344,444361,2,822.63,Pain Reliever,Pharmacy,"Prakash, Bawa and Kale",1028.29,20.0,365,1645.26
7629577899,613942,1,545.0,Pet Treats,Pet Care,"Dyal, Saraf and Goel",838.46,35.0,365,545.0
4769055037,82484,2,914.88,Baby Food,Baby Care,Mallick PLC,1306.97,30.0,365,1829.76
8476029654,734789,2,395.82,Popcorn,Snacks & Munchies,"Chaudhari, Pant and Singh",608.95,35.0,90,791.64
7809866112,491521,1,556.35,Nuts,Snacks & Munchies,Karpe Inc,855.92,35.0,90,556.35
5453896364,803607,2,949.73,Soap,Personal Care,"Kadakia, Mohan and Sathe",1461.12,35.0,365,1899.46
9080432189,140489,2,650.2,Soap,Personal Care,"Biswas, Kapoor and Patel",1000.31,35.0,365,1300.4
3079758919,451933,1,568.94,Wheat Flour,Grocery & Staples,Nadig Ltd,669.34,15.0,365,568.94
4076039325,832348,1,831.43,Biscuits,Snacks & Munchies,Jani-Ram,1279.12,35.0,90,831.43
9239241275,880510,3,951.43,Bread,Dairy & Breakfast,Roy-Char,1189.29,20.0,7,2854.29
4864829217,136533,2,826.21,Eggs,Dairy & Breakfast,"Raghavan, Magar and Shanker",1032.76,20.0,7,1652.42
5108704843,57405,2,607.67,Baby Food,Baby Care,Srinivas PLC,868.1,30.0,365,1215.34
8049805410,378287,3,332.84,Lemonade,Cold Drinks & Juices,Ramesh-Jain,475.49,30.0,180,998.52
4711642504,349294,2,934.75,Onions,Fruits & Vegetables,Ganesan Ltd,1246.33,25.0,3,1869.5
8952094523,654623,2,422.14,Chips,Snacks & Munchies,Pradhan and Sons,649.45,35.0,90,844.28
4285784267,36412,3,397.68,Dish Soap,Household Care,Muni-Shankar,530.24,25.0,365,1193.04
7494670835,970529,2,827.44,Diapers,Baby Care,"Kurian, Patla and Sanghvi",1182.06,30.0,365,1654.88
7667090453,448752,1,160.07,Toilet Cleaner,Household Care,Batta-Doctor,213.43,25.0,365,160.07
2193572534,378287,1,332.84,Lemonade,Cold Drinks & Juices,Ramesh-Jain,475.49,30.0,180,332.84
5357089776,490939,3,80.25,Lotion,Personal Care,"Roy, Barad and De",123.46,35.0,365,240.75
1191016829,435929,3,856.89,Toilet Cleaner,Household Care,Memon Ltd,1142.52,25.0,365,2570.67
549484032,903336,2,551.88,Pulses,Grocery & Staples,"Vaidya, Amble and Palla",649.27,15.0,365,1103.76
8164076900,991434,2,237.62,Cookies,Snacks & Munchies,Mital-Oza,365.57,35.0,90,475.24
7136165651,336847,3,936.98,Toilet Cleaner,Household Care,"Dayal, Mammen and More",1249.31,25.0,365,2810.94
5368349643,487931,3,709.08,Sugar,Grocery & Staples,"Bahl, Jaggi and Nath",834.21,15.0,365,2127.2400000000002
6965901435,94225,3,77.11,Toilet Cleaner,Household Care,"Gulati, Ram and Sarkar",102.81,25.0,365,231.32999999999998
6687307827,706112,2,478.79,Vitamins,Pharmacy,"Magar, Gara and Garg",598.49,20.0,365,957.58
475294138,63769,2,878.07,Lotion,Personal Care,Dalal-Shan,1350.88,35.0,365,1756.14
9047534059,673058,3,765.76,Cough Syrup,Pharmacy,Balan-Madan,957.2,20.0,365,2297.2799999999997
2807487047,992178,3,632.43,Pain Reliever,Pharmacy,Basu and Sons,790.54,20.0,365,1897.29
5840148195,613942,2,545.0,Pet Treats,Pet Care,"Dyal, Saraf and Goel",838.46,35.0,365,1090.0
3758135932,306177,3,769.24,Frozen Biryani,Instant & Frozen Food,Som Inc,1282.07,40.0,180,2307.7200000000003
1978476136,500633,2,154.5,Cereal,Dairy & Breakfast,Trivedi-Ahluwalia,193.12,20.0,7,309.0
423648434,863930,2,242.57,Shampoo,Personal Care,"Sathe, Agarwal and Dhar",373.18,35.0,365,485.14
7201868330,256783,3,906.54,Pet Treats,Pet Care,"Basu, Thakur and Rege",1394.68,35.0,365,2719.62
9710106935,587420,1,357.42,Cookies,Snacks & Munchies,Raj and Sons,549.88,35.0,90,357.42
4432235479,243235,1,109.03,Cat Food,Pet Care,Batta Inc,167.74,35.0,365,109.03
6951956244,473929,2,440.19,Carrots,Fruits & Vegetables,"Bhardwaj, Bhatia and Deshmukh",586.92,25.0,3,880.38
378485826,555121,1,354.91,Carrots,Fruits & Vegetables,"Subramanian, Chaudhuri and Dora",473.21,25.0,3,354.91
8982211913,992178,1,632.43,Pain Reliever,Pharmacy,Basu and Sons,790.54,20.0,365,632.43
6487868576,726958,3,887.48,Cat Food,Pet Care,Doctor-Patla,1365.35,35.0,365,2662.44
2973502797,51036,2,931.61,Baby Food,Baby Care,Karnik PLC,1330.87,30.0,365,1863.22
4105022903,726958,3,887.48,Cat Food,Pet Care,Doctor-Patla,1365.35,35.0,365,2662.44
3668828731,34200,1,319.8,Lotion,Personal Care,Munshi-Grewal,492.0,35.0,365,319.8
8644734267,659290,1,319.34,Cheese,Dairy & Breakfast,Kapadia-D’Alia,399.17,20.0,7,319.34
3757871565,847349,2,781.08,Potatoes,Fruits & Vegetables,Chhabra-Agrawal,1041.44,25.0,3,1562.16
5770510806,306177,3,769.24,Frozen Biryani,Instant & Frozen Food,Som Inc,1282.07,40.0,180,2307.7200000000003
4514836077,739448,2,755.66,Dish Soap,Household Care,Mand-Choudhry,1007.55,25.0,365,1511.32
5927852227,51036,2,931.61,Baby Food,Baby Care,Karnik PLC,1330.87,30.0,365,1863.22
350719542,555121,2,354.91,Carrots,Fruits & Vegetables,"Subramanian, Chaudhuri and Dora",473.21,25.0,3,709.82
868288823,962591,3,130.01,Orange Juice,Cold Drinks & Juices,Murthy-Kaul,185.73,30.0,180,390.03
7199670826,491521,1,556.35,Nuts,Snacks & Munchies,Karpe Inc,855.92,35.0,90,556.35
3091948113,336847,2,936.98,Toilet Cleaner,Household Care,"Dayal, Mammen and More",1249.31,25.0,365,1873.96
5793742966,361361,3,826.21,Biscuits,Snacks & Munchies,"Kunda, Dave and Sahni",1271.09,35.0,90,2478.63
7347109009,992178,2,632.43,Pain Reliever,Pharmacy,Basu and Sons,790.54,20.0,365,1264.86
7078912146,837480,3,217.4,Cough Syrup,Pharmacy,Edwin and Sons,271.75,20.0,365,652.2
2480856222,107548,1,891.6,Cola,Cold Drinks & Juices,"Bhandari, Bhasin and Palan",1273.71,30.0,180,891.6
281421547,760684,2,71.6,Rice,Grocery & Staples,Kanda-Gupta,84.24,15.0,365,143.2
5226963306,564692,2,215.65,Cat Food,Pet Care,"Krishna, Bail and Dyal",331.77,35.0,365,431.3
7316642056,684939,3,727.95,Lotion,Personal Care,"Sibal, Bhatnagar and Rajan",1119.92,35.0,365,2183.8500000000004
8997415290,883013,2,989.88,Eggs,Dairy & Breakfast,Chahal Group,1237.35,20.0,7,1979.76
6737025662,848226,1,209.59,Tomatoes,Fruits & Vegetables,Barad and Sons,279.45,25.0,3,209.59
8395290763,291238,1,746.03,Chocolates,Snacks & Munchies,"Sinha, Pau and Chhabra",1147.74,35.0,90,746.03
7261119579,690565,1,951.27,Cookies,Snacks & Munchies,"Roy, Seth and Patla",1463.49,35.0,90,951.27
9938037878,298985,3,183.76,Vitamins,Pharmacy,"Ramanathan, Joshi and Srinivasan",229.7,20.0,365,551.28
7154987905,871592,1,870.29,Carrots,Fruits & Vegetables,"Shankar, Nadkarni and Kumer",1160.39,25.0,3,870.29
3605534244,373536,2,494.17,Dog Food,Pet Care,Chauhan-Sabharwal,760.26,35.0,365,988.34
5626601040,53833,2,134.69,Rice,Grocery & Staples,Tella-Master,158.46,15.0,365,269.38
2577064886,478531,1,825.46,Carrots,Fruits & Vegetables,Uppal Group,1100.61,25.0,3,825.46
2561362173,243235,2,109.03,Cat Food,Pet Care,Batta Inc,167.74,35.0,365,218.06
2793120553,397973,1,728.73,Bananas,Fruits & Vegetables,"Wable, Randhawa and Mutti",971.64,25.0,3,728.73
4476563699,153019,2,947.95,Onions,Fruits & Vegetables,Aurora LLC,1263.93,25.0,3,1895.9
1580021952,327290,3,862.28,Sugar,Grocery & Staples,Nadkarni Inc,1014.45,15.0,365,2586.84
7263454149,739534,3,994.56,Toilet Cleaner,Household Care,"Gera, Narang and Karpe",1326.08,25.0,365,2983.68
4371924002,537274,2,702.71,Pet Treats,Pet Care,Lal-Chauhan,1081.09,35.0,365,1405.42
2955277471,120532,2,697.53,Wheat Flour,Grocery & Staples,Nazareth Ltd,820.62,15.0,365,1395.06
9445490338,94225,3,77.11,Toilet Cleaner,Household Care,"Gulati, Ram and Sarkar",102.81,25.0,365,231.32999999999998
2668915104,690565,1,951.27,Cookies,Snacks & Munchies,"Roy, Seth and Patla",1463.49,35.0,90,951.27
1045621584,669378,3,212.14,Potatoes,Fruits & Vegetables,Chadha and Sons,282.85,25.0,3,636.42
4550545705,136533,3,826.21,Eggs,Dairy & Breakfast,"Raghavan, Magar and Shanker",1032.76,20.0,7,2478.63
3373390154,240179,2,90.56,Cough Syrup,Pharmacy,Ram-Suri,113.2,20.0,365,181.12
5142985961,644847,3,622.81,Salt,Grocery & Staples,"Jhaveri, Kata and Kapur",732.72,15.0,365,1868.4299999999998
649220272,883013,2,989.88,Eggs,Dairy & Breakfast,Chahal Group,1237.35,20.0,7,1979.76
5023958886,337168,1,545.49,Eggs,Dairy & Breakfast,Dasgupta PLC,681.86,20.0,7,545.49
9993542681,880510,1,951.43,Bread,Dairy & Breakfast,Roy-Char,1189.29,20.0,7,951.43
4380367305,952168,1,236.95,Popcorn,Snacks & Munchies,"Krishnamurthy, Sibal and Das",364.54,35.0,90,236.95
3626113485,863930,2,242.57,Shampoo,Personal Care,"Sathe, Agarwal and Dhar",373.18,35.0,365,485.14
4399099668,354409,1,325.08,Pulses,Grocery & Staples,Bose-Pandit,382.45,15.0,365,325.08
3760880745,723678,1,675.46,Dog Food,Pet Care,"Lall, Datta and Swamy",1039.17,35.0,365,675.46
1803155516,378287,2,332.84,Lemonade,Cold Drinks & Juices,Ramesh-Jain,475.49,30.0,180,665.68
4413782983,799459,3,852.02,Vitamins,Pharmacy,"Garg, Kari and Kapur",1065.02,20.0,365,2556.06
6766424456,721521,1,417.39,Rice,Grocery & Staples,"Ramanathan, Agarwal and Baria",491.05,15.0,365,417.39
8701531535,219598,3,367.08,Shampoo,Personal Care,Arora-Magar,564.74,35.0,365,1101.24
3961971562,707935,2,820.9,Cat Food,Pet Care,"Anne, Mammen and Khatri",1262.92,35.0,365,1641.8
1337510774,848226,1,209.59,Tomatoes,Fruits & Vegetables,Barad and Sons,279.45,25.0,3,209.59
8859147707,123983,1,785.67,Cough Syrup,Pharmacy,Kurian-Chhabra,982.09,20.0,365,785.67
5850669672,611575,2,482.06,Frozen Pizza,Instant & Frozen Food,"Bhat, Nigam and Hayer",803.43,40.0,180,964.12
1183906926,706112,2,478.79,Vitamins,Pharmacy,"Magar, Gara and Garg",598.49,20.0,365,957.58
6277509652,942001,3,671.55,Cat Food,Pet Care,Acharya Ltd,1033.15,35.0,365,2014.6499999999999
72748189,36412,3,397.68,Dish Soap,Household Care,Muni-Shankar,530.24,25.0,365,1193.04
3164922639,537274,3,702.71,Pet Treats,Pet Care,Lal-Chauhan,1081.09,35.0,365,2108.13
1768504415,762527,3,690.08,Biscuits,Snacks & Munchies,"Chad, Yohannan and Chopra",1061.66,35.0,90,2070.2400000000002
8173155169,140489,1,650.2,Soap,Personal Care,"Biswas, Kapoor and Patel",1000.31,35.0,365,650.2
6164820061,237083,2,577.13,Cough Syrup,Pharmacy,Hayer-Banerjee,721.41,20.0,365,1154.26
768283559,771228,3,83.18,Pet Treats,Pet Care,Raja and Sons,127.97,35.0,365,249.54000000000002
5091744424,328457,1,858.57,Mango Drink,Cold Drinks & Juices,Hayre-Shere,1226.53,30.0,180,858.57
932482893,481843,1,297.68,Chocolates,Snacks & Munchies,"Taneja, Kala and Kota",457.97,35.0,90,297.68
4588148640,136533,3,826.21,Eggs,Dairy & Breakfast,"Raghavan, Magar and Shanker",1032.76,20.0,7,2478.63
8120457107,365133,2,915.45,Dish Soap,Household Care,Hans Inc,1220.6,25.0,365,1830.9
6107471725,859361,1,432.39,Shampoo,Personal Care,Mitter Group,665.22,35.0,365,432.39
7001417958,714999,2,882.51,Bread,Dairy & Breakfast,Kala Group,1103.14,20.0,7,1765.02
7983443604,124290,3,39.65,Lotion,Personal Care,Sachdev Group,61.0,35.0,365,118.94999999999999
3057907418,757274,2,98.32,Pet Treats,Pet Care,"Minhas, Kapoor and Sethi",151.26,35.0,365,196.64
3312147996,890232,3,432.0,Mango Drink,Cold Drinks & Juices,Jha Group,617.14,30.0,180,1296.0
6822269883,901144,3,340.36,Sugar,Grocery & Staples,Deo-Kamdar,400.42,15.0,365,1021.08
5004539711,451933,1,568.94,Wheat Flour,Grocery & Staples,Nadig Ltd,669.34,15.0,365,568.94
2426015858,487931,3,709.08,Sugar,Grocery & Staples,"Bahl, Jaggi and Nath",834.21,15.0,365,2127.2400000000002
4415332793,114414,1,832.06,Vitamins,Pharmacy,Kara-Golla,1040.07,20.0,365,832.06
1256813796,589812,3,163.03,Detergent,Household Care,Bir PLC,217.37,25.0,365,489.09000000000003
633633688,490939,2,80.25,Lotion,Personal Care,"Roy, Barad and De",123.46,35.0,365,160.5
8311814996,112390,3,877.98,Toothpaste,Personal Care,"Kibe, Contractor and Randhawa",1350.74,35.0,365,2633.94
1441735184,365132,3,229.38,Instant Noodles,Instant & Frozen Food,Dar-Kumar,382.3,40.0,180,688.14
1525742840,324809,3,608.0,Bread,Dairy & Breakfast,Sidhu PLC,760.0,20.0,7,1824.0
1947080315,883013,2,989.88,Eggs,Dairy & Breakfast,Chahal Group,1237.35,20.0,7,1979.76
5682081545,847349,3,781.08,Potatoes,Fruits & Vegetables,Chhabra-Agrawal,1041.44,25.0,3,2343.2400000000002
8100817128,623234,1,329.79,Frozen Biryani,Instant & Frozen Food,Chakrabarti-Batra,549.65,40.0,180,329.79
6051792089,767398,2,22.14,Dish Soap,Household Care,"Arya, Sundaram and Pingle",29.52,25.0,365,44.28
1158173915,451812,2,530.85,Pain Reliever,Pharmacy,"Batra, Sant and Mandal",663.56,20.0,365,1061.7
266072469,432617,3,863.18,Baby Wipes,Baby Care,Dora-Pillai,1233.11,30.0,365,2589.54
2529883737,760828,2,563.45,Pet Treats,Pet Care,"Khurana, Khosla and Yohannan",866.85,35.0,365,1126.9
9090089969,552883,1,888.16,Potatoes,Fruits & Vegetables,"Balan, Patel and Mall",1184.21,25.0,3,888.16
7102272749,592784,1,280.35,Biscuits,Snacks & Munchies,"Andra, Mander and Kari",431.31,35.0,90,280.35
4948925080,328457,2,858.57,Mango Drink,Cold Drinks & Juices,Hayre-Shere,1226.53,30.0,180,1717.14
9463013186,654297,3,13.25,Potatoes,Fruits & Vegetables,Chandran-Dass,17.67,25.0,3,39.75
5581013292,578097,1,267.61,Nuts,Snacks & Munchies,Jha Group,411.71,35.0,90,267.61
7009619835,67197,2,552.2,Butter,Dairy & Breakfast,Shetty-Bora,690.25,20.0,7,1104.4
9177283950,124290,3,39.65,Lotion,Personal Care,Sachdev Group,61.0,35.0,365,118.94999999999999
9359187866,833557,2,422.87,Cereal,Dairy & Breakfast,"Gole, Chand and Dada",528.59,20.0,7,845.74
1524480475,930284,1,189.47,Baby Food,Baby Care,"Garg, Saraf and Dutta",270.67,30.0,365,189.47
3829990099,435929,3,856.89,Toilet Cleaner,Household Care,Memon Ltd,1142.52,25.0,365,2570.67
1058609445,120532,2,697.53,Wheat Flour,Grocery & Staples,Nazareth Ltd,820.62,15.0,365,1395.06
1022764286,942001,1,671.55,Cat Food,Pet Care,Acharya Ltd,1033.15,35.0,365,671.55
1913299658,324809,1,608.0,Bread,Dairy & Breakfast,Sidhu PLC,760.0,20.0,7,608.0
5305443623,930284,1,189.47,Baby Food,Baby Care,"Garg, Saraf and Dutta",270.67,30.0,365,189.47
4074369199,642612,3,517.03,Pet Treats,Pet Care,Pillay-Ahuja,795.43,35.0,365,1551.09
9966404015,378230,2,166.42,Nuts,Snacks & Munchies,Kala-Vig,256.03,35.0,90,332.84
3192917514,667163,3,441.2,Orange Juice,Cold Drinks & Juices,Palla LLC,630.29,30.0,180,1323.6
1256718210,542300,2,255.35,Popcorn,Snacks & Munchies,Gulati-Tandon,392.85,35.0,90,510.7
6067839426,654297,3,13.25,Potatoes,Fruits & Vegetables,Chandran-Dass,17.67,25.0,3,39.75
2254923956,647462,1,326.42,Lotion,Personal Care,"Balan, Samra and Sekhon",502.18,35.0,365,326.42
7367673526,587645,3,801.81,Vitamins,Pharmacy,"Sura, Pillay and Mammen",1002.26,20.0,365,2405.43
9467422683,659290,3,319.34,Cheese,Dairy & Breakfast,Kapadia-D’Alia,399.17,20.0,7,958.02
819853692,709916,3,33.76,Detergent,Household Care,Varkey LLC,45.01,25.0,365,101.28
3070834475,435929,3,856.89,Toilet Cleaner,Household Care,Memon Ltd,1142.52,25.0,365,2570.67
3620552357,679865,1,347.91,Wheat Flour,Grocery & Staples,Memon-Barad,409.31,15.0,365,347.91
5938542755,329351,1,310.87,Cheese,Dairy & Breakfast,"Lala, Kalita and Sathe",388.59,20.0,7,310.87
9315535975,697683,3,123.74,Toilet Cleaner,Household Care,"Murty, Varghese and Saxena",164.99,25.0,365,371.21999999999997
3547873471,880510,1,951.43,Bread,Dairy & Breakfast,Roy-Char,1189.29,20.0,7,951.43
6546999829,120532,2,697.53,Wheat Flour,Grocery & Staples,Nazareth Ltd,820.62,15.0,365,1395.06
9039495201,677169,3,261.03,Cough Syrup,Pharmacy,Char-Divan,326.29,20.0,365,783.0899999999999
99708985,760684,2,71.6,Rice,Grocery & Staples,Kanda-Gupta,84.24,15.0,365,143.2
6312811061,689769,2,46.62,Frozen Vegetables,Instant & Frozen Food,Kothari-Datta,77.7,40.0,180,93.24
3915885220,14145,1,630.84,Spinach,Fruits & Vegetables,"Thakur, Shah and Pingle",841.12,25.0,3,630.84
6654736751,853932,1,941.19,Baby Wipes,Baby Care,Ranganathan-Peri,1344.56,30.0,365,941.19
841915361,26060,2,342.94,Vitamins,Pharmacy,Shah and Sons,428.67,20.0,365,685.88
2543233800,833557,2,422.87,Cereal,Dairy & Breakfast,"Gole, Chand and Dada",528.59,20.0,7,845.74
5271947935,77308,1,223.27,Onions,Fruits & Vegetables,Ratta-Sagar,297.69,25.0,3,223.27
6339554317,319388,3,657.8,Orange Juice,Cold Drinks & Juices,D’Alia-Dey,939.71,30.0,180,1973.3999999999999
1840475676,367391,1,939.55,Baby Wipes,Baby Care,Talwar and Sons,1342.21,30.0,365,939.55
6812031667,613942,1,545.0,Pet Treats,Pet Care,"Dyal, Saraf and Goel",838.46,35.0,365,545.0
3031698482,563740,2,96.33,Chips,Snacks & Munchies,Mann-Kapadia,148.2,35.0,90,192.66
7902025520,378676,1,881.42,Orange Juice,Cold Drinks & Juices,Baral-Kamdar,1259.17,30.0,180,881.42
1969446314,883013,2,989.88,Eggs,Dairy & Breakfast,Chahal Group,1237.35,20.0,7,1979.76
9949497098,566052,1,87.3,Pain Reliever,Pharmacy,"Apte, Soman and Raju",109.12,20.0,365,87.3
4572338018,256783,2,906.54,Pet Treats,Pet Care,"Basu, Thakur and Rege",1394.68,35.0,365,1813.08
2964153358,4452,1,169.88,Baby Wipes,Baby Care,Morar-Mistry,242.69,30.0,365,169.88
7642038633,41853,3,910.44,Curd,Dairy & Breakfast,Handa PLC,1138.05,20.0,7,2731.32
8208980848,26060,2,342.94,Vitamins,Pharmacy,Shah and Sons,428.67,20.0,365,685.88
3343789681,837480,1,217.4,Cough Syrup,Pharmacy,Edwin and Sons,271.75,20.0,365,217.4
9478305481,153019,2,947.95,Onions,Fruits & Vegetables,Aurora LLC,1263.93,25.0,3,1895.9
3475260976,642612,1,517.03,Pet Treats,Pet Care,Pillay-Ahuja,795.43,35.0,365,517.03
3665443705,585299,2,799.46,Pet Treats,Pet Care,"Sharma, Chandra and Prashad",1229.94,35.0,365,1598.92
673592541,952168,2,236.95,Popcorn,Snacks & Munchies,"Krishnamurthy, Sibal and Das",364.54,35.0,90,473.9
8074949320,328457,3,858.57,Mango Drink,Cold Drinks & Juices,Hayre-Shere,1226.53,30.0,180,2575.71
8056021378,240179,3,90.56,Cough Syrup,Pharmacy,Ram-Suri,113.2,20.0,365,271.68
2331582000,747801,1,277.76,Toilet Cleaner,Household Care,Saha-Vora,370.35,25.0,365,277.76
5844776722,305754,3,979.99,Frozen Vegetables,Instant & Frozen Food,Mammen-Hegde,1633.32,40.0,180,2939.9700000000003
8426465860,542300,2,255.35,Popcorn,Snacks & Munchies,Gulati-Tandon,392.85,35.0,90,510.7
9057555029,757274,2,98.32,Pet Treats,Pet Care,"Minhas, Kapoor and Sethi",151.26,35.0,365,196.64
2210486526,397973,1,728.73,Bananas,Fruits & Vegetables,"Wable, Randhawa and Mutti",971.64,25.0,3,728.73
6421432903,993331,2,102.44,Pulses,Grocery & Staples,"Parmer, Gola and Yogi",120.52,15.0,365,204.88
3562901354,298985,2,183.76,Vitamins,Pharmacy,"Ramanathan, Joshi and Srinivasan",229.7,20.0,365,367.52
8194268842,455083,1,959.01,Butter,Dairy & Breakfast,Dutta Inc,1198.76,20.0,7,959.01
7524467684,925482,2,475.04,Frozen Biryani,Instant & Frozen Food,Viswanathan-Sha,791.73,40.0,180,950.08
1254195766,690565,2,951.27,Cookies,Snacks & Munchies,"Roy, Seth and Patla",1463.49,35.0,90,1902.54
6476646153,880510,1,951.43,Bread,Dairy & Breakfast,Roy-Char,1189.29,20.0,7,951.43
8278568103,478531,3,825.46,Carrots,Fruits & Vegetables,Uppal Group,1100.61,25.0,3,2476.38
8589621333,839170,1,481.63,Curd,Dairy & Breakfast,Shetty and Sons,602.04,20.0,7,481.63
8531683720,34200,2,319.8,Lotion,Personal Care,Munshi-Grewal,492.0,35.0,365,639.6
327291657,317242,1,198.15,Pulses,Grocery & Staples,Rastogi Group,233.12,15.0,365,198.15
6159164139,563740,1,96.33,Chips,Snacks & Munchies,Mann-Kapadia,148.2,35.0,90,96.33
8029863164,376447,3,724.84,Butter,Dairy & Breakfast,Gara and Sons,906.05,20.0,7,2174.52
9387824629,367391,3,939.55,Baby Wipes,Baby Care,Talwar and Sons,1342.21,30.0,365,2818.6499999999996
3289836195,942001,2,671.55,Cat Food,Pet Care,Acharya Ltd,1033.15,35.0,365,1343.1
5001931575,449106,1,48.55,Soap,Personal Care,"Shere, Thakur and Naik",74.69,35.0,365,48.55
7258292820,540618,2,317.05,Popcorn,Snacks & Munchies,Golla-Luthra,487.77,35.0,90,634.1
4924862857,961614,2,227.22,Chocolates,Snacks & Munchies,Goda Inc,349.57,35.0,90,454.44
8666314034,962591,1,130.01,Orange Juice,Cold Drinks & Juices,Murthy-Kaul,185.73,30.0,180,130.01
6775326324,592784,3,280.35,Biscuits,Snacks & Munchies,"Andra, Mander and Kari",431.31,35.0,90,841.0500000000001
6092636899,739534,2,994.56,Toilet Cleaner,Household Care,"Gera, Narang and Karpe",1326.08,25.0,365,1989.12
4115558056,39154,2,946.86,Mangoes,Fruits & Vegetables,"Suresh, Bose and Bajwa",1262.48,25.0,3,1893.72
2352136184,328457,1,858.57,Mango Drink,Cold Drinks & Juices,Hayre-Shere,1226.53,30.0,180,858.57
1706445141,146840,1,786.85,Bread,Dairy & Breakfast,"Bains, Deol and Vaidya",983.56,20.0,7,786.85
9000165912,60619,2,726.41,Iced Tea,Cold Drinks & Juices,Bhasin LLC,1037.73,30.0,180,1452.82
7457305850,300159,2,44.35,Cola,Cold Drinks & Juices,"Basu, Rout and Mistry",63.36,30.0,180,88.7
9685973820,654623,1,422.14,Chips,Snacks & Munchies,Pradhan and Sons,649.45,35.0,90,422.14
168067196,563740,1,96.33,Chips,Snacks & Munchies,Mann-Kapadia,148.2,35.0,90,96.33
6105240201,432617,3,863.18,Baby Wipes,Baby Care,Dora-Pillai,1233.11,30.0,365,2589.54
1888247163,709916,2,33.76,Detergent,Household Care,Varkey LLC,45.01,25.0,365,67.52
7145162326,859361,3,432.39,Shampoo,Personal Care,Mitter Group,665.22,35.0,365,1297.17
7611231659,272170,2,140.8,Ice Cream,Instant & Frozen Food,Purohit Group,234.67,40.0,180,281.6
4508784747,120385,3,597.91,Pet Treats,Pet Care,Dubey-Sarin,919.86,35.0,365,1793.73
2567590825,112390,1,877.98,Toothpaste,Personal Care,"Kibe, Contractor and Randhawa",1350.74,35.0,365,877.98
9255982861,540618,3,317.05,Popcorn,Snacks & Munchies,Golla-Luthra,487.77,35.0,90,951.1500000000001
4102063254,525531,1,831.1,Dog Food,Pet Care,Sandal PLC,1278.62,35.0,365,831.1
7373931740,51036,2,931.61,Baby Food,Baby Care,Karnik PLC,1330.87,30.0,365,1863.22
5682816404,140489,2,650.2,Soap,Personal Care,"Biswas, Kapoor and Patel",1000.31,35.0,365,1300.4
544018743,611575,1,482.06,Frozen Pizza,Instant & Frozen Food,"Bhat, Nigam and Hayer",803.43,40.0,180,482.06
3292929952,378230,2,166.42,Nuts,Snacks & Munchies,Kala-Vig,256.03,35.0,90,332.84
9144790321,140154,2,171.2,Shampoo,Personal Care,Malhotra LLC,263.38,35.0,365,342.4
9075991438,444361,3,822.63,Pain Reliever,Pharmacy,"Prakash, Bawa and Kale",1028.29,20.0,365,2467.89
3634813810,9436,3,88.43,Toothpaste,Personal Care,Naidu PLC,136.05,35.0,365,265.29
8250406975,473647,3,43.05,Toothpaste,Personal Care,Ben-Ravi,66.23,35.0,365,129.14999999999998
5877618756,969851,3,340.66,Frozen Vegetables,Instant & Frozen Food,"Kara, Sodhi and Bassi",567.77,40.0,180,1021.98
2419292139,328457,1,858.57,Mango Drink,Cold Drinks & Juices,Hayre-Shere,1226.53,30.0,180,858.57
9547123332,901144,3,340.36,Sugar,Grocery & Staples,Deo-Kamdar,400.42,15.0,365,1021.08
6968636396,324809,3,608.0,Bread,Dairy & Breakfast,Sidhu PLC,760.0,20.0,7,1824.0
5247557644,473647,1,43.05,Toothpaste,Personal Care,Ben-Ravi,66.23,35.0,365,43.05
7731193394,891833,2,493.19,Curd,Dairy & Breakfast,Mani PLC,616.49,20.0,7,986.38
6048321120,925482,3,475.04,Frozen Biryani,Instant & Frozen Food,Viswanathan-Sha,791.73,40.0,180,1425.1200000000001
8494582006,51036,3,931.61,Baby Food,Baby Care,Karnik PLC,1330.87,30.0,365,2794.83
5600781757,112390,3,877.98,Toothpaste,Personal Care,"Kibe, Contractor and Randhawa",1350.74,35.0,365,2633.94
495091707,378287,1,332.84,Lemonade,Cold Drinks & Juices,Ramesh-Jain,475.49,30.0,180,332.84
3239613823,647462,1,326.42,Lotion,Personal Care,"Balan, Samra and Sekhon",502.18,35.0,365,326.42
3643352219,120532,3,697.53,Wheat Flour,Grocery & Staples,Nazareth Ltd,820.62,15.0,365,2092.59
2051599638,4452,2,169.88,Baby Wipes,Baby Care,Morar-Mistry,242.69,30.0,365,339.76
3514859549,274207,2,328.51,Cough Syrup,Pharmacy,"Savant, Batta and Mander",410.64,20.0,365,657.02
3907599008,658389,2,152.55,Popcorn,Snacks & Munchies,"Chanda, Som and Vohra",234.69,35.0,90,305.1
1534993603,537274,1,702.71,Pet Treats,Pet Care,Lal-Chauhan,1081.09,35.0,365,702.71
8980701254,219598,2,367.08,Shampoo,Personal Care,Arora-Magar,564.74,35.0,365,734.16
6695408903,34200,1,319.8,Lotion,Personal Care,Munshi-Grewal,492.0,35.0,365,319.8
3268455899,784827,1,274.25,Baby Wipes,Baby Care,Balakrishnan Ltd,391.79,30.0,365,274.25
7809161755,449106,1,48.55,Soap,Personal Care,"Shere, Thakur and Naik",74.69,35.0,365,48.55
8873697539,378287,2,332.84,Lemonade,Cold Drinks & Juices,Ramesh-Jain,475.49,30.0,180,665.68
8603941640,818522,1,96.09,Cheese,Dairy & Breakfast,Hora-Roy,120.11,20.0,7,96.09
8308184279,799459,1,852.02,Vitamins,Pharmacy,"Garg, Kari and Kapur",1065.02,20.0,365,852.02
7572826287,839170,2,481.63,Curd,Dairy & Breakfast,Shetty and Sons,602.04,20.0,7,963.26
7478396641,555121,1,354.91,Carrots,Fruits & Vegetables,"Subramanian, Chaudhuri and Dora",473.21,25.0,3,354.91
3569283921,183929,3,738.74,Bread,Dairy & Breakfast,"Nagi, Sampath and Khurana",923.42,20.0,7,2216.2200000000003
9947619677,689769,2,46.62,Frozen Vegetables,Instant & Frozen Food,Kothari-Datta,77.7,40.0,180,93.24
5396237918,901144,1,340.36,Sugar,Grocery & Staples,Deo-Kamdar,400.42,15.0,365,340.36
455878765,194682,3,912.29,Iced Tea,Cold Drinks & Juices,Sastry-Issac,1303.27,30.0,180,2736.87
2079195080,444361,3,822.63,Pain Reliever,Pharmacy,"Prakash, Bawa and Kale",1028.29,20.0,365,2467.89
6104211214,913428,3,392.22,Pet Treats,Pet Care,Narayanan-Kumar,603.42,35.0,365,1176.66
9442939134,723678,1,675.46,Dog Food,Pet Care,"Lall, Datta and Swamy",1039.17,35.0,365,675.46
3317293496,187399,3,53.49,Frozen Pizza,Instant & Frozen Food,Chauhan Inc,89.15,40.0,180,160.47
8243326501,968887,1,40.7,Dish Soap,Household Care,Keer-Gill,54.27,25.0,365,40.7
4109483569,669378,3,212.14,Potatoes,Fruits & Vegetables,Chadha and Sons,282.85,25.0,3,636.42
5390352336,847349,1,781.08,Potatoes,Fruits & Vegetables,Chhabra-Agrawal,1041.44,25.0,3,781.08
2581584982,953175,2,225.21,Baby Food,Baby Care,Sehgal-Nagarajan,321.73,30.0,365,450.42
1668737869,183929,1,738.74,Bread,Dairy & Breakfast,"Nagi, Sampath and Khurana",923.42,20.0,7,738.74
5046906329,36412,2,397.68,Dish Soap,Household Care,Muni-Shankar,530.24,25.0,365,795.36
2536833157,654623,1,422.14,Chips,Snacks & Munchies,Pradhan and Sons,649.45,35.0,90,422.14
9176170352,954722,3,616.45,Ice Cream,Instant & Frozen Food,Mohan-Virk,1027.42,40.0,180,1849.3500000000001
833930925,18035,3,968.94,Dish Soap,Household Care,Ramesh Inc,1291.92,25.0,365,2906.82
8515226099,679865,3,347.91,Wheat Flour,Grocery & Staples,Memon-Barad,409.31,15.0,365,1043.73
2023020278,433521,1,321.33,Diapers,Baby Care,Mahal Group,459.04,30.0,365,321.33
2840526544,15314,1,578.85,Cheese,Dairy & Breakfast,Banik-Ratta,723.56,20.0,7,578.85
7267422945,762527,1,690.08,Biscuits,Snacks & Munchies,"Chad, Yohannan and Chopra",1061.66,35.0,90,690.08
9400777426,473929,3,440.19,Carrots,Fruits & Vegetables,"Bhardwaj, Bhatia and Deshmukh",586.92,25.0,3,1320.57
3298603544,462526,2,449.97,Curd,Dairy & Breakfast,Pau and Sons,562.46,20.0,7,899.94
4479973293,962054,3,16.86,Orange Juice,Cold Drinks & Juices,Toor-Nagar,24.09,30.0,180,50.58
356236208,365133,1,915.45,Dish Soap,Household Care,Hans Inc,1220.6,25.0,365,915.45
6699845542,700048,1,141.28,Dish Soap,Household Care,Khalsa-Bhavsar,188.37,25.0,365,141.28
3106057977,287070,2,443.17,Wheat Flour,Grocery & Staples,"Gala, Magar and Rajagopal",521.38,15.0,365,886.34
1905367587,799459,1,852.02,Vitamins,Pharmacy,"Garg, Kari and Kapur",1065.02,20.0,365,852.02
169590729,897083,1,972.69,Detergent,Household Care,Dutta-Halder,1296.92,25.0,365,972.69
9820743709,435929,2,856.89,Toilet Cleaner,Household Care,Memon Ltd,1142.52,25.0,365,1713.78
6605882211,462526,2,449.97,Curd,Dairy & Breakfast,Pau and Sons,562.46,20.0,7,899.94
9517765444,847349,3,781.08,Potatoes,Fruits & Vegetables,Chhabra-Agrawal,1041.44,25.0,3,2343.2400000000002
7766311749,228286,2,179.08,Cola,Cold Drinks & Juices,Bhattacharyya PLC,255.83,30.0,180,358.16
742238239,153019,1,947.95,Onions,Fruits & Vegetables,Aurora LLC,1263.93,25.0,3,947.95
3146141485,385113,2,816.38,Lotion,Personal Care,"Sampath, Mane and Mody",1255.97,35.0,365,1632.76
6633702824,53833,1,134.69,Rice,Grocery & Staples,Tella-Master,158.46,15.0,365,134.69
5033749011,672059,1,672.73,Toothpaste,Personal Care,Kaur-Gola,1034.97,35.0,365,672.73
4009496217,692985,1,197.39,Pulses,Grocery & Staples,"Wable, Sankaran and Hari",232.22,15.0,365,197.39
4284473821,677542,2,212.61,Toilet Cleaner,Household Care,Thaman-Lanka,283.48,25.0,365,425.22
8860588793,378287,1,332.84,Lemonade,Cold Drinks & Juices,Ramesh-Jain,475.49,30.0,180,332.84
5305428485,890232,3,432.0,Mango Drink,Cold Drinks & Juices,Jha Group,617.14,30.0,180,1296.0
676278878,120532,2,697.53,Wheat Flour,Grocery & Staples,Nazareth Ltd,820.62,15.0,365,1395.06
9459854097,398340,3,651.93,Instant Noodles,Instant & Frozen Food,"Nadig, Zachariah and Soni",1086.55,40.0,180,1955.79
3895596621,681063,1,321.28,Mango Drink,Cold Drinks & Juices,Dass and Sons,458.97,30.0,180,321.28
7750915110,585299,3,799.46,Pet Treats,Pet Care,"Sharma, Chandra and Prashad",1229.94,35.0,365,2398.38
5173951989,968887,3,40.7,Dish Soap,Household Care,Keer-Gill,54.27,25.0,365,122.10000000000001
6388954643,600767,3,722.42,Toothpaste,Personal Care,Balan Group,1111.42,35.0,365,2167.2599999999998
5819387689,942001,3,671.55,Cat Food,Pet Care,Acharya Ltd,1033.15,35.0,365,2014.6499999999999
4184037584,901144,3,340.36,Sugar,Grocery & Staples,Deo-Kamdar,400.42,15.0,365,1021.08
9525140554,153019,3,947.95,Onions,Fruits & Vegetables,Aurora LLC,1263.93,25.0,3,2843.8500000000004
1617927874,365132,1,229.38,Instant Noodles,Instant & Frozen Food,Dar-Kumar,382.3,40.0,180,229.38
1543944105,818990,3,163.55,Tomatoes,Fruits & Vegetables,Dugar Group,218.07,25.0,3,490.65000000000003
341580530,706112,2,478.79,Vitamins,Pharmacy,"Magar, Gara and Garg",598.49,20.0,365,957.58
5133661902,937542,1,97.04,Wheat Flour,Grocery & Staples,Khurana and Sons,114.16,15.0,365,97.04
4557328309,690565,2,951.27,Cookies,Snacks & Munchies,"Roy, Seth and Patla",1463.49,35.0,90,1902.54
4479421205,890232,3,432.0,Mango Drink,Cold Drinks & Juices,Jha Group,617.14,30.0,180,1296.0
5740294639,799688,2,309.62,Lotion,Personal Care,Arora LLC,476.34,35.0,365,619.24
8114060961,803607,3,949.73,Soap,Personal Care,"Kadakia, Mohan and Sathe",1461.12,35.0,365,2849.19
5744553133,373536,1,494.17,Dog Food,Pet Care,Chauhan-Sabharwal,760.26,35.0,365,494.17
5029893308,771228,2,83.18,Pet Treats,Pet Care,Raja and Sons,127.97,35.0,365,166.36
9663384689,739534,1,994.56,Toilet Cleaner,Household Care,"Gera, Narang and Karpe",1326.08,25.0,365,994.56
7919240958,799459,2,852.02,Vitamins,Pharmacy,"Garg, Kari and Kapur",1065.02,20.0,365,1704.04
5211751826,15314,2,578.85,Cheese,Dairy & Breakfast,Banik-Ratta,723.56,20.0,7,1157.7
8713129069,470449,2,827.77,Frozen Biryani,Instant & Frozen Food,Kohli-Sawhney,1379.62,40.0,180,1655.54
1407304162,969851,3,340.66,Frozen Vegetables,Instant & Frozen Food,"Kara, Sodhi and Bassi",567.77,40.0,180,1021.98
3793875046,589812,2,163.03,Detergent,Household Care,Bir PLC,217.37,25.0,365,326.06
4903700958,131136,1,37.8,Salt,Grocery & Staples,Deshpande-Rama,44.47,15.0,365,37.8
1989547877,398340,3,651.93,Instant Noodles,Instant & Frozen Food,"Nadig, Zachariah and Soni",1086.55,40.0,180,1955.79
9584857115,361361,3,826.21,Biscuits,Snacks & Munchies,"Kunda, Dave and Sahni",1271.09,35.0,90,2478.63
7236760938,712307,3,264.89,Orange Juice,Cold Drinks & Juices,Chana LLC,378.41,30.0,180,794.67
4346903287,444361,2,822.63,Pain Reliever,Pharmacy,"Prakash, Bawa and Kale",1028.29,20.0,365,1645.26
6353755071,319388,1,657.8,Orange Juice,Cold Drinks & Juices,D’Alia-Dey,939.71,30.0,180,657.8
89194627,897083,3,972.69,Detergent,Household Care,Dutta-Halder,1296.92,25.0,365,2918.07
544919267,540618,2,317.05,Popcorn,Snacks & Munchies,Golla-Luthra,487.77,35.0,90,634.1
6665075012,433521,3,321.33,Diapers,Baby Care,Mahal Group,459.04,30.0,365,963.99
4461389660,739448,1,755.66,Dish Soap,Household Care,Mand-Choudhry,1007.55,25.0,365,755.66
8789328634,196719,2,217.5,Bananas,Fruits & Vegetables,Yogi Group,290.0,25.0,3,435.0
147066568,832348,2,831.43,Biscuits,Snacks & Munchies,Jani-Ram,1279.12,35.0,90,1662.86
6712947216,432617,1,863.18,Baby Wipes,Baby Care,Dora-Pillai,1233.11,30.0,365,863.18
4731158560,11422,2,127.16,Potatoes,Fruits & Vegetables,Ramaswamy-Tata,169.55,25.0,3,254.32
6228958238,623234,2,329.79,Frozen Biryani,Instant & Frozen Food,Chakrabarti-Batra,549.65,40.0,180,659.58
8006440384,490602,2,549.47,Sugar,Grocery & Staples,Raghavan Inc,646.44,15.0,365,1098.94
7330672658,604184,3,397.55,Toilet Cleaner,Household Care,"Gaba, Sodhi and Choudhary",530.07,25.0,365,1192.65
1766200974,33955,1,186.08,Frozen Pizza,Instant & Frozen Food,Baral Group,310.13,40.0,180,186.08
2878422829,378676,2,881.42,Orange Juice,Cold Drinks & Juices,Baral-Kamdar,1259.17,30.0,180,1762.84
5862535621,642612,3,517.03,Pet Treats,Pet Care,Pillay-Ahuja,795.43,35.0,365,1551.09
3781134163,491521,2,556.35,Nuts,Snacks & Munchies,Karpe Inc,855.92,35.0,90,1112.7
7835720444,451812,1,530.85,Pain Reliever,Pharmacy,"Batra, Sant and Mandal",663.56,20.0,365,530.85
1952343673,721521,3,417.39,Rice,Grocery & Staples,"Ramanathan, Agarwal and Baria",491.05,15.0,365,1252.17
9406096007,692985,2,197.39,Pulses,Grocery & Staples,"Wable, Sankaran and Hari",232.22,15.0,365,394.78
1136528533,382511,2,702.54,Butter,Dairy & Breakfast,Bora-Thakkar,878.17,20.0,7,1405.08
9137126466,820973,1,114.52,Baby Wipes,Baby Care,Lall LLC,163.6,30.0,365,114.52
1495517558,914071,2,296.94,Chips,Snacks & Munchies,Datta Ltd,456.83,35.0,90,593.88
1643011737,677542,3,212.61,Toilet Cleaner,Household Care,Thaman-Lanka,283.48,25.0,365,637.83
4067366774,532965,3,307.23,Frozen Pizza,Instant & Frozen Food,Sachdev Inc,512.05,40.0,180,921.69
1683118802,992178,3,632.43,Pain Reliever,Pharmacy,Basu and Sons,790.54,20.0,365,1897.29
5770514189,487065,3,374.68,Chips,Snacks & Munchies,Kadakia-Yadav,576.43,35.0,90,1124.04
9612669334,123983,2,785.67,Cough Syrup,Pharmacy,Kurian-Chhabra,982.09,20.0,365,1571.34
3262295808,146840,2,786.85,Bread,Dairy & Breakfast,"Bains, Deol and Vaidya",983.56,20.0,7,1573.7
1593291198,52729,2,316.02,Cat Food,Pet Care,Saini LLC,486.18,35.0,365,632.04
5327721432,490939,2,80.25,Lotion,Personal Care,"Roy, Barad and De",123.46,35.0,365,160.5
4879497185,67197,3,552.2,Butter,Dairy & Breakfast,Shetty-Bora,690.25,20.0,7,1656.6000000000001
6883107728,820541,3,576.22,Toilet Cleaner,Household Care,"Borde, Peri and Upadhyay",768.29,25.0,365,1728.66
1643246998,677169,3,261.03,Cough Syrup,Pharmacy,Char-Divan,326.29,20.0,365,783.0899999999999
913309291,313754,3,136.6,Biscuits,Snacks & Munchies,"Swaminathan, Mahal and Dara",210.15,35.0,90,409.79999999999995
8298829689,487065,2,374.68,Chips,Snacks & Munchies,Kadakia-Yadav,576.43,35.0,90,749.36
7155488252,587420,3,357.42,Cookies,Snacks & Munchies,Raj and Sons,549.88,35.0,90,1072.26
8316192789,131937,1,287.81,Frozen Pizza,Instant & Frozen Food,"Varkey, Devi and Ganguly",479.68,40.0,180,287.81
3589756658,382511,3,702.54,Butter,Dairy & Breakfast,Bora-Thakkar,878.17,20.0,7,2107.62
8371900149,542300,2,255.35,Popcorn,Snacks & Munchies,Gulati-Tandon,392.85,35.0,90,510.7
6659686612,991434,2,237.62,Cookies,Snacks & Munchies,Mital-Oza,365.57,35.0,90,475.24
2937676500,654623,2,422.14,Chips,Snacks & Munchies,Pradhan and Sons,649.45,35.0,90,844.28
9908301442,673058,1,765.76,Cough Syrup,Pharmacy,Balan-Madan,957.2,20.0,365,765.76
3325049330,461804,1,310.69,Sugar,Grocery & Staples,"Ghose, Ben and Divan",365.52,15.0,365,310.69
2330986566,449106,3,48.55,Soap,Personal Care,"Shere, Thakur and Naik",74.69,35.0,365,145.64999999999998
1495975802,747801,2,277.76,Toilet Cleaner,Household Care,Saha-Vora,370.35,25.0,365,555.52
4207249029,432617,2,863.18,Baby Wipes,Baby Care,Dora-Pillai,1233.11,30.0,365,1726.36
1150143976,652118,2,22.04,Frozen Biryani,Instant & Frozen Food,Agate and Sons,36.73,40.0,180,44.08
8443390148,859361,1,432.39,Shampoo,Personal Care,Mitter Group,665.22,35.0,365,432.39
8358703267,317242,3,198.15,Pulses,Grocery & Staples,Rastogi Group,233.12,15.0,365,594.45
1608084881,652118,1,22.04,Frozen Biryani,Instant & Frozen Food,Agate and Sons,36.73,40.0,180,22.04
2744486953,741341,1,923.84,Eggs,Dairy & Breakfast,Prasad LLC,1154.8,20.0,7,923.84
3036885153,913428,3,392.22,Pet Treats,Pet Care,Narayanan-Kumar,603.42,35.0,365,1176.66
7335148205,123983,3,785.67,Cough Syrup,Pharmacy,Kurian-Chhabra,982.09,20.0,365,2357.0099999999998
2356580295,336847,3,936.98,Toilet Cleaner,Household Care,"Dayal, Mammen and More",1249.31,25.0,365,2810.94
8999547266,952124,3,127.08,Onions,Fruits & Vegetables,"Wali, Sood and Bala",169.44,25.0,3,381.24
3094439783,689769,3,46.62,Frozen Vegetables,Instant & Frozen Food,Kothari-Datta,77.7,40.0,180,139.85999999999999
2753579193,120385,1,597.91,Pet Treats,Pet Care,Dubey-Sarin,919.86,35.0,365,597.91
7683077217,183929,2,738.74,Bread,Dairy & Breakfast,"Nagi, Sampath and Khurana",923.42,20.0,7,1477.48
2366099898,433521,2,321.33,Diapers,Baby Care,Mahal Group,459.04,30.0,365,642.66
1252810532,186168,1,878.8,Dog Food,Pet Care,"Parekh, Lad and Kadakia",1352.0,35.0,365,878.8
6493039553,658389,2,152.55,Popcorn,Snacks & Munchies,"Chanda, Som and Vohra",234.69,35.0,90,305.1
9274842886,9436,2,88.43,Toothpaste,Personal Care,Naidu PLC,136.05,35.0,365,176.86
8255275254,26060,1,342.94,Vitamins,Pharmacy,Shah and Sons,428.67,20.0,365,342.94
2136873695,707935,2,820.9,Cat Food,Pet Care,"Anne, Mammen and Khatri",1262.92,35.0,365,1641.8
3253225736,14145,1,630.84,Spinach,Fruits & Vegetables,"Thakur, Shah and Pingle",841.12,25.0,3,630.84
7712604853,712307,1,264.89,Orange Juice,Cold Drinks & Juices,Chana LLC,378.41,30.0,180,264.89
5698803942,398340,2,651.93,Instant Noodles,Instant & Frozen Food,"Nadig, Zachariah and Soni",1086.55,40.0,180,1303.86
4393804577,723678,2,675.46,Dog Food,Pet Care,"Lall, Datta and Swamy",1039.17,35.0,365,1350.92
9307961643,697683,3,123.74,Toilet Cleaner,Household Care,"Murty, Varghese and Saxena",164.99,25.0,365,371.21999999999997
14103943,228286,1,179.08,Cola,Cold Drinks & Juices,Bhattacharyya PLC,255.83,30.0,180,179.08
4183595096,67197,1,552.2,Butter,Dairy & Breakfast,Shetty-Bora,690.25,20.0,7,552.2
9915365099,700048,1,141.28,Dish Soap,Household Care,Khalsa-Bhavsar,188.37,25.0,365,141.28
7979108696,274207,3,328.51,Cough Syrup,Pharmacy,"Savant, Batta and Mander",410.64,20.0,365,985.53
8756485728,60619,3,726.41,Iced Tea,Cold Drinks & Juices,Bhasin LLC,1037.73,30.0,180,2179.23
4859441294,833557,3,422.87,Cereal,Dairy & Breakfast,"Gole, Chand and Dada",528.59,20.0,7,1268.6100000000001
8100291984,764014,2,612.04,Salt,Grocery & Staples,"Grewal, Swamy and Dayal",720.05,15.0,365,1224.08
7825714018,451933,3,568.94,Wheat Flour,Grocery & Staples,Nadig Ltd,669.34,15.0,365,1706.8200000000002
1785144322,131748,1,81.35,Dog Food,Pet Care,"Shroff, Wason and Dugar",125.15,35.0,365,81.35
242240959,60619,3,726.41,Iced Tea,Cold Drinks & Juices,Bhasin LLC,1037.73,30.0,180,2179.23
3527621284,382511,2,702.54,Butter,Dairy & Breakfast,Bora-Thakkar,878.17,20.0,7,1405.08
2254856113,516376,1,877.43,Onions,Fruits & Vegetables,Agarwal-Dhar,1169.91,25.0,3,877.43
4295420935,131748,2,81.35,Dog Food,Pet Care,"Shroff, Wason and Dugar",125.15,35.0,365,162.7
8739415992,433521,2,321.33,Diapers,Baby Care,Mahal Group,459.04,30.0,365,642.66
2123879653,707935,3,820.9,Cat Food,Pet Care,"Anne, Mammen and Khatri",1262.92,35.0,365,2462.7
1054974834,432617,2,863.18,Baby Wipes,Baby Care,Dora-Pillai,1233.11,30.0,365,1726.36
6660596550,144124,2,162.67,Detergent,Household Care,Lalla-Srinivasan,216.89,25.0,365,325.34
1633238374,487065,1,374.68,Chips,Snacks & Munchies,Kadakia-Yadav,576.43,35.0,90,374.68
8133246330,500633,2,154.5,Cereal,Dairy & Breakfast,Trivedi-Ahluwalia,193.12,20.0,7,309.0
4696656818,784827,1,274.25,Baby Wipes,Baby Care,Balakrishnan Ltd,391.79,30.0,365,274.25
7590214417,361361,1,826.21,Biscuits,Snacks & Munchies,"Kunda, Dave and Sahni",1271.09,35.0,90,826.21
1736212920,196719,1,217.5,Bananas,Fruits & Vegetables,Yogi Group,290.0,25.0,3,217.5
4507702369,4452,3,169.88,Baby Wipes,Baby Care,Morar-Mistry,242.69,30.0,365,509.64
6458765046,112390,2,877.98,Toothpaste,Personal Care,"Kibe, Contractor and Randhawa",1350.74,35.0,365,1755.96
47953423,585299,1,799.46,Pet Treats,Pet Care,"Sharma, Chandra and Prashad",1229.94,35.0,365,799.46
1263714922,256051,2,400.92,Lotion,Personal Care,"Mannan, Naidu and Sama",616.8,35.0,365,801.84
2061768860,154179,1,582.87,Pain Reliever,Pharmacy,"Barad, Devi and Andra",728.59,20.0,365,582.87
4264335652,14145,3,630.84,Spinach,Fruits & Vegetables,"Thakur, Shah and Pingle",841.12,25.0,3,1892.52
3087181728,367391,1,939.55,Baby Wipes,Baby Care,Talwar and Sons,1342.21,30.0,365,939.55
599772156,34200,2,319.8,Lotion,Personal Care,Munshi-Grewal,492.0,35.0,365,639.6
6074313668,552883,3,888.16,Potatoes,Fruits & Vegetables,"Balan, Patel and Mall",1184.21,25.0,3,2664.48
5497551107,764014,1,612.04,Salt,Grocery & Staples,"Grewal, Swamy and Dayal",720.05,15.0,365,612.04
9102202025,832348,3,831.43,Biscuits,Snacks & Munchies,Jani-Ram,1279.12,35.0,90,2494.29
8794436743,329351,3,310.87,Cheese,Dairy & Breakfast,"Lala, Kalita and Sathe",388.59,20.0,7,932.61
3299603042,264803,1,995.98,Vitamins,Pharmacy,Gole-Doshi,1244.97,20.0,365,995.98
243077069,602241,1,976.55,Nuts,Snacks & Munchies,Bahl-Pau,1502.38,35.0,90,976.55
6749594412,847349,2,781.08,Potatoes,Fruits & Vegetables,Chhabra-Agrawal,1041.44,25.0,3,1562.16
5378344982,146840,1,786.85,Bread,Dairy & Breakfast,"Bains, Deol and Vaidya",983.56,20.0,7,786.85
9103834515,57405,3,607.67,Baby Food,Baby Care,Srinivas PLC,868.1,30.0,365,1823.0099999999998
6237437720,219598,2,367.08,Shampoo,Personal Care,Arora-Magar,564.74,35.0,365,734.16
2719670578,228286,3,179.08,Cola,Cold Drinks & Juices,Bhattacharyya PLC,255.83,30.0,180,537.24
2748681349,851978,3,715.72,Vitamins,Pharmacy,Parsa-Bala,894.65,20.0,365,2147.16
9851618724,6405,1,236.51,Baby Food,Baby Care,Kashyap-Reddy,337.87,30.0,365,236.51
7013533376,818990,1,163.55,Tomatoes,Fruits & Vegetables,Dugar Group,218.07,25.0,3,163.55
9727047029,444361,2,822.63,Pain Reliever,Pharmacy,"Prakash, Bawa and Kale",1028.29,20.0,365,1645.26
1191540022,243235,2,109.03,Cat Food,Pet Care,Batta Inc,167.74,35.0,365,218.06
5733572517,491314,1,973.44,Ice Cream,Instant & Frozen Food,Banerjee Inc,1622.4,40.0,180,973.44
9647928644,36412,3,397.68,Dish Soap,Household Care,Muni-Shankar,530.24,25.0,365,1193.04
9696598689,880510,2,951.43,Bread,Dairy & Breakfast,Roy-Char,1189.29,20.0,7,1902.86
1091207520,771228,3,83.18,Pet Treats,Pet Care,Raja and Sons,127.97,35.0,365,249.54000000000002
7995971909,131748,1,81.35,Dog Food,Pet Care,"Shroff, Wason and Dugar",125.15,35.0,365,81.35
6077755741,707935,2,820.9,Cat Food,Pet Care,"Anne, Mammen and Khatri",1262.92,35.0,365,1641.8
1240745644,942001,2,671.55,Cat Food,Pet Care,Acharya Ltd,1033.15,35.0,365,1343.1
1397810713,89084,2,598.83,Milk,Dairy & Breakfast,"Wali, Virk and Iyer",748.54,20.0,7,1197.66
5149614189,131937,3,287.81,Frozen Pizza,Instant & Frozen Food,"Varkey, Devi and Ganguly",479.68,40.0,180,863.4300000000001
7453349798,36412,1,397.68,Dish Soap,Household Care,Muni-Shankar,530.24,25.0,365,397.68
7570986632,284460,2,505.95,Potatoes,Fruits & Vegetables,"Ramakrishnan, Anand and Khare",674.6,25.0,3,1011.9
5292931220,433521,1,321.33,Diapers,Baby Care,Mahal Group,459.04,30.0,365,321.33
2654499230,257719,1,281.73,Eggs,Dairy & Breakfast,Chaudhuri PLC,352.16,20.0,7,281.73
2327587597,888807,2,230.58,Bread,Dairy & Breakfast,Arya Group,288.23,20.0,7,461.16
5852189277,767398,1,22.14,Dish Soap,Household Care,"Arya, Sundaram and Pingle",29.52,25.0,365,22.14
8943211530,487931,3,709.08,Sugar,Grocery & Staples,"Bahl, Jaggi and Nath",834.21,15.0,365,2127.2400000000002
3305649506,837480,3,217.4,Cough Syrup,Pharmacy,Edwin and Sons,271.75,20.0,365,652.2
538997323,615545,2,448.16,Soap,Personal Care,Barman Inc,689.48,35.0,365,896.32
2966187610,461804,1,310.69,Sugar,Grocery & Staples,"Ghose, Ben and Divan",365.52,15.0,365,310.69
866693541,803607,2,949.73,Soap,Personal Care,"Kadakia, Mohan and Sathe",1461.12,35.0,365,1899.46
440721658,89084,2,598.83,Milk,Dairy & Breakfast,"Wali, Virk and Iyer",748.54,20.0,7,1197.66
2084323012,871592,3,870.29,Carrots,Fruits & Vegetables,"Shankar, Nadkarni and Kumer",1160.39,25.0,3,2610.87
4876314410,962591,2,130.01,Orange Juice,Cold Drinks & Juices,Murthy-Kaul,185.73,30.0,180,260.02
2401282648,473647,1,43.05,Toothpaste,Personal Care,Ben-Ravi,66.23,35.0,365,43.05
2117291471,440875,3,275.03,Baby Wipes,Baby Care,Loyal Inc,392.9,30.0,365,825.0899999999999
5455295163,264803,2,995.98,Vitamins,Pharmacy,Gole-Doshi,1244.97,20.0,365,1991.96
3219761206,585299,3,799.46,Pet Treats,Pet Care,"Sharma, Chandra and Prashad",1229.94,35.0,365,2398.38
7423918026,131136,2,37.8,Salt,Grocery & Staples,Deshpande-Rama,44.47,15.0,365,75.6
1793817443,448752,3,160.07,Toilet Cleaner,Household Care,Batta-Doctor,213.43,25.0,365,480.21
2644609220,784673,2,491.39,Dog Food,Pet Care,Ramanathan Group,755.98,35.0,365,982.78
1353492780,274207,3,328.51,Cough Syrup,Pharmacy,"Savant, Batta and Mander",410.64,20.0,365,985.53
1230061693,739534,2,994.56,Toilet Cleaner,Household Care,"Gera, Narang and Karpe",1326.08,25.0,365,1989.12
6299572675,952124,2,127.08,Onions,Fruits & Vegetables,"Wali, Sood and Bala",169.44,25.0,3,254.16
5956863364,890623,1,354.52,Onions,Fruits & Vegetables,"Sangha, Nagar and Varty",472.69,25.0,3,354.52
6788884093,337168,1,545.49,Eggs,Dairy & Breakfast,Dasgupta PLC,681.86,20.0,7,545.49
6120799223,107548,3,891.6,Cola,Cold Drinks & Juices,"Bhandari, Bhasin and Palan",1273.71,30.0,180,2674.8
3892854030,365133,1,915.45,Dish Soap,Household Care,Hans Inc,1220.6,25.0,365,915.45
1883324334,63769,1,878.07,Lotion,Personal Care,Dalal-Shan,1350.88,35.0,365,878.07
4541530278,669378,2,212.14,Potatoes,Fruits & Vegetables,Chadha and Sons,282.85,25.0,3,424.28
8807380767,490602,1,549.47,Sugar,Grocery & Staples,Raghavan Inc,646.44,15.0,365,549.47
5865396281,525531,2,831.1,Dog Food,Pet Care,Sandal PLC,1278.62,35.0,365,1662.2
340451825,552496,3,508.0,Dish Soap,Household Care,Dhar PLC,677.33,25.0,365,1524.0
3327784606,604184,3,397.55,Toilet Cleaner,Household Care,"Gaba, Sodhi and Choudhary",530.07,25.0,365,1192.65
5990129875,490602,3,549.47,Sugar,Grocery & Staples,Raghavan Inc,646.44,15.0,365,1648.41
8808930721,67197,1,552.2,Butter,Dairy & Breakfast,Shetty-Bora,690.25,20.0,7,552.2
8116880443,945635,1,778.9,Pulses,Grocery & Staples,Balasubramanian PLC,916.35,15.0,365,778.9
9933926720,56589,2,517.77,Vitamins,Pharmacy,"Pai, Kashyap and Ramachandran",647.21,20.0,365,1035.54
776562418,566052,1,87.3,Pain Reliever,Pharmacy,"Apte, Soman and Raju",109.12,20.0,365,87.3
6105793582,659290,1,319.34,Cheese,Dairy & Breakfast,Kapadia-D’Alia,399.17,20.0,7,319.34
9247779866,440875,2,275.03,Baby Wipes,Baby Care,Loyal Inc,392.9,30.0,365,550.06
5456672526,969851,3,340.66,Frozen Vegetables,Instant & Frozen Food,"Kara, Sodhi and Bassi",567.77,40.0,180,1021.98
6676994910,60619,1,726.41,Iced Tea,Cold Drinks & Juices,Bhasin LLC,1037.73,30.0,180,726.41
9353512235,652118,3,22.04,Frozen Biryani,Instant & Frozen Food,Agate and Sons,36.73,40.0,180,66.12
6539196955,914071,3,296.94,Chips,Snacks & Munchies,Datta Ltd,456.83,35.0,90,890.8199999999999
7886908865,449106,1,48.55,Soap,Personal Care,"Shere, Thakur and Naik",74.69,35.0,365,48.55
7548844176,962591,2,130.01,Orange Juice,Cold Drinks & Juices,Murthy-Kaul,185.73,30.0,180,260.02
3375735380,432617,1,863.18,Baby Wipes,Baby Care,Dora-Pillai,1233.11,30.0,365,863.18
32604190,812607,3,416.65,Potatoes,Fruits & Vegetables,Rege Group,555.53,25.0,3,1249.9499999999998
5731985133,327290,2,862.28,Sugar,Grocery & Staples,Nadkarni Inc,1014.45,15.0,365,1724.56
7586577278,961614,3,227.22,Chocolates,Snacks & Munchies,Goda Inc,349.57,35.0,90,681.66
7765930124,552883,3,888.16,Potatoes,Fruits & Vegetables,"Balan, Patel and Mall",1184.21,25.0,3,2664.48
299059193,567671,2,418.48,Biscuits,Snacks & Munchies,Nagar LLC,643.82,35.0,90,836.96
135053432,500739,1,359.98,Bread,Dairy & Breakfast,Aggarwal Group,449.98,20.0,7,359.98
9618593702,140489,2,650.2,Soap,Personal Care,"Biswas, Kapoor and Patel",1000.31,35.0,365,1300.4
2802699236,723678,1,675.46,Dog Food,Pet Care,"Lall, Datta and Swamy",1039.17,35.0,365,675.46
2044567188,194682,2,912.29,Iced Tea,Cold Drinks & Juices,Sastry-Issac,1303.27,30.0,180,1824.58
913489768,451933,3,568.94,Wheat Flour,Grocery & Staples,Nadig Ltd,669.34,15.0,365,1706.8200000000002
6856986497,328457,3,858.57,Mango Drink,Cold Drinks & Juices,Hayre-Shere,1226.53,30.0,180,2575.71
7292898570,970529,2,827.44,Diapers,Baby Care,"Kurian, Patla and Sanghvi",1182.06,30.0,365,1654.88
6223087303,784673,2,491.39,Dog Food,Pet Care,Ramanathan Group,755.98,35.0,365,982.78
403352765,537274,1,702.71,Pet Treats,Pet Care,Lal-Chauhan,1081.09,35.0,365,702.71
7004560997,644847,2,622.81,Salt,Grocery & Staples,"Jhaveri, Kata and Kapur",732.72,15.0,365,1245.62
8159868515,564692,1,215.65,Cat Food,Pet Care,"Krishna, Bail and Dyal",331.77,35.0,365,215.65
8854320668,123983,3,785.67,Cough Syrup,Pharmacy,Kurian-Chhabra,982.09,20.0,365,2357.0099999999998
2285302205,970529,3,827.44,Diapers,Baby Care,"Kurian, Patla and Sanghvi",1182.06,30.0,365,2482.32
5160584867,672059,2,672.73,Toothpaste,Personal Care,Kaur-Gola,1034.97,35.0,365,1345.46
4314105605,953175,3,225.21,Baby Food,Baby Care,Sehgal-Nagarajan,321.73,30.0,365,675.63
9895756835,378230,2,166.42,Nuts,Snacks & Munchies,Kala-Vig,256.03,35.0,90,332.84
1975300826,36412,3,397.68,Dish Soap,Household Care,Muni-Shankar,530.24,25.0,365,1193.04
2214666083,435929,2,856.89,Toilet Cleaner,Household Care,Memon Ltd,1142.52,25.0,365,1713.78
4735339432,540618,1,317.05,Popcorn,Snacks & Munchies,Golla-Luthra,487.77,35.0,90,317.05
9863540120,124290,1,39.65,Lotion,Personal Care,Sachdev Group,61.0,35.0,365,39.65
8789376461,903336,2,551.88,Pulses,Grocery & Staples,"Vaidya, Amble and Palla",649.27,15.0,365,1103.76
4784591220,146840,2,786.85,Bread,Dairy & Breakfast,"Bains, Deol and Vaidya",983.56,20.0,7,1573.7
6759658833,587645,3,801.81,Vitamins,Pharmacy,"Sura, Pillay and Mammen",1002.26,20.0,365,2405.43
1241631129,820973,1,114.52,Baby Wipes,Baby Care,Lall LLC,163.6,30.0,365,114.52
8803314647,367391,3,939.55,Baby Wipes,Baby Care,Talwar and Sons,1342.21,30.0,365,2818.6499999999996
1016410657,798639,2,211.25,Eggs,Dairy & Breakfast,Subramaniam LLC,264.06,20.0,7,422.5
8284240513,39154,3,946.86,Mangoes,Fruits & Vegetables,"Suresh, Bose and Bajwa",1262.48,25.0,3,2840.58
343239069,455083,3,959.01,Butter,Dairy & Breakfast,Dutta Inc,1198.76,20.0,7,2877.0299999999997
3941137932,385113,2,816.38,Lotion,Personal Care,"Sampath, Mane and Mody",1255.97,35.0,365,1632.76
8955573840,880510,1,951.43,Bread,Dairy & Breakfast,Roy-Char,1189.29,20.0,7,951.43
6832435511,739534,3,994.56,Toilet Cleaner,Household Care,"Gera, Narang and Karpe",1326.08,25.0,365,2983.68
3014319697,712003,2,671.68,Cola,Cold Drinks & Juices,"Karan, Bandi and Acharya",959.54,30.0,180,1343.36
7367717333,679321,3,738.46,Cola,Cold Drinks & Juices,Khurana-Dewan,1054.94,30.0,180,2215.38
9389677233,891833,3,493.19,Curd,Dairy & Breakfast,Mani PLC,616.49,20.0,7,1479.57
2929883167,39154,1,946.86,Mangoes,Fruits & Vegetables,"Suresh, Bose and Bajwa",1262.48,25.0,3,946.86
9045592834,473647,2,43.05,Toothpaste,Personal Care,Ben-Ravi,66.23,35.0,365,86.1
7128308885,673058,2,765.76,Cough Syrup,Pharmacy,Balan-Madan,957.2,20.0,365,1531.52
2060028411,240179,2,90.56,Cough Syrup,Pharmacy,Ram-Suri,113.2,20.0,365,181.12
3856301920,4452,1,169.88,Baby Wipes,Baby Care,Morar-Mistry,242.69,30.0,365,169.88
7248479077,306177,2,769.24,Frozen Biryani,Instant & Frozen Food,Som Inc,1282.07,40.0,180,1538.48
2738466605,378287,3,332.84,Lemonade,Cold Drinks & Juices,Ramesh-Jain,475.49,30.0,180,998.52
9801353230,112390,1,877.98,Toothpaste,Personal Care,"Kibe, Contractor and Randhawa",1350.74,35.0,365,877.98
2103613260,449106,2,48.55,Soap,Personal Care,"Shere, Thakur and Naik",74.69,35.0,365,97.1
7624166218,39154,1,946.86,Mangoes,Fruits & Vegetables,"Suresh, Bose and Bajwa",1262.48,25.0,3,946.86
4692680597,18035,3,968.94,Dish Soap,Household Care,Ramesh Inc,1291.92,25.0,365,2906.82
2028074931,673058,3,765.76,Cough Syrup,Pharmacy,Balan-Madan,957.2,20.0,365,2297.2799999999997
6247819401,256783,1,906.54,Pet Treats,Pet Care,"Basu, Thakur and Rege",1394.68,35.0,365,906.54
6299879620,481843,2,297.68,Chocolates,Snacks & Munchies,"Taneja, Kala and Kota",457.97,35.0,90,595.36
3398014747,604184,2,397.55,Toilet Cleaner,Household Care,"Gaba, Sodhi and Choudhary",530.07,25.0,365,795.1
4526087670,803607,2,949.73,Soap,Personal Care,"Kadakia, Mohan and Sathe",1461.12,35.0,365,1899.46
4473653758,880510,3,951.43,Bread,Dairy & Breakfast,Roy-Char,1189.29,20.0,7,2854.29
1286821727,771228,3,83.18,Pet Treats,Pet Care,Raja and Sons,127.97,35.0,365,249.54000000000002
5566617391,757274,1,98.32,Pet Treats,Pet Care,"Minhas, Kapoor and Sethi",151.26,35.0,365,98.32
6630935939,833557,1,422.87,Cereal,Dairy & Breakfast,"Gole, Chand and Dada",528.59,20.0,7,422.87
8676443273,144124,1,162.67,Detergent,Household Care,Lalla-Srinivasan,216.89,25.0,365,162.67
439562091,753354,3,423.56,Shampoo,Personal Care,Sant-Mahajan,651.63,35.0,365,1270.68
7361440096,991434,2,237.62,Cookies,Snacks & Munchies,Mital-Oza,365.57,35.0,90,475.24
2480611325,684939,1,727.95,Lotion,Personal Care,"Sibal, Bhatnagar and Rajan",1119.92,35.0,365,727.95
5091640382,741341,3,923.84,Eggs,Dairy & Breakfast,Prasad LLC,1154.8,20.0,7,2771.52
1443292147,131136,3,37.8,Salt,Grocery & Staples,Deshpande-Rama,44.47,15.0,365,113.39999999999999
3342653518,53833,2,134.69,Rice,Grocery & Staples,Tella-Master,158.46,15.0,365,269.38
3836073957,455755,2,44.09,Detergent,Household Care,Mangal-Sathe,58.79,25.0,365,88.18
4192669219,812607,1,416.65,Potatoes,Fruits & Vegetables,Rege Group,555.53,25.0,3,416.65
6922121165,256783,2,906.54,Pet Treats,Pet Care,"Basu, Thakur and Rege",1394.68,35.0,365,1813.08
4850653474,398340,1,651.93,Instant Noodles,Instant & Frozen Food,"Nadig, Zachariah and Soni",1086.55,40.0,180,651.93
1229660813,642612,2,517.03,Pet Treats,Pet Care,Pillay-Ahuja,795.43,35.0,365,1034.06
5194396051,925482,3,475.04,Frozen Biryani,Instant & Frozen Food,Viswanathan-Sha,791.73,40.0,180,1425.1200000000001
8971899775,186168,1,878.8,Dog Food,Pet Care,"Parekh, Lad and Kadakia",1352.0,35.0,365,878.8
5619049608,451812,3,530.85,Pain Reliever,Pharmacy,"Batra, Sant and Mandal",663.56,20.0,365,1592.5500000000002
9943996342,954722,2,616.45,Ice Cream,Instant & Frozen Food,Mohan-Virk,1027.42,40.0,180,1232.9
4548721519,876139,1,415.75,Pulses,Grocery & Staples,Cherian-Dara,489.12,15.0,365,415.75
6211537502,349294,2,934.75,Onions,Fruits & Vegetables,Ganesan Ltd,1246.33,25.0,3,1869.5
347093563,313754,3,136.6,Biscuits,Snacks & Munchies,"Swaminathan, Mahal and Dara",210.15,35.0,90,409.79999999999995
1855924568,455755,2,44.09,Detergent,Household Care,Mangal-Sathe,58.79,25.0,365,88.18
5914484553,969851,3,340.66,Frozen Vegetables,Instant & Frozen Food,"Kara, Sodhi and Bassi",567.77,40.0,180,1021.98
8068903161,473647,1,43.05,Toothpaste,Personal Care,Ben-Ravi,66.23,35.0,365,43.05
2147159735,123983,1,785.67,Cough Syrup,Pharmacy,Kurian-Chhabra,982.09,20.0,365,785.67
9006983686,305754,3,979.99,Frozen Vegetables,Instant & Frozen Food,Mammen-Hegde,1633.32,40.0,180,2939.9700000000003
7606134274,451812,1,530.85,Pain Reliever,Pharmacy,"Batra, Sant and Mandal",663.56,20.0,365,530.85
4034750827,690565,1,951.27,Cookies,Snacks & Munchies,"Roy, Seth and Patla",1463.49,35.0,90,951.27
851062565,901144,2,340.36,Sugar,Grocery & Staples,Deo-Kamdar,400.42,15.0,365,680.72
4283323746,642612,1,517.03,Pet Treats,Pet Care,Pillay-Ahuja,795.43,35.0,365,517.03
7842390585,287070,1,443.17,Wheat Flour,Grocery & Staples,"Gala, Magar and Rajagopal",521.38,15.0,365,443.17
2449548943,124290,3,39.65,Lotion,Personal Care,Sachdev Group,61.0,35.0,365,118.94999999999999
7067924535,679284,2,877.89,Cough Syrup,Pharmacy,Pant LLC,1097.36,20.0,365,1755.78
1602291242,131937,3,287.81,Frozen Pizza,Instant & Frozen Food,"Varkey, Devi and Ganguly",479.68,40.0,180,863.4300000000001
7067630786,481843,2,297.68,Chocolates,Snacks & Munchies,"Taneja, Kala and Kota",457.97,35.0,90,595.36
9726762425,137909,3,864.3,Cough Syrup,Pharmacy,Dalal PLC,1080.37,20.0,365,2592.8999999999996
1129887168,77308,1,223.27,Onions,Fruits & Vegetables,Ratta-Sagar,297.69,25.0,3,223.27
3371892236,425341,2,486.28,Pet Treats,Pet Care,"Mani, Dhar and Muni",748.12,35.0,365,972.56
6532953824,473647,1,43.05,Toothpaste,Personal Care,Ben-Ravi,66.23,35.0,365,43.05
252964377,240179,2,90.56,Cough Syrup,Pharmacy,Ram-Suri,113.2,20.0,365,181.12
6270495384,51036,3,931.61,Baby Food,Baby Care,Karnik PLC,1330.87,30.0,365,2794.83
2450770184,385113,1,816.38,Lotion,Personal Care,"Sampath, Mane and Mody",1255.97,35.0,365,816.38
7543192113,114414,1,832.06,Vitamins,Pharmacy,Kara-Golla,1040.07,20.0,365,832.06
9890817032,487065,2,374.68,Chips,Snacks & Munchies,Kadakia-Yadav,576.43,35.0,90,749.36
183165359,762527,3,690.08,Biscuits,Snacks & Munchies,"Chad, Yohannan and Chopra",1061.66,35.0,90,2070.2400000000002
2136907826,11422,2,127.16,Potatoes,Fruits & Vegetables,Ramaswamy-Tata,169.55,25.0,3,254.32
2801605687,681063,3,321.28,Mango Drink,Cold Drinks & Juices,Dass and Sons,458.97,30.0,180,963.8399999999999
8869292457,567671,1,418.48,Biscuits,Snacks & Munchies,Nagar LLC,643.82,35.0,90,418.48
5414471648,337168,2,545.49,Eggs,Dairy & Breakfast,Dasgupta PLC,681.86,20.0,7,1090.98
7827370415,448752,3,160.07,Toilet Cleaner,Household Care,Batta-Doctor,213.43,25.0,365,480.21
7216662926,820973,2,114.52,Baby Wipes,Baby Care,Lall LLC,163.6,30.0,365,229.04
349410429,34186,3,925.65,Mangoes,Fruits & Vegetables,Mandal-Kar,1234.2,25.0,3,2776.95
8512030806,991434,1,237.62,Cookies,Snacks & Munchies,Mital-Oza,365.57,35.0,90,237.62
8003807551,354409,1,325.08,Pulses,Grocery & Staples,Bose-Pandit,382.45,15.0,365,325.08
274320517,153019,2,947.95,Onions,Fruits & Vegetables,Aurora LLC,1263.93,25.0,3,1895.9
2150447285,18035,3,968.94,Dish Soap,Household Care,Ramesh Inc,1291.92,25.0,365,2906.82
5089385450,726958,2,887.48,Cat Food,Pet Care,Doctor-Patla,1365.35,35.0,365,1774.96
8622799862,679865,1,347.91,Wheat Flour,Grocery & Staples,Memon-Barad,409.31,15.0,365,347.91
2773034272,6405,2,236.51,Baby Food,Baby Care,Kashyap-Reddy,337.87,30.0,365,473.02
4028266143,937542,3,97.04,Wheat Flour,Grocery & Staples,Khurana and Sons,114.16,15.0,365,291.12
9691888826,57405,1,607.67,Baby Food,Baby Care,Srinivas PLC,868.1,30.0,365,607.67
8891340263,623234,3,329.79,Frozen Biryani,Instant & Frozen Food,Chakrabarti-Batra,549.65,40.0,180,989.3700000000001
1149293318,925482,3,475.04,Frozen Biryani,Instant & Frozen Food,Viswanathan-Sha,791.73,40.0,180,1425.1200000000001
1288695184,264803,2,995.98,Vitamins,Pharmacy,Gole-Doshi,1244.97,20.0,365,1991.96
5229336544,692985,3,197.39,Pulses,Grocery & Staples,"Wable, Sankaran and Hari",232.22,15.0,365,592.17
196885435,451812,2,530.85,Pain Reliever,Pharmacy,"Batra, Sant and Mandal",663.56,20.0,365,1061.7
6961457996,18035,3,968.94,Dish Soap,Household Care,Ramesh Inc,1291.92,25.0,365,2906.82
5059907679,723678,3,675.46,Dog Food,Pet Care,"Lall, Datta and Swamy",1039.17,35.0,365,2026.38
9046226901,954722,3,616.45,Ice Cream,Instant & Frozen Food,Mohan-Virk,1027.42,40.0,180,1849.3500000000001
515408216,51036,1,931.61,Baby Food,Baby Care,Karnik PLC,1330.87,30.0,365,931.61
9048597167,661577,1,720.95,Cat Food,Pet Care,Majumdar PLC,1109.15,35.0,365,720.95
4308216668,990993,2,263.7,Chocolates,Snacks & Munchies,Guha-Subramaniam,405.69,35.0,90,527.4
8671875127,15314,2,578.85,Cheese,Dairy & Breakfast,Banik-Ratta,723.56,20.0,7,1157.7
9622968817,537274,3,702.71,Pet Treats,Pet Care,Lal-Chauhan,1081.09,35.0,365,2108.13
7832599414,490602,1,549.47,Sugar,Grocery & Staples,Raghavan Inc,646.44,15.0,365,549.47
5533307028,67197,1,552.2,Butter,Dairy & Breakfast,Shetty-Bora,690.25,20.0,7,552.2
752185231,659290,1,319.34,Cheese,Dairy & Breakfast,Kapadia-D’Alia,399.17,20.0,7,319.34
5859787209,131136,2,37.8,Salt,Grocery & Staples,Deshpande-Rama,44.47,15.0,365,75.6
1736713150,661577,1,720.95,Cat Food,Pet Care,Majumdar PLC,1109.15,35.0,365,720.95
3620570172,57405,1,607.67,Baby Food,Baby Care,Srinivas PLC,868.1,30.0,365,607.67
5758119413,642612,3,517.03,Pet Treats,Pet Care,Pillay-Ahuja,795.43,35.0,365,1551.09
2204489775,679865,2,347.91,Wheat Flour,Grocery & Staples,Memon-Barad,409.31,15.0,365,695.82
5881059783,112390,3,877.98,Toothpaste,Personal Care,"Kibe, Contractor and Randhawa",1350.74,35.0,365,2633.94
9475167773,487931,2,709.08,Sugar,Grocery & Staples,"Bahl, Jaggi and Nath",834.21,15.0,365,1418.16
4635228647,131136,2,37.8,Salt,Grocery & Staples,Deshpande-Rama,44.47,15.0,365,75.6
8394536341,257719,1,281.73,Eggs,Dairy & Breakfast,Chaudhuri PLC,352.16,20.0,7,281.73
4726427550,487065,2,374.68,Chips,Snacks & Munchies,Kadakia-Yadav,576.43,35.0,90,749.36
5387935727,532965,3,307.23,Frozen Pizza,Instant & Frozen Food,Sachdev Inc,512.05,40.0,180,921.69
1886705751,734789,1,395.82,Popcorn,Snacks & Munchies,"Chaudhari, Pant and Singh",608.95,35.0,90,395.82
4224014067,679865,2,347.91,Wheat Flour,Grocery & Staples,Memon-Barad,409.31,15.0,365,695.82
8726515908,34186,2,925.65,Mangoes,Fruits & Vegetables,Mandal-Kar,1234.2,25.0,3,1851.3
7388091459,832348,1,831.43,Biscuits,Snacks & Munchies,Jani-Ram,1279.12,35.0,90,831.43
9320256091,382511,2,702.54,Butter,Dairy & Breakfast,Bora-Thakkar,878.17,20.0,7,1405.08
3872093894,18035,2,968.94,Dish Soap,Household Care,Ramesh Inc,1291.92,25.0,365,1937.88
992848455,435929,2,856.89,Toilet Cleaner,Household Care,Memon Ltd,1142.52,25.0,365,1713.78
4458723519,970529,2,827.44,Diapers,Baby Care,"Kurian, Patla and Sanghvi",1182.06,30.0,365,1654.88
7755662096,799952,3,922.64,Cheese,Dairy & Breakfast,Padmanabhan-Virk,1153.3,20.0,7,2767.92
5779793224,537274,3,702.71,Pet Treats,Pet Care,Lal-Chauhan,1081.09,35.0,365,2108.13
8253576531,361361,2,826.21,Biscuits,Snacks & Munchies,"Kunda, Dave and Sahni",1271.09,35.0,90,1652.42
4993169316,243235,3,109.03,Cat Food,Pet Care,Batta Inc,167.74,35.0,365,327.09000000000003
828017545,264803,3,995.98,Vitamins,Pharmacy,Gole-Doshi,1244.97,20.0,365,2987.94
2012368621,991434,1,237.62,Cookies,Snacks & Munchies,Mital-Oza,365.57,35.0,90,237.62
6603205997,604184,2,397.55,Toilet Cleaner,Household Care,"Gaba, Sodhi and Choudhary",530.07,25.0,365,795.1
833581472,455083,3,959.01,Butter,Dairy & Breakfast,Dutta Inc,1198.76,20.0,7,2877.0299999999997
8755782101,961614,3,227.22,Chocolates,Snacks & Munchies,Goda Inc,349.57,35.0,90,681.66
1049830215,349294,2,934.75,Onions,Fruits & Vegetables,Ganesan Ltd,1246.33,25.0,3,1869.5
2399383238,114414,1,832.06,Vitamins,Pharmacy,Kara-Golla,1040.07,20.0,365,832.06
143399998,187399,2,53.49,Frozen Pizza,Instant & Frozen Food,Chauhan Inc,89.15,40.0,180,106.98
2444273306,679284,3,877.89,Cough Syrup,Pharmacy,Pant LLC,1097.36,20.0,365,2633.67
1309618968,487931,3,709.08,Sugar,Grocery & Staples,"Bahl, Jaggi and Nath",834.21,15.0,365,2127.2400000000002
3972788794,561860,1,874.78,Orange Juice,Cold Drinks & Juices,Gupta Ltd,1249.69,30.0,180,874.78
2356073413,451812,1,530.85,Pain Reliever,Pharmacy,"Batra, Sant and Mandal",663.56,20.0,365,530.85
3775683944,741341,3,923.84,Eggs,Dairy & Breakfast,Prasad LLC,1154.8,20.0,7,2771.52
8994776653,487065,3,374.68,Chips,Snacks & Munchies,Kadakia-Yadav,576.43,35.0,90,1124.04
8124075720,659290,1,319.34,Cheese,Dairy & Breakfast,Kapadia-D’Alia,399.17,20.0,7,319.34
5534171862,611575,1,482.06,Frozen Pizza,Instant & Frozen Food,"Bhat, Nigam and Hayer",803.43,40.0,180,482.06
4825558658,542300,3,255.35,Popcorn,Snacks & Munchies,Gulati-Tandon,392.85,35.0,90,766.05
1541676341,833557,2,422.87,Cereal,Dairy & Breakfast,"Gole, Chand and Dada",528.59,20.0,7,845.74
5360755658,647462,2,326.42,Lotion,Personal Care,"Balan, Samra and Sekhon",502.18,35.0,365,652.84
844328418,799459,3,852.02,Vitamins,Pharmacy,"Garg, Kari and Kapur",1065.02,20.0,365,2556.06
1843468816,952124,3,127.08,Onions,Fruits & Vegetables,"Wali, Sood and Bala",169.44,25.0,3,381.24
3771484570,378287,1,332.84,Lemonade,Cold Drinks & Juices,Ramesh-Jain,475.49,30.0,180,332.84
2458783424,820973,3,114.52,Baby Wipes,Baby Care,Lall LLC,163.6,30.0,365,343.56
2272849018,871592,1,870.29,Carrots,Fruits & Vegetables,"Shankar, Nadkarni and Kumer",1160.39,25.0,3,870.29
8549503132,349294,2,934.75,Onions,Fruits & Vegetables,Ganesan Ltd,1246.33,25.0,3,1869.5
4032847942,264803,2,995.98,Vitamins,Pharmacy,Gole-Doshi,1244.97,20.0,365,1991.96
8224665612,425341,3,486.28,Pet Treats,Pet Care,"Mani, Dhar and Muni",748.12,35.0,365,1458.84
8007222259,120532,2,697.53,Wheat Flour,Grocery & Staples,Nazareth Ltd,820.62,15.0,365,1395.06
3522030676,365132,2,229.38,Instant Noodles,Instant & Frozen Food,Dar-Kumar,382.3,40.0,180,458.76
3224743071,600767,3,722.42,Toothpaste,Personal Care,Balan Group,1111.42,35.0,365,2167.2599999999998
7474790671,52729,3,316.02,Cat Food,Pet Care,Saini LLC,486.18,35.0,365,948.06
7884745950,305754,1,979.99,Frozen Vegetables,Instant & Frozen Food,Mammen-Hegde,1633.32,40.0,180,979.99
8269502930,762527,2,690.08,Biscuits,Snacks & Munchies,"Chad, Yohannan and Chopra",1061.66,35.0,90,1380.16
985347383,440875,2,275.03,Baby Wipes,Baby Care,Loyal Inc,392.9,30.0,365,550.06
5932091553,9436,2,88.43,Toothpaste,Personal Care,Naidu PLC,136.05,35.0,365,176.86
69932727,753354,3,423.56,Shampoo,Personal Care,Sant-Mahajan,651.63,35.0,365,1270.68
2715027145,677542,3,212.61,Toilet Cleaner,Household Care,Thaman-Lanka,283.48,25.0,365,637.83
5234261944,291238,1,746.03,Chocolates,Snacks & Munchies,"Sinha, Pau and Chhabra",1147.74,35.0,90,746.03
2818967815,56589,2,517.77,Vitamins,Pharmacy,"Pai, Kashyap and Ramachandran",647.21,20.0,365,1035.54
1598213217,51036,3,931.61,Baby Food,Baby Care,Karnik PLC,1330.87,30.0,365,2794.83
9087747856,256783,2,906.54,Pet Treats,Pet Care,"Basu, Thakur and Rege",1394.68,35.0,365,1813.08
9606925547,89084,1,598.83,Milk,Dairy & Breakfast,"Wali, Virk and Iyer",748.54,20.0,7,598.83
9866554851,561860,1,874.78,Orange Juice,Cold Drinks & Juices,Gupta Ltd,1249.69,30.0,180,874.78
3719294769,784827,1,274.25,Baby Wipes,Baby Care,Balakrishnan Ltd,391.79,30.0,365,274.25
3576529840,606256,2,369.28,Frozen Biryani,Instant & Frozen Food,Agate Ltd,615.47,40.0,180,738.56
5478986113,567671,1,418.48,Biscuits,Snacks & Munchies,Nagar LLC,643.82,35.0,90,418.48
6724582316,324809,3,608.0,Bread,Dairy & Breakfast,Sidhu PLC,760.0,20.0,7,1824.0
4391559649,123983,2,785.67,Cough Syrup,Pharmacy,Kurian-Chhabra,982.09,20.0,365,1571.34
9530258400,613942,3,545.0,Pet Treats,Pet Care,"Dyal, Saraf and Goel",838.46,35.0,365,1635.0
609162117,287070,2,443.17,Wheat Flour,Grocery & Staples,"Gala, Magar and Rajagopal",521.38,15.0,365,886.34
755143077,818522,2,96.09,Cheese,Dairy & Breakfast,Hora-Roy,120.11,20.0,7,192.18
5239439928,851978,3,715.72,Vitamins,Pharmacy,Parsa-Bala,894.65,20.0,365,2147.16
1328248068,602241,1,976.55,Nuts,Snacks & Munchies,Bahl-Pau,1502.38,35.0,90,976.55
1440606577,992178,1,632.43,Pain Reliever,Pharmacy,Basu and Sons,790.54,20.0,365,632.43
8884389971,945635,1,778.9,Pulses,Grocery & Staples,Balasubramanian PLC,916.35,15.0,365,778.9
7307977336,672059,2,672.73,Toothpaste,Personal Care,Kaur-Gola,1034.97,35.0,365,1345.46
5953535252,871592,2,870.29,Carrots,Fruits & Vegetables,"Shankar, Nadkarni and Kumer",1160.39,25.0,3,1740.58
6133025410,291238,3,746.03,Chocolates,Snacks & Munchies,"Sinha, Pau and Chhabra",1147.74,35.0,90,2238.09
798088726,949818,2,483.05,Biscuits,Snacks & Munchies,Yohannan Inc,743.15,35.0,90,966.1
3372412988,435929,3,856.89,Toilet Cleaner,Household Care,Memon Ltd,1142.52,25.0,365,2570.67
4910060567,385113,3,816.38,Lotion,Personal Care,"Sampath, Mane and Mody",1255.97,35.0,365,2449.14
8708211566,937542,1,97.04,Wheat Flour,Grocery & Staples,Khurana and Sons,114.16,15.0,365,97.04
2126853184,89084,3,598.83,Milk,Dairy & Breakfast,"Wali, Virk and Iyer",748.54,20.0,7,1796.4900000000002
4390795259,848226,2,209.59,Tomatoes,Fruits & Vegetables,Barad and Sons,279.45,25.0,3,419.18
9030686359,747801,1,277.76,Toilet Cleaner,Household Care,Saha-Vora,370.35,25.0,365,277.76
8565611606,647462,2,326.42,Lotion,Personal Care,"Balan, Samra and Sekhon",502.18,35.0,365,652.84
6782020758,555121,2,354.91,Carrots,Fruits & Vegetables,"Subramanian, Chaudhuri and Dora",473.21,25.0,3,709.82
561884159,903336,2,551.88,Pulses,Grocery & Staples,"Vaidya, Amble and Palla",649.27,15.0,365,1103.76
2767430579,60619,3,726.41,Iced Tea,Cold Drinks & Juices,Bhasin LLC,1037.73,30.0,180,2179.23
5934372451,144124,2,162.67,Detergent,Household Care,Lalla-Srinivasan,216.89,25.0,365,325.34
6833977302,490602,3,549.47,Sugar,Grocery & Staples,Raghavan Inc,646.44,15.0,365,1648.41
8396649871,953175,3,225.21,Baby Food,Baby Care,Sehgal-Nagarajan,321.73,30.0,365,675.63
1937188757,257719,3,281.73,Eggs,Dairy & Breakfast,Chaudhuri PLC,352.16,20.0,7,845.19
3142198801,300159,3,44.35,Cola,Cold Drinks & Juices,"Basu, Rout and Mistry",63.36,30.0,180,133.05
6087109745,679284,1,877.89,Cough Syrup,Pharmacy,Pant LLC,1097.36,20.0,365,877.89
8895262247,153019,1,947.95,Onions,Fruits & Vegetables,Aurora LLC,1263.93,25.0,3,947.95
5138524153,689769,3,46.62,Frozen Vegetables,Instant & Frozen Food,Kothari-Datta,77.7,40.0,180,139.85999999999999
9789995549,757274,1,98.32,Pet Treats,Pet Care,"Minhas, Kapoor and Sethi",151.26,35.0,365,98.32
7485459856,455755,2,44.09,Detergent,Household Care,Mangal-Sathe,58.79,25.0,365,88.18
4033626537,89084,3,598.83,Milk,Dairy & Breakfast,"Wali, Virk and Iyer",748.54,20.0,7,1796.4900000000002
9370915142,760828,3,563.45,Pet Treats,Pet Care,"Khurana, Khosla and Yohannan",866.85,35.0,365,1690.3500000000001
7211325894,56589,1,517.77,Vitamins,Pharmacy,"Pai, Kashyap and Ramachandran",647.21,20.0,365,517.77
3482827003,604184,2,397.55,Toilet Cleaner,Household Care,"Gaba, Sodhi and Choudhary",530.07,25.0,365,795.1
6656246719,654623,2,422.14,Chips,Snacks & Munchies,Pradhan and Sons,649.45,35.0,90,844.28
6092663288,818522,3,96.09,Cheese,Dairy & Breakfast,Hora-Roy,120.11,20.0,7,288.27
9346041594,491314,2,973.44,Ice Cream,Instant & Frozen Food,Banerjee Inc,1622.4,40.0,180,1946.88
9105127475,183929,3,738.74,Bread,Dairy & Breakfast,"Nagi, Sampath and Khurana",923.42,20.0,7,2216.2200000000003
6120818381,647462,1,326.42,Lotion,Personal Care,"Balan, Samra and Sekhon",502.18,35.0,365,326.42
5174370629,848226,1,209.59,Tomatoes,Fruits & Vegetables,Barad and Sons,279.45,25.0,3,209.59
3244930036,300159,1,44.35,Cola,Cold Drinks & Juices,"Basu, Rout and Mistry",63.36,30.0,180,44.35
2976493998,91670,3,439.24,Dish Soap,Household Care,Barman-Ahluwalia,585.65,25.0,365,1317.72
7971593791,146840,1,786.85,Bread,Dairy & Breakfast,"Bains, Deol and Vaidya",983.56,20.0,7,786.85
4052544342,222892,1,869.22,Tomatoes,Fruits & Vegetables,Ramakrishnan-Ghose,1158.96,25.0,3,869.22
6264003424,739448,2,755.66,Dish Soap,Household Care,Mand-Choudhry,1007.55,25.0,365,1511.32
3436107152,378230,1,166.42,Nuts,Snacks & Munchies,Kala-Vig,256.03,35.0,90,166.42
8546631319,863930,2,242.57,Shampoo,Personal Care,"Sathe, Agarwal and Dhar",373.18,35.0,365,485.14
640960551,52729,1,316.02,Cat Food,Pet Care,Saini LLC,486.18,35.0,365,316.02
1141173434,53833,1,134.69,Rice,Grocery & Staples,Tella-Master,158.46,15.0,365,134.69
528309380,118820,2,12.32,Iced Tea,Cold Drinks & Juices,"Warrior, Ravel and Amble",17.6,30.0,180,24.64
2387509904,107548,2,891.6,Cola,Cold Drinks & Juices,"Bhandari, Bhasin and Palan",1273.71,30.0,180,1783.2
6791931269,567671,3,418.48,Biscuits,Snacks & Munchies,Nagar LLC,643.82,35.0,90,1255.44
4063689432,837480,1,217.4,Cough Syrup,Pharmacy,Edwin and Sons,271.75,20.0,365,217.4
1206887762,366066,2,918.58,Soap,Personal Care,Mandal LLC,1413.2,35.0,365,1837.16
6409437174,767398,3,22.14,Dish Soap,Household Care,"Arya, Sundaram and Pingle",29.52,25.0,365,66.42
1355164713,131937,3,287.81,Frozen Pizza,Instant & Frozen Food,"Varkey, Devi and Ganguly",479.68,40.0,180,863.4300000000001
2604772138,36412,2,397.68,Dish Soap,Household Care,Muni-Shankar,530.24,25.0,365,795.36
5868093790,67197,2,552.2,Butter,Dairy & Breakfast,Shetty-Bora,690.25,20.0,7,1104.4
10161194,382511,1,702.54,Butter,Dairy & Breakfast,Bora-Thakkar,878.17,20.0,7,702.54
8930380639,107548,1,891.6,Cola,Cold Drinks & Juices,"Bhandari, Bhasin and Palan",1273.71,30.0,180,891.6
2247940574,679284,3,877.89,Cough Syrup,Pharmacy,Pant LLC,1097.36,20.0,365,2633.67
6190907327,18035,3,968.94,Dish Soap,Household Care,Ramesh Inc,1291.92,25.0,365,2906.82
127277515,654297,3,13.25,Potatoes,Fruits & Vegetables,Chandran-Dass,17.67,25.0,3,39.75
8209093135,91670,2,439.24,Dish Soap,Household Care,Barman-Ahluwalia,585.65,25.0,365,878.48
4419380079,567671,1,418.48,Biscuits,Snacks & Munchies,Nagar LLC,643.82,35.0,90,418.48
2954606845,376447,3,724.84,Butter,Dairy & Breakfast,Gara and Sons,906.05,20.0,7,2174.52
5128739359,131748,1,81.35,Dog Food,Pet Care,"Shroff, Wason and Dugar",125.15,35.0,365,81.35
8183315245,990993,2,263.7,Chocolates,Snacks & Munchies,Guha-Subramaniam,405.69,35.0,90,527.4
8820606892,689769,3,46.62,Frozen Vegetables,Instant & Frozen Food,Kothari-Datta,77.7,40.0,180,139.85999999999999
7779228340,942001,3,671.55,Cat Food,Pet Care,Acharya Ltd,1033.15,35.0,365,2014.6499999999999
8459230018,4452,1,169.88,Baby Wipes,Baby Care,Morar-Mistry,242.69,30.0,365,169.88
7060468800,112390,2,877.98,Toothpaste,Personal Care,"Kibe, Contractor and Randhawa",1350.74,35.0,365,1755.96
218821567,589812,3,163.03,Detergent,Household Care,Bir PLC,217.37,25.0,365,489.09000000000003
7795766861,140154,1,171.2,Shampoo,Personal Care,Malhotra LLC,263.38,35.0,365,171.2
4285804383,890232,2,432.0,Mango Drink,Cold Drinks & Juices,Jha Group,617.14,30.0,180,864.0
5961051248,880510,3,951.43,Bread,Dairy & Breakfast,Roy-Char,1189.29,20.0,7,2854.29
5630323534,425341,1,486.28,Pet Treats,Pet Care,"Mani, Dhar and Muni",748.12,35.0,365,486.28
4642824835,672059,3,672.73,Toothpaste,Personal Care,Kaur-Gola,1034.97,35.0,365,2018.19
3060527554,378230,3,166.42,Nuts,Snacks & Munchies,Kala-Vig,256.03,35.0,90,499.26
4048252396,451933,2,568.94,Wheat Flour,Grocery & Staples,Nadig Ltd,669.34,15.0,365,1137.88
1271431612,679321,1,738.46,Cola,Cold Drinks & Juices,Khurana-Dewan,1054.94,30.0,180,738.46
8981940261,552496,2,508.0,Dish Soap,Household Care,Dhar PLC,677.33,25.0,365,1016.0
3896239510,739448,3,755.66,Dish Soap,Household Care,Mand-Choudhry,1007.55,25.0,365,2266.98
711316410,305754,3,979.99,Frozen Vegetables,Instant & Frozen Food,Mammen-Hegde,1633.32,40.0,180,2939.9700000000003
9863502398,673058,2,765.76,Cough Syrup,Pharmacy,Balan-Madan,957.2,20.0,365,1531.52
293770293,876139,1,415.75,Pulses,Grocery & Staples,Cherian-Dara,489.12,15.0,365,415.75
890800429,376447,1,724.84,Butter,Dairy & Breakfast,Gara and Sons,906.05,20.0,7,724.84
1270503169,6405,2,236.51,Baby Food,Baby Care,Kashyap-Reddy,337.87,30.0,365,473.02
168180571,136533,1,826.21,Eggs,Dairy & Breakfast,"Raghavan, Magar and Shanker",1032.76,20.0,7,826.21
111296281,378230,3,166.42,Nuts,Snacks & Munchies,Kala-Vig,256.03,35.0,90,499.26
7329085364,969851,1,340.66,Frozen Vegetables,Instant & Frozen Food,"Kara, Sodhi and Bassi",567.77,40.0,180,340.66
1129130498,378676,1,881.42,Orange Juice,Cold Drinks & Juices,Baral-Kamdar,1259.17,30.0,180,881.42
996939836,993331,2,102.44,Pulses,Grocery & Staples,"Parmer, Gola and Yogi",120.52,15.0,365,204.88
8263379807,131136,3,37.8,Salt,Grocery & Staples,Deshpande-Rama,44.47,15.0,365,113.39999999999999
5735975899,611575,3,482.06,Frozen Pizza,Instant & Frozen Food,"Bhat, Nigam and Hayer",803.43,40.0,180,1446.18
9651034668,669378,3,212.14,Potatoes,Fruits & Vegetables,Chadha and Sons,282.85,25.0,3,636.42
3103539793,771228,1,83.18,Pet Treats,Pet Care,Raja and Sons,127.97,35.0,365,83.18
1611921781,123983,3,785.67,Cough Syrup,Pharmacy,Kurian-Chhabra,982.09,20.0,365,2357.0099999999998
7532381028,925482,2,475.04,Frozen Biryani,Instant & Frozen Food,Viswanathan-Sha,791.73,40.0,180,950.08
7803665404,516376,1,877.43,Onions,Fruits & Vegetables,Agarwal-Dhar,1169.91,25.0,3,877.43
466184886,451812,3,530.85,Pain Reliever,Pharmacy,"Batra, Sant and Mandal",663.56,20.0,365,1592.5500000000002
4692518050,70969,2,631.7,Carrots,Fruits & Vegetables,Mohan Group,842.27,25.0,3,1263.4
9408428,124290,1,39.65,Lotion,Personal Care,Sachdev Group,61.0,35.0,365,39.65
8766330526,704868,3,193.46,Detergent,Household Care,"Parikh, Oak and Kara",257.95,25.0,365,580.38
9221423039,707935,2,820.9,Cat Food,Pet Care,"Anne, Mammen and Khatri",1262.92,35.0,365,1641.8
4268661538,952124,1,127.08,Onions,Fruits & Vegetables,"Wali, Sood and Bala",169.44,25.0,3,127.08
1378809665,771228,3,83.18,Pet Treats,Pet Care,Raja and Sons,127.97,35.0,365,249.54000000000002
4917941248,764014,1,612.04,Salt,Grocery & Staples,"Grewal, Swamy and Dayal",720.05,15.0,365,612.04
5132792285,516376,2,877.43,Onions,Fruits & Vegetables,Agarwal-Dhar,1169.91,25.0,3,1754.86
3776678112,14145,1,630.84,Spinach,Fruits & Vegetables,"Thakur, Shah and Pingle",841.12,25.0,3,630.84
6940411801,89084,1,598.83,Milk,Dairy & Breakfast,"Wali, Virk and Iyer",748.54,20.0,7,598.83
7422521525,952124,2,127.08,Onions,Fruits & Vegetables,"Wali, Sood and Bala",169.44,25.0,3,254.16
4419022028,491521,2,556.35,Nuts,Snacks & Munchies,Karpe Inc,855.92,35.0,90,1112.7
8016651984,131748,1,81.35,Dog Food,Pet Care,"Shroff, Wason and Dugar",125.15,35.0,365,81.35
2361722422,848226,3,209.59,Tomatoes,Fruits & Vegetables,Barad and Sons,279.45,25.0,3,628.77
1001453982,557908,3,942.37,Vitamins,Pharmacy,Sundaram Inc,1177.96,20.0,365,2827.11
9093918346,91670,3,439.24,Dish Soap,Household Care,Barman-Ahluwalia,585.65,25.0,365,1317.72
3969014433,679865,1,347.91,Wheat Flour,Grocery & Staples,Memon-Barad,409.31,15.0,365,347.91
9684561720,398340,3,651.93,Instant Noodles,Instant & Frozen Food,"Nadig, Zachariah and Soni",1086.55,40.0,180,1955.79
7031115362,274207,2,328.51,Cough Syrup,Pharmacy,"Savant, Batta and Mander",410.64,20.0,365,657.02
8204766849,709916,1,33.76,Detergent,Household Care,Varkey LLC,45.01,25.0,365,33.76
2785412612,764014,3,612.04,Salt,Grocery & Staples,"Grewal, Swamy and Dayal",720.05,15.0,365,1836.12
2624138741,82484,3,914.88,Baby Food,Baby Care,Mallick PLC,1306.97,30.0,365,2744.64
748376248,194682,3,912.29,Iced Tea,Cold Drinks & Juices,Sastry-Issac,1303.27,30.0,180,2736.87
6096787440,478531,3,825.46,Carrots,Fruits & Vegetables,Uppal Group,1100.61,25.0,3,2476.38
8787660233,672059,2,672.73,Toothpaste,Personal Care,Kaur-Gola,1034.97,35.0,365,1345.46
3845481278,487931,3,709.08,Sugar,Grocery & Staples,"Bahl, Jaggi and Nath",834.21,15.0,365,2127.2400000000002
4636134267,228286,3,179.08,Cola,Cold Drinks & Juices,Bhattacharyya PLC,255.83,30.0,180,537.24
4538825340,124290,2,39.65,Lotion,Personal Care,Sachdev Group,61.0,35.0,365,79.3
4553101047,937542,3,97.04,Wheat Flour,Grocery & Staples,Khurana and Sons,114.16,15.0,365,291.12
2193853405,448752,2,160.07,Toilet Cleaner,Household Care,Batta-Doctor,213.43,25.0,365,320.14
1642059453,70969,1,631.7,Carrots,Fruits & Vegetables,Mohan Group,842.27,25.0,3,631.7
5890339330,891833,2,493.19,Curd,Dairy & Breakfast,Mani PLC,616.49,20.0,7,986.38
313663478,14145,1,630.84,Spinach,Fruits & Vegetables,"Thakur, Shah and Pingle",841.12,25.0,3,630.84
8591576320,692985,2,197.39,Pulses,Grocery & Staples,"Wable, Sankaran and Hari",232.22,15.0,365,394.78
4728104591,537274,2,702.71,Pet Treats,Pet Care,Lal-Chauhan,1081.09,35.0,365,1405.42
8276401643,833557,1,422.87,Cereal,Dairy & Breakfast,"Gole, Chand and Dada",528.59,20.0,7,422.87
8709694061,337168,2,545.49,Eggs,Dairy & Breakfast,Dasgupta PLC,681.86,20.0,7,1090.98
4080156881,300159,2,44.35,Cola,Cold Drinks & Juices,"Basu, Rout and Mistry",63.36,30.0,180,88.7
7485829116,500633,2,154.5,Cereal,Dairy & Breakfast,Trivedi-Ahluwalia,193.12,20.0,7,309.0
7378865582,661577,3,720.95,Cat Food,Pet Care,Majumdar PLC,1109.15,35.0,365,2162.8500000000004
335575667,77308,3,223.27,Onions,Fruits & Vegetables,Ratta-Sagar,297.69,25.0,3,669.8100000000001
1621109077,557908,1,942.37,Vitamins,Pharmacy,Sundaram Inc,1177.96,20.0,365,942.37
7468088555,654623,1,422.14,Chips,Snacks & Munchies,Pradhan and Sons,649.45,35.0,90,422.14
3676517886,473647,3,43.05,Toothpaste,Personal Care,Ben-Ravi,66.23,35.0,365,129.14999999999998
1746921111,642612,2,517.03,Pet Treats,Pet Care,Pillay-Ahuja,795.43,35.0,365,1034.06
7774691391,82484,2,914.88,Baby Food,Baby Care,Mallick PLC,1306.97,30.0,365,1829.76
8220678247,361361,1,826.21,Biscuits,Snacks & Munchies,"Kunda, Dave and Sahni",1271.09,35.0,90,826.21
6048604080,799459,3,852.02,Vitamins,Pharmacy,"Garg, Kari and Kapur",1065.02,20.0,365,2556.06
8545716586,697683,2,123.74,Toilet Cleaner,Household Care,"Murty, Varghese and Saxena",164.99,25.0,365,247.48
530870056,764014,1,612.04,Salt,Grocery & Staples,"Grewal, Swamy and Dayal",720.05,15.0,365,612.04
4055690435,120385,3,597.91,Pet Treats,Pet Care,Dubey-Sarin,919.86,35.0,365,1793.73
7096530350,927651,3,426.72,Baby Wipes,Baby Care,Narula Group,609.6,30.0,365,1280.16
7083649345,555121,3,354.91,Carrots,Fruits & Vegetables,"Subramanian, Chaudhuri and Dora",473.21,25.0,3,1064.73
836457367,937542,2,97.04,Wheat Flour,Grocery & Staples,Khurana and Sons,114.16,15.0,365,194.08
7698126312,136533,1,826.21,Eggs,Dairy & Breakfast,"Raghavan, Magar and Shanker",1032.76,20.0,7,826.21
2267297760,448752,1,160.07,Toilet Cleaner,Household Care,Batta-Doctor,213.43,25.0,365,160.07
1717841423,965755,1,532.57,Bananas,Fruits & Vegetables,"Doshi, Sarraf and Sama",710.09,25.0,3,532.57
4330597536,537274,1,702.71,Pet Treats,Pet Care,Lal-Chauhan,1081.09,35.0,365,702.71
3687593721,990993,1,263.7,Chocolates,Snacks & Munchies,Guha-Subramaniam,405.69,35.0,90,263.7
6660740926,378230,3,166.42,Nuts,Snacks & Munchies,Kala-Vig,256.03,35.0,90,499.26
9439713009,455755,1,44.09,Detergent,Household Care,Mangal-Sathe,58.79,25.0,365,44.09
5281121057,681063,3,321.28,Mango Drink,Cold Drinks & Juices,Dass and Sons,458.97,30.0,180,963.8399999999999
7044351561,51036,1,931.61,Baby Food,Baby Care,Karnik PLC,1330.87,30.0,365,931.61
9121393476,219598,3,367.08,Shampoo,Personal Care,Arora-Magar,564.74,35.0,365,1101.24
7202170939,991434,3,237.62,Cookies,Snacks & Munchies,Mital-Oza,365.57,35.0,90,712.86
1429047127,847349,3,781.08,Potatoes,Fruits & Vegetables,Chhabra-Agrawal,1041.44,25.0,3,2343.2400000000002
8551965787,34186,1,925.65,Mangoes,Fruits & Vegetables,Mandal-Kar,1234.2,25.0,3,925.65
6756882357,26060,3,342.94,Vitamins,Pharmacy,Shah and Sons,428.67,20.0,365,1028.82
618929241,542300,1,255.35,Popcorn,Snacks & Munchies,Gulati-Tandon,392.85,35.0,90,255.35
9711157887,679284,1,877.89,Cough Syrup,Pharmacy,Pant LLC,1097.36,20.0,365,877.89
354149805,382511,3,702.54,Butter,Dairy & Breakfast,Bora-Thakkar,878.17,20.0,7,2107.62
231328814,820541,3,576.22,Toilet Cleaner,Household Care,"Borde, Peri and Upadhyay",768.29,25.0,365,1728.66
523916986,799459,2,852.02,Vitamins,Pharmacy,"Garg, Kari and Kapur",1065.02,20.0,365,1704.04
1930887811,602241,2,976.55,Nuts,Snacks & Munchies,Bahl-Pau,1502.38,35.0,90,1953.1
9958741781,818522,2,96.09,Cheese,Dairy & Breakfast,Hora-Roy,120.11,20.0,7,192.18
6727230123,6405,3,236.51,Baby Food,Baby Care,Kashyap-Reddy,337.87,30.0,365,709.53
9487368442,992178,2,632.43,Pain Reliever,Pharmacy,Basu and Sons,790.54,20.0,365,1264.86
671459763,133542,3,68.49,Detergent,Household Care,Edwin-Lall,91.32,25.0,365,205.46999999999997
9129957352,451812,2,530.85,Pain Reliever,Pharmacy,"Batra, Sant and Mandal",663.56,20.0,365,1061.7
9206073690,991434,3,237.62,Cookies,Snacks & Munchies,Mital-Oza,365.57,35.0,90,712.86
5587148302,18035,2,968.94,Dish Soap,Household Care,Ramesh Inc,1291.92,25.0,365,1937.88
6936256414,564692,3,215.65,Cat Food,Pet Care,"Krishna, Bail and Dyal",331.77,35.0,365,646.95
3341228576,140489,3,650.2,Soap,Personal Care,"Biswas, Kapoor and Patel",1000.31,35.0,365,1950.6000000000001
4817323453,949818,2,483.05,Biscuits,Snacks & Munchies,Yohannan Inc,743.15,35.0,90,966.1
1163454835,373536,2,494.17,Dog Food,Pet Care,Chauhan-Sabharwal,760.26,35.0,365,988.34
5236061455,532965,3,307.23,Frozen Pizza,Instant & Frozen Food,Sachdev Inc,512.05,40.0,180,921.69
5982829268,478531,3,825.46,Carrots,Fruits & Vegetables,Uppal Group,1100.61,25.0,3,2476.38
1901688056,704868,2,193.46,Detergent,Household Care,"Parikh, Oak and Kara",257.95,25.0,365,386.92
5936051107,798639,1,211.25,Eggs,Dairy & Breakfast,Subramaniam LLC,264.06,20.0,7,211.25
3018272105,585299,3,799.46,Pet Treats,Pet Care,"Sharma, Chandra and Prashad",1229.94,35.0,365,2398.38
3656191983,313754,3,136.6,Biscuits,Snacks & Munchies,"Swaminathan, Mahal and Dara",210.15,35.0,90,409.79999999999995
5186692805,144124,2,162.67,Detergent,Household Care,Lalla-Srinivasan,216.89,25.0,365,325.34
7281243151,611575,1,482.06,Frozen Pizza,Instant & Frozen Food,"Bhat, Nigam and Hayer",803.43,40.0,180,482.06
7906004940,194682,1,912.29,Iced Tea,Cold Drinks & Juices,Sastry-Issac,1303.27,30.0,180,912.29
6354703603,992178,3,632.43,Pain Reliever,Pharmacy,Basu and Sons,790.54,20.0,365,1897.29
6444064733,217710,3,58.59,Eggs,Dairy & Breakfast,Rout-Sarna,73.24,20.0,7,175.77
2405783093,623234,2,329.79,Frozen Biryani,Instant & Frozen Food,Chakrabarti-Batra,549.65,40.0,180,659.58
63363146,136533,2,826.21,Eggs,Dairy & Breakfast,"Raghavan, Magar and Shanker",1032.76,20.0,7,1652.42
7040313500,256783,3,906.54,Pet Treats,Pet Care,"Basu, Thakur and Rege",1394.68,35.0,365,2719.62
5844807259,448752,1,160.07,Toilet Cleaner,Household Care,Batta-Doctor,213.43,25.0,365,160.07
1931703221,876139,1,415.75,Pulses,Grocery & Staples,Cherian-Dara,489.12,15.0,365,415.75
3525336030,18035,1,968.94,Dish Soap,Household Care,Ramesh Inc,1291.92,25.0,365,968.94
4359807852,564692,1,215.65,Cat Food,Pet Care,"Krishna, Bail and Dyal",331.77,35.0,365,215.65
6946959356,461804,2,310.69,Sugar,Grocery & Staples,"Ghose, Ben and Divan",365.52,15.0,365,621.38
782338627,349294,1,934.75,Onions,Fruits & Vegetables,Ganesan Ltd,1246.33,25.0,3,934.75
4942714391,455755,3,44.09,Detergent,Household Care,Mangal-Sathe,58.79,25.0,365,132.27
919307194,140154,2,171.2,Shampoo,Personal Care,Malhotra LLC,263.38,35.0,365,342.4
6509263423,615545,1,448.16,Soap,Personal Care,Barman Inc,689.48,35.0,365,448.16
7200105089,298985,1,183.76,Vitamins,Pharmacy,"Ramanathan, Joshi and Srinivasan",229.7,20.0,365,183.76
7120372196,669378,2,212.14,Potatoes,Fruits & Vegetables,Chadha and Sons,282.85,25.0,3,424.28
8710393245,112390,1,877.98,Toothpaste,Personal Care,"Kibe, Contractor and Randhawa",1350.74,35.0,365,877.98
8862036450,954722,1,616.45,Ice Cream,Instant & Frozen Food,Mohan-Virk,1027.42,40.0,180,616.45
2087769338,18035,3,968.94,Dish Soap,Household Care,Ramesh Inc,1291.92,25.0,365,2906.82
3349267712,532965,3,307.23,Frozen Pizza,Instant & Frozen Food,Sachdev Inc,512.05,40.0,180,921.69
1689937124,903336,3,551.88,Pulses,Grocery & Staples,"Vaidya, Amble and Palla",649.27,15.0,365,1655.6399999999999
4498769995,681063,2,321.28,Mango Drink,Cold Drinks & Juices,Dass and Sons,458.97,30.0,180,642.56
3729771871,578097,2,267.61,Nuts,Snacks & Munchies,Jha Group,411.71,35.0,90,535.22
9065518834,319388,2,657.8,Orange Juice,Cold Drinks & Juices,D’Alia-Dey,939.71,30.0,180,1315.6
7524465290,684939,3,727.95,Lotion,Personal Care,"Sibal, Bhatnagar and Rajan",1119.92,35.0,365,2183.8500000000004
2319921666,839170,1,481.63,Curd,Dairy & Breakfast,Shetty and Sons,602.04,20.0,7,481.63
9541612277,306177,1,769.24,Frozen Biryani,Instant & Frozen Food,Som Inc,1282.07,40.0,180,769.24
6303548068,925482,1,475.04,Frozen Biryani,Instant & Frozen Food,Viswanathan-Sha,791.73,40.0,180,475.04
5867651793,927651,3,426.72,Baby Wipes,Baby Care,Narula Group,609.6,30.0,365,1280.16
6405947025,894539,2,445.48,Dish Soap,Household Care,"Pall, Sule and Sood",593.97,25.0,365,890.96
2150790907,833557,3,422.87,Cereal,Dairy & Breakfast,"Gole, Chand and Dada",528.59,20.0,7,1268.6100000000001
212856641,26060,1,342.94,Vitamins,Pharmacy,Shah and Sons,428.67,20.0,365,342.94
1686508921,659290,3,319.34,Cheese,Dairy & Breakfast,Kapadia-D’Alia,399.17,20.0,7,958.02
5879579208,757274,1,98.32,Pet Treats,Pet Care,"Minhas, Kapoor and Sethi",151.26,35.0,365,98.32
1882682579,587645,3,801.81,Vitamins,Pharmacy,"Sura, Pillay and Mammen",1002.26,20.0,365,2405.43
8370410622,63769,2,878.07,Lotion,Personal Care,Dalal-Shan,1350.88,35.0,365,1756.14
368599691,890232,1,432.0,Mango Drink,Cold Drinks & Juices,Jha Group,617.14,30.0,180,432.0
9282982332,739534,2,994.56,Toilet Cleaner,Household Care,"Gera, Narang and Karpe",1326.08,25.0,365,1989.12
4874880100,274207,1,328.51,Cough Syrup,Pharmacy,"Savant, Batta and Mander",410.64,20.0,365,328.51
102639985,89084,2,598.83,Milk,Dairy & Breakfast,"Wali, Virk and Iyer",748.54,20.0,7,1197.66
5288207551,760684,2,71.6,Rice,Grocery & Staples,Kanda-Gupta,84.24,15.0,365,143.2
693932743,300159,2,44.35,Cola,Cold Drinks & Juices,"Basu, Rout and Mistry",63.36,30.0,180,88.7
2325405669,673058,3,765.76,Cough Syrup,Pharmacy,Balan-Madan,957.2,20.0,365,2297.2799999999997
8152364696,487065,1,374.68,Chips,Snacks & Munchies,Kadakia-Yadav,576.43,35.0,90,374.68
7682359398,324809,1,608.0,Bread,Dairy & Breakfast,Sidhu PLC,760.0,20.0,7,608.0
1742951029,954722,1,616.45,Ice Cream,Instant & Frozen Food,Mohan-Virk,1027.42,40.0,180,616.45
4799787645,140154,3,171.2,Shampoo,Personal Care,Malhotra LLC,263.38,35.0,365,513.5999999999999
8498666384,930284,2,189.47,Baby Food,Baby Care,"Garg, Saraf and Dutta",270.67,30.0,365,378.94
5013572642,952124,1,127.08,Onions,Fruits & Vegetables,"Wali, Sood and Bala",169.44,25.0,3,127.08
8403006958,433521,2,321.33,Diapers,Baby Care,Mahal Group,459.04,30.0,365,642.66
4688831157,53833,2,134.69,Rice,Grocery & Staples,Tella-Master,158.46,15.0,365,269.38
394578210,349294,3,934.75,Onions,Fruits & Vegetables,Ganesan Ltd,1246.33,25.0,3,2804.25
8681711802,56589,3,517.77,Vitamins,Pharmacy,"Pai, Kashyap and Ramachandran",647.21,20.0,365,1553.31
9311399064,131748,1,81.35,Dog Food,Pet Care,"Shroff, Wason and Dugar",125.15,35.0,365,81.35
2620581496,34200,2,319.8,Lotion,Personal Care,Munshi-Grewal,492.0,35.0,365,639.6
5116898322,771228,3,83.18,Pet Treats,Pet Care,Raja and Sons,127.97,35.0,365,249.54000000000002
5995819849,707935,3,820.9,Cat Food,Pet Care,"Anne, Mammen and Khatri",1262.92,35.0,365,2462.7
7690500286,18035,2,968.94,Dish Soap,Household Care,Ramesh Inc,1291.92,25.0,365,1937.88
6107283203,94225,1,77.11,Toilet Cleaner,Household Care,"Gulati, Ram and Sarkar",102.81,25.0,365,77.11
3170417508,942001,3,671.55,Cat Food,Pet Care,Acharya Ltd,1033.15,35.0,365,2014.6499999999999
805682701,57405,3,607.67,Baby Food,Baby Care,Srinivas PLC,868.1,30.0,365,1823.0099999999998
8960508625,970529,1,827.44,Diapers,Baby Care,"Kurian, Patla and Sanghvi",1182.06,30.0,365,827.44
5580397726,186168,1,878.8,Dog Food,Pet Care,"Parekh, Lad and Kadakia",1352.0,35.0,365,878.8
1506599381,491521,2,556.35,Nuts,Snacks & Munchies,Karpe Inc,855.92,35.0,90,1112.7
8424478165,880510,1,951.43,Bread,Dairy & Breakfast,Roy-Char,1189.29,20.0,7,951.43
6083333956,818522,1,96.09,Cheese,Dairy & Breakfast,Hora-Roy,120.11,20.0,7,96.09
9611327860,487931,2,709.08,Sugar,Grocery & Staples,"Bahl, Jaggi and Nath",834.21,15.0,365,1418.16
9539444766,63769,3,878.07,Lotion,Personal Care,Dalal-Shan,1350.88,35.0,365,2634.21
756168939,4452,1,169.88,Baby Wipes,Baby Care,Morar-Mistry,242.69,30.0,365,169.88
7762624518,171602,1,883.44,Cola,Cold Drinks & Juices,Pal-Sehgal,1262.06,30.0,180,883.44
3681781563,112390,3,877.98,Toothpaste,Personal Care,"Kibe, Contractor and Randhawa",1350.74,35.0,365,2633.94
1571085226,991434,3,237.62,Cookies,Snacks & Munchies,Mital-Oza,365.57,35.0,90,712.86
4244306883,604184,3,397.55,Toilet Cleaner,Household Care,"Gaba, Sodhi and Choudhary",530.07,25.0,365,1192.65
7333141591,876139,3,415.75,Pulses,Grocery & Staples,Cherian-Dara,489.12,15.0,365,1247.25
1199945706,970529,1,827.44,Diapers,Baby Care,"Kurian, Patla and Sanghvi",1182.06,30.0,365,827.44
5895644119,382511,2,702.54,Butter,Dairy & Breakfast,Bora-Thakkar,878.17,20.0,7,1405.08
7112919210,6405,1,236.51,Baby Food,Baby Care,Kashyap-Reddy,337.87,30.0,365,236.51
8315937318,962054,1,16.86,Orange Juice,Cold Drinks & Juices,Toor-Nagar,24.09,30.0,180,16.86
5331800057,990993,3,263.7,Chocolates,Snacks & Munchies,Guha-Subramaniam,405.69,35.0,90,791.0999999999999
5989265505,228286,2,179.08,Cola,Cold Drinks & Juices,Bhattacharyya PLC,255.83,30.0,180,358.16
7906361274,33955,3,186.08,Frozen Pizza,Instant & Frozen Food,Baral Group,310.13,40.0,180,558.24
6312476146,433521,1,321.33,Diapers,Baby Care,Mahal Group,459.04,30.0,365,321.33
9436272631,613942,3,545.0,Pet Treats,Pet Care,"Dyal, Saraf and Goel",838.46,35.0,365,1635.0
8289791792,552883,2,888.16,Potatoes,Fruits & Vegetables,"Balan, Patel and Mall",1184.21,25.0,3,1776.32
7659532788,451812,2,530.85,Pain Reliever,Pharmacy,"Batra, Sant and Mandal",663.56,20.0,365,1061.7
1498157233,673058,2,765.76,Cough Syrup,Pharmacy,Balan-Madan,957.2,20.0,365,1531.52
8560951754,942001,3,671.55,Cat Food,Pet Care,Acharya Ltd,1033.15,35.0,365,2014.6499999999999
8764192824,673058,2,765.76,Cough Syrup,Pharmacy,Balan-Madan,957.2,20.0,365,1531.52
1900542981,704868,1,193.46,Detergent,Household Care,"Parikh, Oak and Kara",257.95,25.0,365,193.46
9445683691,799688,3,309.62,Lotion,Personal Care,Arora LLC,476.34,35.0,365,928.86
7719808335,491521,1,556.35,Nuts,Snacks & Munchies,Karpe Inc,855.92,35.0,90,556.35
4865644960,490939,1,80.25,Lotion,Personal Care,"Roy, Barad and De",123.46,35.0,365,80.25
6518276143,53833,2,134.69,Rice,Grocery & Staples,Tella-Master,158.46,15.0,365,269.38
2211459584,114414,1,832.06,Vitamins,Pharmacy,Kara-Golla,1040.07,20.0,365,832.06
6811633572,491314,3,973.44,Ice Cream,Instant & Frozen Food,Banerjee Inc,1622.4,40.0,180,2920.32
1821573240,876139,3,415.75,Pulses,Grocery & Staples,Cherian-Dara,489.12,15.0,365,1247.25
8848227434,723678,3,675.46,Dog Food,Pet Care,"Lall, Datta and Swamy",1039.17,35.0,365,2026.38
7812276711,306177,3,769.24,Frozen Biryani,Instant & Frozen Food,Som Inc,1282.07,40.0,180,2307.7200000000003
939966106,354409,3,325.08,Pulses,Grocery & Staples,Bose-Pandit,382.45,15.0,365,975.24
4099108156,94225,2,77.11,Toilet Cleaner,Household Care,"Gulati, Ram and Sarkar",102.81,25.0,365,154.22
5684182622,833557,1,422.87,Cereal,Dairy & Breakfast,"Gole, Chand and Dada",528.59,20.0,7,422.87
4916740946,712307,3,264.89,Orange Juice,Cold Drinks & Juices,Chana LLC,378.41,30.0,180,794.67
9732307600,144124,1,162.67,Detergent,Household Care,Lalla-Srinivasan,216.89,25.0,365,162.67
9280329883,784827,3,274.25,Baby Wipes,Baby Care,Balakrishnan Ltd,391.79,30.0,365,822.75
4284285927,673058,1,765.76,Cough Syrup,Pharmacy,Balan-Madan,957.2,20.0,365,765.76
8701796,672059,2,672.73,Toothpaste,Personal Care,Kaur-Gola,1034.97,35.0,365,1345.46
6834734512,137909,2,864.3,Cough Syrup,Pharmacy,Dalal PLC,1080.37,20.0,365,1728.6
7127377458,448752,3,160.07,Toilet Cleaner,Household Care,Batta-Doctor,213.43,25.0,365,480.21
4754481356,124290,3,39.65,Lotion,Personal Care,Sachdev Group,61.0,35.0,365,118.94999999999999
4726007482,284460,3,505.95,Potatoes,Fruits & Vegetables,"Ramakrishnan, Anand and Khare",674.6,25.0,3,1517.85
2320560482,557908,1,942.37,Vitamins,Pharmacy,Sundaram Inc,1177.96,20.0,365,942.37
1456550348,566052,1,87.3,Pain Reliever,Pharmacy,"Apte, Soman and Raju",109.12,20.0,365,87.3
5370744569,478531,1,825.46,Carrots,Fruits & Vegetables,Uppal Group,1100.61,25.0,3,825.46
5819887962,186168,3,878.8,Dog Food,Pet Care,"Parekh, Lad and Kadakia",1352.0,35.0,365,2636.3999999999996
1929465827,647462,1,326.42,Lotion,Personal Care,"Balan, Samra and Sekhon",502.18,35.0,365,326.42
9430139302,120532,1,697.53,Wheat Flour,Grocery & Staples,Nazareth Ltd,820.62,15.0,365,697.53
3632715912,679321,3,738.46,Cola,Cold Drinks & Juices,Khurana-Dewan,1054.94,30.0,180,2215.38
3356214803,888807,3,230.58,Bread,Dairy & Breakfast,Arya Group,288.23,20.0,7,691.74
2277864850,513199,2,422.23,Cola,Cold Drinks & Juices,Rastogi Inc,603.19,30.0,180,844.46
1754472592,847349,3,781.08,Potatoes,Fruits & Vegetables,Chhabra-Agrawal,1041.44,25.0,3,2343.2400000000002
1833208408,194682,3,912.29,Iced Tea,Cold Drinks & Juices,Sastry-Issac,1303.27,30.0,180,2736.87
6567954047,954722,2,616.45,Ice Cream,Instant & Frozen Food,Mohan-Virk,1027.42,40.0,180,1232.9
9409585531,448752,3,160.07,Toilet Cleaner,Household Care,Batta-Doctor,213.43,25.0,365,480.21
731371161,927651,1,426.72,Baby Wipes,Baby Care,Narula Group,609.6,30.0,365,426.72
7863496069,349294,3,934.75,Onions,Fruits & Vegetables,Ganesan Ltd,1246.33,25.0,3,2804.25
9043955242,56589,3,517.77,Vitamins,Pharmacy,"Pai, Kashyap and Ramachandran",647.21,20.0,365,1553.31
8257564936,516376,1,877.43,Onions,Fruits & Vegetables,Agarwal-Dhar,1169.91,25.0,3,877.43
7487631571,120532,3,697.53,Wheat Flour,Grocery & Staples,Nazareth Ltd,820.62,15.0,365,2092.59
4243307535,592784,2,280.35,Biscuits,Snacks & Munchies,"Andra, Mander and Kari",431.31,35.0,90,560.7
5490221933,563740,1,96.33,Chips,Snacks & Munchies,Mann-Kapadia,148.2,35.0,90,96.33
577600718,120385,1,597.91,Pet Treats,Pet Care,Dubey-Sarin,919.86,35.0,365,597.91
1815462789,679865,3,347.91,Wheat Flour,Grocery & Staples,Memon-Barad,409.31,15.0,365,1043.73
896786012,747801,3,277.76,Toilet Cleaner,Household Care,Saha-Vora,370.35,25.0,365,833.28
2610552179,67197,1,552.2,Butter,Dairy & Breakfast,Shetty-Bora,690.25,20.0,7,552.2
6244718082,60619,3,726.41,Iced Tea,Cold Drinks & Juices,Bhasin LLC,1037.73,30.0,180,2179.23
1837634871,652118,2,22.04,Frozen Biryani,Instant & Frozen Food,Agate and Sons,36.73,40.0,180,44.08
8684571382,240179,1,90.56,Cough Syrup,Pharmacy,Ram-Suri,113.2,20.0,365,90.56
1659181364,94225,2,77.11,Toilet Cleaner,Household Care,"Gulati, Ram and Sarkar",102.81,25.0,365,154.22
5626641031,952124,1,127.08,Onions,Fruits & Vegetables,"Wali, Sood and Bala",169.44,25.0,3,127.08
1589326447,647462,3,326.42,Lotion,Personal Care,"Balan, Samra and Sekhon",502.18,35.0,365,979.26
5018325783,367391,3,939.55,Baby Wipes,Baby Care,Talwar and Sons,1342.21,30.0,365,2818.6499999999996
5111073873,962054,2,16.86,Orange Juice,Cold Drinks & Juices,Toor-Nagar,24.09,30.0,180,33.72
5953426781,532965,1,307.23,Frozen Pizza,Instant & Frozen Food,Sachdev Inc,512.05,40.0,180,307.23
8966870214,131136,3,37.8,Salt,Grocery & Staples,Deshpande-Rama,44.47,15.0,365,113.39999999999999
6962915277,540618,2,317.05,Popcorn,Snacks & Munchies,Golla-Luthra,487.77,35.0,90,634.1
4309308088,120532,2,697.53,Wheat Flour,Grocery & Staples,Nazareth Ltd,820.62,15.0,365,1395.06
5391068200,659290,3,319.34,Cheese,Dairy & Breakfast,Kapadia-D’Alia,399.17,20.0,7,958.02
4394681222,952124,3,127.08,Onions,Fruits & Vegetables,"Wali, Sood and Bala",169.44,25.0,3,381.24
4791895461,425341,3,486.28,Pet Treats,Pet Care,"Mani, Dhar and Muni",748.12,35.0,365,1458.84
7272011740,848226,1,209.59,Tomatoes,Fruits & Vegetables,Barad and Sons,279.45,25.0,3,209.59
87784691,70969,2,631.7,Carrots,Fruits & Vegetables,Mohan Group,842.27,25.0,3,1263.4
4939105270,444361,3,822.63,Pain Reliever,Pharmacy,"Prakash, Bawa and Kale",1028.29,20.0,365,2467.89
4622303035,880510,2,951.43,Bread,Dairy & Breakfast,Roy-Char,1189.29,20.0,7,1902.86
3460208027,709916,2,33.76,Detergent,Household Care,Varkey LLC,45.01,25.0,365,67.52
2548125971,183929,1,738.74,Bread,Dairy & Breakfast,"Nagi, Sampath and Khurana",923.42,20.0,7,738.74
2390111460,492958,2,84.2,Lotion,Personal Care,Acharya PLC,129.54,35.0,365,168.4
8309485249,903336,2,551.88,Pulses,Grocery & Staples,"Vaidya, Amble and Palla",649.27,15.0,365,1103.76
8322543480,661577,3,720.95,Cat Food,Pet Care,Majumdar PLC,1109.15,35.0,365,2162.8500000000004
2819200158,60619,1,726.41,Iced Tea,Cold Drinks & Juices,Bhasin LLC,1037.73,30.0,180,726.41
7087151227,600767,1,722.42,Toothpaste,Personal Care,Balan Group,1111.42,35.0,365,722.42
6704234561,962054,1,16.86,Orange Juice,Cold Drinks & Juices,Toor-Nagar,24.09,30.0,180,16.86
6998410196,365133,2,915.45,Dish Soap,Household Care,Hans Inc,1220.6,25.0,365,1830.9
707035635,677542,1,212.61,Toilet Cleaner,Household Care,Thaman-Lanka,283.48,25.0,365,212.61
543400704,767398,3,22.14,Dish Soap,Household Care,"Arya, Sundaram and Pingle",29.52,25.0,365,66.42
3604694195,52729,1,316.02,Cat Food,Pet Care,Saini LLC,486.18,35.0,365,316.02
3560549947,913428,2,392.22,Pet Treats,Pet Care,Narayanan-Kumar,603.42,35.0,365,784.44
9982178143,734789,1,395.82,Popcorn,Snacks & Munchies,"Chaudhari, Pant and Singh",608.95,35.0,90,395.82
1423646541,799952,1,922.64,Cheese,Dairy & Breakfast,Padmanabhan-Virk,1153.3,20.0,7,922.64
7441941402,820973,1,114.52,Baby Wipes,Baby Care,Lall LLC,163.6,30.0,365,114.52
8395661807,120532,3,697.53,Wheat Flour,Grocery & Staples,Nazareth Ltd,820.62,15.0,365,2092.59
5480656353,587645,2,801.81,Vitamins,Pharmacy,"Sura, Pillay and Mammen",1002.26,20.0,365,1603.62
4561602092,306177,1,769.24,Frozen Biryani,Instant & Frozen Food,Som Inc,1282.07,40.0,180,769.24
1695982633,481843,2,297.68,Chocolates,Snacks & Munchies,"Taneja, Kala and Kota",457.97,35.0,90,595.36
6309447153,853932,2,941.19,Baby Wipes,Baby Care,Ranganathan-Peri,1344.56,30.0,365,1882.38
4796733514,604184,2,397.55,Toilet Cleaner,Household Care,"Gaba, Sodhi and Choudhary",530.07,25.0,365,795.1
2858966982,734789,2,395.82,Popcorn,Snacks & Munchies,"Chaudhari, Pant and Singh",608.95,35.0,90,791.64
6948607495,891833,1,493.19,Curd,Dairy & Breakfast,Mani PLC,616.49,20.0,7,493.19
4959271803,385113,2,816.38,Lotion,Personal Care,"Sampath, Mane and Mody",1255.97,35.0,365,1632.76
5669689881,448752,1,160.07,Toilet Cleaner,Household Care,Batta-Doctor,213.43,25.0,365,160.07
5352265711,440875,1,275.03,Baby Wipes,Baby Care,Loyal Inc,392.9,30.0,365,275.03
5498551836,871592,1,870.29,Carrots,Fruits & Vegetables,"Shankar, Nadkarni and Kumer",1160.39,25.0,3,870.29
6556845822,799688,1,309.62,Lotion,Personal Care,Arora LLC,476.34,35.0,365,309.62
5167008199,883013,1,989.88,Eggs,Dairy & Breakfast,Chahal Group,1237.35,20.0,7,989.88
966294309,654297,3,13.25,Potatoes,Fruits & Vegetables,Chandran-Dass,17.67,25.0,3,39.75
3163611427,962591,2,130.01,Orange Juice,Cold Drinks & Juices,Murthy-Kaul,185.73,30.0,180,260.02
203136866,6405,1,236.51,Baby Food,Baby Care,Kashyap-Reddy,337.87,30.0,365,236.51
1815555165,382511,1,702.54,Butter,Dairy & Breakfast,Bora-Thakkar,878.17,20.0,7,702.54
1874499212,697683,1,123.74,Toilet Cleaner,Household Care,"Murty, Varghese and Saxena",164.99,25.0,365,123.74
4012779165,462526,2,449.97,Curd,Dairy & Breakfast,Pau and Sons,562.46,20.0,7,899.94
3669023899,707935,2,820.9,Cat Food,Pet Care,"Anne, Mammen and Khatri",1262.92,35.0,365,1641.8
9296381620,89084,2,598.83,Milk,Dairy & Breakfast,"Wali, Virk and Iyer",748.54,20.0,7,1197.66
2725513934,604184,3,397.55,Toilet Cleaner,Household Care,"Gaba, Sodhi and Choudhary",530.07,25.0,365,1192.65
5564338561,257719,1,281.73,Eggs,Dairy & Breakfast,Chaudhuri PLC,352.16,20.0,7,281.73
4701778121,700048,1,141.28,Dish Soap,Household Care,Khalsa-Bhavsar,188.37,25.0,365,141.28
9529272337,91670,1,439.24,Dish Soap,Household Care,Barman-Ahluwalia,585.65,25.0,365,439.24
869910650,451933,1,568.94,Wheat Flour,Grocery & Staples,Nadig Ltd,669.34,15.0,365,568.94
2127080399,222892,3,869.22,Tomatoes,Fruits & Vegetables,Ramakrishnan-Ghose,1158.96,25.0,3,2607.66
3547439109,706112,3,478.79,Vitamins,Pharmacy,"Magar, Gara and Garg",598.49,20.0,365,1436.3700000000001
997535715,606256,1,369.28,Frozen Biryani,Instant & Frozen Food,Agate Ltd,615.47,40.0,180,369.28
2442453181,146840,2,786.85,Bread,Dairy & Breakfast,"Bains, Deol and Vaidya",983.56,20.0,7,1573.7
1182120536,9436,1,88.43,Toothpaste,Personal Care,Naidu PLC,136.05,35.0,365,88.43
2819297954,500739,2,359.98,Bread,Dairy & Breakfast,Aggarwal Group,449.98,20.0,7,719.96
9870956079,937542,1,97.04,Wheat Flour,Grocery & Staples,Khurana and Sons,114.16,15.0,365,97.04
6032675432,60619,2,726.41,Iced Tea,Cold Drinks & Juices,Bhasin LLC,1037.73,30.0,180,1452.82
329790912,305754,1,979.99,Frozen Vegetables,Instant & Frozen Food,Mammen-Hegde,1633.32,40.0,180,979.99
6459815532,951463,3,787.4,Pet Treats,Pet Care,Balakrishnan-Kaur,1211.38,35.0,365,2362.2
9214523757,243235,3,109.03,Cat Food,Pet Care,Batta Inc,167.74,35.0,365,327.09000000000003
9450279027,367391,2,939.55,Baby Wipes,Baby Care,Talwar and Sons,1342.21,30.0,365,1879.1
6265551101,890623,2,354.52,Onions,Fruits & Vegetables,"Sangha, Nagar and Varty",472.69,25.0,3,709.04
4138526838,555121,2,354.91,Carrots,Fruits & Vegetables,"Subramanian, Chaudhuri and Dora",473.21,25.0,3,709.82
8005579633,992178,2,632.43,Pain Reliever,Pharmacy,Basu and Sons,790.54,20.0,365,1264.86
3442984170,673058,2,765.76,Cough Syrup,Pharmacy,Balan-Madan,957.2,20.0,365,1531.52
8711550413,914071,3,296.94,Chips,Snacks & Munchies,Datta Ltd,456.83,35.0,90,890.8199999999999
2509593585,186168,3,878.8,Dog Food,Pet Care,"Parekh, Lad and Kadakia",1352.0,35.0,365,2636.3999999999996
6126557370,563740,3,96.33,Chips,Snacks & Munchies,Mann-Kapadia,148.2,35.0,90,288.99
9876119035,689769,3,46.62,Frozen Vegetables,Instant & Frozen Food,Kothari-Datta,77.7,40.0,180,139.85999999999999
3739042166,642612,3,517.03,Pet Treats,Pet Care,Pillay-Ahuja,795.43,35.0,365,1551.09
7938944124,112390,3,877.98,Toothpaste,Personal Care,"Kibe, Contractor and Randhawa",1350.74,35.0,365,2633.94
506804807,470449,3,827.77,Frozen Biryani,Instant & Frozen Food,Kohli-Sawhney,1379.62,40.0,180,2483.31
3577900599,140489,1,650.2,Soap,Personal Care,"Biswas, Kapoor and Patel",1000.31,35.0,365,650.2
8337599633,707935,3,820.9,Cat Food,Pet Care,"Anne, Mammen and Khatri",1262.92,35.0,365,2462.7
8611745429,146840,2,786.85,Bread,Dairy & Breakfast,"Bains, Deol and Vaidya",983.56,20.0,7,1573.7
2990223879,373536,2,494.17,Dog Food,Pet Care,Chauhan-Sabharwal,760.26,35.0,365,988.34
52324496,888807,2,230.58,Bread,Dairy & Breakfast,Arya Group,288.23,20.0,7,461.16
6594929133,812607,1,416.65,Potatoes,Fruits & Vegetables,Rege Group,555.53,25.0,3,416.65
2480235830,63769,3,878.07,Lotion,Personal Care,Dalal-Shan,1350.88,35.0,365,2634.21
9667072962,945635,1,778.9,Pulses,Grocery & Staples,Balasubramanian PLC,916.35,15.0,365,778.9
277700053,552496,2,508.0,Dish Soap,Household Care,Dhar PLC,677.33,25.0,365,1016.0
5691623788,41853,1,910.44,Curd,Dairy & Breakfast,Handa PLC,1138.05,20.0,7,910.44
6845696161,194682,2,912.29,Iced Tea,Cold Drinks & Juices,Sastry-Issac,1303.27,30.0,180,1824.58
4098488449,444361,3,822.63,Pain Reliever,Pharmacy,"Prakash, Bawa and Kale",1028.29,20.0,365,2467.89
5653623743,659290,3,319.34,Cheese,Dairy & Breakfast,Kapadia-D’Alia,399.17,20.0,7,958.02
6416399784,52729,1,316.02,Cat Food,Pet Care,Saini LLC,486.18,35.0,365,316.02
4365565386,490602,2,549.47,Sugar,Grocery & Staples,Raghavan Inc,646.44,15.0,365,1098.94
6423269418,890232,1,432.0,Mango Drink,Cold Drinks & Juices,Jha Group,617.14,30.0,180,432.0
1020534590,953175,3,225.21,Baby Food,Baby Care,Sehgal-Nagarajan,321.73,30.0,365,675.63
4015289878,692985,1,197.39,Pulses,Grocery & Staples,"Wable, Sankaran and Hari",232.22,15.0,365,197.39
9959668334,361361,3,826.21,Biscuits,Snacks & Munchies,"Kunda, Dave and Sahni",1271.09,35.0,90,2478.63
8054387790,41853,1,910.44,Curd,Dairy & Breakfast,Handa PLC,1138.05,20.0,7,910.44
4795344310,747801,3,277.76,Toilet Cleaner,Household Care,Saha-Vora,370.35,25.0,365,833.28
2205862234,891833,2,493.19,Curd,Dairy & Breakfast,Mani PLC,616.49,20.0,7,986.38
4686249863,319388,2,657.8,Orange Juice,Cold Drinks & Juices,D’Alia-Dey,939.71,30.0,180,1315.6
1270524770,679321,1,738.46,Cola,Cold Drinks & Juices,Khurana-Dewan,1054.94,30.0,180,738.46
5743550453,679284,2,877.89,Cough Syrup,Pharmacy,Pant LLC,1097.36,20.0,365,1755.78
5309699078,51036,1,931.61,Baby Food,Baby Care,Karnik PLC,1330.87,30.0,365,931.61
7565768030,833557,3,422.87,Cereal,Dairy & Breakfast,"Gole, Chand and Dada",528.59,20.0,7,1268.6100000000001
3210260715,63769,1,878.07,Lotion,Personal Care,Dalal-Shan,1350.88,35.0,365,878.07
6657245289,679284,1,877.89,Cough Syrup,Pharmacy,Pant LLC,1097.36,20.0,365,877.89
7854526965,658389,2,152.55,Popcorn,Snacks & Munchies,"Chanda, Som and Vohra",234.69,35.0,90,305.1
2770948451,107548,1,891.6,Cola,Cold Drinks & Juices,"Bhandari, Bhasin and Palan",1273.71,30.0,180,891.6
624070426,951463,1,787.4,Pet Treats,Pet Care,Balakrishnan-Kaur,1211.38,35.0,365,787.4
891583492,492958,2,84.2,Lotion,Personal Care,Acharya PLC,129.54,35.0,365,168.4
5811206654,818990,2,163.55,Tomatoes,Fruits & Vegetables,Dugar Group,218.07,25.0,3,327.1
809894905,537274,2,702.71,Pet Treats,Pet Care,Lal-Chauhan,1081.09,35.0,365,1405.42
8209000496,661577,1,720.95,Cat Food,Pet Care,Majumdar PLC,1109.15,35.0,365,720.95
4901288364,970529,3,827.44,Diapers,Baby Care,"Kurian, Patla and Sanghvi",1182.06,30.0,365,2482.32
5890338566,690565,2,951.27,Cookies,Snacks & Munchies,"Roy, Seth and Patla",1463.49,35.0,90,1902.54
2745295248,760828,1,563.45,Pet Treats,Pet Care,"Khurana, Khosla and Yohannan",866.85,35.0,365,563.45
5708700204,274207,2,328.51,Cough Syrup,Pharmacy,"Savant, Batta and Mander",410.64,20.0,365,657.02
8643851643,799952,2,922.64,Cheese,Dairy & Breakfast,Padmanabhan-Virk,1153.3,20.0,7,1845.28
4525287277,305754,1,979.99,Frozen Vegetables,Instant & Frozen Food,Mammen-Hegde,1633.32,40.0,180,979.99
6154459753,949818,3,483.05,Biscuits,Snacks & Munchies,Yohannan Inc,743.15,35.0,90,1449.15
2587790388,11422,3,127.16,Potatoes,Fruits & Vegetables,Ramaswamy-Tata,169.55,25.0,3,381.48
2665891587,767398,2,22.14,Dish Soap,Household Care,"Arya, Sundaram and Pingle",29.52,25.0,365,44.28
6996561687,968887,2,40.7,Dish Soap,Household Care,Keer-Gill,54.27,25.0,365,81.4
961607638,954722,2,616.45,Ice Cream,Instant & Frozen Food,Mohan-Virk,1027.42,40.0,180,1232.9
4385491839,146840,3,786.85,Bread,Dairy & Breakfast,"Bains, Deol and Vaidya",983.56,20.0,7,2360.55
1279200190,291238,1,746.03,Chocolates,Snacks & Munchies,"Sinha, Pau and Chhabra",1147.74,35.0,90,746.03
9668698616,962054,1,16.86,Orange Juice,Cold Drinks & Juices,Toor-Nagar,24.09,30.0,180,16.86
4813038298,500739,3,359.98,Bread,Dairy & Breakfast,Aggarwal Group,449.98,20.0,7,1079.94
2030125421,222892,3,869.22,Tomatoes,Fruits & Vegetables,Ramakrishnan-Ghose,1158.96,25.0,3,2607.66
6997235339,820541,1,576.22,Toilet Cleaner,Household Care,"Borde, Peri and Upadhyay",768.29,25.0,365,576.22
7438342576,336847,2,936.98,Toilet Cleaner,Household Care,"Dayal, Mammen and More",1249.31,25.0,365,1873.96
9958423263,455755,2,44.09,Detergent,Household Care,Mangal-Sathe,58.79,25.0,365,88.18
3416693628,324809,3,608.0,Bread,Dairy & Breakfast,Sidhu PLC,760.0,20.0,7,1824.0
3440579647,222892,1,869.22,Tomatoes,Fruits & Vegetables,Ramakrishnan-Ghose,1158.96,25.0,3,869.22
5307231496,799688,2,309.62,Lotion,Personal Care,Arora LLC,476.34,35.0,365,619.24
4779055734,818522,3,96.09,Cheese,Dairy & Breakfast,Hora-Roy,120.11,20.0,7,288.27
3834705841,432617,1,863.18,Baby Wipes,Baby Care,Dora-Pillai,1233.11,30.0,365,863.18
9080324081,256783,3,906.54,Pet Treats,Pet Care,"Basu, Thakur and Rege",1394.68,35.0,365,2719.62
2500757555,284460,3,505.95,Potatoes,Fruits & Vegetables,"Ramakrishnan, Anand and Khare",674.6,25.0,3,1517.85
1292986566,615545,2,448.16,Soap,Personal Care,Barman Inc,689.48,35.0,365,896.32
6602362287,642612,2,517.03,Pet Treats,Pet Care,Pillay-Ahuja,795.43,35.0,365,1034.06
184844043,349294,3,934.75,Onions,Fruits & Vegetables,Ganesan Ltd,1246.33,25.0,3,2804.25
936587253,462526,2,449.97,Curd,Dairy & Breakfast,Pau and Sons,562.46,20.0,7,899.94
2834429147,700048,3,141.28,Dish Soap,Household Care,Khalsa-Bhavsar,188.37,25.0,365,423.84000000000003
114306835,448752,3,160.07,Toilet Cleaner,Household Care,Batta-Doctor,213.43,25.0,365,480.21
1675849477,679321,2,738.46,Cola,Cold Drinks & Juices,Khurana-Dewan,1054.94,30.0,180,1476.92
5191052705,433521,3,321.33,Diapers,Baby Care,Mahal Group,459.04,30.0,365,963.99
7068834722,654623,3,422.14,Chips,Snacks & Munchies,Pradhan and Sons,649.45,35.0,90,1266.42
5051330893,425341,1,486.28,Pet Treats,Pet Care,"Mani, Dhar and Muni",748.12,35.0,365,486.28
6065496420,500633,1,154.5,Cereal,Dairy & Breakfast,Trivedi-Ahluwalia,193.12,20.0,7,154.5
7574848635,4452,3,169.88,Baby Wipes,Baby Care,Morar-Mistry,242.69,30.0,365,509.64
8793868975,60619,3,726.41,Iced Tea,Cold Drinks & Juices,Bhasin LLC,1037.73,30.0,180,2179.23
5381466176,94225,1,77.11,Toilet Cleaner,Household Care,"Gulati, Ram and Sarkar",102.81,25.0,365,77.11
7709366480,228286,2,179.08,Cola,Cold Drinks & Juices,Bhattacharyya PLC,255.83,30.0,180,358.16
4936667930,131136,1,37.8,Salt,Grocery & Staples,Deshpande-Rama,44.47,15.0,365,37.8
6860925755,451812,1,530.85,Pain Reliever,Pharmacy,"Batra, Sant and Mandal",663.56,20.0,365,530.85
5486433396,891833,2,493.19,Curd,Dairy & Breakfast,Mani PLC,616.49,20.0,7,986.38
7089292009,613942,1,545.0,Pet Treats,Pet Care,"Dyal, Saraf and Goel",838.46,35.0,365,545.0
5350760367,734789,1,395.82,Popcorn,Snacks & Munchies,"Chaudhari, Pant and Singh",608.95,35.0,90,395.82
5581769906,500739,1,359.98,Bread,Dairy & Breakfast,Aggarwal Group,449.98,20.0,7,359.98
6256637306,677169,3,261.03,Cough Syrup,Pharmacy,Char-Divan,326.29,20.0,365,783.0899999999999
2999946056,673058,1,765.76,Cough Syrup,Pharmacy,Balan-Madan,957.2,20.0,365,765.76
5218488175,183929,2,738.74,Bread,Dairy & Breakfast,"Nagi, Sampath and Khurana",923.42,20.0,7,1477.48
8297436592,52729,3,316.02,Cat Food,Pet Care,Saini LLC,486.18,35.0,365,948.06
1806118907,500739,2,359.98,Bread,Dairy & Breakfast,Aggarwal Group,449.98,20.0,7,719.96
6999224625,689769,3,46.62,Frozen Vegetables,Instant & Frozen Food,Kothari-Datta,77.7,40.0,180,139.85999999999999
1809997641,82484,3,914.88,Baby Food,Baby Care,Mallick PLC,1306.97,30.0,365,2744.64
7528090614,324809,2,608.0,Bread,Dairy & Breakfast,Sidhu PLC,760.0,20.0,7,1216.0
4884904912,382511,2,702.54,Butter,Dairy & Breakfast,Bora-Thakkar,878.17,20.0,7,1405.08
9811235698,837480,1,217.4,Cough Syrup,Pharmacy,Edwin and Sons,271.75,20.0,365,217.4
5616653529,329351,2,310.87,Cheese,Dairy & Breakfast,"Lala, Kalita and Sathe",388.59,20.0,7,621.74
7188183056,455755,3,44.09,Detergent,Household Care,Mangal-Sathe,58.79,25.0,365,132.27
7898301143,707935,3,820.9,Cat Food,Pet Care,"Anne, Mammen and Khatri",1262.92,35.0,365,2462.7
5222677885,256051,2,400.92,Lotion,Personal Care,"Mannan, Naidu and Sama",616.8,35.0,365,801.84
8544952346,853932,3,941.19,Baby Wipes,Baby Care,Ranganathan-Peri,1344.56,30.0,365,2823.57
9403371764,9436,3,88.43,Toothpaste,Personal Care,Naidu PLC,136.05,35.0,365,265.29
3956205476,36412,3,397.68,Dish Soap,Household Care,Muni-Shankar,530.24,25.0,365,1193.04
5678362658,67197,3,552.2,Butter,Dairy & Breakfast,Shetty-Bora,690.25,20.0,7,1656.6000000000001
8131610255,692985,1,197.39,Pulses,Grocery & Staples,"Wable, Sankaran and Hari",232.22,15.0,365,197.39
4722653990,990993,2,263.7,Chocolates,Snacks & Munchies,Guha-Subramaniam,405.69,35.0,90,527.4
6613853662,183929,1,738.74,Bread,Dairy & Breakfast,"Nagi, Sampath and Khurana",923.42,20.0,7,738.74
8274987671,140489,1,650.2,Soap,Personal Care,"Biswas, Kapoor and Patel",1000.31,35.0,365,650.2
5519983123,449106,1,48.55,Soap,Personal Care,"Shere, Thakur and Naik",74.69,35.0,365,48.55
2746329488,171602,2,883.44,Cola,Cold Drinks & Juices,Pal-Sehgal,1262.06,30.0,180,1766.88
6443285614,723678,3,675.46,Dog Food,Pet Care,"Lall, Datta and Swamy",1039.17,35.0,365,2026.38
6932426427,832348,1,831.43,Biscuits,Snacks & Munchies,Jani-Ram,1279.12,35.0,90,831.43
1796512004,462526,1,449.97,Curd,Dairy & Breakfast,Pau and Sons,562.46,20.0,7,449.97
1464518253,540618,1,317.05,Popcorn,Snacks & Munchies,Golla-Luthra,487.77,35.0,90,317.05
3585105627,753354,1,423.56,Shampoo,Personal Care,Sant-Mahajan,651.63,35.0,365,423.56
5387247994,217710,1,58.59,Eggs,Dairy & Breakfast,Rout-Sarna,73.24,20.0,7,58.59
7568171531,561860,2,874.78,Orange Juice,Cold Drinks & Juices,Gupta Ltd,1249.69,30.0,180,1749.56
4111193446,133542,3,68.49,Detergent,Household Care,Edwin-Lall,91.32,25.0,365,205.46999999999997
8683154153,818522,2,96.09,Cheese,Dairy & Breakfast,Hora-Roy,120.11,20.0,7,192.18
5712367183,329351,3,310.87,Cheese,Dairy & Breakfast,"Lala, Kalita and Sathe",388.59,20.0,7,932.61
3952854723,700048,2,141.28,Dish Soap,Household Care,Khalsa-Bhavsar,188.37,25.0,365,282.56
4631387671,56589,3,517.77,Vitamins,Pharmacy,"Pai, Kashyap and Ramachandran",647.21,20.0,365,1553.31
2145309969,953175,3,225.21,Baby Food,Baby Care,Sehgal-Nagarajan,321.73,30.0,365,675.63
4314762741,587645,3,801.81,Vitamins,Pharmacy,"Sura, Pillay and Mammen",1002.26,20.0,365,2405.43
7401889152,888807,3,230.58,Bread,Dairy & Breakfast,Arya Group,288.23,20.0,7,691.74
1932040824,557908,3,942.37,Vitamins,Pharmacy,Sundaram Inc,1177.96,20.0,365,2827.11
9836424713,367391,2,939.55,Baby Wipes,Baby Care,Talwar and Sons,1342.21,30.0,365,1879.1
9882312203,540618,1,317.05,Popcorn,Snacks & Munchies,Golla-Luthra,487.77,35.0,90,317.05
3082649585,747801,3,277.76,Toilet Cleaner,Household Care,Saha-Vora,370.35,25.0,365,833.28
6033878151,837480,2,217.4,Cough Syrup,Pharmacy,Edwin and Sons,271.75,20.0,365,434.8
6395547592,319388,2,657.8,Orange Juice,Cold Drinks & Juices,D’Alia-Dey,939.71,30.0,180,1315.6
372962997,684939,1,727.95,Lotion,Personal Care,"Sibal, Bhatnagar and Rajan",1119.92,35.0,365,727.95
2988215377,274207,1,328.51,Cough Syrup,Pharmacy,"Savant, Batta and Mander",410.64,20.0,365,328.51
7081583361,243235,1,109.03,Cat Food,Pet Care,Batta Inc,167.74,35.0,365,109.03
1860491452,63769,3,878.07,Lotion,Personal Care,Dalal-Shan,1350.88,35.0,365,2634.21
7499656197,897083,2,972.69,Detergent,Household Care,Dutta-Halder,1296.92,25.0,365,1945.38
4507112412,903336,2,551.88,Pulses,Grocery & Staples,"Vaidya, Amble and Palla",649.27,15.0,365,1103.76
9214595868,56589,2,517.77,Vitamins,Pharmacy,"Pai, Kashyap and Ramachandran",647.21,20.0,365,1035.54
253430904,14145,2,630.84,Spinach,Fruits & Vegetables,"Thakur, Shah and Pingle",841.12,25.0,3,1261.68
5574588218,196719,1,217.5,Bananas,Fruits & Vegetables,Yogi Group,290.0,25.0,3,217.5
2817281674,91670,3,439.24,Dish Soap,Household Care,Barman-Ahluwalia,585.65,25.0,365,1317.72
4932779616,487065,2,374.68,Chips,Snacks & Munchies,Kadakia-Yadav,576.43,35.0,90,749.36
7932879650,621677,3,317.8,Frozen Biryani,Instant & Frozen Food,Sabharwal-Mital,529.67,40.0,180,953.4000000000001
997698125,876139,1,415.75,Pulses,Grocery & Staples,Cherian-Dara,489.12,15.0,365,415.75
2403547563,77308,3,223.27,Onions,Fruits & Vegetables,Ratta-Sagar,297.69,25.0,3,669.8100000000001
8875483494,578097,2,267.61,Nuts,Snacks & Munchies,Jha Group,411.71,35.0,90,535.22
883548284,689769,3,46.62,Frozen Vegetables,Instant & Frozen Food,Kothari-Datta,77.7,40.0,180,139.85999999999999
2364229435,478531,3,825.46,Carrots,Fruits & Vegetables,Uppal Group,1100.61,25.0,3,2476.38
6845869445,925482,2,475.04,Frozen Biryani,Instant & Frozen Food,Viswanathan-Sha,791.73,40.0,180,950.08
397818832,692985,3,197.39,Pulses,Grocery & Staples,"Wable, Sankaran and Hari",232.22,15.0,365,592.17
304166272,913428,3,392.22,Pet Treats,Pet Care,Narayanan-Kumar,603.42,35.0,365,1176.66
1575626085,863930,1,242.57,Shampoo,Personal Care,"Sathe, Agarwal and Dhar",373.18,35.0,365,242.57
3945644714,654623,2,422.14,Chips,Snacks & Munchies,Pradhan and Sons,649.45,35.0,90,844.28
8370213291,397973,3,728.73,Bananas,Fruits & Vegetables,"Wable, Randhawa and Mutti",971.64,25.0,3,2186.19
2185375786,337168,2,545.49,Eggs,Dairy & Breakfast,Dasgupta PLC,681.86,20.0,7,1090.98
1828975788,667163,1,441.2,Orange Juice,Cold Drinks & Juices,Palla LLC,630.29,30.0,180,441.2
4319450104,354409,1,325.08,Pulses,Grocery & Staples,Bose-Pandit,382.45,15.0,365,325.08
5059765199,564692,1,215.65,Cat Food,Pet Care,"Krishna, Bail and Dyal",331.77,35.0,365,215.65
5360089735,925482,3,475.04,Frozen Biryani,Instant & Frozen Food,Viswanathan-Sha,791.73,40.0,180,1425.1200000000001
8008211695,623234,3,329.79,Frozen Biryani,Instant & Frozen Food,Chakrabarti-Batra,549.65,40.0,180,989.3700000000001
4400031082,500739,1,359.98,Bread,Dairy & Breakfast,Aggarwal Group,449.98,20.0,7,359.98
9582738204,604184,1,397.55,Toilet Cleaner,Household Care,"Gaba, Sodhi and Choudhary",530.07,25.0,365,397.55
1368450162,525531,3,831.1,Dog Food,Pet Care,Sandal PLC,1278.62,35.0,365,2493.3
56705032,692985,2,197.39,Pulses,Grocery & Staples,"Wable, Sankaran and Hari",232.22,15.0,365,394.78
2407168640,34186,2,925.65,Mangoes,Fruits & Vegetables,Mandal-Kar,1234.2,25.0,3,1851.3
530588807,954722,1,616.45,Ice Cream,Instant & Frozen Food,Mohan-Virk,1027.42,40.0,180,616.45
9975541696,784827,1,274.25,Baby Wipes,Baby Care,Balakrishnan Ltd,391.79,30.0,365,274.25
8602707005,883013,2,989.88,Eggs,Dairy & Breakfast,Chahal Group,1237.35,20.0,7,1979.76
2382595056,753354,3,423.56,Shampoo,Personal Care,Sant-Mahajan,651.63,35.0,365,1270.68
8056162498,317242,3,198.15,Pulses,Grocery & Staples,Rastogi Group,233.12,15.0,365,594.45
4593039089,490939,2,80.25,Lotion,Personal Care,"Roy, Barad and De",123.46,35.0,365,160.5
7311288658,398340,2,651.93,Instant Noodles,Instant & Frozen Food,"Nadig, Zachariah and Soni",1086.55,40.0,180,1303.86
9157217130,306177,2,769.24,Frozen Biryani,Instant & Frozen Food,Som Inc,1282.07,40.0,180,1538.48
9328094731,500739,2,359.98,Bread,Dairy & Breakfast,Aggarwal Group,449.98,20.0,7,719.96
3259266120,644847,1,622.81,Salt,Grocery & Staples,"Jhaveri, Kata and Kapur",732.72,15.0,365,622.81
4656541041,592784,2,280.35,Biscuits,Snacks & Munchies,"Andra, Mander and Kari",431.31,35.0,90,560.7
730839483,123983,1,785.67,Cough Syrup,Pharmacy,Kurian-Chhabra,982.09,20.0,365,785.67
6185824257,337168,3,545.49,Eggs,Dairy & Breakfast,Dasgupta PLC,681.86,20.0,7,1636.47
225195662,658389,2,152.55,Popcorn,Snacks & Munchies,"Chanda, Som and Vohra",234.69,35.0,90,305.1
6771104541,833557,2,422.87,Cereal,Dairy & Breakfast,"Gole, Chand and Dada",528.59,20.0,7,845.74
6146830622,435929,3,856.89,Toilet Cleaner,Household Care,Memon Ltd,1142.52,25.0,365,2570.67
1380326453,14145,2,630.84,Spinach,Fruits & Vegetables,"Thakur, Shah and Pingle",841.12,25.0,3,1261.68
728523620,687218,3,317.82,Mango Drink,Cold Drinks & Juices,"Sankaran, Pall and Gola",454.03,30.0,180,953.46
27296314,313754,2,136.6,Biscuits,Snacks & Munchies,"Swaminathan, Mahal and Dara",210.15,35.0,90,273.2
2608278705,237083,3,577.13,Cough Syrup,Pharmacy,Hayer-Banerjee,721.41,20.0,365,1731.3899999999999
6786366774,53833,3,134.69,Rice,Grocery & Staples,Tella-Master,158.46,15.0,365,404.07
5572475750,397973,3,728.73,Bananas,Fruits & Vegetables,"Wable, Randhawa and Mutti",971.64,25.0,3,2186.19
8276417383,462526,1,449.97,Curd,Dairy & Breakfast,Pau and Sons,562.46,20.0,7,449.97
784435014,478531,1,825.46,Carrots,Fruits & Vegetables,Uppal Group,1100.61,25.0,3,825.46
9442274046,969851,2,340.66,Frozen Vegetables,Instant & Frozen Food,"Kara, Sodhi and Bassi",567.77,40.0,180,681.32
2470025903,839170,2,481.63,Curd,Dairy & Breakfast,Shetty and Sons,602.04,20.0,7,963.26
6774241153,707935,2,820.9,Cat Food,Pet Care,"Anne, Mammen and Khatri",1262.92,35.0,365,1641.8
3874644184,853932,3,941.19,Baby Wipes,Baby Care,Ranganathan-Peri,1344.56,30.0,365,2823.57
8078065454,679865,3,347.91,Wheat Flour,Grocery & Staples,Memon-Barad,409.31,15.0,365,1043.73
340113260,621677,1,317.8,Frozen Biryani,Instant & Frozen Food,Sabharwal-Mital,529.67,40.0,180,317.8
2978839318,435929,2,856.89,Toilet Cleaner,Household Care,Memon Ltd,1142.52,25.0,365,1713.78
3896922017,677542,3,212.61,Toilet Cleaner,Household Care,Thaman-Lanka,283.48,25.0,365,637.83
7621954956,298985,1,183.76,Vitamins,Pharmacy,"Ramanathan, Joshi and Srinivasan",229.7,20.0,365,183.76
581178324,578097,2,267.61,Nuts,Snacks & Munchies,Jha Group,411.71,35.0,90,535.22
8469170680,240179,1,90.56,Cough Syrup,Pharmacy,Ram-Suri,113.2,20.0,365,90.56
6779626333,871592,2,870.29,Carrots,Fruits & Vegetables,"Shankar, Nadkarni and Kumer",1160.39,25.0,3,1740.58
6335704206,592784,1,280.35,Biscuits,Snacks & Munchies,"Andra, Mander and Kari",431.31,35.0,90,280.35
8314342490,440875,2,275.03,Baby Wipes,Baby Care,Loyal Inc,392.9,30.0,365,550.06
1948795658,186168,1,878.8,Dog Food,Pet Care,"Parekh, Lad and Kadakia",1352.0,35.0,365,878.8
9187864807,871592,1,870.29,Carrots,Fruits & Vegetables,"Shankar, Nadkarni and Kumer",1160.39,25.0,3,870.29
8399666962,287070,3,443.17,Wheat Flour,Grocery & Staples,"Gala, Magar and Rajagopal",521.38,15.0,365,1329.51
6196321055,767398,2,22.14,Dish Soap,Household Care,"Arya, Sundaram and Pingle",29.52,25.0,365,44.28
8128518434,449106,2,48.55,Soap,Personal Care,"Shere, Thakur and Naik",74.69,35.0,365,97.1
9854897999,991434,2,237.62,Cookies,Snacks & Munchies,Mital-Oza,365.57,35.0,90,475.24
2603584546,366066,3,918.58,Soap,Personal Care,Mandal LLC,1413.2,35.0,365,2755.7400000000002
1295119665,378676,2,881.42,Orange Juice,Cold Drinks & Juices,Baral-Kamdar,1259.17,30.0,180,1762.84
599975885,473647,3,43.05,Toothpaste,Personal Care,Ben-Ravi,66.23,35.0,365,129.14999999999998
5834861324,89084,3,598.83,Milk,Dairy & Breakfast,"Wali, Virk and Iyer",748.54,20.0,7,1796.4900000000002
2032005162,883013,2,989.88,Eggs,Dairy & Breakfast,Chahal Group,1237.35,20.0,7,1979.76
8391900458,704868,1,193.46,Detergent,Household Care,"Parikh, Oak and Kara",257.95,25.0,365,193.46
1887687323,490602,1,549.47,Sugar,Grocery & Staples,Raghavan Inc,646.44,15.0,365,549.47
2120411967,34200,3,319.8,Lotion,Personal Care,Munshi-Grewal,492.0,35.0,365,959.4000000000001
3158340906,398340,1,651.93,Instant Noodles,Instant & Frozen Food,"Nadig, Zachariah and Soni",1086.55,40.0,180,651.93
2387343456,820541,2,576.22,Toilet Cleaner,Household Care,"Borde, Peri and Upadhyay",768.29,25.0,365,1152.44
338609144,349294,3,934.75,Onions,Fruits & Vegetables,Ganesan Ltd,1246.33,25.0,3,2804.25
9056190831,890232,3,432.0,Mango Drink,Cold Drinks & Juices,Jha Group,617.14,30.0,180,1296.0
2803081135,385113,2,816.38,Lotion,Personal Care,"Sampath, Mane and Mody",1255.97,35.0,365,1632.76
5970759669,194682,1,912.29,Iced Tea,Cold Drinks & Juices,Sastry-Issac,1303.27,30.0,180,912.29
3226693729,444361,3,822.63,Pain Reliever,Pharmacy,"Prakash, Bawa and Kale",1028.29,20.0,365,2467.89
8132845656,965755,3,532.57,Bananas,Fruits & Vegetables,"Doshi, Sarraf and Sama",710.09,25.0,3,1597.71
7850550725,317242,3,198.15,Pulses,Grocery & Staples,Rastogi Group,233.12,15.0,365,594.45
2934547619,567671,1,418.48,Biscuits,Snacks & Munchies,Nagar LLC,643.82,35.0,90,418.48
608179182,298985,3,183.76,Vitamins,Pharmacy,"Ramanathan, Joshi and Srinivasan",229.7,20.0,365,551.28
5191326847,621677,3,317.8,Frozen Biryani,Instant & Frozen Food,Sabharwal-Mital,529.67,40.0,180,953.4000000000001
7614561036,739448,1,755.66,Dish Soap,Household Care,Mand-Choudhry,1007.55,25.0,365,755.66
2947791133,837480,2,217.4,Cough Syrup,Pharmacy,Edwin and Sons,271.75,20.0,365,434.8
6538760883,133542,1,68.49,Detergent,Household Care,Edwin-Lall,91.32,25.0,365,68.49
8872250952,94225,3,77.11,Toilet Cleaner,Household Care,"Gulati, Ram and Sarkar",102.81,25.0,365,231.32999999999998
8173258734,712003,1,671.68,Cola,Cold Drinks & Juices,"Karan, Bandi and Acharya",959.54,30.0,180,671.68
5465833352,243235,3,109.03,Cat Food,Pet Care,Batta Inc,167.74,35.0,365,327.09000000000003
2106569369,853932,2,941.19,Baby Wipes,Baby Care,Ranganathan-Peri,1344.56,30.0,365,1882.38
9039440500,228286,3,179.08,Cola,Cold Drinks & Juices,Bhattacharyya PLC,255.83,30.0,180,537.24
8281482042,313754,3,136.6,Biscuits,Snacks & Munchies,"Swaminathan, Mahal and Dara",210.15,35.0,90,409.79999999999995
479528548,564692,3,215.65,Cat Food,Pet Care,"Krishna, Bail and Dyal",331.77,35.0,365,646.95
8087519921,500739,2,359.98,Bread,Dairy & Breakfast,Aggarwal Group,449.98,20.0,7,719.96
4869691623,913428,3,392.22,Pet Treats,Pet Care,Narayanan-Kumar,603.42,35.0,365,1176.66
7155177625,952168,3,236.95,Popcorn,Snacks & Munchies,"Krishnamurthy, Sibal and Das",364.54,35.0,90,710.8499999999999
7254499390,146840,1,786.85,Bread,Dairy & Breakfast,"Bains, Deol and Vaidya",983.56,20.0,7,786.85
7394439260,376447,3,724.84,Butter,Dairy & Breakfast,Gara and Sons,906.05,20.0,7,2174.52
6581715589,661577,2,720.95,Cat Food,Pet Care,Majumdar PLC,1109.15,35.0,365,1441.9
9457009010,712003,3,671.68,Cola,Cold Drinks & Juices,"Karan, Bandi and Acharya",959.54,30.0,180,2015.04
2859660695,672059,2,672.73,Toothpaste,Personal Care,Kaur-Gola,1034.97,35.0,365,1345.46
6392348668,473647,2,43.05,Toothpaste,Personal Care,Ben-Ravi,66.23,35.0,365,86.1
6933011590,839170,1,481.63,Curd,Dairy & Breakfast,Shetty and Sons,602.04,20.0,7,481.63
5809441378,990993,3,263.7,Chocolates,Snacks & Munchies,Guha-Subramaniam,405.69,35.0,90,791.0999999999999
411113020,217710,1,58.59,Eggs,Dairy & Breakfast,Rout-Sarna,73.24,20.0,7,58.59
5512796364,661577,3,720.95,Cat Food,Pet Care,Majumdar PLC,1109.15,35.0,365,2162.8500000000004
2610813239,690565,3,951.27,Cookies,Snacks & Munchies,"Roy, Seth and Patla",1463.49,35.0,90,2853.81
3236748462,305754,3,979.99,Frozen Vegetables,Instant & Frozen Food,Mammen-Hegde,1633.32,40.0,180,2939.9700000000003
6652395897,56589,1,517.77,Vitamins,Pharmacy,"Pai, Kashyap and Ramachandran",647.21,20.0,365,517.77
5517901926,803607,3,949.73,Soap,Personal Care,"Kadakia, Mohan and Sathe",1461.12,35.0,365,2849.19
2174753933,120532,1,697.53,Wheat Flour,Grocery & Staples,Nazareth Ltd,820.62,15.0,365,697.53
1525700767,890232,2,432.0,Mango Drink,Cold Drinks & Juices,Jha Group,617.14,30.0,180,864.0
7232692149,681063,2,321.28,Mango Drink,Cold Drinks & Juices,Dass and Sons,458.97,30.0,180,642.56
8556607504,194682,1,912.29,Iced Tea,Cold Drinks & Juices,Sastry-Issac,1303.27,30.0,180,912.29
5841260317,478531,1,825.46,Carrots,Fruits & Vegetables,Uppal Group,1100.61,25.0,3,825.46
9471427840,378230,3,166.42,Nuts,Snacks & Munchies,Kala-Vig,256.03,35.0,90,499.26
2070610257,652118,2,22.04,Frozen Biryani,Instant & Frozen Food,Agate and Sons,36.73,40.0,180,44.08
1884811437,762527,2,690.08,Biscuits,Snacks & Munchies,"Chad, Yohannan and Chopra",1061.66,35.0,90,1380.16
5331747573,4452,2,169.88,Baby Wipes,Baby Care,Morar-Mistry,242.69,30.0,365,339.76
9977285985,425341,3,486.28,Pet Treats,Pet Care,"Mani, Dhar and Muni",748.12,35.0,365,1458.84
1715175070,291238,3,746.03,Chocolates,Snacks & Munchies,"Sinha, Pau and Chhabra",1147.74,35.0,90,2238.09
4117790162,91670,3,439.24,Dish Soap,Household Care,Barman-Ahluwalia,585.65,25.0,365,1317.72
9051644316,914071,3,296.94,Chips,Snacks & Munchies,Datta Ltd,456.83,35.0,90,890.8199999999999
4903335316,34186,2,925.65,Mangoes,Fruits & Vegetables,Mandal-Kar,1234.2,25.0,3,1851.3
3341481363,435929,1,856.89,Toilet Cleaner,Household Care,Memon Ltd,1142.52,25.0,365,856.89
4074537770,361361,3,826.21,Biscuits,Snacks & Munchies,"Kunda, Dave and Sahni",1271.09,35.0,90,2478.63
5374589112,540618,2,317.05,Popcorn,Snacks & Munchies,Golla-Luthra,487.77,35.0,90,634.1
6401406847,894539,3,445.48,Dish Soap,Household Care,"Pall, Sule and Sood",593.97,25.0,365,1336.44
698439139,677169,1,261.03,Cough Syrup,Pharmacy,Char-Divan,326.29,20.0,365,261.03
881367843,34200,2,319.8,Lotion,Personal Care,Munshi-Grewal,492.0,35.0,365,639.6
6438115781,563740,2,96.33,Chips,Snacks & Munchies,Mann-Kapadia,148.2,35.0,90,192.66
1706198744,444361,2,822.63,Pain Reliever,Pharmacy,"Prakash, Bawa and Kale",1028.29,20.0,365,1645.26
3115167739,36412,1,397.68,Dish Soap,Household Care,Muni-Shankar,530.24,25.0,365,397.68
8608111158,652118,1,22.04,Frozen Biryani,Instant & Frozen Food,Agate and Sons,36.73,40.0,180,22.04
8167540645,832348,2,831.43,Biscuits,Snacks & Munchies,Jani-Ram,1279.12,35.0,90,1662.86
898210033,490939,3,80.25,Lotion,Personal Care,"Roy, Barad and De",123.46,35.0,365,240.75
5415454466,897083,2,972.69,Detergent,Household Care,Dutta-Halder,1296.92,25.0,365,1945.38
9240312177,34186,3,925.65,Mangoes,Fruits & Vegetables,Mandal-Kar,1234.2,25.0,3,2776.95
4880265969,382511,2,702.54,Butter,Dairy & Breakfast,Bora-Thakkar,878.17,20.0,7,1405.08
5056583192,945635,1,778.9,Pulses,Grocery & Staples,Balasubramanian PLC,916.35,15.0,365,778.9
1921412688,222892,2,869.22,Tomatoes,Fruits & Vegetables,Ramakrishnan-Ghose,1158.96,25.0,3,1738.44
5829741995,673058,3,765.76,Cough Syrup,Pharmacy,Balan-Madan,957.2,20.0,365,2297.2799999999997
9830742370,679284,1,877.89,Cough Syrup,Pharmacy,Pant LLC,1097.36,20.0,365,877.89
509041342,679321,1,738.46,Cola,Cold Drinks & Juices,Khurana-Dewan,1054.94,30.0,180,738.46
8420144998,799688,1,309.62,Lotion,Personal Care,Arora LLC,476.34,35.0,365,309.62
7353766541,385113,1,816.38,Lotion,Personal Care,"Sampath, Mane and Mody",1255.97,35.0,365,816.38
8617979440,552496,1,508.0,Dish Soap,Household Care,Dhar PLC,677.33,25.0,365,508.0
680476823,183929,3,738.74,Bread,Dairy & Breakfast,"Nagi, Sampath and Khurana",923.42,20.0,7,2216.2200000000003
5424536852,123983,2,785.67,Cough Syrup,Pharmacy,Kurian-Chhabra,982.09,20.0,365,1571.34
1142004448,567671,1,418.48,Biscuits,Snacks & Munchies,Nagar LLC,643.82,35.0,90,418.48
1814491335,34186,2,925.65,Mangoes,Fruits & Vegetables,Mandal-Kar,1234.2,25.0,3,1851.3
445929405,798639,1,211.25,Eggs,Dairy & Breakfast,Subramaniam LLC,264.06,20.0,7,211.25
3849003596,677169,3,261.03,Cough Syrup,Pharmacy,Char-Divan,326.29,20.0,365,783.0899999999999
6367757670,681063,1,321.28,Mango Drink,Cold Drinks & Juices,Dass and Sons,458.97,30.0,180,321.28
4925321106,820541,3,576.22,Toilet Cleaner,Household Care,"Borde, Peri and Upadhyay",768.29,25.0,365,1728.66
4463294381,654297,1,13.25,Potatoes,Fruits & Vegetables,Chandran-Dass,17.67,25.0,3,13.25
9077946933,487065,2,374.68,Chips,Snacks & Munchies,Kadakia-Yadav,576.43,35.0,90,749.36
6688079478,462526,2,449.97,Curd,Dairy & Breakfast,Pau and Sons,562.46,20.0,7,899.94
8712304346,537274,1,702.71,Pet Treats,Pet Care,Lal-Chauhan,1081.09,35.0,365,702.71
3748957111,243235,3,109.03,Cat Food,Pet Care,Batta Inc,167.74,35.0,365,327.09000000000003
2388792163,513199,2,422.23,Cola,Cold Drinks & Juices,Rastogi Inc,603.19,30.0,180,844.46
2583035857,337168,1,545.49,Eggs,Dairy & Breakfast,Dasgupta PLC,681.86,20.0,7,545.49
2649487718,557908,2,942.37,Vitamins,Pharmacy,Sundaram Inc,1177.96,20.0,365,1884.74
5936628691,888807,2,230.58,Bread,Dairy & Breakfast,Arya Group,288.23,20.0,7,461.16
7662682121,673058,3,765.76,Cough Syrup,Pharmacy,Balan-Madan,957.2,20.0,365,2297.2799999999997
736115661,473929,1,440.19,Carrots,Fruits & Vegetables,"Bhardwaj, Bhatia and Deshmukh",586.92,25.0,3,440.19
2448741950,760684,1,71.6,Rice,Grocery & Staples,Kanda-Gupta,84.24,15.0,365,71.6
9321629905,186168,1,878.8,Dog Food,Pet Care,"Parekh, Lad and Kadakia",1352.0,35.0,365,878.8
9020583379,317242,3,198.15,Pulses,Grocery & Staples,Rastogi Group,233.12,15.0,365,594.45
2642275862,757274,3,98.32,Pet Treats,Pet Care,"Minhas, Kapoor and Sethi",151.26,35.0,365,294.96
6932431317,34186,1,925.65,Mangoes,Fruits & Vegetables,Mandal-Kar,1234.2,25.0,3,925.65
9126871366,154179,3,582.87,Pain Reliever,Pharmacy,"Barad, Devi and Andra",728.59,20.0,365,1748.6100000000001
3244572785,563740,1,96.33,Chips,Snacks & Munchies,Mann-Kapadia,148.2,35.0,90,96.33
6485432691,60619,3,726.41,Iced Tea,Cold Drinks & Juices,Bhasin LLC,1037.73,30.0,180,2179.23
6047222755,681063,2,321.28,Mango Drink,Cold Drinks & Juices,Dass and Sons,458.97,30.0,180,642.56
6167501412,600767,2,722.42,Toothpaste,Personal Care,Balan Group,1111.42,35.0,365,1444.84
2052163872,376447,2,724.84,Butter,Dairy & Breakfast,Gara and Sons,906.05,20.0,7,1449.68
7740339645,704868,2,193.46,Detergent,Household Care,"Parikh, Oak and Kara",257.95,25.0,365,386.92
2761855959,36412,3,397.68,Dish Soap,Household Care,Muni-Shankar,530.24,25.0,365,1193.04
8010347195,451812,2,530.85,Pain Reliever,Pharmacy,"Batra, Sant and Mandal",663.56,20.0,365,1061.7
2384153985,684939,3,727.95,Lotion,Personal Care,"Sibal, Bhatnagar and Rajan",1119.92,35.0,365,2183.8500000000004
3584794157,951463,2,787.4,Pet Treats,Pet Care,Balakrishnan-Kaur,1211.38,35.0,365,1574.8
8186709947,449106,3,48.55,Soap,Personal Care,"Shere, Thakur and Naik",74.69,35.0,365,145.64999999999998
6027355216,144124,2,162.67,Detergent,Household Care,Lalla-Srinivasan,216.89,25.0,365,325.34
9823160533,451812,1,530.85,Pain Reliever,Pharmacy,"Batra, Sant and Mandal",663.56,20.0,365,530.85
8694663463,186168,3,878.8,Dog Food,Pet Care,"Parekh, Lad and Kadakia",1352.0,35.0,365,2636.3999999999996
1296772969,124290,3,39.65,Lotion,Personal Care,Sachdev Group,61.0,35.0,365,118.94999999999999
5856838171,652118,3,22.04,Frozen Biryani,Instant & Frozen Food,Agate and Sons,36.73,40.0,180,66.12
915473142,891833,1,493.19,Curd,Dairy & Breakfast,Mani PLC,616.49,20.0,7,493.19
6992097680,51036,2,931.61,Baby Food,Baby Care,Karnik PLC,1330.87,30.0,365,1863.22
6870670122,760828,3,563.45,Pet Treats,Pet Care,"Khurana, Khosla and Yohannan",866.85,35.0,365,1690.3500000000001
6626994121,144124,2,162.67,Detergent,Household Care,Lalla-Srinivasan,216.89,25.0,365,325.34
6125813500,784827,2,274.25,Baby Wipes,Baby Care,Balakrishnan Ltd,391.79,30.0,365,548.5
6899859775,606256,2,369.28,Frozen Biryani,Instant & Frozen Food,Agate Ltd,615.47,40.0,180,738.56
1825560091,82484,1,914.88,Baby Food,Baby Care,Mallick PLC,1306.97,30.0,365,914.88
1320638425,490602,2,549.47,Sugar,Grocery & Staples,Raghavan Inc,646.44,15.0,365,1098.94
5320995509,140489,2,650.2,Soap,Personal Care,"Biswas, Kapoor and Patel",1000.31,35.0,365,1300.4
4249535395,714999,1,882.51,Bread,Dairy & Breakfast,Kala Group,1103.14,20.0,7,882.51
804881381,382511,2,702.54,Butter,Dairy & Breakfast,Bora-Thakkar,878.17,20.0,7,1405.08
4858560187,859361,1,432.39,Shampoo,Personal Care,Mitter Group,665.22,35.0,365,432.39
6425666148,6405,3,236.51,Baby Food,Baby Care,Kashyap-Reddy,337.87,30.0,365,709.53
9021754099,60619,2,726.41,Iced Tea,Cold Drinks & Juices,Bhasin LLC,1037.73,30.0,180,1452.82
7728205680,687218,3,317.82,Mango Drink,Cold Drinks & Juices,"Sankaran, Pall and Gola",454.03,30.0,180,953.46
9346166799,120532,3,697.53,Wheat Flour,Grocery & Staples,Nazareth Ltd,820.62,15.0,365,2092.59
3377313085,897083,3,972.69,Detergent,Household Care,Dutta-Halder,1296.92,25.0,365,2918.07
8167716321,52729,2,316.02,Cat Food,Pet Care,Saini LLC,486.18,35.0,365,632.04
2024637181,784827,3,274.25,Baby Wipes,Baby Care,Balakrishnan Ltd,391.79,30.0,365,822.75
9310630290,563740,3,96.33,Chips,Snacks & Munchies,Mann-Kapadia,148.2,35.0,90,288.99
2276505075,449106,1,48.55,Soap,Personal Care,"Shere, Thakur and Naik",74.69,35.0,365,48.55
6615188116,803607,1,949.73,Soap,Personal Care,"Kadakia, Mohan and Sathe",1461.12,35.0,365,949.73
6858336318,883013,1,989.88,Eggs,Dairy & Breakfast,Chahal Group,1237.35,20.0,7,989.88
7601638642,968887,2,40.7,Dish Soap,Household Care,Keer-Gill,54.27,25.0,365,81.4
1191565627,820973,3,114.52,Baby Wipes,Baby Care,Lall LLC,163.6,30.0,365,343.56
4785021992,721521,1,417.39,Rice,Grocery & Staples,"Ramanathan, Agarwal and Baria",491.05,15.0,365,417.39
3452964753,757274,1,98.32,Pet Treats,Pet Care,"Minhas, Kapoor and Sethi",151.26,35.0,365,98.32
3490919801,537274,1,702.71,Pet Treats,Pet Care,Lal-Chauhan,1081.09,35.0,365,702.71
105578518,329351,3,310.87,Cheese,Dairy & Breakfast,"Lala, Kalita and Sathe",388.59,20.0,7,932.61
2978719561,144124,3,162.67,Detergent,Household Care,Lalla-Srinivasan,216.89,25.0,365,488.01
9979010790,914071,1,296.94,Chips,Snacks & Munchies,Datta Ltd,456.83,35.0,90,296.94
4435636116,366066,1,918.58,Soap,Personal Care,Mandal LLC,1413.2,35.0,365,918.58
5909879259,949818,2,483.05,Biscuits,Snacks & Munchies,Yohannan Inc,743.15,35.0,90,966.1
2686390867,903336,2,551.88,Pulses,Grocery & Staples,"Vaidya, Amble and Palla",649.27,15.0,365,1103.76
6698537000,131748,1,81.35,Dog Food,Pet Care,"Shroff, Wason and Dugar",125.15,35.0,365,81.35
4395604675,914071,2,296.94,Chips,Snacks & Munchies,Datta Ltd,456.83,35.0,90,593.88
3475041787,712003,1,671.68,Cola,Cold Drinks & Juices,"Karan, Bandi and Acharya",959.54,30.0,180,671.68
5817989751,687218,3,317.82,Mango Drink,Cold Drinks & Juices,"Sankaran, Pall and Gola",454.03,30.0,180,953.46
1433129858,647462,1,326.42,Lotion,Personal Care,"Balan, Samra and Sekhon",502.18,35.0,365,326.42
3571922553,137909,3,864.3,Cough Syrup,Pharmacy,Dalal PLC,1080.37,20.0,365,2592.8999999999996
7940229189,52729,1,316.02,Cat Food,Pet Care,Saini LLC,486.18,35.0,365,316.02
3801240688,313754,3,136.6,Biscuits,Snacks & Munchies,"Swaminathan, Mahal and Dara",210.15,35.0,90,409.79999999999995
1295268290,952124,1,127.08,Onions,Fruits & Vegetables,"Wali, Sood and Bala",169.44,25.0,3,127.08
4552636670,120385,3,597.91,Pet Treats,Pet Care,Dubey-Sarin,919.86,35.0,365,1793.73
6805071689,82484,3,914.88,Baby Food,Baby Care,Mallick PLC,1306.97,30.0,365,2744.64
8026827967,9436,1,88.43,Toothpaste,Personal Care,Naidu PLC,136.05,35.0,365,88.43
6417774057,739534,3,994.56,Toilet Cleaner,Household Care,"Gera, Narang and Karpe",1326.08,25.0,365,2983.68
7877665931,354409,3,325.08,Pulses,Grocery & Staples,Bose-Pandit,382.45,15.0,365,975.24
7754237266,51036,2,931.61,Baby Food,Baby Care,Karnik PLC,1330.87,30.0,365,1863.22
7985418058,760684,2,71.6,Rice,Grocery & Staples,Kanda-Gupta,84.24,15.0,365,143.2
5287733777,667163,3,441.2,Orange Juice,Cold Drinks & Juices,Palla LLC,630.29,30.0,180,1323.6
7112725384,319388,1,657.8,Orange Juice,Cold Drinks & Juices,D’Alia-Dey,939.71,30.0,180,657.8
6261926473,455083,2,959.01,Butter,Dairy & Breakfast,Dutta Inc,1198.76,20.0,7,1918.02
1495465938,913428,2,392.22,Pet Treats,Pet Care,Narayanan-Kumar,603.42,35.0,365,784.44
7891205593,490939,2,80.25,Lotion,Personal Care,"Roy, Barad and De",123.46,35.0,365,160.5
924888012,39154,2,946.86,Mangoes,Fruits & Vegetables,"Suresh, Bose and Bajwa",1262.48,25.0,3,1893.72
943278538,812607,2,416.65,Potatoes,Fruits & Vegetables,Rege Group,555.53,25.0,3,833.3
9981950902,284460,1,505.95,Potatoes,Fruits & Vegetables,"Ramakrishnan, Anand and Khare",674.6,25.0,3,505.95
7769253886,760828,1,563.45,Pet Treats,Pet Care,"Khurana, Khosla and Yohannan",866.85,35.0,365,563.45
9350977708,739448,2,755.66,Dish Soap,Household Care,Mand-Choudhry,1007.55,25.0,365,1511.32
4525211942,490939,1,80.25,Lotion,Personal Care,"Roy, Barad and De",123.46,35.0,365,80.25
7232049635,300159,2,44.35,Cola,Cold Drinks & Juices,"Basu, Rout and Mistry",63.36,30.0,180,88.7
679546532,136533,2,826.21,Eggs,Dairy & Breakfast,"Raghavan, Magar and Shanker",1032.76,20.0,7,1652.42
4665187954,337168,1,545.49,Eggs,Dairy & Breakfast,Dasgupta PLC,681.86,20.0,7,545.49
3914760118,153019,1,947.95,Onions,Fruits & Vegetables,Aurora LLC,1263.93,25.0,3,947.95
155568486,807452,1,144.19,Pulses,Grocery & Staples,Naik Ltd,169.64,15.0,365,144.19
3773972929,669378,1,212.14,Potatoes,Fruits & Vegetables,Chadha and Sons,282.85,25.0,3,212.14
2168808412,378287,2,332.84,Lemonade,Cold Drinks & Juices,Ramesh-Jain,475.49,30.0,180,665.68
7697315553,692985,1,197.39,Pulses,Grocery & Staples,"Wable, Sankaran and Hari",232.22,15.0,365,197.39
804414742,707935,3,820.9,Cat Food,Pet Care,"Anne, Mammen and Khatri",1262.92,35.0,365,2462.7
918328199,970529,2,827.44,Diapers,Baby Care,"Kurian, Patla and Sanghvi",1182.06,30.0,365,1654.88
3084493525,219598,1,367.08,Shampoo,Personal Care,Arora-Magar,564.74,35.0,365,367.08
8047256000,721521,1,417.39,Rice,Grocery & Staples,"Ramanathan, Agarwal and Baria",491.05,15.0,365,417.39
5176597414,6405,2,236.51,Baby Food,Baby Care,Kashyap-Reddy,337.87,30.0,365,473.02
110303417,654623,3,422.14,Chips,Snacks & Munchies,Pradhan and Sons,649.45,35.0,90,1266.42
1809212176,818522,2,96.09,Cheese,Dairy & Breakfast,Hora-Roy,120.11,20.0,7,192.18
1765001264,654623,1,422.14,Chips,Snacks & Munchies,Pradhan and Sons,649.45,35.0,90,422.14
4220306391,537274,1,702.71,Pet Treats,Pet Care,Lal-Chauhan,1081.09,35.0,365,702.71
1275637731,137909,1,864.3,Cough Syrup,Pharmacy,Dalal PLC,1080.37,20.0,365,864.3
7729557529,961614,1,227.22,Chocolates,Snacks & Munchies,Goda Inc,349.57,35.0,90,227.22
9279017414,131937,1,287.81,Frozen Pizza,Instant & Frozen Food,"Varkey, Devi and Ganguly",479.68,40.0,180,287.81
8726185624,712003,2,671.68,Cola,Cold Drinks & Juices,"Karan, Bandi and Acharya",959.54,30.0,180,1343.36
3192177869,677542,3,212.61,Toilet Cleaner,Household Care,Thaman-Lanka,283.48,25.0,365,637.83
5033541164,969851,3,340.66,Frozen Vegetables,Instant & Frozen Food,"Kara, Sodhi and Bassi",567.77,40.0,180,1021.98
4495977117,378287,2,332.84,Lemonade,Cold Drinks & Juices,Ramesh-Jain,475.49,30.0,180,665.68
8866977450,564692,1,215.65,Cat Food,Pet Care,"Krishna, Bail and Dyal",331.77,35.0,365,215.65
7542030170,77308,3,223.27,Onions,Fruits & Vegetables,Ratta-Sagar,297.69,25.0,3,669.8100000000001
8782031586,820541,3,576.22,Toilet Cleaner,Household Care,"Borde, Peri and Upadhyay",768.29,25.0,365,1728.66
7177553918,425341,1,486.28,Pet Treats,Pet Care,"Mani, Dhar and Muni",748.12,35.0,365,486.28
9157563215,77308,1,223.27,Onions,Fruits & Vegetables,Ratta-Sagar,297.69,25.0,3,223.27
989452284,51036,2,931.61,Baby Food,Baby Care,Karnik PLC,1330.87,30.0,365,1863.22
9972678893,305754,2,979.99,Frozen Vegetables,Instant & Frozen Food,Mammen-Hegde,1633.32,40.0,180,1959.98
8561203503,937542,1,97.04,Wheat Flour,Grocery & Staples,Khurana and Sons,114.16,15.0,365,97.04
1388300707,848226,2,209.59,Tomatoes,Fruits & Vegetables,Barad and Sons,279.45,25.0,3,419.18
4054816025,876139,3,415.75,Pulses,Grocery & Staples,Cherian-Dara,489.12,15.0,365,1247.25
9943206333,378287,2,332.84,Lemonade,Cold Drinks & Juices,Ramesh-Jain,475.49,30.0,180,665.68
3948498236,136533,2,826.21,Eggs,Dairy & Breakfast,"Raghavan, Magar and Shanker",1032.76,20.0,7,1652.42
8096169523,739448,3,755.66,Dish Soap,Household Care,Mand-Choudhry,1007.55,25.0,365,2266.98
8803091944,697683,2,123.74,Toilet Cleaner,Household Care,"Murty, Varghese and Saxena",164.99,25.0,365,247.48
7409519974,679284,2,877.89,Cough Syrup,Pharmacy,Pant LLC,1097.36,20.0,365,1755.78
456278500,525531,1,831.1,Dog Food,Pet Care,Sandal PLC,1278.62,35.0,365,831.1
9912965340,153019,1,947.95,Onions,Fruits & Vegetables,Aurora LLC,1263.93,25.0,3,947.95
2802653261,455083,3,959.01,Butter,Dairy & Breakfast,Dutta Inc,1198.76,20.0,7,2877.0299999999997
8629948751,901144,1,340.36,Sugar,Grocery & Staples,Deo-Kamdar,400.42,15.0,365,340.36
9169008097,196719,1,217.5,Bananas,Fruits & Vegetables,Yogi Group,290.0,25.0,3,217.5
3186513319,492958,1,84.2,Lotion,Personal Care,Acharya PLC,129.54,35.0,365,84.2
8837578937,33797,1,888.12,Pain Reliever,Pharmacy,Gaba LLC,1110.15,20.0,365,888.12
1468095888,455083,1,959.01,Butter,Dairy & Breakfast,Dutta Inc,1198.76,20.0,7,959.01
3055120492,604184,2,397.55,Toilet Cleaner,Household Care,"Gaba, Sodhi and Choudhary",530.07,25.0,365,795.1
6083457185,57405,3,607.67,Baby Food,Baby Care,Srinivas PLC,868.1,30.0,365,1823.0099999999998
7154956248,313754,2,136.6,Biscuits,Snacks & Munchies,"Swaminathan, Mahal and Dara",210.15,35.0,90,273.2
246971181,901144,1,340.36,Sugar,Grocery & Staples,Deo-Kamdar,400.42,15.0,365,340.36
2452915406,890232,3,432.0,Mango Drink,Cold Drinks & Juices,Jha Group,617.14,30.0,180,1296.0
9458183390,361361,2,826.21,Biscuits,Snacks & Munchies,"Kunda, Dave and Sahni",1271.09,35.0,90,1652.42
576571858,114414,3,832.06,Vitamins,Pharmacy,Kara-Golla,1040.07,20.0,365,2496.18
9544803182,807452,2,144.19,Pulses,Grocery & Staples,Naik Ltd,169.64,15.0,365,288.38
2121652047,962054,3,16.86,Orange Juice,Cold Drinks & Juices,Toor-Nagar,24.09,30.0,180,50.58
8891725854,120532,3,697.53,Wheat Flour,Grocery & Staples,Nazareth Ltd,820.62,15.0,365,2092.59
4870772869,669378,1,212.14,Potatoes,Fruits & Vegetables,Chadha and Sons,282.85,25.0,3,212.14
262562615,264803,3,995.98,Vitamins,Pharmacy,Gole-Doshi,1244.97,20.0,365,2987.94
5142912812,324809,1,608.0,Bread,Dairy & Breakfast,Sidhu PLC,760.0,20.0,7,608.0
1225289500,378230,2,166.42,Nuts,Snacks & Munchies,Kala-Vig,256.03,35.0,90,332.84
7337555525,537274,1,702.71,Pet Treats,Pet Care,Lal-Chauhan,1081.09,35.0,365,702.71
5719806088,272170,2,140.8,Ice Cream,Instant & Frozen Food,Purohit Group,234.67,40.0,180,281.6
6890191424,154179,3,582.87,Pain Reliever,Pharmacy,"Barad, Devi and Andra",728.59,20.0,365,1748.6100000000001
5695198653,557908,2,942.37,Vitamins,Pharmacy,Sundaram Inc,1177.96,20.0,365,1884.74
482670263,621677,2,317.8,Frozen Biryani,Instant & Frozen Food,Sabharwal-Mital,529.67,40.0,180,635.6
7857904467,953175,1,225.21,Baby Food,Baby Care,Sehgal-Nagarajan,321.73,30.0,365,225.21
614435661,578097,2,267.61,Nuts,Snacks & Munchies,Jha Group,411.71,35.0,90,535.22
2284551326,257719,1,281.73,Eggs,Dairy & Breakfast,Chaudhuri PLC,352.16,20.0,7,281.73
8614991290,642612,2,517.03,Pet Treats,Pet Care,Pillay-Ahuja,795.43,35.0,365,1034.06
9865566300,753354,2,423.56,Shampoo,Personal Care,Sant-Mahajan,651.63,35.0,365,847.12
6672582413,11422,2,127.16,Potatoes,Fruits & Vegetables,Ramaswamy-Tata,169.55,25.0,3,254.32
3004834987,604184,3,397.55,Toilet Cleaner,Household Care,"Gaba, Sodhi and Choudhary",530.07,25.0,365,1192.65
4486349175,566052,3,87.3,Pain Reliever,Pharmacy,"Apte, Soman and Raju",109.12,20.0,365,261.9
3098655541,697683,2,123.74,Toilet Cleaner,Household Care,"Murty, Varghese and Saxena",164.99,25.0,365,247.48
1912293606,124290,3,39.65,Lotion,Personal Care,Sachdev Group,61.0,35.0,365,118.94999999999999
7465280557,689769,3,46.62,Frozen Vegetables,Instant & Frozen Food,Kothari-Datta,77.7,40.0,180,139.85999999999999
343050015,146840,2,786.85,Bread,Dairy & Breakfast,"Bains, Deol and Vaidya",983.56,20.0,7,1573.7
6414606364,723678,2,675.46,Dog Food,Pet Care,"Lall, Datta and Swamy",1039.17,35.0,365,1350.92
4092550629,264803,1,995.98,Vitamins,Pharmacy,Gole-Doshi,1244.97,20.0,365,995.98
9810964144,542300,1,255.35,Popcorn,Snacks & Munchies,Gulati-Tandon,392.85,35.0,90,255.35
6513851276,491314,2,973.44,Ice Cream,Instant & Frozen Food,Banerjee Inc,1622.4,40.0,180,1946.88
6080784069,487065,2,374.68,Chips,Snacks & Munchies,Kadakia-Yadav,576.43,35.0,90,749.36
1967283733,897083,1,972.69,Detergent,Household Care,Dutta-Halder,1296.92,25.0,365,972.69
2683672396,36412,2,397.68,Dish Soap,Household Care,Muni-Shankar,530.24,25.0,365,795.36
1464736195,425341,1,486.28,Pet Treats,Pet Care,"Mani, Dhar and Muni",748.12,35.0,365,486.28
3258963661,644847,1,622.81,Salt,Grocery & Staples,"Jhaveri, Kata and Kapur",732.72,15.0,365,622.81
9956872454,11422,1,127.16,Potatoes,Fruits & Vegetables,Ramaswamy-Tata,169.55,25.0,3,127.16
867630114,123983,2,785.67,Cough Syrup,Pharmacy,Kurian-Chhabra,982.09,20.0,365,1571.34
3333752740,70969,2,631.7,Carrots,Fruits & Vegetables,Mohan Group,842.27,25.0,3,1263.4
4835197446,492958,2,84.2,Lotion,Personal Care,Acharya PLC,129.54,35.0,365,168.4
1888517793,329351,2,310.87,Cheese,Dairy & Breakfast,"Lala, Kalita and Sathe",388.59,20.0,7,621.74
5148599328,871592,2,870.29,Carrots,Fruits & Vegetables,"Shankar, Nadkarni and Kumer",1160.39,25.0,3,1740.58
3405089431,491314,2,973.44,Ice Cream,Instant & Frozen Food,Banerjee Inc,1622.4,40.0,180,1946.88
9286199495,647462,1,326.42,Lotion,Personal Care,"Balan, Samra and Sekhon",502.18,35.0,365,326.42
6418255337,154179,1,582.87,Pain Reliever,Pharmacy,"Barad, Devi and Andra",728.59,20.0,365,582.87
7442478777,222892,3,869.22,Tomatoes,Fruits & Vegetables,Ramakrishnan-Ghose,1158.96,25.0,3,2607.66
5170777528,679284,2,877.89,Cough Syrup,Pharmacy,Pant LLC,1097.36,20.0,365,1755.78
1255941187,478531,3,825.46,Carrots,Fruits & Vegetables,Uppal Group,1100.61,25.0,3,2476.38
4704980993,564692,1,215.65,Cat Food,Pet Care,"Krishna, Bail and Dyal",331.77,35.0,365,215.65
7310604669,183929,1,738.74,Bread,Dairy & Breakfast,"Nagi, Sampath and Khurana",923.42,20.0,7,738.74
7970608721,839170,1,481.63,Curd,Dairy & Breakfast,Shetty and Sons,602.04,20.0,7,481.63
3164727163,542300,1,255.35,Popcorn,Snacks & Munchies,Gulati-Tandon,392.85,35.0,90,255.35
2388064449,473929,3,440.19,Carrots,Fruits & Vegetables,"Bhardwaj, Bhatia and Deshmukh",586.92,25.0,3,1320.57
757816226,14145,3,630.84,Spinach,Fruits & Vegetables,"Thakur, Shah and Pingle",841.12,25.0,3,1892.52
259772553,34200,2,319.8,Lotion,Personal Care,Munshi-Grewal,492.0,35.0,365,639.6
8388644219,9436,1,88.43,Toothpaste,Personal Care,Naidu PLC,136.05,35.0,365,88.43
1545044936,329351,1,310.87,Cheese,Dairy & Breakfast,"Lala, Kalita and Sathe",388.59,20.0,7,310.87
6995571310,336847,1,936.98,Toilet Cleaner,Household Care,"Dayal, Mammen and More",1249.31,25.0,365,936.98
8801161214,313754,3,136.6,Biscuits,Snacks & Munchies,"Swaminathan, Mahal and Dara",210.15,35.0,90,409.79999999999995
1751319400,561860,2,874.78,Orange Juice,Cold Drinks & Juices,Gupta Ltd,1249.69,30.0,180,1749.56
10448052,945635,2,778.9,Pulses,Grocery & Staples,Balasubramanian PLC,916.35,15.0,365,1557.8
3047076079,723678,1,675.46,Dog Food,Pet Care,"Lall, Datta and Swamy",1039.17,35.0,365,675.46
5085860780,513199,3,422.23,Cola,Cold Drinks & Juices,Rastogi Inc,603.19,30.0,180,1266.69
6213909425,455083,3,959.01,Butter,Dairy & Breakfast,Dutta Inc,1198.76,20.0,7,2877.0299999999997
3712789789,455755,2,44.09,Detergent,Household Care,Mangal-Sathe,58.79,25.0,365,88.18
278794976,378676,3,881.42,Orange Juice,Cold Drinks & Juices,Baral-Kamdar,1259.17,30.0,180,2644.2599999999998
3420357591,365133,1,915.45,Dish Soap,Household Care,Hans Inc,1220.6,25.0,365,915.45
4551386734,951463,3,787.4,Pet Treats,Pet Care,Balakrishnan-Kaur,1211.38,35.0,365,2362.2
7609681987,365132,1,229.38,Instant Noodles,Instant & Frozen Food,Dar-Kumar,382.3,40.0,180,229.38
1721655048,589812,1,163.03,Detergent,Household Care,Bir PLC,217.37,25.0,365,163.03
7040151151,94225,3,77.11,Toilet Cleaner,Household Care,"Gulati, Ram and Sarkar",102.81,25.0,365,231.32999999999998
6719661881,140154,1,171.2,Shampoo,Personal Care,Malhotra LLC,263.38,35.0,365,171.2
5195004299,567671,3,418.48,Biscuits,Snacks & Munchies,Nagar LLC,643.82,35.0,90,1255.44
5441946621,859361,1,432.39,Shampoo,Personal Care,Mitter Group,665.22,35.0,365,432.39
3508992095,734789,2,395.82,Popcorn,Snacks & Munchies,"Chaudhari, Pant and Singh",608.95,35.0,90,791.64
8454449180,324809,1,608.0,Bread,Dairy & Breakfast,Sidhu PLC,760.0,20.0,7,608.0
9251851237,993331,3,102.44,Pulses,Grocery & Staples,"Parmer, Gola and Yogi",120.52,15.0,365,307.32
6739811103,256783,3,906.54,Pet Treats,Pet Care,"Basu, Thakur and Rege",1394.68,35.0,365,2719.62
7590827828,661577,3,720.95,Cat Food,Pet Care,Majumdar PLC,1109.15,35.0,365,2162.8500000000004
310213322,880510,2,951.43,Bread,Dairy & Breakfast,Roy-Char,1189.29,20.0,7,1902.86
934908369,324809,2,608.0,Bread,Dairy & Breakfast,Sidhu PLC,760.0,20.0,7,1216.0
3817617199,712003,1,671.68,Cola,Cold Drinks & Juices,"Karan, Bandi and Acharya",959.54,30.0,180,671.68
2622709030,968887,3,40.7,Dish Soap,Household Care,Keer-Gill,54.27,25.0,365,122.10000000000001
3843689992,36412,2,397.68,Dish Soap,Household Care,Muni-Shankar,530.24,25.0,365,795.36
8732395640,448752,1,160.07,Toilet Cleaner,Household Care,Batta-Doctor,213.43,25.0,365,160.07
3889721330,120532,2,697.53,Wheat Flour,Grocery & Staples,Nazareth Ltd,820.62,15.0,365,1395.06
7064093619,962591,1,130.01,Orange Juice,Cold Drinks & Juices,Murthy-Kaul,185.73,30.0,180,130.01
6798661163,552496,2,508.0,Dish Soap,Household Care,Dhar PLC,677.33,25.0,365,1016.0
2878307830,186168,2,878.8,Dog Food,Pet Care,"Parekh, Lad and Kadakia",1352.0,35.0,365,1757.6
4133369643,667163,1,441.2,Orange Juice,Cold Drinks & Juices,Palla LLC,630.29,30.0,180,441.2
3394787348,63769,1,878.07,Lotion,Personal Care,Dalal-Shan,1350.88,35.0,365,878.07
4830380663,57405,2,607.67,Baby Food,Baby Care,Srinivas PLC,868.1,30.0,365,1215.34
3441042301,604184,1,397.55,Toilet Cleaner,Household Care,"Gaba, Sodhi and Choudhary",530.07,25.0,365,397.55
3984353474,557908,3,942.37,Vitamins,Pharmacy,Sundaram Inc,1177.96,20.0,365,2827.11
4495916529,112390,3,877.98,Toothpaste,Personal Care,"Kibe, Contractor and Randhawa",1350.74,35.0,365,2633.94
5075205264,15314,3,578.85,Cheese,Dairy & Breakfast,Banik-Ratta,723.56,20.0,7,1736.5500000000002
6129180304,146840,3,786.85,Bread,Dairy & Breakfast,"Bains, Deol and Vaidya",983.56,20.0,7,2360.55
3311686914,945635,1,778.9,Pulses,Grocery & Staples,Balasubramanian PLC,916.35,15.0,365,778.9
3907403745,33797,2,888.12,Pain Reliever,Pharmacy,Gaba LLC,1110.15,20.0,365,1776.24
9924696305,876139,2,415.75,Pulses,Grocery & Staples,Cherian-Dara,489.12,15.0,365,831.5
7348508805,942001,1,671.55,Cat Food,Pet Care,Acharya Ltd,1033.15,35.0,365,671.55
1665004352,883013,2,989.88,Eggs,Dairy & Breakfast,Chahal Group,1237.35,20.0,7,1979.76
1049800958,131937,3,287.81,Frozen Pizza,Instant & Frozen Food,"Varkey, Devi and Ganguly",479.68,40.0,180,863.4300000000001
2937550786,739448,3,755.66,Dish Soap,Household Care,Mand-Choudhry,1007.55,25.0,365,2266.98
486724008,901144,1,340.36,Sugar,Grocery & Staples,Deo-Kamdar,400.42,15.0,365,340.36
9361578823,652118,3,22.04,Frozen Biryani,Instant & Frozen Food,Agate and Sons,36.73,40.0,180,66.12
6249585672,144124,1,162.67,Detergent,Household Care,Lalla-Srinivasan,216.89,25.0,365,162.67
2111712383,969851,3,340.66,Frozen Vegetables,Instant & Frozen Food,"Kara, Sodhi and Bassi",567.77,40.0,180,1021.98
2962076108,131136,1,37.8,Salt,Grocery & Staples,Deshpande-Rama,44.47,15.0,365,37.8
7509638056,327290,1,862.28,Sugar,Grocery & Staples,Nadkarni Inc,1014.45,15.0,365,862.28
6074743537,300159,3,44.35,Cola,Cold Drinks & Juices,"Basu, Rout and Mistry",63.36,30.0,180,133.05
3560026527,578097,2,267.61,Nuts,Snacks & Munchies,Jha Group,411.71,35.0,90,535.22
7005103077,52729,1,316.02,Cat Food,Pet Care,Saini LLC,486.18,35.0,365,316.02
8175826750,661577,1,720.95,Cat Food,Pet Care,Majumdar PLC,1109.15,35.0,365,720.95
8572946020,537274,2,702.71,Pet Treats,Pet Care,Lal-Chauhan,1081.09,35.0,365,1405.42
2936701883,140154,1,171.2,Shampoo,Personal Care,Malhotra LLC,263.38,35.0,365,171.2
9948324640,107548,1,891.6,Cola,Cold Drinks & Juices,"Bhandari, Bhasin and Palan",1273.71,30.0,180,891.6
2865872281,291238,3,746.03,Chocolates,Snacks & Munchies,"Sinha, Pau and Chhabra",1147.74,35.0,90,2238.09
5785351358,707935,2,820.9,Cat Food,Pet Care,"Anne, Mammen and Khatri",1262.92,35.0,365,1641.8
5204776107,818522,3,96.09,Cheese,Dairy & Breakfast,Hora-Roy,120.11,20.0,7,288.27
8689865723,970529,1,827.44,Diapers,Baby Care,"Kurian, Patla and Sanghvi",1182.06,30.0,365,827.44
7822329516,34200,2,319.8,Lotion,Personal Care,Munshi-Grewal,492.0,35.0,365,639.6
5995393950,324809,3,608.0,Bread,Dairy & Breakfast,Sidhu PLC,760.0,20.0,7,1824.0
5458784818,953175,3,225.21,Baby Food,Baby Care,Sehgal-Nagarajan,321.73,30.0,365,675.63
5611686165,217710,3,58.59,Eggs,Dairy & Breakfast,Rout-Sarna,73.24,20.0,7,175.77
6390653932,962054,3,16.86,Orange Juice,Cold Drinks & Juices,Toor-Nagar,24.09,30.0,180,50.58
1215008706,349294,1,934.75,Onions,Fruits & Vegetables,Ganesan Ltd,1246.33,25.0,3,934.75
7357727116,82484,2,914.88,Baby Food,Baby Care,Mallick PLC,1306.97,30.0,365,1829.76
7562975685,284460,2,505.95,Potatoes,Fruits & Vegetables,"Ramakrishnan, Anand and Khare",674.6,25.0,3,1011.9
3118070064,760828,2,563.45,Pet Treats,Pet Care,"Khurana, Khosla and Yohannan",866.85,35.0,365,1126.9
8255753870,398340,2,651.93,Instant Noodles,Instant & Frozen Food,"Nadig, Zachariah and Soni",1086.55,40.0,180,1303.86
5924715529,455755,2,44.09,Detergent,Household Care,Mangal-Sathe,58.79,25.0,365,88.18
9593816617,440875,3,275.03,Baby Wipes,Baby Care,Loyal Inc,392.9,30.0,365,825.0899999999999
6143213997,739534,2,994.56,Toilet Cleaner,Household Care,"Gera, Narang and Karpe",1326.08,25.0,365,1989.12
4516009647,969851,1,340.66,Frozen Vegetables,Instant & Frozen Food,"Kara, Sodhi and Bassi",567.77,40.0,180,340.66
291900074,376447,3,724.84,Butter,Dairy & Breakfast,Gara and Sons,906.05,20.0,7,2174.52
3178700341,704868,1,193.46,Detergent,Household Care,"Parikh, Oak and Kara",257.95,25.0,365,193.46
4231742059,690565,1,951.27,Cookies,Snacks & Munchies,"Roy, Seth and Patla",1463.49,35.0,90,951.27
7437613292,237083,2,577.13,Cough Syrup,Pharmacy,Hayer-Banerjee,721.41,20.0,365,1154.26
5609346062,925482,1,475.04,Frozen Biryani,Instant & Frozen Food,Viswanathan-Sha,791.73,40.0,180,475.04
909033820,433521,3,321.33,Diapers,Baby Care,Mahal Group,459.04,30.0,365,963.99
470624828,679321,2,738.46,Cola,Cold Drinks & Juices,Khurana-Dewan,1054.94,30.0,180,1476.92
9608676386,487065,1,374.68,Chips,Snacks & Munchies,Kadakia-Yadav,576.43,35.0,90,374.68
6846160702,131937,3,287.81,Frozen Pizza,Instant & Frozen Food,"Varkey, Devi and Ganguly",479.68,40.0,180,863.4300000000001
4248168019,378676,3,881.42,Orange Juice,Cold Drinks & Juices,Baral-Kamdar,1259.17,30.0,180,2644.2599999999998
9057909300,120532,1,697.53,Wheat Flour,Grocery & Staples,Nazareth Ltd,820.62,15.0,365,697.53
2171816966,537274,1,702.71,Pet Treats,Pet Care,Lal-Chauhan,1081.09,35.0,365,702.71
1387025817,490939,2,80.25,Lotion,Personal Care,"Roy, Barad and De",123.46,35.0,365,160.5
6801124715,305754,2,979.99,Frozen Vegetables,Instant & Frozen Food,Mammen-Hegde,1633.32,40.0,180,1959.98
6117979297,298985,1,183.76,Vitamins,Pharmacy,"Ramanathan, Joshi and Srinivasan",229.7,20.0,365,183.76
4902314626,140154,2,171.2,Shampoo,Personal Care,Malhotra LLC,263.38,35.0,365,342.4
361595059,700048,1,141.28,Dish Soap,Household Care,Khalsa-Bhavsar,188.37,25.0,365,141.28
5309683159,757274,2,98.32,Pet Treats,Pet Care,"Minhas, Kapoor and Sethi",151.26,35.0,365,196.64
2300265337,654623,3,422.14,Chips,Snacks & Munchies,Pradhan and Sons,649.45,35.0,90,1266.42
199903168,847349,3,781.08,Potatoes,Fruits & Vegetables,Chhabra-Agrawal,1041.44,25.0,3,2343.2400000000002
4923840119,764014,2,612.04,Salt,Grocery & Staples,"Grewal, Swamy and Dayal",720.05,15.0,365,1224.08
2209550085,679865,1,347.91,Wheat Flour,Grocery & Staples,Memon-Barad,409.31,15.0,365,347.91
120178110,739534,3,994.56,Toilet Cleaner,Household Care,"Gera, Narang and Karpe",1326.08,25.0,365,2983.68
6647259959,39154,3,946.86,Mangoes,Fruits & Vegetables,"Suresh, Bose and Bajwa",1262.48,25.0,3,2840.58
3859980017,992178,1,632.43,Pain Reliever,Pharmacy,Basu and Sons,790.54,20.0,365,632.43
9196827234,741341,2,923.84,Eggs,Dairy & Breakfast,Prasad LLC,1154.8,20.0,7,1847.68
3499440849,965755,2,532.57,Bananas,Fruits & Vegetables,"Doshi, Sarraf and Sama",710.09,25.0,3,1065.14
7114775833,592784,1,280.35,Biscuits,Snacks & Munchies,"Andra, Mander and Kari",431.31,35.0,90,280.35
7812364366,552883,1,888.16,Potatoes,Fruits & Vegetables,"Balan, Patel and Mall",1184.21,25.0,3,888.16
7525899857,723678,3,675.46,Dog Food,Pet Care,"Lall, Datta and Swamy",1039.17,35.0,365,2026.38
3917847107,587420,2,357.42,Cookies,Snacks & Munchies,Raj and Sons,549.88,35.0,90,714.84
1229828587,432617,2,863.18,Baby Wipes,Baby Care,Dora-Pillai,1233.11,30.0,365,1726.36
4249345096,564692,1,215.65,Cat Food,Pet Care,"Krishna, Bail and Dyal",331.77,35.0,365,215.65
4002407580,256051,3,400.92,Lotion,Personal Care,"Mannan, Naidu and Sama",616.8,35.0,365,1202.76
5982122427,707935,3,820.9,Cat Food,Pet Care,"Anne, Mammen and Khatri",1262.92,35.0,365,2462.7
3280431261,327290,2,862.28,Sugar,Grocery & Staples,Nadkarni Inc,1014.45,15.0,365,1724.56
5066338759,41853,2,910.44,Curd,Dairy & Breakfast,Handa PLC,1138.05,20.0,7,1820.88
9087426355,114414,2,832.06,Vitamins,Pharmacy,Kara-Golla,1040.07,20.0,365,1664.12
5512907,659290,3,319.34,Cheese,Dairy & Breakfast,Kapadia-D’Alia,399.17,20.0,7,958.02
4174741467,930284,2,189.47,Baby Food,Baby Care,"Garg, Saraf and Dutta",270.67,30.0,365,378.94
6270463968,883013,1,989.88,Eggs,Dairy & Breakfast,Chahal Group,1237.35,20.0,7,989.88
1239385001,897083,3,972.69,Detergent,Household Care,Dutta-Halder,1296.92,25.0,365,2918.07
5250202756,555121,2,354.91,Carrots,Fruits & Vegetables,"Subramanian, Chaudhuri and Dora",473.21,25.0,3,709.82
4099185509,968887,2,40.7,Dish Soap,Household Care,Keer-Gill,54.27,25.0,365,81.4
7875903450,563740,3,96.33,Chips,Snacks & Munchies,Mann-Kapadia,148.2,35.0,90,288.99
7561642939,146840,2,786.85,Bread,Dairy & Breakfast,"Bains, Deol and Vaidya",983.56,20.0,7,1573.7
5438908316,942001,1,671.55,Cat Food,Pet Care,Acharya Ltd,1033.15,35.0,365,671.55
357437373,667163,3,441.2,Orange Juice,Cold Drinks & Juices,Palla LLC,630.29,30.0,180,1323.6
8972877222,373536,1,494.17,Dog Food,Pet Care,Chauhan-Sabharwal,760.26,35.0,365,494.17
1163798451,954722,2,616.45,Ice Cream,Instant & Frozen Food,Mohan-Virk,1027.42,40.0,180,1232.9
3588229485,67197,3,552.2,Butter,Dairy & Breakfast,Shetty-Bora,690.25,20.0,7,1656.6000000000001
1205823348,707935,2,820.9,Cat Food,Pet Care,"Anne, Mammen and Khatri",1262.92,35.0,365,1641.8
2867008541,914071,3,296.94,Chips,Snacks & Munchies,Datta Ltd,456.83,35.0,90,890.8199999999999
5794917332,60619,1,726.41,Iced Tea,Cold Drinks & Juices,Bhasin LLC,1037.73,30.0,180,726.41
4726520098,77308,2,223.27,Onions,Fruits & Vegetables,Ratta-Sagar,297.69,25.0,3,446.54
6251716165,914071,3,296.94,Chips,Snacks & Munchies,Datta Ltd,456.83,35.0,90,890.8199999999999
5991829458,329351,2,310.87,Cheese,Dairy & Breakfast,"Lala, Kalita and Sathe",388.59,20.0,7,621.74
1142626566,337168,2,545.49,Eggs,Dairy & Breakfast,Dasgupta PLC,681.86,20.0,7,1090.98
2595161999,771228,2,83.18,Pet Treats,Pet Care,Raja and Sons,127.97,35.0,365,166.36
8865698939,107548,2,891.6,Cola,Cold Drinks & Juices,"Bhandari, Bhasin and Palan",1273.71,30.0,180,1783.2
1776582175,56589,2,517.77,Vitamins,Pharmacy,"Pai, Kashyap and Ramachandran",647.21,20.0,365,1035.54
7323157341,478531,1,825.46,Carrots,Fruits & Vegetables,Uppal Group,1100.61,25.0,3,825.46
8997413283,839170,2,481.63,Curd,Dairy & Breakfast,Shetty and Sons,602.04,20.0,7,963.26
2548452255,131136,3,37.8,Salt,Grocery & Staples,Deshpande-Rama,44.47,15.0,365,113.39999999999999
7906839225,33955,3,186.08,Frozen Pizza,Instant & Frozen Food,Baral Group,310.13,40.0,180,558.24
4113927200,144124,3,162.67,Detergent,Household Care,Lalla-Srinivasan,216.89,25.0,365,488.01
4233626614,542300,3,255.35,Popcorn,Snacks & Munchies,Gulati-Tandon,392.85,35.0,90,766.05
2886463378,140489,2,650.2,Soap,Personal Care,"Biswas, Kapoor and Patel",1000.31,35.0,365,1300.4
1823348306,669378,2,212.14,Potatoes,Fruits & Vegetables,Chadha and Sons,282.85,25.0,3,424.28
8706556166,567671,2,418.48,Biscuits,Snacks & Munchies,Nagar LLC,643.82,35.0,90,836.96
5139433840,123983,2,785.67,Cough Syrup,Pharmacy,Kurian-Chhabra,982.09,20.0,365,1571.34
769731596,837480,1,217.4,Cough Syrup,Pharmacy,Edwin and Sons,271.75,20.0,365,217.4
1346090496,659290,3,319.34,Cheese,Dairy & Breakfast,Kapadia-D’Alia,399.17,20.0,7,958.02
9339629293,542300,3,255.35,Popcorn,Snacks & Munchies,Gulati-Tandon,392.85,35.0,90,766.05
3043993017,451812,1,530.85,Pain Reliever,Pharmacy,"Batra, Sant and Mandal",663.56,20.0,365,530.85
274863669,990993,1,263.7,Chocolates,Snacks & Munchies,Guha-Subramaniam,405.69,35.0,90,263.7
3736611791,398340,3,651.93,Instant Noodles,Instant & Frozen Food,"Nadig, Zachariah and Soni",1086.55,40.0,180,1955.79
9628875555,903336,1,551.88,Pulses,Grocery & Staples,"Vaidya, Amble and Palla",649.27,15.0,365,551.88
6367306297,196719,3,217.5,Bananas,Fruits & Vegetables,Yogi Group,290.0,25.0,3,652.5
4393113152,56589,1,517.77,Vitamins,Pharmacy,"Pai, Kashyap and Ramachandran",647.21,20.0,365,517.77
1239928207,961614,2,227.22,Chocolates,Snacks & Munchies,Goda Inc,349.57,35.0,90,454.44
5473002872,992178,2,632.43,Pain Reliever,Pharmacy,Basu and Sons,790.54,20.0,365,1264.86
6536847919,965755,2,532.57,Bananas,Fruits & Vegetables,"Doshi, Sarraf and Sama",710.09,25.0,3,1065.14
5480709564,89084,1,598.83,Milk,Dairy & Breakfast,"Wali, Virk and Iyer",748.54,20.0,7,598.83
1393100618,723678,3,675.46,Dog Food,Pet Care,"Lall, Datta and Swamy",1039.17,35.0,365,2026.38
6999330116,120385,3,597.91,Pet Treats,Pet Care,Dubey-Sarin,919.86,35.0,365,1793.73
7816842690,564692,1,215.65,Cat Food,Pet Care,"Krishna, Bail and Dyal",331.77,35.0,365,215.65
3186586558,654297,3,13.25,Potatoes,Fruits & Vegetables,Chandran-Dass,17.67,25.0,3,39.75
7927955136,11422,1,127.16,Potatoes,Fruits & Vegetables,Ramaswamy-Tata,169.55,25.0,3,127.16
3518172697,500633,1,154.5,Cereal,Dairy & Breakfast,Trivedi-Ahluwalia,193.12,20.0,7,154.5
4557188271,871592,1,870.29,Carrots,Fruits & Vegetables,"Shankar, Nadkarni and Kumer",1160.39,25.0,3,870.29
2893244627,34200,2,319.8,Lotion,Personal Care,Munshi-Grewal,492.0,35.0,365,639.6
1996683408,39154,2,946.86,Mangoes,Fruits & Vegetables,"Suresh, Bose and Bajwa",1262.48,25.0,3,1893.72
1673794089,378287,3,332.84,Lemonade,Cold Drinks & Juices,Ramesh-Jain,475.49,30.0,180,998.52
9931161723,679865,2,347.91,Wheat Flour,Grocery & Staples,Memon-Barad,409.31,15.0,365,695.82
856799416,611575,2,482.06,Frozen Pizza,Instant & Frozen Food,"Bhat, Nigam and Hayer",803.43,40.0,180,964.12
6668508959,137909,2,864.3,Cough Syrup,Pharmacy,Dalal PLC,1080.37,20.0,365,1728.6
4914874727,240179,1,90.56,Cough Syrup,Pharmacy,Ram-Suri,113.2,20.0,365,90.56
7869104895,820973,1,114.52,Baby Wipes,Baby Care,Lall LLC,163.6,30.0,365,114.52
5094989752,478531,2,825.46,Carrots,Fruits & Vegetables,Uppal Group,1100.61,25.0,3,1650.92
4305377896,799952,2,922.64,Cheese,Dairy & Breakfast,Padmanabhan-Virk,1153.3,20.0,7,1845.28
7017136473,953175,1,225.21,Baby Food,Baby Care,Sehgal-Nagarajan,321.73,30.0,365,225.21
3303209513,183929,3,738.74,Bread,Dairy & Breakfast,"Nagi, Sampath and Khurana",923.42,20.0,7,2216.2200000000003
8607953669,34186,3,925.65,Mangoes,Fruits & Vegetables,Mandal-Kar,1234.2,25.0,3,2776.95
1940918101,140154,1,171.2,Shampoo,Personal Care,Malhotra LLC,263.38,35.0,365,171.2
6494615659,757274,1,98.32,Pet Treats,Pet Care,"Minhas, Kapoor and Sethi",151.26,35.0,365,98.32
4280890409,89084,2,598.83,Milk,Dairy & Breakfast,"Wali, Virk and Iyer",748.54,20.0,7,1197.66
7598489331,425341,2,486.28,Pet Treats,Pet Care,"Mani, Dhar and Muni",748.12,35.0,365,972.56
8755280486,589812,3,163.03,Detergent,Household Care,Bir PLC,217.37,25.0,365,489.09000000000003
8281093933,642612,1,517.03,Pet Treats,Pet Care,Pillay-Ahuja,795.43,35.0,365,517.03
7415765726,647462,3,326.42,Lotion,Personal Care,"Balan, Samra and Sekhon",502.18,35.0,365,979.26
6266072804,196719,1,217.5,Bananas,Fruits & Vegetables,Yogi Group,290.0,25.0,3,217.5
1542448934,118820,3,12.32,Iced Tea,Cold Drinks & Juices,"Warrior, Ravel and Amble",17.6,30.0,180,36.96
2896979776,992178,3,632.43,Pain Reliever,Pharmacy,Basu and Sons,790.54,20.0,365,1897.29
169867835,927651,3,426.72,Baby Wipes,Baby Care,Narula Group,609.6,30.0,365,1280.16
9493456526,516376,3,877.43,Onions,Fruits & Vegetables,Agarwal-Dhar,1169.91,25.0,3,2632.29
9423261830,611575,1,482.06,Frozen Pizza,Instant & Frozen Food,"Bhat, Nigam and Hayer",803.43,40.0,180,482.06
5793453795,378676,2,881.42,Orange Juice,Cold Drinks & Juices,Baral-Kamdar,1259.17,30.0,180,1762.84
2141680269,820541,1,576.22,Toilet Cleaner,Household Care,"Borde, Peri and Upadhyay",768.29,25.0,365,576.22
6457122136,589812,3,163.03,Detergent,Household Care,Bir PLC,217.37,25.0,365,489.09000000000003
8447536518,542300,2,255.35,Popcorn,Snacks & Munchies,Gulati-Tandon,392.85,35.0,90,510.7
3191672889,897083,2,972.69,Detergent,Household Care,Dutta-Halder,1296.92,25.0,365,1945.38
2521995712,219598,3,367.08,Shampoo,Personal Care,Arora-Magar,564.74,35.0,365,1101.24
8194578267,669378,2,212.14,Potatoes,Fruits & Vegetables,Chadha and Sons,282.85,25.0,3,424.28
2811341619,762527,1,690.08,Biscuits,Snacks & Munchies,"Chad, Yohannan and Chopra",1061.66,35.0,90,690.08
5562576298,578097,2,267.61,Nuts,Snacks & Munchies,Jha Group,411.71,35.0,90,535.22
7446009755,954722,3,616.45,Ice Cream,Instant & Frozen Food,Mohan-Virk,1027.42,40.0,180,1849.3500000000001
7343262659,492958,1,84.2,Lotion,Personal Care,Acharya PLC,129.54,35.0,365,84.2
7147677361,490939,1,80.25,Lotion,Personal Care,"Roy, Barad and De",123.46,35.0,365,80.25
8732072897,366066,2,918.58,Soap,Personal Care,Mandal LLC,1413.2,35.0,365,1837.16
6418604551,243235,2,109.03,Cat Food,Pet Care,Batta Inc,167.74,35.0,365,218.06
4989511905,373536,3,494.17,Dog Food,Pet Care,Chauhan-Sabharwal,760.26,35.0,365,1482.51
2520527893,18035,3,968.94,Dish Soap,Household Care,Ramesh Inc,1291.92,25.0,365,2906.82
4753989820,672059,1,672.73,Toothpaste,Personal Care,Kaur-Gola,1034.97,35.0,365,672.73
8285547588,264803,2,995.98,Vitamins,Pharmacy,Gole-Doshi,1244.97,20.0,365,1991.96
5824924668,382511,3,702.54,Butter,Dairy & Breakfast,Bora-Thakkar,878.17,20.0,7,2107.62
7703854141,990993,3,263.7,Chocolates,Snacks & Munchies,Guha-Subramaniam,405.69,35.0,90,791.0999999999999
7380361209,487065,2,374.68,Chips,Snacks & Munchies,Kadakia-Yadav,576.43,35.0,90,749.36
5053033745,803607,1,949.73,Soap,Personal Care,"Kadakia, Mohan and Sathe",1461.12,35.0,365,949.73
4859489972,848226,3,209.59,Tomatoes,Fruits & Vegetables,Barad and Sons,279.45,25.0,3,628.77
9690396315,812607,2,416.65,Potatoes,Fruits & Vegetables,Rege Group,555.53,25.0,3,833.3
448732557,689769,1,46.62,Frozen Vegetables,Instant & Frozen Food,Kothari-Datta,77.7,40.0,180,46.62
4927306668,540618,2,317.05,Popcorn,Snacks & Munchies,Golla-Luthra,487.77,35.0,90,634.1
1669690997,925482,3,475.04,Frozen Biryani,Instant & Frozen Food,Viswanathan-Sha,791.73,40.0,180,1425.1200000000001
8340761903,124290,2,39.65,Lotion,Personal Care,Sachdev Group,61.0,35.0,365,79.3
5936301790,491314,3,973.44,Ice Cream,Instant & Frozen Food,Banerjee Inc,1622.4,40.0,180,2920.32
5710579377,319388,2,657.8,Orange Juice,Cold Drinks & Juices,D’Alia-Dey,939.71,30.0,180,1315.6
2494813730,136533,1,826.21,Eggs,Dairy & Breakfast,"Raghavan, Magar and Shanker",1032.76,20.0,7,826.21
